ts,price,event,reason,zone_ts,zone_px,zone_dir,zone_dist,conf_tol,m15_atr,session_mult,h4_score,h1_score,ltf_score,regime,regime_mult,total_score,confidence_mult,risk_amt,qty,entry_exec
2026-07-21 03:30:00,28707.41,zone_skip,tolerance,2026-07-21 00:00:00,29033.85,short,0.011243427929812914,0.0025,,,,,,,,,,,,
2026-07-21 03:35:00,28710.02,zone_skip,tolerance,2026-07-21 00:00:00,29033.85,short,0.011153532859059274,0.0025,,,,,,,,,,,,
2026-07-21 03:40:00,28714.02,zone_skip,tolerance,2026-07-21 00:00:00,29033.85,short,0.011015762635682078,0.0025,,,,,,,,,,,,
2026-07-21 03:45:00,28736.16,zone_skip,tolerance,2026-07-21 00:00:00,29033.85,short,0.01025320444928932,0.0025,,,,,,,,,,,,
2026-07-21 03:50:00,28729.91,zone_skip,tolerance,2026-07-21 00:00:00,29033.85,short,0.010468470423316188,0.0025,,,,,,,,,,,,
2026-07-21 03:55:00,28705.52,zone_skip,tolerance,2026-07-21 00:00:00,29033.85,short,0.01130852436035862,0.0025,,,,,,,,,,,,
2026-07-21 04:00:00,28724.52,zone_skip,tolerance,2026-07-21 00:00:00,29033.85,short,0.01065411579931694,0.0025,,,,,,,,,,,,
2026-07-21 04:05:00,28746.52,zone_skip,tolerance,2026-07-21 00:00:00,29033.85,short,0.009896379570742362,0.0025,,,,,,,,,,,,
2026-07-21 04:10:00,28751.66,zone_skip,tolerance,2026-07-21 00:00:00,29033.85,short,0.009719344833702685,0.0025,,,,,,,,,,,,
2026-07-21 04:15:00,28745.77,zone_skip,tolerance,2026-07-21 00:00:00,29033.85,short,0.009922211487625586,0.0025,,,,,,,,,,,,
2026-07-21 04:20:00,28738.27,zone_skip,tolerance,2026-07-21 00:00:00,29033.85,short,0.01018053065645783,0.0025,,,,,,,,,,,,
2026-07-21 04:25:00,28738.91,zone_skip,tolerance,2026-07-21 00:00:00,29033.85,short,0.010158487420717496,0.0025,,,,,,,,,,,,
2026-07-21 04:30:00,28760.41,zone_skip,tolerance,2026-07-21 00:00:00,29033.85,short,0.009417972470065069,0.0025,,,,,,,,,,,,
2026-07-21 04:35:00,28737.41,zone_skip,tolerance,2026-07-21 00:00:00,29033.85,short,0.010210151254483945,0.0025,,,,,,,,,,,,
2026-07-21 04:40:00,28722.41,zone_skip,tolerance,2026-07-21 00:00:00,29033.85,short,0.01072678959214843,0.0025,,,,,,,,,,,,
2026-07-21 04:45:00,28750.77,zone_skip,tolerance,2026-07-21 00:00:00,29033.85,short,0.009749998708404092,0.0025,,,,,,,,,,,,
2026-07-21 04:50:00,28745.02,zone_skip,tolerance,2026-07-21 00:00:00,29033.85,short,0.00994804340450881,0.0025,,,,,,,,,,,,
2026-07-21 04:55:00,28731.16,zone_skip,tolerance,2026-07-21 00:00:00,29033.85,short,0.010425417228510814,0.0025,,,,,,,,,,,,
2026-07-21 05:00:00,28756.52,zone_skip,tolerance,2026-07-21 00:00:00,29033.85,short,0.009551954012299371,0.0025,,,,,,,,,,,,
2026-07-21 05:05:00,28743.77,zone_skip,tolerance,2026-07-21 00:00:00,29033.85,short,0.009991096599314185,0.0025,,,,,,,,,,,,
2026-07-21 05:10:00,28733.02,zone_skip,tolerance,2026-07-21 00:00:00,29033.85,short,0.010361354074640398,0.0025,,,,,,,,,,,,
2026-07-21 05:15:00,28711.41,zone_skip,tolerance,2026-07-21 00:00:00,29033.85,short,0.011105657706435719,0.0025,,,,,,,,,,,,
2026-07-21 05:20:00,28760.66,zone_skip,tolerance,2026-07-21 00:00:00,29033.85,short,0.009409361831103994,0.0025,,,,,,,,,,,,
2026-07-21 05:25:00,28741.52,zone_skip,tolerance,2026-07-21 00:00:00,29033.85,short,0.010068592349963856,0.0025,,,,,,,,,,,,
2026-07-21 05:30:00,28769.66,zone_skip,tolerance,2026-07-21 00:00:00,29033.85,short,0.009099378828505304,0.0025,,,,,,,,,,,,
2026-07-21 05:35:00,28792.77,zone_skip,tolerance,2026-07-21 00:00:00,29033.85,short,0.008303411362943533,0.0025,,,,,,,,,,,,
2026-07-21 05:40:00,28796.66,zone_skip,tolerance,2026-07-21 00:00:00,29033.85,short,0.00816942982070923,0.0025,,,,,,,,,,,,
2026-07-21 05:45:00,28783.91,zone_skip,tolerance,2026-07-21 00:00:00,29033.85,short,0.008608572407724042,0.0025,,,,,,,,,,,,
2026-07-21 05:50:00,28784.27,zone_skip,tolerance,2026-07-21 00:00:00,29033.85,short,0.008596173087620075,0.0025,,,,,,,,,,,,
2026-07-21 05:55:00,28802.41,zone_skip,tolerance,2026-07-21 00:00:00,29033.85,short,0.007971385124604512,0.0025,,,,,,,,,,,,
2026-07-21 06:00:00,28815.91,zone_skip,tolerance,2026-07-21 00:00:00,29033.85,short,0.007506410620706476,0.0025,,,,,,,,,,,,
2026-07-21 06:05:00,28814.91,zone_skip,tolerance,2026-07-21 00:00:00,29033.85,short,0.007540853176550774,0.0025,,,,,,,,,,,,
2026-07-21 06:10:00,28822.91,zone_skip,tolerance,2026-07-21 00:00:00,29033.85,short,0.0072653127297963825,0.0025,,,,,,,,,,,,
2026-07-21 06:15:00,28838.41,zone_skip,tolerance,2026-07-21 00:00:00,29033.85,short,0.0067314531142097485,0.0025,,,,,,,,,,,,
2026-07-21 06:20:00,28839.66,zone_skip,tolerance,2026-07-21 00:00:00,29033.85,short,0.006688399919404375,0.0025,,,,,,,,,,,,
2026-07-21 06:25:00,28843.66,zone_skip,tolerance,2026-07-21 00:00:00,29033.85,short,0.006550629696027178,0.0025,,,,,,,,,,,,
2026-07-21 06:30:00,28862.41,zone_skip,tolerance,2026-07-21 00:00:00,29033.85,short,0.005904831773946573,0.0025,,,,,,,,,,,,
2026-07-21 06:35:00,28886.91,zone_skip,tolerance,2026-07-21 00:00:00,29033.85,short,0.005060989155761248,0.0025,,,,,,,,,,,,
2026-07-21 06:40:00,28881.66,zone_skip,tolerance,2026-07-21 00:00:00,29033.85,short,0.005241812573943817,0.0025,,,,,,,,,,,,
2026-07-21 06:45:00,28915.91,zone_skip,tolerance,2026-07-21 00:00:00,29033.85,short,0.004062155036276577,0.0025,,,,,,,,,,,,
2026-07-21 06:50:00,28922.66,zone_skip,tolerance,2026-07-21 00:00:00,29033.85,short,0.0038296677843275588,0.0025,,,,,,,,,,,,
2026-07-21 06:55:00,28920.16,zone_skip,tolerance,2026-07-21 00:00:00,29033.85,short,0.003915774173938306,0.0025,,,,,,,,,,,,
2026-07-21 07:00:00,28909.91,zone_skip,tolerance,2026-07-21 00:00:00,29033.85,short,0.0042688103713423705,0.0025,,,,,,,,,,,,
2026-07-21 07:05:00,28916.91,zone_skip,tolerance,2026-07-21 00:00:00,29033.85,short,0.004027712480432278,0.0025,,,,,,,,,,,,
2026-07-21 07:10:00,28914.27,zone_skip,tolerance,2026-07-21 00:00:00,29033.85,short,0.004118640827861207,0.0025,,,,,,,,,,,,
2026-07-21 07:15:00,28908.41,zone_skip,tolerance,2026-07-21 00:00:00,29033.85,short,0.004320474205108819,0.0025,,,,,,,,,,,,
2026-07-21 07:20:00,28910.66,zone_skip,tolerance,2026-07-21 00:00:00,29033.85,short,0.004242978454459147,0.0025,,,,,,,,,,,,
2026-07-21 07:25:00,28912.77,zone_skip,tolerance,2026-07-21 00:00:00,29033.85,short,0.004170304661627656,0.0025,,,,,,,,,,,,
2026-07-21 07:30:00,28908.02,zone_skip,tolerance,2026-07-21 00:00:00,29033.85,short,0.004333906801888076,0.0025,,,,,,,,,,,,
2026-07-21 07:35:00,28918.52,zone_skip,tolerance,2026-07-21 00:00:00,29033.85,short,0.0039722599655229365,0.0025,,,,,,,,,,,,
2026-07-21 07:40:00,28912.02,zone_skip,tolerance,2026-07-21 00:00:00,29033.85,short,0.00419613657851088,0.0025,,,,,,,,,,,,
2026-07-21 07:45:00,28920.66,zone_skip,tolerance,2026-07-21 00:00:00,29033.85,short,0.0038985528960161567,0.0025,,,,,,,,,,,,
2026-07-21 07:50:00,28901.91,zone_skip,tolerance,2026-07-21 00:00:00,29033.85,short,0.004544350818096763,0.0025,,,,,,,,,,,,
2026-07-21 07:55:00,28903.41,zone_skip,tolerance,2026-07-21 00:00:00,29033.85,short,0.004492686984330314,0.0025,,,,,,,,,,,,
2026-07-21 08:00:00,28904.27,zone_skip,tolerance,2026-07-21 00:00:00,29033.85,short,0.004463066386304197,0.0025,,,,,,,,,,,,
2026-07-21 08:05:00,28899.52,zone_skip,tolerance,2026-07-21 00:00:00,29033.85,short,0.004626668526564617,0.0025,,,,,,,,,,,,
2026-07-21 08:05:00,28899.52,zone_skip,tolerance,2026-07-21 08:00:00,28550.77,long,0.01221508211512334,0.0025,,,,,,,,,,,,
2026-07-21 08:10:00,28883.16,zone_skip,tolerance,2026-07-21 00:00:00,29033.85,short,0.0051901487401773685,0.0025,,,,,,,,,,,,
2026-07-21 08:10:00,28883.16,zone_skip,tolerance,2026-07-21 08:00:00,28550.77,long,0.011642067797120688,0.0025,,,,,,,,,,,,
2026-07-21 08:15:00,28866.66,zone_skip,tolerance,2026-07-21 00:00:00,29033.85,short,0.005758450911608302,0.0025,,,,,,,,,,,,
2026-07-21 08:15:00,28866.66,zone_skip,tolerance,2026-07-21 08:00:00,28550.77,long,0.011064149933609475,0.0025,,,,,,,,,,,,
2026-07-21 08:20:00,28891.41,zone_skip,tolerance,2026-07-21 00:00:00,29033.85,short,0.004905997654461902,0.0025,,,,,,,,,,,,
2026-07-21 08:20:00,28891.41,zone_skip,tolerance,2026-07-21 08:00:00,28550.77,long,0.011931026728876293,0.0025,,,,,,,,,,,,
2026-07-21 08:25:00,28914.41,zone_skip,tolerance,2026-07-21 00:00:00,29033.85,short,0.0041138188700430255,0.0025,,,,,,,,,,,,
2026-07-21 08:30:00,28906.66,zone_skip,tolerance,2026-07-21 00:00:00,29033.85,short,0.004380748677836343,0.0025,,,,,,,,,,,,
2026-07-21 08:30:00,28906.66,zone_skip,tolerance,2026-07-21 08:00:00,28550.77,long,0.012465162936060899,0.0025,,,,,,,,,,,,
2026-07-21 08:35:00,28909.02,zone_skip,tolerance,2026-07-21 00:00:00,29033.85,short,0.004299464246043777,0.0025,,,,,,,,,,,,
2026-07-21 08:40:00,28935.66,zone_skip,tolerance,2026-07-21 00:00:00,29033.85,short,0.003381914558351672,0.0025,,,,,,,,,,,,
2026-07-21 08:45:00,28934.16,zone_skip,tolerance,2026-07-21 00:00:00,29033.85,short,0.0034335783921181206,0.0025,,,,,,,,,,,,
2026-07-21 08:50:00,28945.66,zone_skip,tolerance,2026-07-21 00:00:00,29033.85,short,0.0030374889999086824,0.0025,,,,,,,,,,,,
2026-07-21 08:55:00,28947.02,zone_skip,tolerance,2026-07-21 00:00:00,29033.85,short,0.0029906471239604156,0.0025,,,,,,,,,,,,
2026-07-21 09:00:00,28967.16,zone_skip,chasing,2026-07-21 00:00:00,29033.85,short,0.0022969740492562543,,40.340594594105156,,,,,,,,,,,
2026-07-21 09:05:00,28964.02,zone_skip,chasing,2026-07-21 00:00:00,29033.85,short,0.002405123674607333,,40.340594594105156,,,,,,,,,,,
2026-07-21 09:10:00,28981.16,zone_skip,session,2026-07-21 00:00:00,29033.85,short,0.0018147782674360683,,,0.0,,,,,,,,,,
2026-07-21 09:15:00,28976.91,zone_skip,session,2026-07-21 00:00:00,29033.85,short,0.001961159129774339,,,0.0,,,,,,,,,,
2026-07-21 09:20:00,28965.02,zone_skip,chasing,2026-07-21 00:00:00,29033.85,short,0.002370681118763034,,39.31384864822439,,,,,,,,,,,
2026-07-21 09:25:00,28959.66,zone_skip,tolerance,2026-07-21 00:00:00,29033.85,short,0.0025552932180884966,0.0025,,,,,,,,,,,,
2026-07-21 09:30:00,28982.41,zone_skip,session,2026-07-21 00:00:00,29033.85,short,0.0017717250726306947,,,0.0,,,,,,,,,,
2026-07-21 09:35:00,28985.91,zone_skip,session,2026-07-21 00:00:00,29033.85,short,0.0016511761271756481,,,0.0,,,,,,,,,,
2026-07-21 09:40:00,29002.66,zone_skip,session,2026-07-21 00:00:00,29033.85,short,0.0010742633167836401,,,0.0,,,,,,,,,,
2026-07-21 09:45:00,28997.16,zone_skip,session,2026-07-21 00:00:00,29033.85,short,0.0012636973739272846,,,0.0,,,,,,,,,,
2026-07-21 09:50:00,28989.66,zone_skip,session,2026-07-21 00:00:00,29033.85,short,0.001522016542759527,,,0.0,,,,,,,,,,
2026-07-21 09:55:00,28995.16,zone_skip,session,2026-07-21 00:00:00,29033.85,short,0.0013325824856158825,,,0.0,,,,,,,,,,
2026-07-21 10:00:00,28996.41,zone_skip,session,2026-07-21 00:00:00,29033.85,short,0.001289529290810509,,,0.0,,,,,,,,,,
2026-07-21 10:05:00,28985.41,zone_skip,session,2026-07-21 00:00:00,29033.85,short,0.0016683974050977976,,,0.0,,,,,,,,,,
2026-07-21 10:10:00,28979.66,zone_skip,session,2026-07-21 00:00:00,29033.85,short,0.001866442101202517,,,0.0,,,,,,,,,,
2026-07-21 10:15:00,28973.91,zone_skip,chasing,2026-07-21 00:00:00,29033.85,short,0.002064486797307236,,38.47006678996406,,,,,,,,,,,
2026-07-21 10:20:00,28953.41,zone_skip,tolerance,2026-07-21 00:00:00,29033.85,short,0.002770559192115365,0.0025,,,,,,,,,,,,
2026-07-21 10:25:00,28952.02,zone_skip,tolerance,2026-07-21 00:00:00,29033.85,short,0.002818434344738921,0.0025,,,,,,,,,,,,
2026-07-21 10:30:00,28967.66,zone_skip,chasing,2026-07-21 00:00:00,29033.85,short,0.0022797527713341046,,38.50739121796885,,,,,,,,,,,
2026-07-21 10:35:00,28967.91,zone_skip,chasing,2026-07-21 00:00:00,29033.85,short,0.00227114213237303,,38.50739121796885,,,,,,,,,,,
2026-07-21 10:40:00,28960.41,zone_skip,tolerance,2026-07-21 00:00:00,29033.85,short,0.0025294613012052723,0.0025,,,,,,,,,,,,
2026-07-21 10:45:00,28945.41,zone_skip,tolerance,2026-07-21 00:00:00,29033.85,short,0.003046099638869757,0.0025,,,,,,,,,,,,
2026-07-21 10:50:00,28956.41,zone_skip,tolerance,2026-07-21 00:00:00,29033.85,short,0.002667231524582468,0.0025,,,,,,,,,,,,
2026-07-21 10:55:00,28966.27,zone_skip,chasing,2026-07-21 00:00:00,29033.85,short,0.00232762792395766,,37.12507238890626,,,,,,,,,,,
2026-07-21 11:00:00,28980.66,zone_skip,session,2026-07-21 00:00:00,29033.85,short,0.0018319995453582177,,,0.0,,,,,,,,,,
2026-07-21 11:05:00,28984.02,zone_skip,session,2026-07-21 00:00:00,29033.85,short,0.0017162725577213533,,,0.0,,,,,,,,,,
2026-07-21 11:10:00,29000.41,zone_skip,session,2026-07-21 00:00:00,29033.85,short,0.0011517590674333129,,,0.0,,,,,,,,,,
2026-07-21 11:15:00,28995.16,zone_skip,session,2026-07-21 00:00:00,29033.85,short,0.0013325824856158825,,,0.0,,,,,,,,,,
2026-07-21 11:20:00,29009.41,zone_skip,session,2026-07-21 00:00:00,29033.85,short,0.0008417760648346221,,,0.0,,,,,,,,,,
2026-07-21 11:25:00,29016.52,zone_skip,session,2026-07-21 00:00:00,29033.85,short,0.0005968894927816362,,,0.0,,,,,,,,,,
2026-07-21 11:30:00,29009.91,zone_skip,session,2026-07-21 00:00:00,29033.85,short,0.0008245547869124726,,,0.0,,,,,,,,,,
2026-07-21 11:35:00,29009.52,zone_skip,session,2026-07-21 00:00:00,29033.85,short,0.0008379873836917291,,,0.0,,,,,,,,,,
2026-07-21 11:40:00,29015.41,zone_skip,session,2026-07-21 00:00:00,29033.85,short,0.0006351207297688281,,,0.0,,,,,,,,,,
2026-07-21 11:45:00,29009.16,zone_skip,session,2026-07-21 00:00:00,29033.85,short,0.0008503867037956968,,,0.0,,,,,,,,,,
2026-07-21 11:50:00,29008.91,zone_skip,session,2026-07-21 00:00:00,29033.85,short,0.0008589973427567715,,,0.0,,,,,,,,,,
2026-07-21 11:55:00,29015.52,zone_skip,session,2026-07-21 00:00:00,29033.85,short,0.0006313320486259352,,,0.0,,,,,,,,,,
2026-07-21 12:00:00,29019.16,zone_skip,session,2026-07-21 00:00:00,29033.85,short,0.000505961145352707,,,0.0,,,,,,,,,,
2026-07-21 12:05:00,29024.41,zone_skip,session,2026-07-21 00:00:00,29033.85,short,0.0003251377271701373,,,0.0,,,,,,,,,,
2026-07-21 12:10:00,29019.77,zone_skip,session,2026-07-21 00:00:00,29033.85,short,0.00048495118628766456,,,0.0,,,,,,,,,,
2026-07-21 12:15:00,29036.91,zone_skip,session,2026-07-21 00:00:00,29033.85,short,0.0001053942208836,,,0.0,,,,,,,,,,
2026-07-21 12:20:00,29030.16,zone_skip,session,2026-07-21 00:00:00,29033.85,short,0.00012709303106541814,,,0.0,,,,,,,,,,
2026-07-21 12:25:00,29014.91,zone_skip,session,2026-07-21 00:00:00,29033.85,short,0.0006523420076909776,,,0.0,,,,,,,,,,
2026-07-21 12:30:00,29019.66,zone_skip,session,2026-07-21 00:00:00,29033.85,short,0.0004887398674305575,,,0.0,,,,,,,,,,
2026-07-21 12:35:00,29010.91,zone_skip,session,2026-07-21 00:00:00,29033.85,short,0.0007901122310681735,,,0.0,,,,,,,,,,
2026-07-21 12:40:00,29013.66,zone_skip,session,2026-07-21 00:00:00,29033.85,short,0.0006953952024963514,,,0.0,,,,,,,,,,
2026-07-21 12:45:00,29030.02,zone_skip,session,2026-07-21 00:00:00,29033.85,short,0.00013191498888359996,,,0.0,,,,,,,,,,
2026-07-21 12:50:00,29025.77,zone_skip,session,2026-07-21 00:00:00,29033.85,short,0.0002782958512218706,,,0.0,,,,,,,,,,
2026-07-21 12:55:00,29002.91,zone_skip,session,2026-07-21 00:00:00,29033.85,short,0.0010656526778225655,,,0.0,,,,,,,,,,
2026-07-21 13:00:00,29010.91,zone_skip,score_h1,2026-07-21 00:00:00,29033.85,short,0.0007901122310681735,,,,1.0,0.0,1.0,,,,,,,
2026-07-21 13:05:00,29006.27,zone_skip,score_h1,2026-07-21 00:00:00,29033.85,short,0.0009499256901857008,,,,1.0,0.0,1.5,,,,,,,
2026-07-21 13:10:00,29020.02,zone_skip,score_h1,2026-07-21 00:00:00,29033.85,short,0.00047634054732658977,,,,1.0,0.0,0.0,,,,,,,
2026-07-21 13:15:00,29023.27,zone_skip,score_h1,2026-07-21 00:00:00,29033.85,short,0.0003644022408326181,,,,1.0,0.0,0.0,,,,,,,
2026-07-21 13:20:00,29028.27,zone_skip,score_h1,2026-07-21 00:00:00,29033.85,short,0.00019218946161112319,,,,1.0,0.0,0.0,,,,,,,
2026-07-21 13:25:00,29022.66,zone_skip,score_h1,2026-07-21 00:00:00,29033.85,short,0.0003854121998976605,,,,1.0,0.0,0.0,,,,,,,
2026-07-21 13:30:00,29030.27,zone_skip,score_h1,2026-07-21 00:00:00,29033.85,short,0.0001233043499225252,,,,1.0,0.0,0.0,,,,,,,
2026-07-21 13:35:00,29026.66,zone_skip,score_h1,2026-07-21 00:00:00,29033.85,short,0.0002476419765204646,,,,1.0,0.0,0.0,,,,,,,
2026-07-21 13:40:00,29020.77,zone_skip,score_h1,2026-07-21 00:00:00,29033.85,short,0.00045050863044336555,,,,1.0,0.0,0.0,,,,,,,
2026-07-21 13:45:00,29030.66,zone_skip,score_h1,2026-07-21 00:00:00,29033.85,short,0.00010987175314326865,,,,1.0,0.0,0.0,,,,,,,
2026-07-21 13:50:00,29014.91,zone_skip,score_h1,2026-07-21 00:00:00,29033.85,short,0.0006523420076909776,,,,1.0,0.0,1.5,,,,,,,
2026-07-21 13:55:00,29016.27,zone_skip,score_h1,2026-07-21 00:00:00,29033.85,short,0.000605500131742711,,,,1.0,0.0,1.0,,,,,,,
2026-07-21 14:00:00,28991.91,zone_skip,score_h1,2026-07-21 00:00:00,29033.85,short,0.0014445207921098542,,,,1.0,0.0,1.75,,,,,,,
2026-07-21 14:05:00,28986.16,zone_skip,score_h1,2026-07-21 00:00:00,29033.85,short,0.0016425654882145735,,,,1.0,0.0,2.0,,,,,,,
2026-07-21 14:10:00,29006.91,zone_skip,score_h1,2026-07-21 00:00:00,29033.85,short,0.0009278824544453696,,,,1.0,0.0,1.0,,,,,,,
2026-07-21 14:15:00,28983.77,zone_skip,score_h1,2026-07-21 00:00:00,29033.85,short,0.001724883196682428,,,,1.0,0.0,1.75,,,,,,,
2026-07-21 14:20:00,28992.02,zone_skip,score_h1,2026-07-21 00:00:00,29033.85,short,0.0014407321109669614,,,,1.0,0.0,1.5,,,,,,,
2026-07-21 14:25:00,28979.02,zone_skip,chasing,2026-07-21 00:00:00,29033.85,short,0.001888485336942848,,34.531435509806435,,,,,,,,,,,
2026-07-21 14:30:00,28992.91,zone_skip,score_h1,2026-07-21 00:00:00,29033.85,short,0.0014100782362655552,,,,1.0,0.0,1.5,,,,,,,
2026-07-21 14:35:00,29008.41,zone_skip,score_h1,2026-07-21 00:00:00,29033.85,short,0.000876218620678921,,,,1.0,0.0,0.0,,,,,,,
2026-07-21 14:40:00,29017.91,zone_skip,score_h1,2026-07-21 00:00:00,29033.85,short,0.0005490143401580806,,,,1.0,0.0,0.0,,,,,,,
2026-07-21 14:45:00,29029.91,zone_skip,score_h1,2026-07-21 00:00:00,29033.85,short,0.00013570367002649288,,,,1.0,0.0,0.0,,,,,,,
2026-07-21 14:50:00,29006.91,zone_skip,score_h1,2026-07-21 00:00:00,29033.85,short,0.0009278824544453696,,,,1.0,0.0,1.0,,,,,,,
2026-07-21 14:55:00,29004.41,zone_skip,score_h1,2026-07-21 00:00:00,29033.85,short,0.001013988844056117,,,,1.0,0.0,1.0,,,,,,,
2026-07-21 15:00:00,29014.27,zone_skip,score_h1,2026-07-21 00:00:00,29033.85,short,0.000674385243431309,,,,1.0,0.0,0.0,,,,,,,
2026-07-21 15:05:00,29034.16,zone_skip,score_h1,2026-07-21 00:00:00,29033.85,short,1.0677192311777793e-05,,,,1.0,0.0,0.0,,,,,,,
2026-07-21 15:10:00,29028.77,zone_skip,score_h1,2026-07-21 00:00:00,29033.85,short,0.00017496818368897368,,,,1.0,0.0,0.0,,,,,,,
2026-07-21 15:15:00,29001.66,zone_skip,score_h1,2026-07-21 00:00:00,29033.85,short,0.0011087058726279393,,,,1.0,0.0,1.5,,,,,,,
2026-07-21 15:20:00,29002.11,zone_skip,score_h1,2026-07-21 00:00:00,29033.85,short,0.0010932067224979796,,,,1.0,0.0,1.5,,,,,,,
2026-07-21 15:25:00,28984.36,zone_skip,score_h1,2026-07-21 00:00:00,29033.85,short,0.0017045620887342866,,,,1.0,0.0,1.75,,,,,,,
2026-07-21 15:30:00,28983.21,zone_skip,score_h1,2026-07-21 00:00:00,29033.85,short,0.0017441710279552805,,,,1.0,0.0,1.75,,,,,,,
2026-07-21 15:35:00,28984.11,zone_skip,score_h1,2026-07-21 00:00:00,29033.85,short,0.0017131727276953612,,,,1.0,0.0,1.75,,,,,,,
2026-07-21 15:40:00,28983.86,zone_skip,score_h1,2026-07-21 00:00:00,29033.85,short,0.001721783366656436,,,,1.0,0.0,1.75,,,,,,,
2026-07-21 15:45:00,29018.36,zone_skip,score_h1,2026-07-21 00:00:00,29033.85,short,0.0005335151900281211,,,,1.0,0.0,0.0,,,,,,,
2026-07-21 15:50:00,29026.11,zone_skip,score_h1,2026-07-21 00:00:00,29033.85,short,0.000266585382234804,,,,1.0,0.0,0.0,,,,,,,
2026-07-21 15:55:00,29021.22,zone_skip,score_h1,2026-07-21 00:00:00,29033.85,short,0.00043500948031340595,,,,1.0,0.0,0.0,,,,,,,
2026-07-21 16:00:00,29013.11,zone_skip,score_h1,2026-07-21 00:00:00,29033.85,short,0.0007143386082106907,,,,1.0,0.0,0.0,,,,,,,
2026-07-21 16:05:00,29010.61,zone_skip,score_h1,2026-07-21 00:00:00,29033.85,short,0.0008004449978214382,,,,1.0,0.0,0.0,,,,,,,
2026-07-21 16:10:00,29011.86,zone_skip,score_h1,2026-07-21 00:00:00,29033.85,short,0.0007573918030160645,,,,1.0,0.0,0.0,,,,,,,
2026-07-21 16:15:00,29018.36,zone_skip,score_h1,2026-07-21 00:00:00,29033.85,short,0.0005335151900281211,,,,1.0,0.0,0.0,,,,,,,
2026-07-21 16:20:00,29027.61,zone_skip,score_h1,2026-07-21 00:00:00,29033.85,short,0.0002149215484683555,,,,1.0,0.0,0.0,,,,,,,
2026-07-21 16:25:00,29070.71,zone_skip,score_h1,2026-07-21 00:00:00,29033.85,short,0.0012695526084208807,,,,1.0,0.0,0.0,,,,,,,
2026-07-21 16:30:00,29000.41,zone_skip,score_h1,2026-07-21 00:00:00,29033.85,short,0.0011517590674333129,,,,1.0,0.0,1.5,,,,,,,
2026-07-21 16:35:00,29045.91,zone_skip,score_h1,2026-07-21 00:00:00,29033.85,short,0.00041537722348229086,,,,1.0,0.0,0.0,,,,,,,
2026-07-21 16:40:00,28999.16,zone_skip,score_h1,2026-07-21 00:00:00,29033.85,short,0.0011948122622386867,,,,1.0,0.0,1.5,,,,,,,
2026-07-21 16:45:00,28997.16,zone_skip,score_h1,2026-07-21 00:00:00,29033.85,short,0.0012636973739272846,,,,1.0,0.0,1.5,,,,,,,
2026-07-21 16:50:00,28996.66,zone_skip,score_h1,2026-07-21 00:00:00,29033.85,short,0.001280918651849434,,,,1.0,0.0,1.5,,,,,,,
2026-07-21 16:55:00,29007.66,zone_skip,score_h1,2026-07-21 00:00:00,29033.85,short,0.0009020505375621452,,,,1.0,0.0,1.0,,,,,,,
2026-07-21 17:00:00,28968.91,zone_skip,score_h1,2026-07-21 00:00:00,29033.85,short,0.002236699576528731,,,,1.0,0.0,1.75,,,,,,,
2026-07-21 17:05:00,28934.41,zone_skip,tolerance,2026-07-21 00:00:00,29033.85,short,0.003424967753157046,0.0025,,,,,,,,,,,,
2026-07-21 17:10:00,28983.66,zone_skip,score_h1,2026-07-21 00:00:00,29033.85,short,0.0017286718778253209,,,,1.0,0.0,2.0,,,,,,,
2026-07-21 17:15:00,29011.16,zone_skip,score_h1,2026-07-21 00:00:00,29033.85,short,0.0007815015921070988,,,,1.0,0.0,1.0,,,,,,,
2026-07-21 17:20:00,29003.66,zone_skip,score_h1,2026-07-21 00:00:00,29033.85,short,0.0010398207609393412,,,,1.0,0.0,1.0,,,,,,,
2026-07-21 17:25:00,29062.16,zone_skip,score_h1,2026-07-21 00:00:00,29033.85,short,0.0009750687559521493,,,,1.0,0.0,0.0,,,,,,,
2026-07-21 17:30:00,29072.41,zone_skip,score_h1,2026-07-21 00:00:00,29033.85,short,0.001328104953356214,,,,1.0,0.0,0.0,,,,,,,
2026-07-21 17:35:00,29057.41,zone_skip,score_h1,2026-07-21 00:00:00,29033.85,short,0.0008114666156917292,,,,1.0,0.0,0.0,,,,,,,
2026-07-21 17:40:00,29077.91,zone_skip,score_h1,2026-07-21 00:00:00,29033.85,short,0.0015175390104998584,,,,1.0,0.0,0.0,,,,,,,
2026-07-21 17:45:00,29081.41,zone_skip,score_h1,2026-07-21 00:00:00,29033.85,short,0.0016380879559549047,,,,1.0,0.0,0.0,,,,,,,
2026-07-21 17:50:00,29083.66,zone_skip,score_h1,2026-07-21 00:00:00,29033.85,short,0.0017155837066045775,,,,1.0,0.0,0.0,,,,,,,
2026-07-21 17:55:00,29093.16,zone_skip,score_h1,2026-07-21 00:00:00,29033.85,short,0.0020427879871254178,,,,1.0,0.0,0.0,,,,,,,
2026-07-21 18:00:00,29054.66,zone_skip,score_h1,2026-07-21 00:00:00,29033.85,short,0.000716749587119907,,,,1.0,0.0,0.0,,,,,,,
2026-07-21 18:05:00,29128.66,zone_skip,tolerance,2026-07-21 00:00:00,29033.85,short,0.0032654987195980317,0.0025,,,,,,,,,,,,
2026-07-21 18:10:00,29146.91,zone_skip,tolerance,2026-07-21 00:00:00,29033.85,short,0.0038940753637564884,0.0025,,,,,,,,,,,,
2026-07-21 18:15:00,29139.66,zone_skip,tolerance,2026-07-21 00:00:00,29033.85,short,0.0036443668338853206,0.0025,,,,,,,,,,,,
2026-07-21 18:20:00,29156.66,zone_skip,tolerance,2026-07-21 00:00:00,29033.85,short,0.004229890283238403,0.0025,,,,,,,,,,,,
2026-07-21 18:25:00,29163.16,zone_skip,tolerance,2026-07-21 00:00:00,29033.85,short,0.004453766896226347,0.0025,,,,,,,,,,,,
2026-07-21 18:30:00,29151.16,zone_skip,tolerance,2026-07-21 00:00:00,29033.85,short,0.004040456226094759,0.0025,,,,,,,,,,,,
2026-07-21 18:35:00,29132.16,zone_skip,tolerance,2026-07-21 00:00:00,29033.85,short,0.0033860476650530782,0.0025,,,,,,,,,,,,
2026-07-21 18:40:00,29117.16,zone_skip,tolerance,2026-07-21 00:00:00,29033.85,short,0.0028694093273885935,0.0025,,,,,,,,,,,,
2026-07-21 18:45:00,29144.91,zone_skip,tolerance,2026-07-21 00:00:00,29033.85,short,0.0038251902520678904,0.0025,,,,,,,,,,,,
2026-07-21 18:50:00,29130.91,zone_skip,tolerance,2026-07-21 00:00:00,29033.85,short,0.0033429944702477047,0.0025,,,,,,,,,,,,
2026-07-21 18:55:00,29115.91,zone_skip,tolerance,2026-07-21 00:00:00,29033.85,short,0.00282635613258322,0.0025,,,,,,,,,,,,
2026-07-21 19:00:00,29158.91,zone_skip,tolerance,2026-07-21 00:00:00,29033.85,short,0.004307386033888076,0.0025,,,,,,,,,,,,
2026-07-21 19:05:00,29164.16,zone_skip,tolerance,2026-07-21 00:00:00,29033.85,short,0.004488209452070646,0.0025,,,,,,,,,,,,
2026-07-21 19:10:00,29158.16,zone_skip,tolerance,2026-07-21 00:00:00,29033.85,short,0.004281554117004852,0.0025,,,,,,,,,,,,
2026-07-21 19:15:00,29171.16,zone_skip,tolerance,2026-07-21 00:00:00,29033.85,short,0.004729307342980739,0.0025,,,,,,,,,,,,
2026-07-21 19:20:00,29181.66,zone_skip,tolerance,2026-07-21 00:00:00,29033.85,short,0.0050909541793458775,0.0025,,,,,,,,,,,,
2026-07-21 19:25:00,29168.16,zone_skip,tolerance,2026-07-21 00:00:00,29033.85,short,0.0046259796754478414,0.0025,,,,,,,,,,,,
2026-07-21 19:30:00,29169.91,zone_skip,tolerance,2026-07-21 00:00:00,29033.85,short,0.004686254148175365,0.0025,,,,,,,,,,,,
2026-07-21 19:35:00,29186.41,zone_skip,tolerance,2026-07-21 00:00:00,29033.85,short,0.005254556319606298,0.0025,,,,,,,,,,,,
2026-07-21 19:40:00,29175.16,zone_skip,tolerance,2026-07-21 00:00:00,29033.85,short,0.0048670775663579345,0.0025,,,,,,,,,,,,
2026-07-21 19:45:00,29179.91,zone_skip,tolerance,2026-07-21 00:00:00,29033.85,short,0.005030679706618355,0.0025,,,,,,,,,,,,
2026-07-21 19:50:00,29203.16,zone_skip,tolerance,2026-07-21 00:00:00,29033.85,short,0.005831469129998306,0.0025,,,,,,,,,,,,
2026-07-21 19:55:00,29187.41,zone_skip,tolerance,2026-07-21 00:00:00,29033.85,short,0.005288998875450597,0.0025,,,,,,,,,,,,
2026-07-21 20:00:00,29204.66,zone_skip,tolerance,2026-07-21 00:00:00,29033.85,short,0.005883132963764755,0.0025,,,,,,,,,,,,
2026-07-21 20:05:00,29202.66,zone_skip,tolerance,2026-07-21 00:00:00,29033.85,short,0.005814247852076157,0.0025,,,,,,,,,,,,
2026-07-21 20:10:00,29191.16,zone_skip,tolerance,2026-07-21 00:00:00,29033.85,short,0.005418158459866719,0.0025,,,,,,,,,,,,
2026-07-21 20:15:00,29186.66,zone_skip,tolerance,2026-07-21 00:00:00,29033.85,short,0.005263166958567373,0.0025,,,,,,,,,,,,
2026-07-21 20:20:00,29185.16,zone_skip,tolerance,2026-07-21 00:00:00,29033.85,short,0.005211503124800924,0.0025,,,,,,,,,,,,
2026-07-21 20:25:00,29188.91,zone_skip,tolerance,2026-07-21 00:00:00,29033.85,short,0.005340662709217046,0.0025,,,,,,,,,,,,
2026-07-21 20:30:00,29192.91,zone_skip,tolerance,2026-07-21 00:00:00,29033.85,short,0.0054784329325942415,0.0025,,,,,,,,,,,,
2026-07-21 20:35:00,29202.66,zone_skip,tolerance,2026-07-21 00:00:00,29033.85,short,0.005814247852076157,0.0025,,,,,,,,,,,,
2026-07-21 20:40:00,29196.91,zone_skip,tolerance,2026-07-21 00:00:00,29033.85,short,0.005616203155971437,0.0025,,,,,,,,,,,,
2026-07-21 20:45:00,29212.66,zone_skip,tolerance,2026-07-21 00:00:00,29033.85,short,0.006158673410519146,0.0025,,,,,,,,,,,,
2026-07-21 20:50:00,29200.41,zone_skip,tolerance,2026-07-21 00:00:00,29033.85,short,0.005736752101426484,0.0025,,,,,,,,,,,,
2026-07-21 20:55:00,29197.41,zone_skip,tolerance,2026-07-21 00:00:00,29033.85,short,0.005633424433893587,0.0025,,,,,,,,,,,,
2026-07-21 21:00:00,29199.41,zone_skip,tolerance,2026-07-21 00:00:00,29033.85,short,0.0057023095455821845,0.0025,,,,,,,,,,,,
2026-07-21 21:05:00,29206.91,zone_skip,tolerance,2026-07-21 00:00:00,29033.85,short,0.005960628714414427,0.0025,,,,,,,,,,,,
2026-07-21 21:10:00,29193.66,zone_skip,tolerance,2026-07-21 00:00:00,29033.85,short,0.005504264849477466,0.0025,,,,,,,,,,,,
2026-07-21 21:15:00,29194.91,zone_skip,tolerance,2026-07-21 00:00:00,29033.85,short,0.005547318044282839,0.0025,,,,,,,,,,,,
2026-07-21 21:20:00,29196.66,zone_skip,tolerance,2026-07-21 00:00:00,29033.85,short,0.005607592517010362,0.0025,,,,,,,,,,,,
2026-07-21 21:25:00,29181.16,zone_skip,tolerance,2026-07-21 00:00:00,29033.85,short,0.005073732901423728,0.0025,,,,,,,,,,,,
2026-07-21 21:30:00,29172.28,zone_skip,tolerance,2026-07-21 00:00:00,29033.85,short,0.004767883005526319,0.0025,,,,,,,,,,,,
2026-07-21 21:35:00,29183.66,zone_skip,tolerance,2026-07-21 00:00:00,29033.85,short,0.005159839291034476,0.0025,,,,,,,,,,,,
2026-07-21 21:40:00,29203.66,zone_skip,tolerance,2026-07-21 00:00:00,29033.85,short,0.005848690407920455,0.0025,,,,,,,,,,,,
2026-07-21 21:45:00,29195.53,zone_skip,tolerance,2026-07-21 00:00:00,29033.85,short,0.00556867242890627,0.0025,,,,,,,,,,,,
2026-07-21 21:50:00,29179.41,zone_skip,tolerance,2026-07-21 00:00:00,29033.85,short,0.005013458428696205,0.0025,,,,,,,,,,,,
2026-07-21 21:55:00,29184.03,zone_skip,tolerance,2026-07-21 00:00:00,29033.85,short,0.005172583036696831,0.0025,,,,,,,,,,,,
2026-07-21 22:00:00,29174.66,zone_skip,tolerance,2026-07-21 00:00:00,29033.85,short,0.004849856288435785,0.0025,,,,,,,,,,,,
2026-07-21 22:05:00,29166.16,zone_skip,tolerance,2026-07-21 00:00:00,29033.85,short,0.0045570945637592435,0.0025,,,,,,,,,,,,
2026-07-21 22:10:00,29166.16,zone_skip,tolerance,2026-07-21 00:00:00,29033.85,short,0.0045570945637592435,0.0025,,,,,,,,,,,,
2026-07-21 22:15:00,29172.91,zone_skip,tolerance,2026-07-21 00:00:00,29033.85,short,0.004789581815708262,0.0025,,,,,,,,,,,,
2026-07-21 22:20:00,29165.91,zone_skip,tolerance,2026-07-21 00:00:00,29033.85,short,0.004548483924798169,0.0025,,,,,,,,,,,,
2026-07-21 22:25:00,29149.66,zone_skip,tolerance,2026-07-21 00:00:00,29033.85,short,0.00398879239232831,0.0025,,,,,,,,,,,,
2026-07-21 22:30:00,29162.16,zone_skip,tolerance,2026-07-21 00:00:00,29033.85,short,0.004419324340382048,0.0025,,,,,,,,,,,,
2026-07-21 22:35:00,29181.16,zone_skip,tolerance,2026-07-21 00:00:00,29033.85,short,0.005073732901423728,0.0025,,,,,,,,,,,,
2026-07-21 22:40:00,29193.66,zone_skip,tolerance,2026-07-21 00:00:00,29033.85,short,0.005504264849477466,0.0025,,,,,,,,,,,,
2026-07-21 22:45:00,29195.66,zone_skip,tolerance,2026-07-21 00:00:00,29033.85,short,0.005573149961166064,0.0025,,,,,,,,,,,,
2026-07-21 22:50:00,29193.91,zone_skip,tolerance,2026-07-21 00:00:00,29033.85,short,0.00551287548843854,0.0025,,,,,,,,,,,,
2026-07-21 22:55:00,29168.91,zone_skip,tolerance,2026-07-21 00:00:00,29033.85,short,0.004651811592331066,0.0025,,,,,,,,,,,,
2026-07-21 23:00:00,29146.66,zone_skip,tolerance,2026-07-21 00:00:00,29033.85,short,0.0038854647247954133,0.0025,,,,,,,,,,,,
2026-07-21 23:05:00,29159.66,zone_skip,tolerance,2026-07-21 00:00:00,29033.85,short,0.0043332179507713006,0.0025,,,,,,,,,,,,
2026-07-21 23:10:00,29162.41,zone_skip,tolerance,2026-07-21 00:00:00,29033.85,short,0.004427934979343123,0.0025,,,,,,,,,,,,
2026-07-21 23:15:00,29145.91,zone_skip,tolerance,2026-07-21 00:00:00,29033.85,short,0.0038596328079121894,0.0025,,,,,,,,,,,,
2026-07-21 23:20:00,29145.41,zone_skip,tolerance,2026-07-21 00:00:00,29033.85,short,0.0038424115299900397,0.0025,,,,,,,,,,,,
2026-07-21 23:25:00,29148.66,zone_skip,tolerance,2026-07-21 00:00:00,29033.85,short,0.003954349836484012,0.0025,,,,,,,,,,,,
2026-07-21 23:30:00,29155.41,zone_skip,tolerance,2026-07-21 00:00:00,29033.85,short,0.00418683708843303,0.0025,,,,,,,,,,,,
2026-07-21 23:35:00,29155.66,zone_skip,tolerance,2026-07-21 00:00:00,29033.85,short,0.004195447727394105,0.0025,,,,,,,,,,,,
2026-07-21 23:40:00,29148.91,zone_skip,tolerance,2026-07-21 00:00:00,29033.85,short,0.003962960475445086,0.0025,,,,,,,,,,,,
2026-07-21 23:45:00,29138.66,zone_skip,tolerance,2026-07-21 00:00:00,29033.85,short,0.0036099242780410217,0.0025,,,,,,,,,,,,
2026-07-21 23:50:00,29140.16,zone_skip,tolerance,2026-07-21 00:00:00,29033.85,short,0.00366158811180747,0.0025,,,,,,,,,,,,
2026-07-21 23:55:00,29144.62,zone_skip,tolerance,2026-07-21 00:00:00,29033.85,short,0.0038152019108730136,0.0025,,,,,,,,,,,,
2026-07-22 01:00:00,29150.85,zone_skip,tolerance,2026-07-21 00:00:00,29033.85,short,0.0040297790337829814,0.0025,,,,,,,,,,,,
2026-07-22 01:05:00,29147.6,zone_skip,tolerance,2026-07-21 00:00:00,29033.85,short,0.003917840727289009,0.0025,,,,,,,,,,,,
2026-07-22 01:10:00,29155.85,zone_skip,tolerance,2026-07-21 00:00:00,29033.85,short,0.004201991813004476,0.0025,,,,,,,,,,,,
2026-07-22 01:15:00,29157.6,zone_skip,tolerance,2026-07-21 00:00:00,29033.85,short,0.0042622662857319995,0.0025,,,,,,,,,,,,
2026-07-22 01:20:00,29133.15,zone_skip,tolerance,2026-07-21 00:00:00,29033.85,short,0.0034201457953389894,0.0025,,,,,,,,,,,,
2026-07-22 01:25:00,29129.4,zone_skip,tolerance,2026-07-21 00:00:00,29033.85,short,0.0032909862109228682,0.0025,,,,,,,,,,,,
2026-07-22 01:30:00,29136.35,zone_skip,tolerance,2026-07-21 00:00:00,29033.85,short,0.003530361974040646,0.0025,,,,,,,,,,,,
2026-07-22 01:35:00,29133.85,zone_skip,tolerance,2026-07-21 00:00:00,29033.85,short,0.0034442555844298984,0.0025,,,,,,,,,,,,
2026-07-22 01:40:00,29128.6,zone_skip,tolerance,2026-07-21 00:00:00,29033.85,short,0.0032634321662473285,0.0025,,,,,,,,,,,,
2026-07-22 01:45:00,29117.9,zone_skip,tolerance,2026-07-21 00:00:00,29033.85,short,0.0028948968187134296,0.0025,,,,,,,,,,,,
2026-07-22 01:50:00,29123.1,zone_skip,tolerance,2026-07-21 00:00:00,29033.85,short,0.0030739981091036845,0.0025,,,,,,,,,,,,
2026-07-22 01:55:00,29133.15,zone_skip,tolerance,2026-07-21 00:00:00,29033.85,short,0.0034201457953389894,0.0025,,,,,,,,,,,,
2026-07-22 02:00:00,29129.85,zone_skip,tolerance,2026-07-21 00:00:00,29033.85,short,0.0033064853610527026,0.0025,,,,,,,,,,,,
2026-07-22 02:05:00,29130.1,zone_skip,tolerance,2026-07-21 00:00:00,29033.85,short,0.003315096000013777,0.0025,,,,,,,,,,,,
2026-07-22 02:10:00,29141.6,zone_skip,tolerance,2026-07-21 00:00:00,29033.85,short,0.0037111853922232154,0.0025,,,,,,,,,,,,
2026-07-22 02:15:00,29159.85,zone_skip,tolerance,2026-07-21 00:00:00,29033.85,short,0.004339762036381672,0.0025,,,,,,,,,,,,
2026-07-22 02:20:00,29146.15,zone_skip,tolerance,2026-07-21 00:00:00,29033.85,short,0.0038678990213148762,0.0025,,,,,,,,,,,,
2026-07-22 02:25:00,29154.9,zone_skip,tolerance,2026-07-21 00:00:00,29033.85,short,0.004169271384952492,0.0025,,,,,,,,,,,,
2026-07-22 02:30:00,29154.9,zone_skip,tolerance,2026-07-21 00:00:00,29033.85,short,0.004169271384952492,0.0025,,,,,,,,,,,,
2026-07-22 02:35:00,29144.85,zone_skip,tolerance,2026-07-21 00:00:00,29033.85,short,0.0038231236987171873,0.0025,,,,,,,,,,,,
2026-07-22 02:40:00,29138.6,zone_skip,tolerance,2026-07-21 00:00:00,29033.85,short,0.0036078577246903185,0.0025,,,,,,,,,,,,
2026-07-22 02:45:00,29151.85,zone_skip,tolerance,2026-07-21 00:00:00,29033.85,short,0.00406422158962728,0.0025,,,,,,,,,,,,
2026-07-22 02:50:00,29138.6,zone_skip,tolerance,2026-07-21 00:00:00,29033.85,short,0.0036078577246903185,0.0025,,,,,,,,,,,,
2026-07-22 02:55:00,29156.9,zone_skip,tolerance,2026-07-21 00:00:00,29033.85,short,0.00423815649664109,0.0025,,,,,,,,,,,,
2026-07-22 03:00:00,29182.1,zone_skip,tolerance,2026-07-21 00:00:00,29033.85,short,0.0051061089039173245,0.0025,,,,,,,,,,,,
2026-07-22 03:05:00,29186.9,zone_skip,tolerance,2026-07-21 00:00:00,29033.85,short,0.00527143317197006,0.0025,,,,,,,,,,,,
2026-07-22 03:10:00,29187.35,zone_skip,tolerance,2026-07-21 00:00:00,29033.85,short,0.005286932322099894,0.0025,,,,,,,,,,,,
2026-07-22 03:15:00,29183.1,zone_skip,tolerance,2026-07-21 00:00:00,29033.85,short,0.005140551459761623,0.0025,,,,,,,,,,,,
2026-07-22 03:20:00,29168.1,zone_skip,tolerance,2026-07-21 00:00:00,29033.85,short,0.004623913122097138,0.0025,,,,,,,,,,,,
2026-07-22 03:25:00,29158.65,zone_skip,tolerance,2026-07-21 00:00:00,29033.85,short,0.004298430969368614,0.0025,,,,,,,,,,,,
2026-07-22 03:30:00,29144.85,zone_skip,tolerance,2026-07-21 00:00:00,29033.85,short,0.0038231236987171873,0.0025,,,,,,,,,,,,
2026-07-22 03:35:00,29149.6,zone_skip,tolerance,2026-07-21 00:00:00,29033.85,short,0.003986725838977607,0.0025,,,,,,,,,,,,
2026-07-22 03:40:00,29143.1,zone_skip,tolerance,2026-07-21 00:00:00,29033.85,short,0.003762849225989664,0.0025,,,,,,,,,,,,
2026-07-22 03:45:00,29139.9,zone_skip,tolerance,2026-07-21 00:00:00,29033.85,short,0.0036526330472880075,0.0025,,,,,,,,,,,,
2026-07-22 03:50:00,29126.35,zone_skip,tolerance,2026-07-21 00:00:00,29033.85,short,0.003185936415597656,0.0025,,,,,,,,,,,,
2026-07-22 03:55:00,29147.35,zone_skip,tolerance,2026-07-21 00:00:00,29033.85,short,0.003909230088327935,0.0025,,,,,,,,,,,,
2026-07-22 04:00:00,29101.65,zone_skip,chasing,2026-07-21 00:00:00,29033.85,short,0.0023352052862435713,,36.453913500611094,,,,,,,,,,,
2026-07-22 04:05:00,29102.1,zone_skip,chasing,2026-07-21 00:00:00,29033.85,short,0.0023507044363734056,,36.453913500611094,,,,,,,,,,,
2026-07-22 04:05:00,29102.1,zone_skip,tolerance,2026-07-22 04:00:00,29218.41,short,0.003980709422586695,0.0025,,,,,,,,,,,,
2026-07-22 04:10:00,29115.65,zone_skip,tolerance,2026-07-21 00:00:00,29033.85,short,0.002817401068063757,0.0025,,,,,,,,,,,,
2026-07-22 04:10:00,29115.65,zone_skip,tolerance,2026-07-22 04:00:00,29218.41,short,0.0035169607107299267,0.0025,,,,,,,,,,,,
2026-07-22 04:15:00,29123.4,zone_skip,tolerance,2026-07-21 00:00:00,29033.85,short,0.003084330875857074,0.0025,,,,,,,,,,,,
2026-07-22 04:15:00,29123.4,zone_skip,tolerance,2026-07-22 04:00:00,29218.41,short,0.0032517169825462236,0.0025,,,,,,,,,,,,
2026-07-22 04:20:00,29100.4,zone_skip,chasing,2026-07-21 00:00:00,29033.85,short,0.0022921520914381977,,35.79339170052962,,,,,,,,,,,
2026-07-22 04:20:00,29100.4,zone_skip,tolerance,2026-07-22 04:00:00,29218.41,short,0.004038891917801085,0.0025,,,,,,,,,,,,
2026-07-22 04:25:00,29105.4,zone_skip,chasing,2026-07-21 00:00:00,29033.85,short,0.0024643648706596925,,35.79339170052962,,,,,,,,,,,
2026-07-22 04:25:00,29105.4,zone_skip,tolerance,2026-07-22 04:00:00,29218.41,short,0.0038677669318761152,0.0025,,,,,,,,,,,,
2026-07-22 04:30:00,29102.85,zone_skip,chasing,2026-07-21 00:00:00,29033.85,short,0.00237653635325663,,34.85427280712567,,,,,,,,,,,
2026-07-22 04:30:00,29102.85,zone_skip,tolerance,2026-07-22 04:00:00,29218.41,short,0.003955040674697949,0.0025,,,,,,,,,,,,
2026-07-22 04:35:00,29111.65,zone_skip,tolerance,2026-07-21 00:00:00,29033.85,short,0.0026796308446865613,0.0025,,,,,,,,,,,,
2026-07-22 04:35:00,29111.65,zone_skip,tolerance,2026-07-22 04:00:00,29218.41,short,0.0036538606994699027,0.0025,,,,,,,,,,,,
2026-07-22 04:40:00,29113.9,zone_skip,tolerance,2026-07-21 00:00:00,29033.85,short,0.002757126595336234,0.0025,,,,,,,,,,,,
2026-07-22 04:40:00,29113.9,zone_skip,tolerance,2026-07-22 04:00:00,29218.41,short,0.003576854455803666,0.0025,,,,,,,,,,,,
2026-07-22 04:45:00,29146.6,zone_skip,tolerance,2026-07-21 00:00:00,29033.85,short,0.0038833981714447106,0.0025,,,,,,,,,,,,
2026-07-22 04:45:00,29146.6,zone_skip,chasing,2026-07-22 04:00:00,29218.41,short,0.0024576970478544626,,37.44036976617558,,,,,,,,,,,
2026-07-22 04:50:00,29159.65,zone_skip,tolerance,2026-07-21 00:00:00,29033.85,short,0.004332873525212912,0.0025,,,,,,,,,,,,
2026-07-22 04:50:00,29159.65,zone_skip,chasing,2026-07-22 04:00:00,29218.41,short,0.0020110608345901915,,37.44036976617558,,,,,,,,,,,
2026-07-22 04:55:00,29135.65,zone_skip,tolerance,2026-07-21 00:00:00,29033.85,short,0.0035062521849497366,0.0025,,,,,,,,,,,,
2026-07-22 04:55:00,29135.65,zone_skip,tolerance,2026-07-22 04:00:00,29218.41,short,0.0028324607670300473,0.0025,,,,,,,,,,,,
2026-07-22 05:00:00,29121.65,zone_skip,tolerance,2026-07-21 00:00:00,29033.85,short,0.003024056403129551,0.0025,,,,,,,,,,,,
2026-07-22 05:00:00,29121.65,zone_skip,tolerance,2026-07-22 04:00:00,29218.41,short,0.003311610727619963,0.0025,,,,,,,,,,,,
2026-07-22 05:05:00,29105.35,zone_skip,chasing,2026-07-21 00:00:00,29033.85,short,0.0024626427428673776,,38.5149871306855,,,,,,,,,,,
2026-07-22 05:05:00,29105.35,zone_skip,tolerance,2026-07-22 04:00:00,29218.41,short,0.0038694781817354643,0.0025,,,,,,,,,,,,
2026-07-22 05:10:00,29120.6,zone_skip,tolerance,2026-07-21 00:00:00,29033.85,short,0.002987891719492937,0.0025,,,,,,,,,,,,
2026-07-22 05:10:00,29120.6,zone_skip,tolerance,2026-07-22 04:00:00,29218.41,short,0.003347546974664306,0.0025,,,,,,,,,,,,
2026-07-22 05:15:00,29118.1,zone_skip,tolerance,2026-07-21 00:00:00,29033.85,short,0.0029017853298821893,0.0025,,,,,,,,,,,,
2026-07-22 05:15:00,29118.1,zone_skip,tolerance,2026-07-22 04:00:00,29218.41,short,0.003433109467626791,0.0025,,,,,,,,,,,,
2026-07-22 05:20:00,29122.35,zone_skip,tolerance,2026-07-21 00:00:00,29033.85,short,0.00304816619222046,0.0025,,,,,,,,,,,,
2026-07-22 05:20:00,29122.35,zone_skip,tolerance,2026-07-22 04:00:00,29218.41,short,0.003287653229590567,0.0025,,,,,,,,,,,,
2026-07-22 05:25:00,29135.15,zone_skip,tolerance,2026-07-21 00:00:00,29033.85,short,0.0034890309070275873,0.0025,,,,,,,,,,,,
2026-07-22 05:25:00,29135.15,zone_skip,tolerance,2026-07-22 04:00:00,29218.41,short,0.002849573265622544,0.0025,,,,,,,,,,,,
2026-07-22 05:30:00,29113.15,zone_skip,tolerance,2026-07-21 00:00:00,29033.85,short,0.0027312946784530095,0.0025,,,,,,,,,,,,
2026-07-22 05:30:00,29113.15,zone_skip,tolerance,2026-07-22 04:00:00,29218.41,short,0.0036025232036924117,0.0025,,,,,,,,,,,,
2026-07-22 05:35:00,29103.15,zone_skip,chasing,2026-07-21 00:00:00,29033.85,short,0.00238686912001002,,37.24236811149266,,,,,,,,,,,
2026-07-22 05:35:00,29103.15,zone_skip,tolerance,2026-07-22 04:00:00,29218.41,short,0.003944773175542352,0.0025,,,,,,,,,,,,
2026-07-22 05:40:00,29111.9,zone_skip,tolerance,2026-07-21 00:00:00,29033.85,short,0.002688241483647636,0.0025,,,,,,,,,,,,
2026-07-22 05:40:00,29111.9,zone_skip,tolerance,2026-07-22 04:00:00,29218.41,short,0.0036453044501736542,0.0025,,,,,,,,,,,,
2026-07-22 05:45:00,29120.4,zone_skip,tolerance,2026-07-21 00:00:00,29033.85,short,0.0029810032083241772,0.0025,,,,,,,,,,,,
2026-07-22 05:45:00,29120.4,zone_skip,tolerance,2026-07-22 04:00:00,29218.41,short,0.0033543919741012055,0.0025,,,,,,,,,,,,
2026-07-22 05:50:00,29111.65,zone_skip,tolerance,2026-07-21 00:00:00,29033.85,short,0.0026796308446865613,0.0025,,,,,,,,,,,,
2026-07-22 05:50:00,29111.65,zone_skip,tolerance,2026-07-22 04:00:00,29218.41,short,0.0036538606994699027,0.0025,,,,,,,,,,,,
2026-07-22 05:55:00,29098.15,zone_skip,chasing,2026-07-21 00:00:00,29033.85,short,0.0022146563407885247,,36.876719029960306,,,,,,,,,,,
2026-07-22 05:55:00,29098.15,zone_skip,tolerance,2026-07-22 04:00:00,29218.41,short,0.004115898161467321,0.0025,,,,,,,,,,,,
2026-07-22 06:00:00,29093.9,zone_skip,chasing,2026-07-21 00:00:00,29033.85,short,0.0020682754784502543,,36.459823159298935,,,,,,,,,,,
2026-07-22 06:00:00,29093.9,zone_skip,tolerance,2026-07-22 04:00:00,29218.41,short,0.004261354399503546,0.0025,,,,,,,,,,,,
2026-07-22 06:05:00,29075.4,zone_skip,session,2026-07-21 00:00:00,29033.85,short,0.001431088195330723,,,0.0,,,,,,,,,,
2026-07-22 06:05:00,29075.4,zone_skip,tolerance,2026-07-22 04:00:00,29218.41,short,0.004894516847425935,0.0025,,,,,,,,,,,,
2026-07-22 06:10:00,29073.15,zone_skip,session,2026-07-21 00:00:00,29033.85,short,0.0013535924446810503,,,0.0,,,,,,,,,,
2026-07-22 06:10:00,29073.15,zone_skip,tolerance,2026-07-22 04:00:00,29218.41,short,0.004971523091092171,0.0025,,,,,,,,,,,,
2026-07-22 06:15:00,29075.6,zone_skip,session,2026-07-21 00:00:00,29033.85,short,0.0014379767064994825,,,0.0,,,,,,,,,,
2026-07-22 06:15:00,29075.6,zone_skip,tolerance,2026-07-22 04:00:00,29218.41,short,0.0048876718479890354,0.0025,,,,,,,,,,,,
2026-07-22 06:20:00,29108.15,zone_skip,tolerance,2026-07-21 00:00:00,29033.85,short,0.0025590818992315147,0.0025,,,,,,,,,,,,
2026-07-22 06:20:00,29108.15,zone_skip,tolerance,2026-07-22 04:00:00,29218.41,short,0.003773648189617382,0.0025,,,,,,,,,,,,
2026-07-22 06:25:00,29120.65,zone_skip,tolerance,2026-07-21 00:00:00,29033.85,short,0.002989613847285252,0.0025,,,,,,,,,,,,
2026-07-22 06:25:00,29120.65,zone_skip,tolerance,2026-07-22 04:00:00,29218.41,short,0.003345835724804957,0.0025,,,,,,,,,,,,
2026-07-22 06:30:00,29085.1,zone_skip,session,2026-07-21 00:00:00,29033.85,short,0.001765180987020323,,,0.0,,,,,,,,,,
2026-07-22 06:30:00,29085.1,zone_skip,tolerance,2026-07-22 04:00:00,29218.41,short,0.004562534374731592,0.0025,,,,,,,,,,,,
2026-07-22 06:35:00,29087.15,zone_skip,session,2026-07-21 00:00:00,29033.85,short,0.001835788226501236,,,0.0,,,,,,,,,,
2026-07-22 06:35:00,29087.15,zone_skip,tolerance,2026-07-22 04:00:00,29218.41,short,0.004492373130502255,0.0025,,,,,,,,,,,,
2026-07-22 06:40:00,29082.1,zone_skip,session,2026-07-21 00:00:00,29033.85,short,0.001661853319487426,,,0.0,,,,,,,,,,
2026-07-22 06:40:00,29082.1,zone_skip,tolerance,2026-07-22 04:00:00,29218.41,short,0.004665209366286575,0.0025,,,,,,,,,,,,
2026-07-22 06:45:00,29093.85,zone_skip,session,2026-07-21 00:00:00,29033.85,short,0.002066553350657939,,,0.0,,,,,,,,,,
2026-07-22 06:45:00,29093.85,zone_skip,tolerance,2026-07-22 04:00:00,29218.41,short,0.004263065649362895,0.0025,,,,,,,,,,,,
2026-07-22 06:50:00,29056.6,zone_skip,session,2026-07-21 00:00:00,29033.85,short,0.0007835681454578018,,,0.0,,,,,,,,,,
2026-07-22 06:50:00,29056.6,zone_skip,tolerance,2026-07-22 04:00:00,29218.41,short,0.005537946794503921,0.0025,,,,,,,,,,,,
2026-07-22 06:55:00,29058.4,zone_skip,session,2026-07-21 00:00:00,29033.85,short,0.0008455647459776403,,,0.0,,,,,,,,,,
2026-07-22 06:55:00,29058.4,zone_skip,tolerance,2026-07-22 04:00:00,29218.41,short,0.005476341799570832,0.0025,,,,,,,,,,,,
2026-07-22 07:00:00,29071.65,zone_skip,session,2026-07-21 00:00:00,29033.85,short,0.0013019286109146018,,,0.0,,,,,,,,,,
2026-07-22 07:00:00,29071.65,zone_skip,tolerance,2026-07-22 04:00:00,29218.41,short,0.005022860586869662,0.0025,,,,,,,,,,,,
2026-07-22 07:05:00,29078.6,zone_skip,session,2026-07-21 00:00:00,29033.85,short,0.0015413043740323796,,,0.0,,,,,,,,,,
2026-07-22 07:05:00,29078.6,zone_skip,tolerance,2026-07-22 04:00:00,29218.41,short,0.004784996856434054,0.0025,,,,,,,,,,,,
2026-07-22 07:10:00,29072.65,zone_skip,session,2026-07-21 00:00:00,29033.85,short,0.0013363711667589008,,,0.0,,,,,,,,,,
2026-07-22 07:10:00,29072.65,zone_skip,tolerance,2026-07-22 04:00:00,29218.41,short,0.004988635589684668,0.0025,,,,,,,,,,,,
2026-07-22 07:15:00,29082.1,zone_skip,session,2026-07-21 00:00:00,29033.85,short,0.001661853319487426,,,0.0,,,,,,,,,,
2026-07-22 07:15:00,29082.1,zone_skip,tolerance,2026-07-22 04:00:00,29218.41,short,0.004665209366286575,0.0025,,,,,,,,,,,,
2026-07-22 07:20:00,29090.65,zone_skip,session,2026-07-21 00:00:00,29033.85,short,0.0019563371719562824,,,0.0,,,,,,,,,,
2026-07-22 07:20:00,29090.65,zone_skip,tolerance,2026-07-22 04:00:00,29218.41,short,0.004372585640354776,0.0025,,,,,,,,,,,,
2026-07-22 07:25:00,29092.4,zone_skip,chasing,2026-07-21 00:00:00,29033.85,short,0.0020166116446838057,,38.62701777156988,,,,,,,,,,,
2026-07-22 07:25:00,29092.4,zone_skip,tolerance,2026-07-22 04:00:00,29218.41,short,0.004312691895281037,0.0025,,,,,,,,,,,,
2026-07-22 07:30:00,29076.6,zone_skip,session,2026-07-21 00:00:00,29033.85,short,0.0014724192623437814,,,0.0,,,,,,,,,,
2026-07-22 07:30:00,29076.6,zone_skip,tolerance,2026-07-22 04:00:00,29218.41,short,0.004853446850804042,0.0025,,,,,,,,,,,,
2026-07-22 07:35:00,29071.4,zone_skip,session,2026-07-21 00:00:00,29033.85,short,0.001293317971953527,,,0.0,,,,,,,,,,
2026-07-22 07:35:00,29071.4,zone_skip,tolerance,2026-07-22 04:00:00,29218.41,short,0.00503141683616591,0.0025,,,,,,,,,,,,
2026-07-22 07:40:00,29075.85,zone_skip,session,2026-07-21 00:00:00,29033.85,short,0.0014465873454605573,,,0.0,,,,,,,,,,
2026-07-22 07:40:00,29075.85,zone_skip,tolerance,2026-07-22 04:00:00,29218.41,short,0.004879115598692787,0.0025,,,,,,,,,,,,
2026-07-22 07:45:00,29067.9,zone_skip,session,2026-07-21 00:00:00,29033.85,short,0.0011727690264984806,,,0.0,,,,,,,,,,
2026-07-22 07:45:00,29067.9,zone_skip,tolerance,2026-07-22 04:00:00,29218.41,short,0.005151204326313389,0.0025,,,,,,,,,,,,
2026-07-22 07:50:00,29062.15,zone_skip,session,2026-07-21 00:00:00,29033.85,short,0.0009747243303937614,,,0.0,,,,,,,,,,
2026-07-22 07:50:00,29062.15,zone_skip,tolerance,2026-07-22 04:00:00,29218.41,short,0.005347998060127105,0.0025,,,,,,,,,,,,
2026-07-22 07:55:00,29078.4,zone_skip,session,2026-07-21 00:00:00,29033.85,short,0.0015344158628636199,,,0.0,,,,,,,,,,
2026-07-22 07:55:00,29078.4,zone_skip,tolerance,2026-07-22 04:00:00,29218.41,short,0.004791841855870953,0.0025,,,,,,,,,,,,
2026-07-22 08:00:00,29060.65,zone_skip,session,2026-07-21 00:00:00,29033.85,short,0.000923060496627313,,,0.0,,,,,,,,,,
2026-07-22 08:00:00,29060.65,zone_skip,tolerance,2026-07-22 04:00:00,29218.41,short,0.005399335555904596,0.0025,,,,,,,,,,,,
2026-07-22 08:05:00,29044.15,zone_skip,session,2026-07-21 00:00:00,29033.85,short,0.00035475832519637975,,,0.0,,,,,,,,,,
2026-07-22 08:05:00,29044.15,zone_skip,tolerance,2026-07-22 04:00:00,29218.41,short,0.005964048009456996,0.0025,,,,,,,,,,,,
2026-07-22 08:10:00,29045.9,zone_skip,session,2026-07-21 00:00:00,29033.85,short,0.00041503279792390297,,,0.0,,,,,,,,,,
2026-07-22 08:10:00,29045.9,zone_skip,tolerance,2026-07-22 04:00:00,29218.41,short,0.005904154264383257,0.0025,,,,,,,,,,,,
2026-07-22 08:15:00,29046.35,zone_skip,session,2026-07-21 00:00:00,29033.85,short,0.0004305319480537373,,,0.0,,,,,,,,,,
2026-07-22 08:15:00,29046.35,zone_skip,tolerance,2026-07-22 04:00:00,29218.41,short,0.00588875301565011,0.0025,,,,,,,,,,,,
2026-07-22 08:20:00,29029.4,zone_skip,session,2026-07-21 00:00:00,29033.85,short,0.00015326937350703025,,,0.0,,,,,,,,,,
2026-07-22 08:20:00,29029.4,zone_skip,tolerance,2026-07-22 04:00:00,29218.41,short,0.006468866717935657,0.0025,,,,,,,,,,,,
2026-07-22 08:25:00,29024.9,zone_skip,session,2026-07-21 00:00:00,29033.85,short,0.00030826087480637565,,,0.0,,,,,,,,,,
2026-07-22 08:25:00,29024.9,zone_skip,tolerance,2026-07-22 04:00:00,29218.41,short,0.0066228792052681305,0.0025,,,,,,,,,,,,
2026-07-22 08:30:00,29040.85,zone_skip,session,2026-07-21 00:00:00,29033.85,short,0.0002410978909100929,,,0.0,,,,,,,,,,
2026-07-22 08:30:00,29040.85,zone_skip,tolerance,2026-07-22 04:00:00,29218.41,short,0.006076990500167577,0.0025,,,,,,,,,,,,
2026-07-22 08:35:00,29027.15,zone_skip,session,2026-07-21 00:00:00,29033.85,short,0.00023076512415670295,,,0.0,,,,,,,,,,
2026-07-22 08:35:00,29027.15,zone_skip,tolerance,2026-07-22 04:00:00,29218.41,short,0.006545872961601894,0.0025,,,,,,,,,,,,
2026-07-22 08:40:00,29006.65,zone_skip,session,2026-07-21 00:00:00,29033.85,short,0.0009368375189648321,,,0.0,,,,,,,,,,
2026-07-22 08:40:00,29006.65,zone_skip,tolerance,2026-07-22 04:00:00,29218.41,short,0.007247485403894271,0.0025,,,,,,,,,,,,
2026-07-22 08:45:00,29012.4,zone_skip,session,2026-07-21 00:00:00,29033.85,short,0.000738792822860113,,,0.0,,,,,,,,,,
2026-07-22 08:45:00,29012.4,zone_skip,tolerance,2026-07-22 04:00:00,29218.41,short,0.007050691670080556,0.0025,,,,,,,,,,,,
2026-07-22 08:50:00,29015.9,zone_skip,session,2026-07-21 00:00:00,29033.85,short,0.0006182438774050666,,,0.0,,,,,,,,,,
2026-07-22 08:50:00,29015.9,zone_skip,tolerance,2026-07-22 04:00:00,29218.41,short,0.006930904179933076,0.0025,,,,,,,,,,,,
2026-07-22 08:55:00,29031.6,zone_skip,session,2026-07-21 00:00:00,29033.85,short,7.749575064967271e-05,,,0.0,,,,,,,,,,
2026-07-22 08:55:00,29031.6,zone_skip,tolerance,2026-07-22 04:00:00,29218.41,short,0.006393571724128771,0.0025,,,,,,,,,,,,
2026-07-22 09:00:00,29010.35,zone_skip,session,2026-07-21 00:00:00,29033.85,short,0.0008094000623410262,,,0.0,,,,,,,,,,
2026-07-22 09:00:00,29010.35,zone_skip,tolerance,2026-07-22 04:00:00,29218.41,short,0.007120852914309893,0.0025,,,,,,,,,,,,
2026-07-22 09:05:00,28988.4,zone_skip,session,2026-07-21 00:00:00,29033.85,short,0.0015654141631232885,,,0.0,,,,,,,,,,
2026-07-22 09:05:00,28988.4,zone_skip,tolerance,2026-07-22 04:00:00,29218.41,short,0.007872091602520411,0.0025,,,,,,,,,,,,
2026-07-22 09:10:00,28991.6,zone_skip,session,2026-07-21 00:00:00,29033.85,short,0.001455197984421632,,,0.0,,,,,,,,,,
2026-07-22 09:10:00,28991.6,zone_skip,tolerance,2026-07-22 04:00:00,29218.41,short,0.007762571611528529,0.0025,,,,,,,,,,,,
2026-07-22 09:15:00,28957.15,zone_skip,tolerance,2026-07-21 00:00:00,29033.85,short,0.002641744033257632,0.0025,,,,,,,,,,,,
2026-07-22 09:15:00,28957.15,zone_skip,tolerance,2026-07-22 04:00:00,29218.41,short,0.008941622764551472,0.0025,,,,,,,,,,,,
2026-07-22 09:20:00,28940.65,zone_skip,tolerance,2026-07-21 00:00:00,29033.85,short,0.003210046204688565,0.0025,,,,,,,,,,,,
2026-07-22 09:20:00,28940.65,zone_skip,tolerance,2026-07-22 04:00:00,29218.41,short,0.009506335218103873,0.0025,,,,,,,,,,,,
2026-07-22 09:25:00,28937.35,zone_skip,tolerance,2026-07-21 00:00:00,29033.85,short,0.003323706638974852,0.0025,,,,,,,,,,,,
2026-07-22 09:25:00,28937.35,zone_skip,tolerance,2026-07-22 04:00:00,29218.41,short,0.009619277708814454,0.0025,,,,,,,,,,,,
2026-07-22 09:30:00,28953.65,zone_skip,tolerance,2026-07-21 00:00:00,29033.85,short,0.002762292978712678,0.0025,,,,,,,,,,,,
2026-07-22 09:30:00,28953.65,zone_skip,tolerance,2026-07-22 04:00:00,29218.41,short,0.009061410254698952,0.0025,,,,,,,,,,,,
2026-07-22 09:35:00,28969.65,zone_skip,chasing,2026-07-21 00:00:00,29033.85,short,0.0022112120852038944,,42.710732330256405,,,,,,,,,,,
2026-07-22 09:35:00,28969.65,zone_skip,tolerance,2026-07-22 04:00:00,29218.41,short,0.008513810299739048,0.0025,,,,,,,,,,,,
2026-07-22 09:40:00,28961.15,zone_skip,tolerance,2026-07-21 00:00:00,29033.85,short,0.0025039738098804358,0.0025,,,,,,,,,,,,
2026-07-22 09:40:00,28961.15,zone_skip,tolerance,2026-07-22 04:00:00,29218.41,short,0.008804722775811498,0.0025,,,,,,,,,,,,
2026-07-22 09:45:00,28928.65,zone_skip,tolerance,2026-07-21 00:00:00,29033.85,short,0.003623356874820153,0.0025,,,,,,,,,,,,
2026-07-22 09:45:00,28928.65,zone_skip,tolerance,2026-07-22 04:00:00,29218.41,short,0.009917035184323802,0.0025,,,,,,,,,,,,
2026-07-22 09:50:00,28952.4,zone_skip,tolerance,2026-07-21 00:00:00,29033.85,short,0.002805346173518052,0.0025,,,,,,,,,,,,
2026-07-22 09:50:00,28952.4,zone_skip,tolerance,2026-07-22 04:00:00,29218.41,short,0.009104191501180194,0.0025,,,,,,,,,,,,
2026-07-22 09:55:00,28951.15,zone_skip,tolerance,2026-07-21 00:00:00,29033.85,short,0.0028483993683234257,0.0025,,,,,,,,,,,,
2026-07-22 09:55:00,28951.15,zone_skip,tolerance,2026-07-22 04:00:00,29218.41,short,0.009146972747661436,0.0025,,,,,,,,,,,,
2026-07-22 10:00:00,28943.1,zone_skip,tolerance,2026-07-21 00:00:00,29033.85,short,0.0031256619428701327,0.0025,,,,,,,,,,,,
2026-07-22 10:00:00,28943.1,zone_skip,tolerance,2026-07-22 04:00:00,29218.41,short,0.009422483975000739,0.0025,,,,,,,,,,,,
2026-07-22 10:05:00,28926.15,zone_skip,tolerance,2026-07-21 00:00:00,29033.85,short,0.0037094632644309004,0.0025,,,,,,,,,,,,
2026-07-22 10:05:00,28926.15,zone_skip,tolerance,2026-07-22 04:00:00,29218.41,short,0.010002597677286286,0.0025,,,,,,,,,,,,
2026-07-22 10:10:00,28957.4,zone_skip,tolerance,2026-07-21 00:00:00,29033.85,short,0.002633133394296557,0.0025,,,,,,,,,,,,
2026-07-22 10:10:00,28957.4,zone_skip,tolerance,2026-07-22 04:00:00,29218.41,short,0.008933066515255224,0.0025,,,,,,,,,,,,
2026-07-22 10:15:00,28966.6,zone_skip,chasing,2026-07-21 00:00:00,29033.85,short,0.0023162618805291067,,42.77510486802201,,,,,,,,,,,
2026-07-22 10:15:00,28966.6,zone_skip,tolerance,2026-07-22 04:00:00,29218.41,short,0.008618196541153379,0.0025,,,,,,,,,,,,
2026-07-22 10:20:00,28952.35,zone_skip,tolerance,2026-07-21 00:00:00,29033.85,short,0.002807068301310367,0.0025,,,,,,,,,,,,
2026-07-22 10:20:00,28952.35,zone_skip,tolerance,2026-07-22 04:00:00,29218.41,short,0.009105902751039544,0.0025,,,,,,,,,,,,
2026-07-22 10:25:00,28978.85,zone_skip,session,2026-07-21 00:00:00,29033.85,short,0.0018943405714364442,,,0.0,,,,,,,,,,
2026-07-22 10:25:00,28978.85,zone_skip,tolerance,2026-07-22 04:00:00,29218.41,short,0.008198940325637203,0.0025,,,,,,,,,,,,
2026-07-22 10:30:00,28932.1,zone_skip,tolerance,2026-07-21 00:00:00,29033.85,short,0.0035045300571574216,0.0025,,,,,,,,,,,,
2026-07-22 10:30:00,28932.1,zone_skip,tolerance,2026-07-22 04:00:00,29218.41,short,0.009798958944035673,0.0025,,,,,,,,,,,,
2026-07-22 10:35:00,28909.85,zone_skip,tolerance,2026-07-21 00:00:00,29033.85,short,0.004270876924693074,0.0025,,,,,,,,,,,,
2026-07-22 10:35:00,28909.85,zone_skip,tolerance,2026-07-22 04:00:00,29218.41,short,0.010560465131401789,0.0025,,,,,,,,,,,,
2026-07-22 10:40:00,28924.85,zone_skip,tolerance,2026-07-21 00:00:00,29033.85,short,0.0037542385870285894,0.0025,,,,,,,,,,,,
2026-07-22 10:40:00,28924.85,zone_skip,tolerance,2026-07-22 04:00:00,29218.41,short,0.010047090173626878,0.0025,,,,,,,,,,,,
2026-07-22 10:45:00,28906.35,zone_skip,tolerance,2026-07-21 00:00:00,29033.85,short,0.00439142587014812,0.0025,,,,,,,,,,,,
2026-07-22 10:45:00,28906.35,zone_skip,tolerance,2026-07-21 08:00:00,28550.77,long,0.012454305085291854,0.0025,,,,,,,,,,,,
2026-07-22 10:45:00,28906.35,zone_skip,tolerance,2026-07-22 04:00:00,29218.41,short,0.010680252621549266,0.0025,,,,,,,,,,,,
2026-07-22 10:50:00,28921.4,zone_skip,tolerance,2026-07-21 00:00:00,29033.85,short,0.0038730654046913206,0.0025,,,,,,,,,,,,
2026-07-22 10:50:00,28921.4,zone_skip,tolerance,2026-07-22 04:00:00,29218.41,short,0.010165166413915008,0.0025,,,,,,,,,,,,
2026-07-22 10:55:00,28916.65,zone_skip,tolerance,2026-07-21 00:00:00,29033.85,short,0.004036667544951741,0.0025,,,,,,,,,,,,
2026-07-22 10:55:00,28916.65,zone_skip,tolerance,2026-07-22 04:00:00,29218.41,short,0.01032773515054373,0.0025,,,,,,,,,,,,
2026-07-22 11:00:00,28944.9,zone_skip,tolerance,2026-07-21 00:00:00,29033.85,short,0.0030636653423502945,0.0025,,,,,,,,,,,,
2026-07-22 11:00:00,28944.9,zone_skip,tolerance,2026-07-22 04:00:00,29218.41,short,0.00936087898006765,0.0025,,,,,,,,,,,,
2026-07-22 11:05:00,28954.65,zone_skip,tolerance,2026-07-21 00:00:00,29033.85,short,0.002727850422868379,0.0025,,,,,,,,,,,,
2026-07-22 11:05:00,28954.65,zone_skip,tolerance,2026-07-22 04:00:00,29218.41,short,0.009027185257513958,0.0025,,,,,,,,,,,,
2026-07-22 11:10:00,28927.45,zone_skip,tolerance,2026-07-21 00:00:00,29033.85,short,0.003664687941833337,0.0025,,,,,,,,,,,,
2026-07-22 11:10:00,28927.45,zone_skip,tolerance,2026-07-22 04:00:00,29218.41,short,0.00995810518094582,0.0025,,,,,,,,,,,,
2026-07-22 11:15:00,28933.15,zone_skip,tolerance,2026-07-21 00:00:00,29033.85,short,0.0034683653735208073,0.0025,,,,,,,,,,,,
2026-07-22 11:15:00,28933.15,zone_skip,tolerance,2026-07-22 04:00:00,29218.41,short,0.009763022696991329,0.0025,,,,,,,,,,,,
2026-07-22 11:20:00,28959.1,zone_skip,tolerance,2026-07-21 00:00:00,29033.85,short,0.002574581049361349,0.0025,,,,,,,,,,,,
2026-07-22 11:20:00,28959.1,zone_skip,tolerance,2026-07-22 04:00:00,29218.41,short,0.008874884020040835,0.0025,,,,,,,,,,,,
2026-07-22 11:25:00,28960.1,zone_skip,tolerance,2026-07-21 00:00:00,29033.85,short,0.00254013849351705,0.0025,,,,,,,,,,,,
2026-07-22 11:25:00,28960.1,zone_skip,tolerance,2026-07-22 04:00:00,29218.41,short,0.00884065902285584,0.0025,,,,,,,,,,,,
2026-07-22 11:30:00,28970.35,zone_skip,session,2026-07-21 00:00:00,29033.85,short,0.0021871022961129855,,,0.0,,,,,,,,,,
2026-07-22 11:30:00,28970.35,zone_skip,tolerance,2026-07-22 04:00:00,29218.41,short,0.008489852801709653,0.0025,,,,,,,,,,,,
2026-07-22 11:35:00,28947.35,zone_skip,tolerance,2026-07-21 00:00:00,29033.85,short,0.0029792810805318623,0.0025,,,,,,,,,,,,
2026-07-22 11:35:00,28947.35,zone_skip,tolerance,2026-07-22 04:00:00,29218.41,short,0.009277027736964514,0.0025,,,,,,,,,,,,
2026-07-22 11:40:00,28945.1,zone_skip,tolerance,2026-07-21 00:00:00,29033.85,short,0.003056776831181535,0.0025,,,,,,,,,,,,
2026-07-22 11:40:00,28945.1,zone_skip,tolerance,2026-07-22 04:00:00,29218.41,short,0.00935403398063075,0.0025,,,,,,,,,,,,
2026-07-22 11:45:00,28953.85,zone_skip,tolerance,2026-07-21 00:00:00,29033.85,short,0.002755404467543919,0.0025,,,,,,,,,,,,
2026-07-22 11:45:00,28953.85,zone_skip,tolerance,2026-07-22 04:00:00,29218.41,short,0.009054565255262053,0.0025,,,,,,,,,,,,
2026-07-22 11:50:00,28964.35,zone_skip,chasing,2026-07-21 00:00:00,29033.85,short,0.002393757631178779,,45.51381953605871,,,,,,,,,,,
2026-07-22 11:50:00,28964.35,zone_skip,tolerance,2026-07-22 04:00:00,29218.41,short,0.008695202784819616,0.0025,,,,,,,,,,,,
2026-07-22 11:55:00,28969.1,zone_skip,session,2026-07-21 00:00:00,29033.85,short,0.002230155490918359,,,0.0,,,,,,,,,,
2026-07-22 11:55:00,28969.1,zone_skip,tolerance,2026-07-22 04:00:00,29218.41,short,0.008532634048190895,0.0025,,,,,,,,,,,,
2026-07-22 12:00:00,28990.85,zone_skip,session,2026-07-21 00:00:00,29033.85,short,0.0014810299013048563,,,0.0,,,,,,,,,,
2026-07-22 12:00:00,28990.85,zone_skip,tolerance,2026-07-22 04:00:00,29218.41,short,0.0077882403594172755,0.0025,,,,,,,,,,,,
2026-07-22 12:05:00,28996.15,zone_skip,session,2026-07-21 00:00:00,29033.85,short,0.0012984843553299715,,,0.0,,,,,,,,,,
2026-07-22 12:05:00,28996.15,zone_skip,tolerance,2026-07-22 04:00:00,29218.41,short,0.007606847874336708,0.0025,,,,,,,,,,,,
2026-07-22 12:10:00,28990.4,zone_skip,session,2026-07-21 00:00:00,29033.85,short,0.0014965290514346906,,,0.0,,,,,,,,,,
2026-07-22 12:10:00,28990.4,zone_skip,tolerance,2026-07-22 04:00:00,29218.41,short,0.007803641608150423,0.0025,,,,,,,,,,,,
2026-07-22 12:15:00,28993.6,zone_skip,session,2026-07-21 00:00:00,29033.85,short,0.001386312872733034,,,0.0,,,,,,,,,,
2026-07-22 12:15:00,28993.6,zone_skip,tolerance,2026-07-22 04:00:00,29218.41,short,0.007694121617158542,0.0025,,,,,,,,,,,,
2026-07-22 12:20:00,28997.6,zone_skip,session,2026-07-21 00:00:00,29033.85,short,0.0012485426493558383,,,0.0,,,,,,,,,,
2026-07-22 12:20:00,28997.6,zone_skip,tolerance,2026-07-22 04:00:00,29218.41,short,0.007557221628418566,0.0025,,,,,,,,,,,,
2026-07-22 12:25:00,28984.6,zone_skip,session,2026-07-21 00:00:00,29033.85,short,0.0016962958753317249,,,0.0,,,,,,,,,,
2026-07-22 12:25:00,28984.6,zone_skip,tolerance,2026-07-22 04:00:00,29218.41,short,0.008002146591823488,0.0025,,,,,,,,,,,,
2026-07-22 12:30:00,28957.35,zone_skip,tolerance,2026-07-21 00:00:00,29033.85,short,0.0026348555220888723,0.0025,,,,,,,,,,,,
2026-07-22 12:30:00,28957.35,zone_skip,tolerance,2026-07-22 04:00:00,29218.41,short,0.008934777765114574,0.0025,,,,,,,,,,,,
2026-07-22 12:35:00,28969.15,zone_skip,chasing,2026-07-21 00:00:00,29033.85,short,0.002228433363126044,,40.34155896910315,,,,,,,,,,,
2026-07-22 12:35:00,28969.15,zone_skip,tolerance,2026-07-22 04:00:00,29218.41,short,0.008530922798331545,0.0025,,,,,,,,,,,,
2026-07-22 12:40:00,28975.15,zone_skip,session,2026-07-21 00:00:00,29033.85,short,0.00202177802806025,,,0.0,,,,,,,,,,
2026-07-22 12:40:00,28975.15,zone_skip,tolerance,2026-07-22 04:00:00,29218.41,short,0.008325572815221581,0.0025,,,,,,,,,,,,
2026-07-22 12:45:00,28974.1,zone_skip,session,2026-07-21 00:00:00,29033.85,short,0.0020579427116968643,,,0.0,,,,,,,,,,
2026-07-22 12:45:00,28974.1,zone_skip,tolerance,2026-07-22 04:00:00,29218.41,short,0.008361509062265925,0.0025,,,,,,,,,,,,
2026-07-22 12:50:00,28957.1,zone_skip,tolerance,2026-07-21 00:00:00,29033.85,short,0.002643466161049947,0.0025,,,,,,,,,,,,
2026-07-22 12:50:00,28957.1,zone_skip,tolerance,2026-07-22 04:00:00,29218.41,short,0.008943334014410822,0.0025,,,,,,,,,,,,
2026-07-22 12:55:00,28986.65,zone_skip,session,2026-07-21 00:00:00,29033.85,short,0.0016256886358508118,,,0.0,,,,,,,,,,
2026-07-22 12:55:00,28986.65,zone_skip,tolerance,2026-07-22 04:00:00,29218.41,short,0.00793198534759415,0.0025,,,,,,,,,,,,
2026-07-22 13:00:00,29002.4,enter,entry,2026-07-21 00:00:00,29033.85,short,0.0010832183813031027,,,1.0,2.5,1.0,1.0,bull,0.5,4.5,1.6,395.0,1.1115151205583398,29002.4
2026-07-22 13:05:00,28991.9,bar_skip,cooldown,,,,,,,,,,,,,,,,,
2026-07-22 13:10:00,28979.35,bar_skip,cooldown,,,,,,,,,,,,,,,,,
2026-07-22 13:15:00,28988.6,bar_skip,cooldown,,,,,,,,,,,,,,,,,
2026-07-22 13:20:00,29020.35,zone_skip,tolerance,2026-07-22 04:00:00,29218.41,short,0.006778602942459953,0.0025,,,,,,,,,,,,
2026-07-22 13:25:00,29017.4,zone_skip,score_ltf,2026-07-21 00:00:00,29033.85,short,0.000566580043638618,,,,2.5,1.0,0.0,,,,,,,
2026-07-22 13:25:00,29017.4,zone_skip,tolerance,2026-07-22 04:00:00,29218.41,short,0.006879566684155586,0.0025,,,,,,,,,,,,
2026-07-22 13:30:00,29002.4,zone_skip,score_ltf,2026-07-21 00:00:00,29033.85,short,0.0010832183813031027,,,,2.5,1.0,0.0,,,,,,,
2026-07-22 13:30:00,29002.4,zone_skip,tolerance,2026-07-22 04:00:00,29218.41,short,0.007392941641930495,0.0025,,,,,,,,,,,,
2026-07-22 13:35:00,28995.85,zone_skip,score_ltf,2026-07-21 00:00:00,29033.85,short,0.0013088171220833613,,,,2.5,1.0,0.0,,,,,,,
2026-07-22 13:35:00,28995.85,zone_skip,tolerance,2026-07-22 04:00:00,29218.41,short,0.0076171153734923055,0.0025,,,,,,,,,,,,
2026-07-22 13:40:00,28992.4,zone_skip,score_ltf,2026-07-21 00:00:00,29033.85,short,0.0014276439397460927,,,,2.5,1.0,0.0,,,,,,,
2026-07-22 13:40:00,28992.4,zone_skip,tolerance,2026-07-22 04:00:00,29218.41,short,0.007735191613780435,0.0025,,,,,,,,,,,,
2026-07-22 13:45:00,29027.4,zone_skip,score_ltf,2026-07-21 00:00:00,29033.85,short,0.0002221544851956282,,,,2.5,1.0,0.0,,,,,,,
2026-07-22 13:45:00,29027.4,zone_skip,tolerance,2026-07-22 04:00:00,29218.41,short,0.0065373167123056455,0.0025,,,,,,,,,,,,
2026-07-22 13:50:00,29014.9,zone_skip,score_ltf,2026-07-21 00:00:00,29033.85,short,0.0006526864332493655,,,,2.5,1.0,0.0,,,,,,,
2026-07-22 13:50:00,29014.9,zone_skip,tolerance,2026-07-22 04:00:00,29218.41,short,0.006965129177118071,0.0025,,,,,,,,,,,,
2026-07-22 13:55:00,29013.52,zone_skip,score_ltf,2026-07-21 00:00:00,29033.85,short,0.0007002171603145332,,,,2.5,1.0,0.0,,,,,,,
2026-07-22 13:55:00,29013.52,zone_skip,tolerance,2026-07-22 04:00:00,29218.41,short,0.007012359673233397,0.0025,,,,,,,,,,,,
2026-07-22 14:00:00,28992.27,zone_skip,tolerance,2026-07-22 04:00:00,29218.41,short,0.0077396408634145195,0.0025,,,,,,,,,,,,
2026-07-22 14:05:00,28992.35,zone_skip,tolerance,2026-07-22 04:00:00,29218.41,short,0.007736902863639784,0.0025,,,,,,,,,,,,
2026-07-22 14:10:00,28981.02,zone_skip,tolerance,2026-07-22 04:00:00,29218.41,short,0.008124672081745702,0.0025,,,,,,,,,,,,
2026-07-22 14:15:00,28970.4,zone_skip,chasing,2026-07-21 00:00:00,29033.85,short,0.00218538016832067,,40.22574452633507,,,,,,,,,,,
2026-07-22 14:15:00,28970.4,zone_skip,tolerance,2026-07-22 04:00:00,29218.41,short,0.008488141551850303,0.0025,,,,,,,,,,,,
2026-07-22 14:20:00,28977.27,zone_skip,tolerance,2026-07-22 04:00:00,29218.41,short,0.00825301582118943,0.0025,,,,,,,,,,,,
2026-07-22 14:25:00,28959.27,zone_skip,tolerance,2026-07-21 00:00:00,29033.85,short,0.002568725814867753,0.0025,,,,,,,,,,,,
2026-07-22 14:25:00,28959.27,zone_skip,tolerance,2026-07-22 04:00:00,29218.41,short,0.00886906577051932,0.0025,,,,,,,,,,,,
2026-07-22 14:30:00,28961.72,zone_skip,chasing,2026-07-21 00:00:00,29033.85,short,0.0024843415530491956,,47.628978589490394,,,,,,,,,,,
2026-07-22 14:30:00,28961.72,zone_skip,tolerance,2026-07-22 04:00:00,29218.41,short,0.00878521452741606,0.0025,,,,,,,,,,,,
2026-07-22 14:35:00,28945.52,zone_skip,tolerance,2026-07-21 00:00:00,29033.85,short,0.0030423109577268643,0.0025,,,,,,,,,,,,
2026-07-22 14:35:00,28945.52,zone_skip,tolerance,2026-07-22 04:00:00,29218.41,short,0.009339659481812987,0.0025,,,,,,,,,,,,
2026-07-22 14:40:00,28899.85,zone_skip,tolerance,2026-07-21 00:00:00,29033.85,short,0.004615302483136064,0.0025,,,,,,,,,,,,
2026-07-22 14:40:00,28899.85,zone_skip,tolerance,2026-07-21 08:00:00,28550.77,long,0.012226640472393498,0.0025,,,,,,,,,,,,
2026-07-22 14:40:00,28899.85,zone_skip,tolerance,2026-07-22 04:00:00,29218.41,short,0.010902715103251727,0.0025,,,,,,,,,,,,
2026-07-22 14:45:00,28927.6,zone_skip,tolerance,2026-07-21 00:00:00,29033.85,short,0.003659521558456767,0.0025,,,,,,,,,,,,
2026-07-22 14:45:00,28927.6,zone_skip,tolerance,2026-07-22 04:00:00,29218.41,short,0.009952971431368144,0.0025,,,,,,,,,,,,
2026-07-22 14:50:00,28923.52,zone_skip,tolerance,2026-07-21 00:00:00,29033.85,short,0.0038000471863014417,0.0025,,,,,,,,,,,,
2026-07-22 14:50:00,28923.52,zone_skip,tolerance,2026-07-22 04:00:00,29218.41,short,0.010092609419882855,0.0025,,,,,,,,,,,,
2026-07-22 14:55:00,28911.02,zone_skip,tolerance,2026-07-21 00:00:00,29033.85,short,0.004230579134355179,0.0025,,,,,,,,,,,,
2026-07-22 14:55:00,28911.02,zone_skip,tolerance,2026-07-22 04:00:00,29218.41,short,0.01052042188469528,0.0025,,,,,,,,,,,,
2026-07-22 15:00:00,28893.85,zone_skip,tolerance,2026-07-21 00:00:00,29033.85,short,0.004821957818201858,0.0025,,,,,,,,,,,,
2026-07-22 15:00:00,28893.85,zone_skip,tolerance,2026-07-21 08:00:00,28550.77,long,0.012016488522025784,0.0025,,,,,,,,,,,,
2026-07-22 15:00:00,28893.85,zone_skip,tolerance,2026-07-22 04:00:00,29218.41,short,0.01110806508636169,0.0025,,,,,,,,,,,,
2026-07-22 15:05:00,28891.77,zone_skip,tolerance,2026-07-21 00:00:00,29033.85,short,0.0048935983343579344,0.0025,,,,,,,,,,,,
2026-07-22 15:05:00,28891.77,zone_skip,tolerance,2026-07-21 08:00:00,28550.77,long,0.011943635845898377,0.0025,,,,,,,,,,,,
2026-07-22 15:05:00,28891.77,zone_skip,tolerance,2026-07-22 04:00:00,29218.41,short,0.011179253080506414,0.0025,,,,,,,,,,,,
2026-07-22 15:10:00,28901.02,zone_skip,tolerance,2026-07-21 00:00:00,29033.85,short,0.004575004692798169,0.0025,,,,,,,,,,,,
2026-07-22 15:10:00,28901.02,zone_skip,tolerance,2026-07-21 08:00:00,28550.77,long,0.012267620102715268,0.0025,,,,,,,,,,,,
2026-07-22 15:10:00,28901.02,zone_skip,tolerance,2026-07-22 04:00:00,29218.41,short,0.01086267185654522,0.0025,,,,,,,,,,,,
2026-07-22 15:15:00,28882.77,zone_skip,tolerance,2026-07-21 00:00:00,29033.85,short,0.0052035813369566255,0.0025,,,,,,,,,,,,
2026-07-22 15:15:00,28882.77,zone_skip,tolerance,2026-07-21 08:00:00,28550.77,long,0.011628407920346806,0.0025,,,,,,,,,,,,
2026-07-22 15:15:00,28882.77,zone_skip,tolerance,2026-07-22 04:00:00,29218.41,short,0.01148727805517136,0.0025,,,,,,,,,,,,
2026-07-22 15:20:00,28854.35,zone_skip,tolerance,2026-07-21 00:00:00,29033.85,short,0.0061824387740516676,0.0025,,,,,,,,,,,,
2026-07-22 15:20:00,28854.35,zone_skip,tolerance,2026-07-21 08:00:00,28550.77,long,0.010632988182105004,0.0025,,,,,,,,,,,,
2026-07-22 15:20:00,28854.35,zone_skip,tolerance,2026-07-22 04:00:00,29218.41,short,0.012459952475168954,0.0025,,,,,,,,,,,,
2026-07-22 15:25:00,28883.15,zone_skip,tolerance,2026-07-21 00:00:00,29033.85,short,0.005190493165735757,0.0025,,,,,,,,,,,,
2026-07-22 15:25:00,28883.15,zone_skip,tolerance,2026-07-21 08:00:00,28550.77,long,0.01164171754387013,0.0025,,,,,,,,,,,,
2026-07-22 15:25:00,28883.15,zone_skip,tolerance,2026-07-22 04:00:00,29218.41,short,0.011474272556241028,0.0025,,,,,,,,,,,,
2026-07-22 15:30:00,28916.02,zone_skip,tolerance,2026-07-21 00:00:00,29033.85,short,0.0040583663551336845,0.0025,,,,,,,,,,,,
2026-07-22 15:30:00,28916.02,zone_skip,tolerance,2026-07-22 04:00:00,29218.41,short,0.01034929689877031,0.0025,,,,,,,,,,,,
2026-07-22 15:35:00,28921.35,zone_skip,tolerance,2026-07-21 00:00:00,29033.85,short,0.0038747875324836355,0.0025,,,,,,,,,,,,
2026-07-22 15:35:00,28921.35,zone_skip,tolerance,2026-07-22 04:00:00,29218.41,short,0.010166877663774356,0.0025,,,,,,,,,,,,
2026-07-22 15:40:00,28913.52,zone_skip,tolerance,2026-07-21 00:00:00,29033.85,short,0.004144472744744432,0.0025,,,,,,,,,,,,
2026-07-22 15:40:00,28913.52,zone_skip,tolerance,2026-07-22 04:00:00,29218.41,short,0.010434859391732795,0.0025,,,,,,,,,,,,
2026-07-22 15:45:00,28876.9,zone_skip,tolerance,2026-07-21 00:00:00,29033.85,short,0.0054057591397626255,0.0025,,,,,,,,,,,,
2026-07-22 15:45:00,28876.9,zone_skip,tolerance,2026-07-21 08:00:00,28550.77,long,0.011422809262237096,0.0025,,,,,,,,,,,,
2026-07-22 15:45:00,28876.9,zone_skip,tolerance,2026-07-22 04:00:00,29218.41,short,0.01168817878864724,0.0025,,,,,,,,,,,,
2026-07-22 15:50:00,28903.4,zone_skip,tolerance,2026-07-21 00:00:00,29033.85,short,0.004493031409888703,0.0025,,,,,,,,,,,,
2026-07-22 15:50:00,28903.4,zone_skip,tolerance,2026-07-21 08:00:00,28550.77,long,0.012350980376361164,0.0025,,,,,,,,,,,,
2026-07-22 15:50:00,28903.4,zone_skip,tolerance,2026-07-22 04:00:00,29218.41,short,0.0107812163632449,0.0025,,,,,,,,,,,,
2026-07-22 15:55:00,28874.6,zone_skip,tolerance,2026-07-21 00:00:00,29033.85,short,0.005484977018204613,0.0025,,,,,,,,,,,,
2026-07-22 15:55:00,28874.6,zone_skip,tolerance,2026-07-21 08:00:00,28550.77,long,0.011342251014596037,0.0025,,,,,,,,,,,,
2026-07-22 15:55:00,28874.6,zone_skip,tolerance,2026-07-22 04:00:00,29218.41,short,0.011766896282172826,0.0025,,,,,,,,,,,,
2026-07-22 16:00:00,28902.65,zone_skip,tolerance,2026-07-21 00:00:00,29033.85,short,0.004518863326771926,0.0025,,,,,,,,,,,,
2026-07-22 16:00:00,28902.65,zone_skip,tolerance,2026-07-21 08:00:00,28550.77,long,0.012324711382565199,0.0025,,,,,,,,,,,,
2026-07-22 16:00:00,28902.65,zone_skip,tolerance,2026-07-22 04:00:00,29218.41,short,0.010806885111133644,0.0025,,,,,,,,,,,,
2026-07-22 16:05:00,28917.15,zone_skip,tolerance,2026-07-21 00:00:00,29033.85,short,0.0040194462670295915,0.0025,,,,,,,,,,,,
2026-07-22 16:05:00,28917.15,zone_skip,tolerance,2026-07-22 04:00:00,29218.41,short,0.010310622651951233,0.0025,,,,,,,,,,,,
2026-07-22 16:10:00,28914.15,zone_skip,tolerance,2026-07-21 00:00:00,29033.85,short,0.004122773934562488,0.0025,,,,,,,,,,,,
2026-07-22 16:10:00,28914.15,zone_skip,tolerance,2026-07-22 04:00:00,29218.41,short,0.010413297643506214,0.0025,,,,,,,,,,,,
2026-07-22 16:15:00,28936.52,zone_skip,tolerance,2026-07-21 00:00:00,29033.85,short,0.003352293960325555,0.0025,,,,,,,,,,,,
2026-07-22 16:15:00,28936.52,zone_skip,tolerance,2026-07-22 04:00:00,29218.41,short,0.009647684456477934,0.0025,,,,,,,,,,,,
2026-07-22 16:20:00,28946.9,zone_skip,tolerance,2026-07-21 00:00:00,29033.85,short,0.0029947802306616966,0.0025,,,,,,,,,,,,
2026-07-22 16:20:00,28946.9,zone_skip,tolerance,2026-07-22 04:00:00,29218.41,short,0.00929242898569766,0.0025,,,,,,,,,,,,
2026-07-22 16:25:00,28945.77,zone_skip,tolerance,2026-07-21 00:00:00,29033.85,short,0.0030337003187657892,0.0025,,,,,,,,,,,,
2026-07-22 16:25:00,28945.77,zone_skip,tolerance,2026-07-22 04:00:00,29218.41,short,0.009331103232516739,0.0025,,,,,,,,,,,,
2026-07-22 16:30:00,29009.27,bar_skip,lockout,,,,,,,,,,,,,,,,,
2026-07-22 16:35:00,29012.65,bar_skip,lockout,,,,,,,,,,,,,,,,,
2026-07-22 16:40:00,29036.4,bar_skip,lockout,,,,,,,,,,,,,,,,,
2026-07-22 16:45:00,29030.65,bar_skip,lockout,,,,,,,,,,,,,,,,,
2026-07-22 16:50:00,29095.02,bar_skip,lockout,,,,,,,,,,,,,,,,,
2026-07-22 16:55:00,29134.15,bar_skip,lockout,,,,,,,,,,,,,,,,,
2026-07-22 17:00:00,29116.15,bar_skip,lockout,,,,,,,,,,,,,,,,,
2026-07-22 17:05:00,29080.27,bar_skip,lockout,,,,,,,,,,,,,,,,,
2026-07-22 17:10:00,29093.65,bar_skip,lockout,,,,,,,,,,,,,,,,,
2026-07-22 17:15:00,29110.77,bar_skip,lockout,,,,,,,,,,,,,,,,,
2026-07-22 17:20:00,29077.15,bar_skip,lockout,,,,,,,,,,,,,,,,,
2026-07-22 17:25:00,29078.15,bar_skip,lockout,,,,,,,,,,,,,,,,,
2026-07-22 17:30:00,29076.65,zone_skip,score_h1,2026-07-21 00:00:00,29033.85,short,0.0014741413901360968,,,,1.0,0.0,0.0,,,,,,,
2026-07-22 17:30:00,29076.65,zone_skip,tolerance,2026-07-22 04:00:00,29218.41,short,0.004851735600944692,0.0025,,,,,,,,,,,,
2026-07-22 17:35:00,29079.15,zone_skip,score_h1,2026-07-21 00:00:00,29033.85,short,0.0015602477797468442,,,,1.0,0.0,0.0,,,,,,,
2026-07-22 17:35:00,29079.15,zone_skip,tolerance,2026-07-22 04:00:00,29218.41,short,0.004766173107982207,0.0025,,,,,,,,,,,,
2026-07-22 17:40:00,29044.15,zone_skip,score_h1,2026-07-21 00:00:00,29033.85,short,0.00035475832519637975,,,,1.0,0.0,0.5,,,,,,,
2026-07-22 17:40:00,29044.15,zone_skip,tolerance,2026-07-22 04:00:00,29218.41,short,0.005964048009456996,0.0025,,,,,,,,,,,,
2026-07-22 17:45:00,29083.15,zone_skip,score_h1,2026-07-21 00:00:00,29033.85,short,0.0016980180031240402,,,,1.0,0.0,0.0,,,,,,,
2026-07-22 17:45:00,29083.15,zone_skip,tolerance,2026-07-22 04:00:00,29218.41,short,0.004629273119242231,0.0025,,,,,,,,,,,,
2026-07-22 17:50:00,29059.9,zone_skip,score_h1,2026-07-21 00:00:00,29033.85,short,0.0008972285797440888,,,,1.0,0.0,0.0,,,,,,,
2026-07-22 17:50:00,29059.9,zone_skip,tolerance,2026-07-22 04:00:00,29218.41,short,0.005425004303793341,0.0025,,,,,,,,,,,,
2026-07-22 17:55:00,29099.15,zone_skip,score_h1,2026-07-21 00:00:00,29033.85,short,0.0022490988966328237,,,,1.0,0.0,0.0,,,,,,,
2026-07-22 17:55:00,29099.15,zone_skip,tolerance,2026-07-22 04:00:00,29218.41,short,0.004081673164282327,0.0025,,,,,,,,,,,,
2026-07-22 18:00:00,29128.65,zone_skip,tolerance,2026-07-21 00:00:00,29033.85,short,0.003265154294039644,0.0025,,,,,,,,,,,,
2026-07-22 18:00:00,29128.65,zone_skip,tolerance,2026-07-22 04:00:00,29218.41,short,0.003072035747325005,0.0025,,,,,,,,,,,,
2026-07-22 18:05:00,29151.4,zone_skip,tolerance,2026-07-21 00:00:00,29033.85,short,0.004048722439497446,0.0025,,,,,,,,,,,,
2026-07-22 18:05:00,29151.4,zone_skip,score_h1,2026-07-22 04:00:00,29218.41,short,0.002293417061366392,,,,1.0,0.0,0.0,,,,,,,
2026-07-22 18:10:00,29165.15,zone_skip,tolerance,2026-07-21 00:00:00,29033.85,short,0.004522307582356557,0.0025,,,,,,,,,,,,
2026-07-22 18:10:00,29165.15,zone_skip,score_h1,2026-07-22 04:00:00,29218.41,short,0.0018228233500727246,,,,1.0,0.0,0.0,,,,,,,
2026-07-22 18:15:00,29167.9,zone_skip,tolerance,2026-07-21 00:00:00,29033.85,short,0.004617024610928379,0.0025,,,,,,,,,,,,
2026-07-22 18:15:00,29167.9,zone_skip,score_h1,2026-07-22 04:00:00,29218.41,short,0.0017287046078139912,,,,1.0,0.0,0.0,,,,,,,
2026-07-22 18:20:00,29181.65,zone_skip,tolerance,2026-07-21 00:00:00,29033.85,short,0.00509060975378749,0.0025,,,,,,,,,,,,
2026-07-22 18:20:00,29181.65,zone_skip,score_h1,2026-07-22 04:00:00,29218.41,short,0.001258110896520324,,,,1.0,0.0,0.0,,,,,,,
2026-07-22 18:25:00,29183.9,zone_skip,tolerance,2026-07-21 00:00:00,29033.85,short,0.005168105504437163,0.0025,,,,,,,,,,,,
2026-07-22 18:25:00,29183.9,zone_skip,score_h1,2026-07-22 04:00:00,29218.41,short,0.0011811046528540875,,,,1.0,0.0,0.0,,,,,,,
2026-07-22 18:30:00,29150.9,zone_skip,tolerance,2026-07-21 00:00:00,29033.85,short,0.004031501161575296,0.0025,,,,,,,,,,,,
2026-07-22 18:30:00,29150.9,zone_skip,score_h1,2026-07-22 04:00:00,29218.41,short,0.002310529559958889,,,,1.0,0.0,0.0,,,,,,,
2026-07-22 18:35:00,29141.15,zone_skip,tolerance,2026-07-21 00:00:00,29033.85,short,0.003695686242093381,0.0025,,,,,,,,,,,,
2026-07-22 18:35:00,29141.15,zone_skip,tolerance,2026-07-22 04:00:00,29218.41,short,0.0026442232825125804,0.0025,,,,,,,,,,,,
2026-07-22 18:40:00,29147.9,zone_skip,tolerance,2026-07-21 00:00:00,29033.85,short,0.003928173494042399,0.0025,,,,,,,,,,,,
2026-07-22 18:40:00,29147.9,zone_skip,score_h1,2026-07-22 04:00:00,29218.41,short,0.002413204551513871,,,,1.0,0.0,0.0,,,,,,,
2026-07-22 18:45:00,29165.9,zone_skip,tolerance,2026-07-21 00:00:00,29033.85,short,0.004548139499239781,0.0025,,,,,,,,,,,,
2026-07-22 18:45:00,29165.9,zone_skip,score_h1,2026-07-22 04:00:00,29218.41,short,0.0017971546021839791,,,,1.0,0.0,0.0,,,,,,,
2026-07-22 18:50:00,29166.02,zone_skip,tolerance,2026-07-21 00:00:00,29033.85,short,0.004552272605941062,0.0025,,,,,,,,,,,,
2026-07-22 18:50:00,29166.02,zone_skip,score_h1,2026-07-22 04:00:00,29218.41,short,0.0017930476025218149,,,,1.0,0.0,0.0,,,,,,,
2026-07-22 18:55:00,29188.9,zone_skip,tolerance,2026-07-21 00:00:00,29033.85,short,0.0053403182836586575,0.0025,,,,,,,,,,,,
2026-07-22 18:55:00,29188.9,zone_skip,score_h1,2026-07-22 04:00:00,29218.41,short,0.0010099796669291177,,,,1.0,0.0,0.0,,,,,,,
2026-07-22 19:00:00,29179.15,zone_skip,tolerance,2026-07-21 00:00:00,29033.85,short,0.005004503364176743,0.0025,,,,,,,,,,,,
2026-07-22 19:00:00,29179.15,zone_skip,score_h1,2026-07-22 04:00:00,29218.41,short,0.001343673389482809,,,,1.0,0.0,0.0,,,,,,,
2026-07-22 19:05:00,29187.4,zone_skip,tolerance,2026-07-21 00:00:00,29033.85,short,0.005288654449892209,0.0025,,,,,,,,,,,,
2026-07-22 19:05:00,29187.4,zone_skip,score_h1,2026-07-22 04:00:00,29218.41,short,0.0010613171627066086,,,,1.0,0.0,0.0,,,,,,,
2026-07-22 19:10:00,29188.15,zone_skip,tolerance,2026-07-21 00:00:00,29033.85,short,0.005314486366775433,0.0025,,,,,,,,,,,,
2026-07-22 19:10:00,29188.15,zone_skip,score_h1,2026-07-22 04:00:00,29218.41,short,0.0010356484148178631,,,,1.0,0.0,0.0,,,,,,,
2026-07-22 19:15:00,29188.4,zone_skip,tolerance,2026-07-21 00:00:00,29033.85,short,0.005323097005736508,0.0025,,,,,,,,,,,,
2026-07-22 19:15:00,29188.4,zone_skip,score_h1,2026-07-22 04:00:00,29218.41,short,0.0010270921655216147,,,,1.0,0.0,0.0,,,,,,,
2026-07-22 19:20:00,29173.65,zone_skip,tolerance,2026-07-21 00:00:00,29033.85,short,0.0048150693070330985,0.0025,,,,,,,,,,,,
2026-07-22 19:20:00,29173.65,zone_skip,score_h1,2026-07-22 04:00:00,29218.41,short,0.0015319108740002758,,,,1.0,0.0,0.0,,,,,,,
2026-07-22 19:25:00,29170.15,zone_skip,tolerance,2026-07-21 00:00:00,29033.85,short,0.004694520361578052,0.0025,,,,,,,,,,,,
2026-07-22 19:25:00,29170.15,zone_skip,score_h1,2026-07-22 04:00:00,29218.41,short,0.0016516983641477548,,,,1.0,0.0,0.0,,,,,,,
2026-07-22 19:30:00,29181.9,zone_skip,tolerance,2026-07-21 00:00:00,29033.85,short,0.005099220392748564,0.0025,,,,,,,,,,,,
2026-07-22 19:30:00,29181.9,zone_skip,score_h1,2026-07-22 04:00:00,29218.41,short,0.0012495546472240755,,,,1.0,0.0,0.0,,,,,,,
2026-07-22 19:35:00,29164.15,zone_skip,tolerance,2026-07-21 00:00:00,29033.85,short,0.004487865026512257,0.0025,,,,,,,,,,,,
2026-07-22 19:35:00,29164.15,zone_skip,score_h1,2026-07-22 04:00:00,29218.41,short,0.0018570483472577187,,,,1.0,0.0,0.0,,,,,,,
2026-07-22 19:40:00,29149.4,zone_skip,tolerance,2026-07-21 00:00:00,29033.85,short,0.003979837327808848,0.0025,,,,,,,,,,,,
2026-07-22 19:40:00,29149.4,zone_skip,score_h1,2026-07-22 04:00:00,29218.41,short,0.00236186705573638,,,,1.0,0.0,1.75,,,,,,,
2026-07-22 19:45:00,29147.15,zone_skip,tolerance,2026-07-21 00:00:00,29033.85,short,0.003902341577159175,0.0025,,,,,,,,,,,,
2026-07-22 19:45:00,29147.15,zone_skip,score_h1,2026-07-22 04:00:00,29218.41,short,0.0024388732994026162,,,,1.0,0.0,1.75,,,,,,,
2026-07-22 19:50:00,29149.9,zone_skip,tolerance,2026-07-21 00:00:00,29033.85,short,0.003997058605730997,0.0025,,,,,,,,,,,,
2026-07-22 19:50:00,29149.9,zone_skip,score_h1,2026-07-22 04:00:00,29218.41,short,0.002344754557143883,,,,1.0,0.0,1.5,,,,,,,
2026-07-22 19:55:00,29169.4,zone_skip,tolerance,2026-07-21 00:00:00,29033.85,short,0.004668688444694828,0.0025,,,,,,,,,,,,
2026-07-22 19:55:00,29169.4,zone_skip,score_h1,2026-07-22 04:00:00,29218.41,short,0.0016773671120365002,,,,1.0,0.0,0.0,,,,,,,
2026-07-22 20:00:00,29167.15,zone_skip,tolerance,2026-07-21 00:00:00,29033.85,short,0.004591192694045155,0.0025,,,,,,,,,,,,
2026-07-22 20:00:00,29167.15,zone_skip,score_h1,2026-07-22 04:00:00,29218.41,short,0.0017543733557027366,,,,1.0,0.0,0.0,,,,,,,
2026-07-22 20:05:00,29184.9,zone_skip,tolerance,2026-07-21 00:00:00,29033.85,short,0.005202548060281462,0.0025,,,,,,,,,,,,
2026-07-22 20:05:00,29184.9,zone_skip,score_h1,2026-07-22 04:00:00,29218.41,short,0.0011468796556690936,,,,1.0,0.0,0.0,,,,,,,
2026-07-22 20:10:00,29168.9,zone_skip,tolerance,2026-07-21 00:00:00,29033.85,short,0.004651467166772678,0.0025,,,,,,,,,,,,
2026-07-22 20:10:00,29168.9,zone_skip,score_h1,2026-07-22 04:00:00,29218.41,short,0.0016944796106289973,,,,1.0,0.0,0.0,,,,,,,
2026-07-22 20:10:00,29168.9,zone_skip,tolerance,2026-07-22 20:00:00,28821.97,long,0.012036998164941545,0.0025,,,,,,,,,,,,
2026-07-22 20:15:00,29168.9,zone_skip,tolerance,2026-07-21 00:00:00,29033.85,short,0.004651467166772678,0.0025,,,,,,,,,,,,
2026-07-22 20:15:00,29168.9,zone_skip,score_h1,2026-07-22 04:00:00,29218.41,short,0.0016944796106289973,,,,1.0,0.0,0.0,,,,,,,
2026-07-22 20:15:00,29168.9,zone_skip,tolerance,2026-07-22 20:00:00,28821.97,long,0.012036998164941545,0.0025,,,,,,,,,,,,
2026-07-22 20:20:00,29172.4,zone_skip,tolerance,2026-07-21 00:00:00,29033.85,short,0.004772016112227724,0.0025,,,,,,,,,,,,
2026-07-22 20:20:00,29172.4,zone_skip,score_h1,2026-07-22 04:00:00,29218.41,short,0.0015746921204815184,,,,1.0,0.0,0.0,,,,,,,
2026-07-22 20:20:00,29172.4,zone_skip,tolerance,2026-07-22 20:00:00,28821.97,long,0.012158433306259089,0.0025,,,,,,,,,,,,
2026-07-22 20:25:00,29164.65,zone_skip,tolerance,2026-07-21 00:00:00,29033.85,short,0.0045050863044344075,0.0025,,,,,,,,,,,,
2026-07-22 20:25:00,29164.65,zone_skip,score_h1,2026-07-22 04:00:00,29218.41,short,0.0018399358486652217,,,,1.0,0.0,0.0,,,,,,,
2026-07-22 20:25:00,29164.65,zone_skip,tolerance,2026-07-22 20:00:00,28821.97,long,0.011889541207627386,0.0025,,,,,,,,,,,,
2026-07-22 20:30:00,29142.65,zone_skip,tolerance,2026-07-21 00:00:00,29033.85,short,0.0037473500758598297,0.0025,,,,,,,,,,,,
2026-07-22 20:30:00,29142.65,zone_skip,tolerance,2026-07-22 04:00:00,29218.41,short,0.0025928857867350895,0.0025,,,,,,,,,,,,
2026-07-22 20:30:00,29142.65,zone_skip,tolerance,2026-07-22 20:00:00,28821.97,long,0.01112623460505997,0.0025,,,,,,,,,,,,
2026-07-22 20:35:00,29172.9,zone_skip,tolerance,2026-07-21 00:00:00,29033.85,short,0.004789237390149874,0.0025,,,,,,,,,,,,
2026-07-22 20:35:00,29172.9,zone_skip,score_h1,2026-07-22 04:00:00,29218.41,short,0.0015575796218890213,,,,1.0,0.0,0.0,,,,,,,
2026-07-22 20:35:00,29172.9,zone_skip,tolerance,2026-07-22 20:00:00,28821.97,long,0.012175781183590167,0.0025,,,,,,,,,,,,
2026-07-22 20:40:00,29152.9,zone_skip,tolerance,2026-07-21 00:00:00,29033.85,short,0.004100386273263894,0.0025,,,,,,,,,,,,
2026-07-22 20:40:00,29152.9,zone_skip,score_h1,2026-07-22 04:00:00,29218.41,short,0.002242079565588901,,,,1.0,0.0,1.5,,,,,,,
2026-07-22 20:40:00,29152.9,zone_skip,tolerance,2026-07-22 20:00:00,28821.97,long,0.011481866090347062,0.0025,,,,,,,,,,,,
2026-07-22 20:45:00,29141.15,zone_skip,tolerance,2026-07-21 00:00:00,29033.85,short,0.003695686242093381,0.0025,,,,,,,,,,,,
2026-07-22 20:45:00,29141.15,zone_skip,tolerance,2026-07-22 04:00:00,29218.41,short,0.0026442232825125804,0.0025,,,,,,,,,,,,
2026-07-22 20:45:00,29141.15,zone_skip,tolerance,2026-07-22 20:00:00,28821.97,long,0.011074190973066736,0.0025,,,,,,,,,,,,
2026-07-22 20:50:00,29109.65,zone_skip,tolerance,2026-07-21 00:00:00,29033.85,short,0.0026107457329979634,0.0025,,,,,,,,,,,,
2026-07-22 20:50:00,29109.65,zone_skip,tolerance,2026-07-22 04:00:00,29218.41,short,0.003722310693839891,0.0025,,,,,,,,,,,,
2026-07-22 20:50:00,29109.65,zone_skip,tolerance,2026-07-22 20:00:00,28821.97,long,0.009981274701208845,0.0025,,,,,,,,,,,,
2026-07-22 20:55:00,29103.15,zone_skip,score_h1,2026-07-21 00:00:00,29033.85,short,0.00238686912001002,,,,1.0,0.0,2.0,,,,,,,
2026-07-22 20:55:00,29103.15,zone_skip,tolerance,2026-07-22 04:00:00,29218.41,short,0.003944773175542352,0.0025,,,,,,,,,,,,
2026-07-22 20:55:00,29103.15,zone_skip,tolerance,2026-07-22 20:00:00,28821.97,long,0.009755752295904835,0.0025,,,,,,,,,,,,
2026-07-22 21:00:00,29110.9,zone_skip,tolerance,2026-07-21 00:00:00,29033.85,short,0.002653798927803337,0.0025,,,,,,,,,,,,
2026-07-22 21:00:00,29110.9,zone_skip,tolerance,2026-07-22 04:00:00,29218.41,short,0.0036795294473586483,0.0025,,,,,,,,,,,,
2026-07-22 21:00:00,29110.9,zone_skip,tolerance,2026-07-22 20:00:00,28821.97,long,0.010024644394536538,0.0025,,,,,,,,,,,,
2026-07-22 21:05:00,29104.65,zone_skip,chasing,2026-07-21 00:00:00,29033.85,short,0.002438532953776468,,46.76637374889101,,,,,,,,,,,
2026-07-22 21:05:00,29104.65,zone_skip,tolerance,2026-07-22 04:00:00,29218.41,short,0.0038934356797648605,0.0025,,,,,,,,,,,,
2026-07-22 21:05:00,29104.65,zone_skip,tolerance,2026-07-22 20:00:00,28821.97,long,0.009807795927898069,0.0025,,,,,,,,,,,,
2026-07-22 21:10:00,29084.65,zone_skip,session,2026-07-21 00:00:00,29033.85,short,0.0017496818368904887,,,0.0,,,,,,,,,,
2026-07-22 21:10:00,29084.65,zone_skip,tolerance,2026-07-22 04:00:00,29218.41,short,0.00457793562346474,0.0025,,,,,,,,,,,,
2026-07-22 21:10:00,29084.65,zone_skip,tolerance,2026-07-22 20:00:00,28821.97,long,0.009113880834654963,0.0025,,,,,,,,,,,,
2026-07-22 21:15:00,29091.15,zone_skip,session,2026-07-21 00:00:00,29033.85,short,0.001973558449878432,,,0.0,,,,,,,,,,
2026-07-22 21:15:00,29091.15,zone_skip,tolerance,2026-07-22 04:00:00,29218.41,short,0.004355473141762279,0.0025,,,,,,,,,,,,
2026-07-22 21:15:00,29091.15,zone_skip,tolerance,2026-07-22 20:00:00,28821.97,long,0.009339403239958972,0.0025,,,,,,,,,,,,
2026-07-22 21:20:00,29088.9,zone_skip,session,2026-07-21 00:00:00,29033.85,short,0.0018960626992287593,,,0.0,,,,,,,,,,
2026-07-22 21:20:00,29088.9,zone_skip,tolerance,2026-07-22 04:00:00,29218.41,short,0.004432479385428516,0.0025,,,,,,,,,,,,
2026-07-22 21:20:00,29088.9,zone_skip,tolerance,2026-07-22 20:00:00,28821.97,long,0.009261337791969122,0.0025,,,,,,,,,,,,
2026-07-22 21:25:00,29098.4,zone_skip,session,2026-07-21 00:00:00,29033.85,short,0.0022232669797496,,,0.0,,,,,,,,,,
2026-07-22 21:25:00,29098.4,zone_skip,tolerance,2026-07-22 04:00:00,29218.41,short,0.004107341912171073,0.0025,,,,,,,,,,,,
2026-07-22 21:25:00,29098.4,zone_skip,tolerance,2026-07-22 20:00:00,28821.97,long,0.009590947461259597,0.0025,,,,,,,,,,,,
2026-07-22 21:30:00,29073.65,zone_skip,session,2026-07-21 00:00:00,29033.85,short,0.0013708137226031997,,,0.0,,,,,,,,,,
2026-07-22 21:30:00,29073.65,zone_skip,tolerance,2026-07-22 04:00:00,29218.41,short,0.004954410592499674,0.0025,,,,,,,,,,,,
2026-07-22 21:30:00,29073.65,zone_skip,tolerance,2026-07-22 20:00:00,28821.97,long,0.008732227533371254,0.0025,,,,,,,,,,,,
2026-07-22 21:35:00,29091.65,zone_skip,session,2026-07-21 00:00:00,29033.85,short,0.0019907797278005813,,,0.0,,,,,,,,,,
2026-07-22 21:35:00,29091.65,zone_skip,tolerance,2026-07-22 04:00:00,29218.41,short,0.0043383606431697825,0.0025,,,,,,,,,,,,
2026-07-22 21:35:00,29091.65,zone_skip,tolerance,2026-07-22 20:00:00,28821.97,long,0.00935675111729005,0.0025,,,,,,,,,,,,
2026-07-22 21:40:00,29087.4,zone_skip,session,2026-07-21 00:00:00,29033.85,short,0.0018443988654623109,,,0.0,,,,,,,,,,
2026-07-22 21:40:00,29087.4,zone_skip,tolerance,2026-07-22 04:00:00,29218.41,short,0.0044838168812060064,0.0025,,,,,,,,,,,,
2026-07-22 21:40:00,29087.4,zone_skip,tolerance,2026-07-22 20:00:00,28821.97,long,0.00920929415997589,0.0025,,,,,,,,,,,,
2026-07-22 21:45:00,29091.4,zone_skip,session,2026-07-21 00:00:00,29033.85,short,0.0019821690888395067,,,0.0,,,,,,,,,,
2026-07-22 21:45:00,29091.4,zone_skip,tolerance,2026-07-22 04:00:00,29218.41,short,0.004346916892466031,0.0025,,,,,,,,,,,,
2026-07-22 21:45:00,29091.4,zone_skip,tolerance,2026-07-22 20:00:00,28821.97,long,0.00934807717862451,0.0025,,,,,,,,,,,,
2026-07-22 21:50:00,29112.4,zone_skip,tolerance,2026-07-21 00:00:00,29033.85,short,0.0027054627615697856,0.0025,,,,,,,,,,,,
2026-07-22 21:50:00,29112.4,zone_skip,tolerance,2026-07-22 04:00:00,29218.41,short,0.0036281919515811574,0.0025,,,,,,,,,,,,
2026-07-22 21:50:00,29112.4,zone_skip,tolerance,2026-07-22 20:00:00,28821.97,long,0.010076688026529772,0.0025,,,,,,,,,,,,
2026-07-22 21:55:00,29104.4,zone_skip,chasing,2026-07-21 00:00:00,29033.85,short,0.0024299223148153935,,41.66658463001884,,,,,,,,,,,
2026-07-22 21:55:00,29104.4,zone_skip,tolerance,2026-07-22 04:00:00,29218.41,short,0.003901991929061109,0.0025,,,,,,,,,,,,
2026-07-22 21:55:00,29104.4,zone_skip,tolerance,2026-07-22 20:00:00,28821.97,long,0.009799121989232528,0.0025,,,,,,,,,,,,
2026-07-22 22:00:00,29107.9,zone_skip,tolerance,2026-07-21 00:00:00,29033.85,short,0.00255047126027044,0.0025,,,,,,,,,,,,
2026-07-22 22:00:00,29107.9,zone_skip,tolerance,2026-07-22 04:00:00,29218.41,short,0.00378220443891363,0.0025,,,,,,,,,,,,
2026-07-22 22:00:00,29107.9,zone_skip,tolerance,2026-07-22 20:00:00,28821.97,long,0.009920557130550072,0.0025,,,,,,,,,,,,
2026-07-22 22:05:00,29105.15,zone_skip,chasing,2026-07-21 00:00:00,29033.85,short,0.002455754231698618,,41.74437334601633,,,,,,,,,,,
2026-07-22 22:05:00,29105.15,zone_skip,tolerance,2026-07-22 04:00:00,29218.41,short,0.0038763231811723637,0.0025,,,,,,,,,,,,
2026-07-22 22:05:00,29105.15,zone_skip,tolerance,2026-07-22 20:00:00,28821.97,long,0.009825143805229145,0.0025,,,,,,,,,,,,
2026-07-22 22:10:00,29083.4,zone_skip,session,2026-07-21 00:00:00,29033.85,short,0.0017066286420851149,,,0.0,,,,,,,,,,
2026-07-22 22:10:00,29083.4,zone_skip,tolerance,2026-07-22 04:00:00,29218.41,short,0.004620716869945983,0.0025,,,,,,,,,,,,
2026-07-22 22:10:00,29083.4,zone_skip,tolerance,2026-07-22 20:00:00,28821.97,long,0.009070511141327267,0.0025,,,,,,,,,,,,
2026-07-22 22:15:00,29099.4,zone_skip,chasing,2026-07-21 00:00:00,29033.85,short,0.0022577095355938988,,41.74512356654749,,,,,,,,,,,
2026-07-22 22:15:00,29099.4,zone_skip,tolerance,2026-07-22 04:00:00,29218.41,short,0.004073116914986079,0.0025,,,,,,,,,,,,
2026-07-22 22:15:00,29099.4,zone_skip,tolerance,2026-07-22 20:00:00,28821.97,long,0.009625643215921752,0.0025,,,,,,,,,,,,
2026-07-22 22:20:00,29096.4,zone_skip,session,2026-07-21 00:00:00,29033.85,short,0.0021543818680610015,,,0.0,,,,,,,,,,
2026-07-22 22:20:00,29096.4,zone_skip,tolerance,2026-07-22 04:00:00,29218.41,short,0.004175791906541061,0.0025,,,,,,,,,,,,
2026-07-22 22:20:00,29096.4,zone_skip,tolerance,2026-07-22 20:00:00,28821.97,long,0.009521555951935287,0.0025,,,,,,,,,,,,
2026-07-22 22:25:00,29111.9,zone_skip,tolerance,2026-07-21 00:00:00,29033.85,short,0.002688241483647636,0.0025,,,,,,,,,,,,
2026-07-22 22:25:00,29111.9,zone_skip,tolerance,2026-07-22 04:00:00,29218.41,short,0.0036453044501736542,0.0025,,,,,,,,,,,,
2026-07-22 22:25:00,29111.9,zone_skip,tolerance,2026-07-22 20:00:00,28821.97,long,0.010059340149198693,0.0025,,,,,,,,,,,,
2026-07-22 22:30:00,29088.4,zone_skip,session,2026-07-21 00:00:00,29033.85,short,0.0018788414213066098,,,0.0,,,,,,,,,,
2026-07-22 22:30:00,29088.4,zone_skip,tolerance,2026-07-22 04:00:00,29218.41,short,0.004449591884021013,0.0025,,,,,,,,,,,,
2026-07-22 22:30:00,29088.4,zone_skip,tolerance,2026-07-22 20:00:00,28821.97,long,0.009243989914638045,0.0025,,,,,,,,,,,,
2026-07-22 22:35:00,29058.65,zone_skip,session,2026-07-21 00:00:00,29033.85,short,0.000854175384938715,,,0.0,,,,,,,,,,
2026-07-22 22:35:00,29058.65,zone_skip,tolerance,2026-07-22 04:00:00,29218.41,short,0.005467785550274584,0.0025,,,,,,,,,,,,
2026-07-22 22:35:00,29058.65,zone_skip,tolerance,2026-07-22 20:00:00,28821.97,long,0.008211791213438924,0.0025,,,,,,,,,,,,
2026-07-22 22:40:00,29070.65,zone_skip,session,2026-07-21 00:00:00,29033.85,short,0.0012674860550703029,,,0.0,,,,,,,,,,
2026-07-22 22:40:00,29070.65,zone_skip,tolerance,2026-07-22 04:00:00,29218.41,short,0.0050570855840546556,0.0025,,,,,,,,,,,,
2026-07-22 22:40:00,29070.65,zone_skip,tolerance,2026-07-22 20:00:00,28821.97,long,0.008628140269384788,0.0025,,,,,,,,,,,,
2026-07-22 22:45:00,29082.9,zone_skip,session,2026-07-21 00:00:00,29033.85,short,0.0016894073641629654,,,0.0,,,,,,,,,,
2026-07-22 22:45:00,29082.9,zone_skip,tolerance,2026-07-22 04:00:00,29218.41,short,0.00463782936853848,0.0025,,,,,,,,,,,,
2026-07-22 22:45:00,29082.9,zone_skip,tolerance,2026-07-22 20:00:00,28821.97,long,0.00905316326399619,0.0025,,,,,,,,,,,,
2026-07-22 22:50:00,29062.4,zone_skip,session,2026-07-21 00:00:00,29033.85,short,0.0009833349693548362,,,0.0,,,,,,,,,,
2026-07-22 22:50:00,29062.4,zone_skip,tolerance,2026-07-22 04:00:00,29218.41,short,0.005339441810830856,0.0025,,,,,,,,,,,,
2026-07-22 22:50:00,29062.4,zone_skip,tolerance,2026-07-22 20:00:00,28821.97,long,0.008341900293422006,0.0025,,,,,,,,,,,,
2026-07-22 22:55:00,29017.65,zone_skip,session,2026-07-21 00:00:00,29033.85,short,0.0005579694046775433,,,0.0,,,,,,,,,,
2026-07-22 22:55:00,29017.65,zone_skip,tolerance,2026-07-22 04:00:00,29218.41,short,0.006871010434859337,0.0025,,,,,,,,,,,,
2026-07-22 22:55:00,29017.65,zone_skip,tolerance,2026-07-22 20:00:00,28821.97,long,0.006789265272290557,0.0025,,,,,,,,,,,,
2026-07-22 23:00:00,29005.85,zone_skip,session,2026-07-21 00:00:00,29033.85,short,0.0009643915636403716,,,0.0,,,,,,,,,,
2026-07-22 23:00:00,29005.85,zone_skip,tolerance,2026-07-22 04:00:00,29218.41,short,0.007274865401642365,0.0025,,,,,,,,,,,,
2026-07-22 23:00:00,29005.85,zone_skip,tolerance,2026-07-22 20:00:00,28821.97,long,0.006379855367277024,0.0025,,,,,,,,,,,,
2026-07-22 23:05:00,29014.1,zone_skip,session,2026-07-21 00:00:00,29033.85,short,0.000680240477924905,,,0.0,,,,,,,,,,
2026-07-22 23:05:00,29014.1,zone_skip,tolerance,2026-07-22 04:00:00,29218.41,short,0.006992509174866165,0.0025,,,,,,,,,,,,
2026-07-22 23:05:00,29014.1,zone_skip,tolerance,2026-07-22 20:00:00,28821.97,long,0.006666095343239805,0.0025,,,,,,,,,,,,
2026-07-22 23:10:00,29106.5,zone_skip,tolerance,2026-07-21 00:00:00,29033.85,short,0.0025022516820883715,0.0025,,,,,,,,,,,,
2026-07-22 23:10:00,29106.5,zone_skip,tolerance,2026-07-22 04:00:00,29218.41,short,0.0038301194349726715,0.0025,,,,,,,,,,,,
2026-07-22 23:10:00,29106.5,zone_skip,tolerance,2026-07-22 20:00:00,28821.97,long,0.009871983074023006,0.0025,,,,,,,,,,,,
2026-07-22 23:15:00,29107.5,zone_skip,tolerance,2026-07-21 00:00:00,29033.85,short,0.0025366942379326705,0.0025,,,,,,,,,,,,
2026-07-22 23:15:00,29107.5,zone_skip,tolerance,2026-07-22 04:00:00,29218.41,short,0.0037958944377876774,0.0025,,,,,,,,,,,,
2026-07-22 23:15:00,29107.5,zone_skip,tolerance,2026-07-22 20:00:00,28821.97,long,0.00990667882868516,0.0025,,,,,,,,,,,,
2026-07-22 23:20:00,29091.5,zone_skip,session,2026-07-21 00:00:00,29033.85,short,0.0019856133444238863,,,0.0,,,,,,,,,,
2026-07-22 23:20:00,29091.5,zone_skip,tolerance,2026-07-22 04:00:00,29218.41,short,0.004343494392747581,0.0025,,,,,,,,,,,,
2026-07-22 23:20:00,29091.5,zone_skip,tolerance,2026-07-22 20:00:00,28821.97,long,0.009351546754090676,0.0025,,,,,,,,,,,,
2026-07-22 23:25:00,29076.0,zone_skip,session,2026-07-21 00:00:00,29033.85,short,0.0014517537288372523,,,0.0,,,,,,,,,,
2026-07-22 23:25:00,29076.0,zone_skip,tolerance,2026-07-22 04:00:00,29218.41,short,0.004873981849114988,0.0025,,,,,,,,,,,,
2026-07-22 23:25:00,29076.0,zone_skip,tolerance,2026-07-22 20:00:00,28821.97,long,0.008813762556827268,0.0025,,,,,,,,,,,,
2026-07-22 23:30:00,29072.75,zone_skip,session,2026-07-21 00:00:00,29033.85,short,0.0013398154223432806,,,0.0,,,,,,,,,,
2026-07-22 23:30:00,29072.75,zone_skip,tolerance,2026-07-22 04:00:00,29218.41,short,0.004985213089966218,0.0025,,,,,,,,,,,,
2026-07-22 23:30:00,29072.75,zone_skip,tolerance,2026-07-22 20:00:00,28821.97,long,0.008701001354175264,0.0025,,,,,,,,,,,,
2026-07-22 23:35:00,29054.25,zone_skip,session,2026-07-21 00:00:00,29033.85,short,0.0007026281392237493,,,0.0,,,,,,,,,,
2026-07-22 23:35:00,29054.25,zone_skip,tolerance,2026-07-22 04:00:00,29218.41,short,0.005618375537888607,0.0025,,,,,,,,,,,,
2026-07-22 23:35:00,29054.25,zone_skip,tolerance,2026-07-22 20:00:00,28821.97,long,0.008059129892925392,0.0025,,,,,,,,,,,,
2026-07-22 23:40:00,29042.25,zone_skip,session,2026-07-21 00:00:00,29033.85,short,0.0002893174690921616,,,0.0,,,,,,,,,,
2026-07-22 23:40:00,29042.25,zone_skip,tolerance,2026-07-22 04:00:00,29218.41,short,0.0060290755041085345,0.0025,,,,,,,,,,,,
2026-07-22 23:40:00,29042.25,zone_skip,tolerance,2026-07-22 20:00:00,28821.97,long,0.007642780836979527,0.0025,,,,,,,,,,,,
2026-07-22 23:45:00,29047.0,zone_skip,session,2026-07-21 00:00:00,29033.85,short,0.00045291960935258177,,,0.0,,,,,,,,,,
2026-07-22 23:45:00,29047.0,zone_skip,tolerance,2026-07-22 04:00:00,29218.41,short,0.005866506767479814,0.0025,,,,,,,,,,,,
2026-07-22 23:45:00,29047.0,zone_skip,tolerance,2026-07-22 20:00:00,28821.97,long,0.007807585671624765,0.0025,,,,,,,,,,,,
2026-07-22 23:50:00,29060.0,zone_skip,session,2026-07-21 00:00:00,29033.85,short,0.0009006728353284685,,,0.0,,,,,,,,,,
2026-07-22 23:50:00,29060.0,zone_skip,tolerance,2026-07-22 04:00:00,29218.41,short,0.005421581804074892,0.0025,,,,,,,,,,,,
2026-07-22 23:50:00,29060.0,zone_skip,tolerance,2026-07-22 20:00:00,28821.97,long,0.008258630482232784,0.0025,,,,,,,,,,,,
2026-07-22 23:55:00,29024.35,zone_skip,session,2026-07-21 00:00:00,29033.85,short,0.00032720428052084033,,,0.0,,,,,,,,,,
2026-07-22 23:55:00,29024.35,zone_skip,tolerance,2026-07-22 04:00:00,29218.41,short,0.006641702953719977,0.0025,,,,,,,,,,,,
2026-07-22 23:55:00,29024.35,zone_skip,tolerance,2026-07-22 20:00:00,28821.97,long,0.007021726828526897,0.0025,,,,,,,,,,,,
2026-07-23 01:00:00,28939.25,zone_skip,tolerance,2026-07-21 00:00:00,29033.85,short,0.0032582657828706335,0.0025,,,,,,,,,,,,
2026-07-23 01:00:00,28939.25,zone_skip,tolerance,2026-07-22 04:00:00,29218.41,short,0.009554250214162915,0.0025,,,,,,,,,,,,
2026-07-23 01:00:00,28939.25,zone_skip,tolerance,2026-07-22 20:00:00,28821.97,long,0.004069118106777532,0.0025,,,,,,,,,,,,
2026-07-23 01:00:00,28939.25,zone_skip,tolerance,2026-07-23 00:00:00,29201.15,short,0.008968824857925165,0.0025,,,,,,,,,,,,
2026-07-23 01:05:00,28928.05,zone_skip,tolerance,2026-07-21 00:00:00,29033.85,short,0.0036440224083268075,0.0025,,,,,,,,,,,,
2026-07-23 01:05:00,28928.05,zone_skip,tolerance,2026-07-22 04:00:00,29218.41,short,0.009937570182634872,0.0025,,,,,,,,,,,,
2026-07-23 01:05:00,28928.05,zone_skip,tolerance,2026-07-22 20:00:00,28821.97,long,0.003680525654561368,0.0025,,,,,,,,,,,,
2026-07-23 01:05:00,28928.05,zone_skip,tolerance,2026-07-23 00:00:00,29201.15,short,0.009352371396332068,0.0025,,,,,,,,,,,,
2026-07-23 01:10:00,28946.0,zone_skip,tolerance,2026-07-21 00:00:00,29033.85,short,0.0030257785309216155,0.0025,,,,,,,,,,,,
2026-07-23 01:10:00,28946.0,zone_skip,tolerance,2026-07-22 04:00:00,29218.41,short,0.009323231483164206,0.0025,,,,,,,,,,,,
2026-07-23 01:10:00,28946.0,zone_skip,tolerance,2026-07-22 20:00:00,28821.97,long,0.00430331445074708,0.0025,,,,,,,,,,,,
2026-07-23 01:10:00,28946.0,zone_skip,tolerance,2026-07-23 00:00:00,29201.15,short,0.008737669578081735,0.0025,,,,,,,,,,,,
2026-07-23 01:15:00,28944.3,zone_skip,tolerance,2026-07-21 00:00:00,29033.85,short,0.0030843308758569487,0.0025,,,,,,,,,,,,
2026-07-23 01:15:00,28944.3,zone_skip,tolerance,2026-07-22 04:00:00,29218.41,short,0.00938141397837872,0.0025,,,,,,,,,,,,
2026-07-23 01:15:00,28944.3,zone_skip,tolerance,2026-07-22 20:00:00,28821.97,long,0.0042443316678213916,0.0025,,,,,,,,,,,,
2026-07-23 01:15:00,28944.3,zone_skip,tolerance,2026-07-23 00:00:00,29201.15,short,0.00879588646337566,0.0025,,,,,,,,,,,,
2026-07-23 01:20:00,28950.3,zone_skip,tolerance,2026-07-21 00:00:00,29033.85,short,0.002877675540791155,0.0025,,,,,,,,,,,,
2026-07-23 01:20:00,28950.3,zone_skip,tolerance,2026-07-22 04:00:00,29218.41,short,0.009176063995268756,0.0025,,,,,,,,,,,,
2026-07-23 01:20:00,28950.3,zone_skip,tolerance,2026-07-22 20:00:00,28821.97,long,0.004452506195794323,0.0025,,,,,,,,,,,,
2026-07-23 01:20:00,28950.3,zone_skip,tolerance,2026-07-23 00:00:00,29201.15,short,0.008590415103514833,0.0025,,,,,,,,,,,,
2026-07-23 01:25:00,28943.0,zone_skip,tolerance,2026-07-21 00:00:00,29033.85,short,0.0031291061984545124,0.0025,,,,,,,,,,,,
2026-07-23 01:25:00,28943.0,zone_skip,tolerance,2026-07-22 04:00:00,29218.41,short,0.009425906474719187,0.0025,,,,,,,,,,,,
2026-07-23 01:25:00,28943.0,zone_skip,tolerance,2026-07-22 20:00:00,28821.97,long,0.004199227186760615,0.0025,,,,,,,,,,,,
2026-07-23 01:25:00,28943.0,zone_skip,tolerance,2026-07-23 00:00:00,29201.15,short,0.008840405258012149,0.0025,,,,,,,,,,,,
2026-07-23 01:30:00,28940.5,zone_skip,tolerance,2026-07-21 00:00:00,29033.85,short,0.00321521258806526,0.0025,,,,,,,,,,,,
2026-07-23 01:30:00,28940.5,zone_skip,tolerance,2026-07-22 04:00:00,29218.41,short,0.009511468967681673,0.0025,,,,,,,,,,,,
2026-07-23 01:30:00,28940.5,zone_skip,tolerance,2026-07-22 20:00:00,28821.97,long,0.004112487800105227,0.0025,,,,,,,,,,,,
2026-07-23 01:30:00,28940.5,zone_skip,tolerance,2026-07-23 00:00:00,29201.15,short,0.008926018324620826,0.0025,,,,,,,,,,,,
2026-07-23 01:35:00,28908.75,zone_skip,tolerance,2026-07-21 00:00:00,29033.85,short,0.004308763736121753,0.0025,,,,,,,,,,,,
2026-07-23 01:35:00,28908.75,zone_skip,tolerance,2026-07-22 04:00:00,29218.41,short,0.01059811262830523,0.0025,,,,,,,,,,,,
2026-07-23 01:35:00,28908.75,zone_skip,tolerance,2026-07-22 20:00:00,28821.97,long,0.003010897589581796,0.0025,,,,,,,,,,,,
2026-07-23 01:35:00,28908.75,zone_skip,tolerance,2026-07-23 00:00:00,29201.15,short,0.010013304270551037,0.0025,,,,,,,,,,,,
2026-07-23 01:40:00,28907.0,zone_skip,tolerance,2026-07-21 00:00:00,29033.85,short,0.004369038208849276,0.0025,,,,,,,,,,,,
2026-07-23 01:40:00,28907.0,zone_skip,tolerance,2026-07-21 08:00:00,28550.77,long,0.012477071546581741,0.0025,,,,,,,,,,,,
2026-07-23 01:40:00,28907.0,zone_skip,tolerance,2026-07-22 04:00:00,29218.41,short,0.010658006373378971,0.0025,,,,,,,,,,,,
2026-07-23 01:40:00,28907.0,zone_skip,tolerance,2026-07-22 20:00:00,28821.97,long,0.002950180018923024,0.0025,,,,,,,,,,,,
2026-07-23 01:40:00,28907.0,zone_skip,tolerance,2026-07-23 00:00:00,29201.15,short,0.010073233417177113,0.0025,,,,,,,,,,,,
2026-07-23 01:45:00,28923.5,zone_skip,tolerance,2026-07-21 00:00:00,29033.85,short,0.0038007360374183426,0.0025,,,,,,,,,,,,
2026-07-23 01:45:00,28923.5,zone_skip,tolerance,2026-07-22 04:00:00,29218.41,short,0.01009329391982657,0.0025,,,,,,,,,,,,
2026-07-23 01:45:00,28923.5,zone_skip,tolerance,2026-07-22 20:00:00,28821.97,long,0.0035226599708485865,0.0025,,,,,,,,,,,,
2026-07-23 01:45:00,28923.5,zone_skip,tolerance,2026-07-23 00:00:00,29201.15,short,0.009508187177559838,0.0025,,,,,,,,,,,,
2026-07-23 01:50:00,28939.5,zone_skip,tolerance,2026-07-21 00:00:00,29033.85,short,0.003249655143909559,0.0025,,,,,,,,,,,,
2026-07-23 01:50:00,28939.5,zone_skip,tolerance,2026-07-22 04:00:00,29218.41,short,0.009545693964866667,0.0025,,,,,,,,,,,,
2026-07-23 01:50:00,28939.5,zone_skip,tolerance,2026-07-22 20:00:00,28821.97,long,0.004077792045443071,0.0025,,,,,,,,,,,,
2026-07-23 01:50:00,28939.5,zone_skip,tolerance,2026-07-23 00:00:00,29201.15,short,0.008960263551264298,0.0025,,,,,,,,,,,,
2026-07-23 01:55:00,28933.0,zone_skip,tolerance,2026-07-21 00:00:00,29033.85,short,0.0034735317568975023,0.0025,,,,,,,,,,,,
2026-07-23 01:55:00,28933.0,zone_skip,tolerance,2026-07-22 04:00:00,29218.41,short,0.009768156446569127,0.0025,,,,,,,,,,,,
2026-07-23 01:55:00,28933.0,zone_skip,tolerance,2026-07-22 20:00:00,28821.97,long,0.0038522696401390617,0.0025,,,,,,,,,,,,
2026-07-23 01:55:00,28933.0,zone_skip,tolerance,2026-07-23 00:00:00,29201.15,short,0.00918285752444686,0.0025,,,,,,,,,,,,
2026-07-23 02:00:00,28900.5,zone_skip,tolerance,2026-07-21 00:00:00,29033.85,short,0.004592914821837219,0.0025,,,,,,,,,,,,
2026-07-23 02:00:00,28900.5,zone_skip,tolerance,2026-07-21 08:00:00,28550.77,long,0.012249406933683385,0.0025,,,,,,,,,,,,
2026-07-23 02:00:00,28900.5,zone_skip,tolerance,2026-07-22 04:00:00,29218.41,short,0.010880468855081432,0.0025,,,,,,,,,,,,
2026-07-23 02:00:00,28900.5,zone_skip,tolerance,2026-07-22 20:00:00,28821.97,long,0.0027246576136190147,0.0025,,,,,,,,,,,,
2026-07-23 02:00:00,28900.5,zone_skip,tolerance,2026-07-23 00:00:00,29201.15,short,0.010295827390359676,0.0025,,,,,,,,,,,,
2026-07-23 02:05:00,28893.3,zone_skip,tolerance,2026-07-21 00:00:00,29033.85,short,0.004840901223916197,0.0025,,,,,,,,,,,,
2026-07-23 02:05:00,28893.3,zone_skip,tolerance,2026-07-21 08:00:00,28550.77,long,0.011997224593242102,0.0025,,,,,,,,,,,,
2026-07-23 02:05:00,28893.3,zone_skip,tolerance,2026-07-22 04:00:00,29218.41,short,0.011126888834813413,0.0025,,,,,,,,,,,,
2026-07-23 02:05:00,28893.3,zone_skip,session,2026-07-22 20:00:00,28821.97,long,0.0024748481800514715,,,0.0,,,,,,,,,,
2026-07-23 02:05:00,28893.3,zone_skip,tolerance,2026-07-23 00:00:00,29201.15,short,0.010542393022192693,0.0025,,,,,,,,,,,,
2026-07-23 02:10:00,28924.5,zone_skip,tolerance,2026-07-21 00:00:00,29033.85,short,0.0037662934815740436,0.0025,,,,,,,,,,,,
2026-07-23 02:10:00,28924.5,zone_skip,tolerance,2026-07-22 04:00:00,29218.41,short,0.010059068922641577,0.0025,,,,,,,,,,,,
2026-07-23 02:10:00,28924.5,zone_skip,tolerance,2026-07-22 20:00:00,28821.97,long,0.0035573557255107417,0.0025,,,,,,,,,,,,
2026-07-23 02:10:00,28924.5,zone_skip,tolerance,2026-07-23 00:00:00,29201.15,short,0.009473941950916366,0.0025,,,,,,,,,,,,
2026-07-23 02:15:00,28903.75,zone_skip,tolerance,2026-07-21 00:00:00,29033.85,short,0.0044809765153432475,0.0025,,,,,,,,,,,,
2026-07-23 02:15:00,28903.75,zone_skip,tolerance,2026-07-21 08:00:00,28550.77,long,0.012363239240132563,0.0025,,,,,,,,,,,,
2026-07-23 02:15:00,28903.75,zone_skip,tolerance,2026-07-22 04:00:00,29218.41,short,0.0107692376142302,0.0025,,,,,,,,,,,,
2026-07-23 02:15:00,28903.75,zone_skip,tolerance,2026-07-22 20:00:00,28821.97,long,0.0028374188162710195,0.0025,,,,,,,,,,,,
2026-07-23 02:15:00,28903.75,zone_skip,tolerance,2026-07-23 00:00:00,29201.15,short,0.010184530403768394,0.0025,,,,,,,,,,,,
2026-07-23 02:20:00,28917.0,zone_skip,tolerance,2026-07-21 00:00:00,29033.85,short,0.0040246126504062864,0.0025,,,,,,,,,,,,
2026-07-23 02:20:00,28917.0,zone_skip,tolerance,2026-07-22 04:00:00,29218.41,short,0.010315756401529031,0.0025,,,,,,,,,,,,
2026-07-23 02:20:00,28917.0,zone_skip,tolerance,2026-07-22 20:00:00,28821.97,long,0.003297137565544577,0.0025,,,,,,,,,,,,
2026-07-23 02:20:00,28917.0,zone_skip,tolerance,2026-07-23 00:00:00,29201.15,short,0.0097307811507424,0.0025,,,,,,,,,,,,
2026-07-23 02:25:00,28918.75,zone_skip,tolerance,2026-07-21 00:00:00,29033.85,short,0.003964338177678763,0.0025,,,,,,,,,,,,
2026-07-23 02:25:00,28918.75,zone_skip,tolerance,2026-07-22 04:00:00,29218.41,short,0.010255862656455292,0.0025,,,,,,,,,,,,
2026-07-23 02:25:00,28918.75,zone_skip,tolerance,2026-07-22 20:00:00,28821.97,long,0.003357855136203349,0.0025,,,,,,,,,,,,
2026-07-23 02:25:00,28918.75,zone_skip,tolerance,2026-07-23 00:00:00,29201.15,short,0.009670852004116326,0.0025,,,,,,,,,,,,
2026-07-23 02:30:00,28934.5,zone_skip,tolerance,2026-07-21 00:00:00,29033.85,short,0.003421867923131054,0.0025,,,,,,,,,,,,
2026-07-23 02:30:00,28934.5,zone_skip,tolerance,2026-07-22 04:00:00,29218.41,short,0.009716818950791637,0.0025,,,,,,,,,,,,
2026-07-23 02:30:00,28934.5,zone_skip,tolerance,2026-07-22 20:00:00,28821.97,long,0.0039043132721322945,0.0025,,,,,,,,,,,,
2026-07-23 02:30:00,28934.5,zone_skip,tolerance,2026-07-23 00:00:00,29201.15,short,0.009131489684481653,0.0025,,,,,,,,,,,,
2026-07-23 02:35:00,28940.5,zone_skip,tolerance,2026-07-21 00:00:00,29033.85,short,0.00321521258806526,0.0025,,,,,,,,,,,,
2026-07-23 02:35:00,28940.5,zone_skip,tolerance,2026-07-22 04:00:00,29218.41,short,0.009511468967681673,0.0025,,,,,,,,,,,,
2026-07-23 02:35:00,28940.5,zone_skip,tolerance,2026-07-22 20:00:00,28821.97,long,0.004112487800105227,0.0025,,,,,,,,,,,,
2026-07-23 02:35:00,28940.5,zone_skip,tolerance,2026-07-23 00:00:00,29201.15,short,0.008926018324620826,0.0025,,,,,,,,,,,,
2026-07-23 02:40:00,28957.3,zone_skip,tolerance,2026-07-21 00:00:00,29033.85,short,0.0026365776498810624,0.0025,,,,,,,,,,,,
2026-07-23 02:40:00,28957.3,zone_skip,tolerance,2026-07-22 04:00:00,29218.41,short,0.008936489014973799,0.0025,,,,,,,,,,,,
2026-07-23 02:40:00,28957.3,zone_skip,tolerance,2026-07-22 20:00:00,28821.97,long,0.00469537647842941,0.0025,,,,,,,,,,,,
2026-07-23 02:40:00,28957.3,zone_skip,tolerance,2026-07-23 00:00:00,29201.15,short,0.008350698517010535,0.0025,,,,,,,,,,,,
2026-07-23 02:45:00,28988.75,zone_skip,session,2026-07-21 00:00:00,29033.85,short,0.001553359268577834,,,0.0,,,,,,,,,,
2026-07-23 02:45:00,28988.75,zone_skip,tolerance,2026-07-22 04:00:00,29218.41,short,0.007860112853505713,0.0025,,,,,,,,,,,,
2026-07-23 02:45:00,28988.75,zone_skip,tolerance,2026-07-22 20:00:00,28821.97,long,0.005786557962554219,0.0025,,,,,,,,,,,,
2026-07-23 02:45:00,28988.75,zone_skip,tolerance,2026-07-23 00:00:00,29201.15,short,0.007273686139073339,0.0025,,,,,,,,,,,,
2026-07-23 02:50:00,28987.0,zone_skip,session,2026-07-21 00:00:00,29033.85,short,0.0016136337413053573,,,0.0,,,,,,,,,,
2026-07-23 02:50:00,28987.0,zone_skip,tolerance,2026-07-22 04:00:00,29218.41,short,0.007920006598579452,0.0025,,,,,,,,,,,,
2026-07-23 02:50:00,28987.0,zone_skip,tolerance,2026-07-22 20:00:00,28821.97,long,0.005725840391895448,0.0025,,,,,,,,,,,,
2026-07-23 02:50:00,28987.0,zone_skip,tolerance,2026-07-23 00:00:00,29201.15,short,0.007333615285699414,0.0025,,,,,,,,,,,,
2026-07-23 02:55:00,29003.5,zone_skip,session,2026-07-21 00:00:00,29033.85,short,0.001045331569874424,,,0.0,,,,,,,,,,
2026-07-23 02:55:00,29003.5,zone_skip,tolerance,2026-07-22 04:00:00,29218.41,short,0.007355294145027051,0.0025,,,,,,,,,,,,
2026-07-23 02:55:00,29003.5,zone_skip,tolerance,2026-07-22 20:00:00,28821.97,long,0.0062983203438210095,0.0025,,,,,,,,,,,,
2026-07-23 02:55:00,29003.5,zone_skip,tolerance,2026-07-23 00:00:00,29201.15,short,0.006768569046082138,0.0025,,,,,,,,,,,,
2026-07-23 03:00:00,29016.75,zone_skip,session,2026-07-21 00:00:00,29033.85,short,0.0005889677049374625,,,0.0,,,,,,,,,,
2026-07-23 03:00:00,29016.75,zone_skip,tolerance,2026-07-22 04:00:00,29218.41,short,0.006901812932325882,0.0025,,,,,,,,,,,,
2026-07-23 03:00:00,29016.75,zone_skip,tolerance,2026-07-22 20:00:00,28821.97,long,0.006758039093094567,0.0025,,,,,,,,,,,,
2026-07-23 03:00:00,29016.75,zone_skip,tolerance,2026-07-23 00:00:00,29201.15,short,0.006314819793056145,0.0025,,,,,,,,,,,,
2026-07-23 03:05:00,29025.75,zone_skip,session,2026-07-21 00:00:00,29033.85,short,0.00027898470233877164,,,0.0,,,,,,,,,,
2026-07-23 03:05:00,29025.75,zone_skip,tolerance,2026-07-22 04:00:00,29218.41,short,0.006593787957660935,0.0025,,,,,,,,,,,,
2026-07-23 03:05:00,29025.75,zone_skip,tolerance,2026-07-22 20:00:00,28821.97,long,0.007070300885053965,0.0025,,,,,,,,,,,,
2026-07-23 03:05:00,29025.75,zone_skip,tolerance,2026-07-23 00:00:00,29201.15,short,0.006006612753264904,0.0025,,,,,,,,,,,,
2026-07-23 03:10:00,29028.25,zone_skip,session,2026-07-21 00:00:00,29033.85,short,0.0001928783127280242,,,0.0,,,,,,,,,,
2026-07-23 03:10:00,29028.25,zone_skip,tolerance,2026-07-22 04:00:00,29218.41,short,0.00650822546469845,0.0025,,,,,,,,,,,,
2026-07-23 03:10:00,29028.25,zone_skip,tolerance,2026-07-22 20:00:00,28821.97,long,0.007157040271709353,0.0025,,,,,,,,,,,,
2026-07-23 03:10:00,29028.25,zone_skip,tolerance,2026-07-23 00:00:00,29201.15,short,0.0059209996866562255,0.0025,,,,,,,,,,,,
2026-07-23 03:15:00,29060.55,zone_skip,session,2026-07-21 00:00:00,29033.85,short,0.0009196162410428079,,,0.0,,,,,,,,,,
2026-07-23 03:15:00,29060.55,zone_skip,tolerance,2026-07-22 04:00:00,29218.41,short,0.00540275805562317,0.0025,,,,,,,,,,,,
2026-07-23 03:15:00,29060.55,zone_skip,tolerance,2026-07-22 20:00:00,28821.97,long,0.008277713147296945,0.0025,,,,,,,,,,,,
2026-07-23 03:15:00,29060.55,zone_skip,tolerance,2026-07-23 00:00:00,29201.15,short,0.00481487886607213,0.0025,,,,,,,,,,,,
2026-07-23 03:20:00,29093.5,zone_skip,session,2026-07-21 00:00:00,29033.85,short,0.0020544984561124847,,,0.0,,,,,,,,,,
2026-07-23 03:20:00,29093.5,zone_skip,tolerance,2026-07-22 04:00:00,29218.41,short,0.0042750443983775935,0.0025,,,,,,,,,,,,
2026-07-23 03:20:00,29093.5,zone_skip,tolerance,2026-07-22 20:00:00,28821.97,long,0.009420938263414986,0.0025,,,,,,,,,,,,
2026-07-23 03:20:00,29093.5,zone_skip,tolerance,2026-07-23 00:00:00,29201.15,short,0.003686498648169728,0.0025,,,,,,,,,,,,
2026-07-23 03:25:00,29087.75,zone_skip,session,2026-07-21 00:00:00,29033.85,short,0.0018564537600077654,,,0.0,,,,,,,,,,
2026-07-23 03:25:00,29087.75,zone_skip,tolerance,2026-07-22 04:00:00,29218.41,short,0.004471838132191309,0.0025,,,,,,,,,,,,
2026-07-23 03:25:00,29087.75,zone_skip,tolerance,2026-07-22 20:00:00,28821.97,long,0.009221437674107593,0.0025,,,,,,,,,,,,
2026-07-23 03:25:00,29087.75,zone_skip,tolerance,2026-07-23 00:00:00,29201.15,short,0.0038834087013696877,0.0025,,,,,,,,,,,,
2026-07-23 03:30:00,29100.5,zone_skip,session,2026-07-21 00:00:00,29033.85,short,0.0022955963470225773,,,0.0,,,,,,,,,,
2026-07-23 03:30:00,29100.5,zone_skip,tolerance,2026-07-22 04:00:00,29218.41,short,0.004035469418082635,0.0025,,,,,,,,,,,,
2026-07-23 03:30:00,29100.5,zone_skip,tolerance,2026-07-22 20:00:00,28821.97,long,0.009663808546050073,0.0025,,,,,,,,,,,,
2026-07-23 03:30:00,29100.5,zone_skip,tolerance,2026-07-23 00:00:00,29201.15,short,0.003446782061665429,0.0025,,,,,,,,,,,,
2026-07-23 03:35:00,29100.8,zone_skip,session,2026-07-21 00:00:00,29033.85,short,0.002305929113775842,,,0.0,,,,,,,,,,
2026-07-23 03:35:00,29100.8,zone_skip,tolerance,2026-07-22 04:00:00,29218.41,short,0.004025201918927162,0.0025,,,,,,,,,,,,
2026-07-23 03:35:00,29100.8,zone_skip,tolerance,2026-07-22 20:00:00,28821.97,long,0.009674217272448694,0.0025,,,,,,,,,,,,
2026-07-23 03:35:00,29100.8,zone_skip,tolerance,2026-07-23 00:00:00,29201.15,short,0.003436508493672413,0.0025,,,,,,,,,,,,
2026-07-23 03:40:00,29094.75,zone_skip,session,2026-07-21 00:00:00,29033.85,short,0.0020975516509178583,,,0.0,,,,,,,,,,
2026-07-23 03:40:00,29094.75,zone_skip,tolerance,2026-07-22 04:00:00,29218.41,short,0.0042322631518963505,0.0025,,,,,,,,,,,,
2026-07-23 03:40:00,29094.75,zone_skip,tolerance,2026-07-22 20:00:00,28821.97,long,0.00946430795674268,0.0025,,,,,,,,,,,,
2026-07-23 03:40:00,29094.75,zone_skip,tolerance,2026-07-23 00:00:00,29201.15,short,0.003643692114865389,0.0025,,,,,,,,,,,,
2026-07-23 03:45:00,29104.75,zone_skip,session,2026-07-21 00:00:00,29033.85,short,0.0024419772093608482,,,0.0,,,,,,,,,,
2026-07-23 03:45:00,29104.75,zone_skip,tolerance,2026-07-22 04:00:00,29218.41,short,0.003890013180046411,0.0025,,,,,,,,,,,,
2026-07-23 03:45:00,29104.75,zone_skip,tolerance,2026-07-22 20:00:00,28821.97,long,0.009811265503364234,0.0025,,,,,,,,,,,,
2026-07-23 03:45:00,29104.75,zone_skip,tolerance,2026-07-23 00:00:00,29201.15,short,0.0033012398484306765,0.0025,,,,,,,,,,,,
2026-07-23 03:50:00,29129.55,zone_skip,tolerance,2026-07-21 00:00:00,29033.85,short,0.003296152594299438,0.0025,,,,,,,,,,,,
2026-07-23 03:50:00,29129.55,zone_skip,tolerance,2026-07-22 04:00:00,29218.41,short,0.003041233249858585,0.0025,,,,,,,,,,,,
2026-07-23 03:50:00,29129.55,zone_skip,tolerance,2026-07-22 20:00:00,28821.97,long,0.010671720218985659,0.0025,,,,,,,,,,,,
2026-07-23 03:50:00,29129.55,zone_skip,session,2026-07-23 00:00:00,29201.15,short,0.002451958227672615,,,0.0,,,,,,,,,,
2026-07-23 03:55:00,29117.5,zone_skip,tolerance,2026-07-21 00:00:00,29033.85,short,0.00288111979637566,0.0025,,,,,,,,,,,,
2026-07-23 03:55:00,29117.5,zone_skip,tolerance,2026-07-22 04:00:00,29218.41,short,0.0034536444659377377,0.0025,,,,,,,,,,,,
2026-07-23 03:55:00,29117.5,zone_skip,tolerance,2026-07-22 20:00:00,28821.97,long,0.010253636375306713,0.0025,,,,,,,,,,,,
2026-07-23 03:55:00,29117.5,zone_skip,tolerance,2026-07-23 00:00:00,29201.15,short,0.0028646132087264183,0.0025,,,,,,,,,,,,
2026-07-23 04:00:00,29123.0,zone_skip,tolerance,2026-07-21 00:00:00,29033.85,short,0.0030705538535193044,0.0025,,,,,,,,,,,,
2026-07-23 04:00:00,29123.0,zone_skip,tolerance,2026-07-22 04:00:00,29218.41,short,0.003265406981420271,0.0025,,,,,,,,,,,,
2026-07-23 04:00:00,29123.0,zone_skip,tolerance,2026-07-22 20:00:00,28821.97,long,0.010444463025948567,0.0025,,,,,,,,,,,,
2026-07-23 04:00:00,29123.0,zone_skip,tolerance,2026-07-23 00:00:00,29201.15,short,0.0026762644621873264,0.0025,,,,,,,,,,,,
2026-07-23 04:05:00,29119.0,zone_skip,tolerance,2026-07-21 00:00:00,29033.85,short,0.0029327836301421086,0.0025,,,,,,,,,,,,
2026-07-23 04:05:00,29119.0,zone_skip,tolerance,2026-07-22 04:00:00,29218.41,short,0.0034023069701602467,0.0025,,,,,,,,,,,,
2026-07-23 04:05:00,29119.0,zone_skip,tolerance,2026-07-22 20:00:00,28821.97,long,0.010305680007299946,0.0025,,,,,,,,,,,,
2026-07-23 04:05:00,29119.0,zone_skip,tolerance,2026-07-23 00:00:00,29201.15,short,0.0028132453687612115,0.0025,,,,,,,,,,,,
2026-07-23 04:10:00,29129.5,zone_skip,tolerance,2026-07-21 00:00:00,29033.85,short,0.003294430466507248,0.0025,,,,,,,,,,,,
2026-07-23 04:10:00,29129.5,zone_skip,tolerance,2026-07-22 04:00:00,29218.41,short,0.00304294449971781,0.0025,,,,,,,,,,,,
2026-07-23 04:10:00,29129.5,zone_skip,tolerance,2026-07-22 20:00:00,28821.97,long,0.010669985431252577,0.0025,,,,,,,,,,,,
2026-07-23 04:10:00,29129.5,zone_skip,session,2026-07-23 00:00:00,29201.15,short,0.0024536704890047636,,,0.0,,,,,,,,,,
2026-07-23 04:15:00,29103.0,zone_skip,session,2026-07-21 00:00:00,29033.85,short,0.002381702736633325,,,0.0,,,,,,,,,,
2026-07-23 04:15:00,29103.0,zone_skip,tolerance,2026-07-22 04:00:00,29218.41,short,0.00394990692512015,0.0025,,,,,,,,,,,,
2026-07-23 04:15:00,29103.0,zone_skip,tolerance,2026-07-22 20:00:00,28821.97,long,0.009750547932705462,0.0025,,,,,,,,,,,,
2026-07-23 04:15:00,29103.0,zone_skip,tolerance,2026-07-23 00:00:00,29201.15,short,0.0033611689950567513,0.0025,,,,,,,,,,,,
2026-07-23 04:20:00,29104.0,zone_skip,session,2026-07-21 00:00:00,29033.85,short,0.002416145292477624,,,0.0,,,,,,,,,,
2026-07-23 04:20:00,29104.0,zone_skip,tolerance,2026-07-22 04:00:00,29218.41,short,0.0039156819279351565,0.0025,,,,,,,,,,,,
2026-07-23 04:20:00,29104.0,zone_skip,tolerance,2026-07-22 20:00:00,28821.97,long,0.009785243687367617,0.0025,,,,,,,,,,,,
2026-07-23 04:20:00,29104.0,zone_skip,tolerance,2026-07-23 00:00:00,29201.15,short,0.00332692376841328,0.0025,,,,,,,,,,,,
2026-07-23 04:25:00,29102.0,zone_skip,session,2026-07-21 00:00:00,29033.85,short,0.002347260180789026,,,0.0,,,,,,,,,,
2026-07-23 04:25:00,29102.0,zone_skip,tolerance,2026-07-22 04:00:00,29218.41,short,0.003984131922305145,0.0025,,,,,,,,,,,,
2026-07-23 04:25:00,29102.0,zone_skip,tolerance,2026-07-22 20:00:00,28821.97,long,0.009715852178043306,0.0025,,,,,,,,,,,,
2026-07-23 04:25:00,29102.0,zone_skip,tolerance,2026-07-23 00:00:00,29201.15,short,0.0033954142217002222,0.0025,,,,,,,,,,,,
2026-07-23 04:30:00,29106.0,zone_skip,session,2026-07-21 00:00:00,29033.85,short,0.002485030404166222,,,0.0,,,,,,,,,,
2026-07-23 04:30:00,29106.0,zone_skip,tolerance,2026-07-22 04:00:00,29218.41,short,0.0038472319335651683,0.0025,,,,,,,,,,,,
2026-07-23 04:30:00,29106.0,zone_skip,tolerance,2026-07-22 20:00:00,28821.97,long,0.009854635196691927,0.0025,,,,,,,,,,,,
2026-07-23 04:30:00,29106.0,zone_skip,tolerance,2026-07-23 00:00:00,29201.15,short,0.0032584333151263376,0.0025,,,,,,,,,,,,
2026-07-23 04:35:00,29070.75,zone_skip,session,2026-07-21 00:00:00,29033.85,short,0.0012709303106546827,,,0.0,,,,,,,,,,
2026-07-23 04:35:00,29070.75,zone_skip,tolerance,2026-07-22 04:00:00,29218.41,short,0.005053663084336206,0.0025,,,,,,,,,,,,
2026-07-23 04:35:00,29070.75,zone_skip,tolerance,2026-07-22 20:00:00,28821.97,long,0.008631609844850953,0.0025,,,,,,,,,,,,
2026-07-23 04:35:00,29070.75,zone_skip,tolerance,2026-07-23 00:00:00,29201.15,short,0.004465577554308698,0.0025,,,,,,,,,,,,
2026-07-23 04:40:00,29042.8,zone_skip,session,2026-07-21 00:00:00,29033.85,short,0.000308260874806501,,,0.0,,,,,,,,,,
2026-07-23 04:40:00,29042.8,zone_skip,tolerance,2026-07-22 04:00:00,29218.41,short,0.0060102517556568135,0.0025,,,,,,,,,,,,
2026-07-23 04:40:00,29042.8,zone_skip,tolerance,2026-07-22 20:00:00,28821.97,long,0.0076618635020436875,0.0025,,,,,,,,,,,,
2026-07-23 04:40:00,29042.8,zone_skip,tolerance,2026-07-23 00:00:00,29201.15,short,0.005422731638993744,0.0025,,,,,,,,,,,,
2026-07-23 04:45:00,29044.55,zone_skip,session,2026-07-21 00:00:00,29033.85,short,0.0003685353475340242,,,0.0,,,,,,,,,,
2026-07-23 04:45:00,29044.55,zone_skip,tolerance,2026-07-22 04:00:00,29218.41,short,0.005950358010583074,0.0025,,,,,,,,,,,,
2026-07-23 04:45:00,29044.55,zone_skip,tolerance,2026-07-22 20:00:00,28821.97,long,0.00772258107270246,0.0025,,,,,,,,,,,,
2026-07-23 04:45:00,29044.55,zone_skip,tolerance,2026-07-23 00:00:00,29201.15,short,0.00536280249236767,0.0025,,,,,,,,,,,,
2026-07-23 04:50:00,29072.55,zone_skip,session,2026-07-21 00:00:00,29033.85,short,0.0013329269111743958,,,0.0,,,,,,,,,,
2026-07-23 04:50:00,29072.55,zone_skip,tolerance,2026-07-22 04:00:00,29218.41,short,0.004992058089403242,0.0025,,,,,,,,,,,,
2026-07-23 04:50:00,29072.55,zone_skip,tolerance,2026-07-22 20:00:00,28821.97,long,0.008694062203242807,0.0025,,,,,,,,,,,,
2026-07-23 04:50:00,29072.55,zone_skip,tolerance,2026-07-23 00:00:00,29201.15,short,0.004403936146350475,0.0025,,,,,,,,,,,,
2026-07-23 04:55:00,29038.05,zone_skip,session,2026-07-21 00:00:00,29033.85,short,0.0001446587345460808,,,0.0,,,,,,,,,,
2026-07-23 04:55:00,29038.05,zone_skip,tolerance,2026-07-22 04:00:00,29218.41,short,0.006172820492285534,0.0025,,,,,,,,,,,,
2026-07-23 04:55:00,29038.05,zone_skip,tolerance,2026-07-22 20:00:00,28821.97,long,0.00749705866739845,0.0025,,,,,,,,,,,,
2026-07-23 04:55:00,29038.05,zone_skip,tolerance,2026-07-23 00:00:00,29201.15,short,0.005585396465550232,0.0025,,,,,,,,,,,,
2026-07-23 05:00:00,29055.05,zone_skip,session,2026-07-21 00:00:00,29033.85,short,0.0007301821838991635,,,0.0,,,,,,,,,,
2026-07-23 05:00:00,29055.05,zone_skip,tolerance,2026-07-22 04:00:00,29218.41,short,0.005590995540140637,0.0025,,,,,,,,,,,,
2026-07-23 05:00:00,29055.05,zone_skip,tolerance,2026-07-22 20:00:00,28821.97,long,0.00808688649665509,0.0025,,,,,,,,,,,,
2026-07-23 05:00:00,29055.05,zone_skip,tolerance,2026-07-23 00:00:00,29201.15,short,0.005003227612611222,0.0025,,,,,,,,,,,,
2026-07-23 05:05:00,29039.25,zone_skip,session,2026-07-21 00:00:00,29033.85,short,0.00018598980155926464,,,0.0,,,,,,,,,,
2026-07-23 05:05:00,29039.25,zone_skip,tolerance,2026-07-22 04:00:00,29218.41,short,0.006131750495663516,0.0025,,,,,,,,,,,,
2026-07-23 05:05:00,29039.25,zone_skip,tolerance,2026-07-22 20:00:00,28821.97,long,0.007538693572993062,0.0025,,,,,,,,,,,,
2026-07-23 05:05:00,29039.25,zone_skip,tolerance,2026-07-23 00:00:00,29201.15,short,0.005544302193578043,0.0025,,,,,,,,,,,,
2026-07-23 05:10:00,29010.55,zone_skip,session,2026-07-21 00:00:00,29033.85,short,0.0008025115511721412,,,0.0,,,,,,,,,,
2026-07-23 05:10:00,29010.55,zone_skip,tolerance,2026-07-22 04:00:00,29218.41,short,0.007114007914872869,0.0025,,,,,,,,,,,,
2026-07-23 05:10:00,29010.55,zone_skip,tolerance,2026-07-22 20:00:00,28821.97,long,0.006542925414189179,0.0025,,,,,,,,,,,,
2026-07-23 05:10:00,29010.55,zone_skip,tolerance,2026-07-23 00:00:00,29201.15,short,0.006527140198245691,0.0025,,,,,,,,,,,,
2026-07-23 05:15:00,28991.8,zone_skip,session,2026-07-21 00:00:00,29033.85,short,0.0014483094732527472,,,0.0,,,,,,,,,,
2026-07-23 05:15:00,28991.8,zone_skip,tolerance,2026-07-22 04:00:00,29218.41,short,0.007755726612091506,0.0025,,,,,,,,,,,,
2026-07-23 05:15:00,28991.8,zone_skip,tolerance,2026-07-22 20:00:00,28821.97,long,0.005892380014273768,0.0025,,,,,,,,,,,,
2026-07-23 05:15:00,28991.8,zone_skip,tolerance,2026-07-23 00:00:00,29201.15,short,0.007169238197810777,0.0025,,,,,,,,,,,,
2026-07-23 05:20:00,28969.8,zone_skip,session,2026-07-21 00:00:00,29033.85,short,0.0022060457018273248,,,0.0,,,,,,,,,,
2026-07-23 05:20:00,28969.8,zone_skip,tolerance,2026-07-22 04:00:00,29218.41,short,0.008508676550161375,0.0025,,,,,,,,,,,,
2026-07-23 05:20:00,28969.8,zone_skip,tolerance,2026-07-22 20:00:00,28821.97,long,0.005129073411706351,0.0025,,,,,,,,,,,,
2026-07-23 05:20:00,28969.8,zone_skip,tolerance,2026-07-23 00:00:00,29201.15,short,0.007922633183967144,0.0025,,,,,,,,,,,,
2026-07-23 05:25:00,28965.55,zone_skip,session,2026-07-21 00:00:00,29033.85,short,0.0023524265641655957,,,0.0,,,,,,,,,,
2026-07-23 05:25:00,28965.55,zone_skip,tolerance,2026-07-22 04:00:00,29218.41,short,0.008654132788197598,0.0025,,,,,,,,,,,,
2026-07-23 05:25:00,28965.55,zone_skip,tolerance,2026-07-22 20:00:00,28821.97,long,0.004981616454392191,0.0025,,,,,,,,,,,,
2026-07-23 05:25:00,28965.55,zone_skip,tolerance,2026-07-23 00:00:00,29201.15,short,0.008068175397201897,0.0025,,,,,,,,,,,,
2026-07-23 05:30:00,28985.05,zone_skip,session,2026-07-21 00:00:00,29033.85,short,0.0016807967252017654,,,0.0,,,,,,,,,,
2026-07-23 05:30:00,28985.05,zone_skip,tolerance,2026-07-22 04:00:00,29218.41,short,0.007986745343090216,0.0025,,,,,,,,,,,,
2026-07-23 05:30:00,28985.05,zone_skip,tolerance,2026-07-22 20:00:00,28821.97,long,0.005658183670304219,0.0025,,,,,,,,,,,,
2026-07-23 05:30:00,28985.05,zone_skip,tolerance,2026-07-23 00:00:00,29201.15,short,0.007400393477654208,0.0025,,,,,,,,,,,,
2026-07-23 05:35:00,28936.05,zone_skip,tolerance,2026-07-21 00:00:00,29033.85,short,0.0033684819615724154,0.0025,,,,,,,,,,,,
2026-07-23 05:35:00,28936.05,zone_skip,tolerance,2026-07-22 04:00:00,29218.41,short,0.009663770205154921,0.0025,,,,,,,,,,,,
2026-07-23 05:35:00,28936.05,zone_skip,tolerance,2026-07-22 20:00:00,28821.97,long,0.00395809169185861,0.0025,,,,,,,,,,,,
2026-07-23 05:35:00,28936.05,zone_skip,tolerance,2026-07-23 00:00:00,29201.15,short,0.009078409583184299,0.0025,,,,,,,,,,,,
2026-07-23 05:40:00,28930.25,zone_skip,tolerance,2026-07-21 00:00:00,29033.85,short,0.0035682487854693246,0.0025,,,,,,,,,,,,
2026-07-23 05:40:00,28930.25,zone_skip,tolerance,2026-07-22 04:00:00,29218.41,short,0.009862275188827862,0.0025,,,,,,,,,,,,
2026-07-23 05:40:00,28930.25,zone_skip,tolerance,2026-07-22 20:00:00,28821.97,long,0.0037568563148181345,0.0025,,,,,,,,,,,,
2026-07-23 05:40:00,28930.25,zone_skip,tolerance,2026-07-23 00:00:00,29201.15,short,0.009277031897716406,0.0025,,,,,,,,,,,,
2026-07-23 05:45:00,28930.3,zone_skip,tolerance,2026-07-21 00:00:00,29033.85,short,0.0035665266576771345,0.0025,,,,,,,,,,,,
2026-07-23 05:45:00,28930.3,zone_skip,tolerance,2026-07-22 04:00:00,29218.41,short,0.009860563938968636,0.0025,,,,,,,,,,,,
2026-07-23 05:45:00,28930.3,zone_skip,tolerance,2026-07-22 20:00:00,28821.97,long,0.003758591102551217,0.0025,,,,,,,,,,,,
2026-07-23 05:45:00,28930.3,zone_skip,tolerance,2026-07-23 00:00:00,29201.15,short,0.009275319636384258,0.0025,,,,,,,,,,,,
2026-07-23 05:50:00,28953.05,zone_skip,tolerance,2026-07-21 00:00:00,29033.85,short,0.002782958512219333,0.0025,,,,,,,,,,,,
2026-07-23 05:50:00,28953.05,zone_skip,tolerance,2026-07-22 04:00:00,29218.41,short,0.009081945253010024,0.0025,,,,,,,,,,,,
2026-07-23 05:50:00,28953.05,zone_skip,tolerance,2026-07-22 20:00:00,28821.97,long,0.00454791952111525,0.0025,,,,,,,,,,,,
2026-07-23 05:50:00,28953.05,zone_skip,tolerance,2026-07-23 00:00:00,29201.15,short,0.008496240730245287,0.0025,,,,,,,,,,,,
2026-07-23 05:55:00,28952.75,zone_skip,tolerance,2026-07-21 00:00:00,29033.85,short,0.0027932912789725975,0.0025,,,,,,,,,,,,
2026-07-23 05:55:00,28952.75,zone_skip,tolerance,2026-07-22 04:00:00,29218.41,short,0.009092212752165495,0.0025,,,,,,,,,,,,
2026-07-23 05:55:00,28952.75,zone_skip,tolerance,2026-07-22 20:00:00,28821.97,long,0.004537510794716629,0.0025,,,,,,,,,,,,
2026-07-23 05:55:00,28952.75,zone_skip,tolerance,2026-07-23 00:00:00,29201.15,short,0.008506514298238304,0.0025,,,,,,,,,,,,
2026-07-23 06:00:00,28935.3,zone_skip,tolerance,2026-07-21 00:00:00,29033.85,short,0.0033943138784556398,0.0025,,,,,,,,,,,,
2026-07-23 06:00:00,28935.3,zone_skip,tolerance,2026-07-22 04:00:00,29218.41,short,0.009689438953043666,0.0025,,,,,,,,,,,,
2026-07-23 06:00:00,28935.3,zone_skip,tolerance,2026-07-22 20:00:00,28821.97,long,0.003932069875861994,0.0025,,,,,,,,,,,,
2026-07-23 06:00:00,28935.3,zone_skip,tolerance,2026-07-23 00:00:00,29201.15,short,0.009104093503166901,0.0025,,,,,,,,,,,,
2026-07-23 06:05:00,28912.75,zone_skip,tolerance,2026-07-21 00:00:00,29033.85,short,0.0041709935127445565,0.0025,,,,,,,,,,,,
2026-07-23 06:05:00,28912.75,zone_skip,tolerance,2026-07-22 04:00:00,29218.41,short,0.010461212639565256,0.0025,,,,,,,,,,,,
2026-07-23 06:05:00,28912.75,zone_skip,tolerance,2026-07-22 20:00:00,28821.97,long,0.003149680608230417,0.0025,,,,,,,,,,,,
2026-07-23 06:05:00,28912.75,zone_skip,tolerance,2026-07-23 00:00:00,29201.15,short,0.009876323363977153,0.0025,,,,,,,,,,,,
2026-07-23 06:10:00,28914.75,zone_skip,tolerance,2026-07-21 00:00:00,29033.85,short,0.0041021084010559586,0.0025,,,,,,,,,,,,
2026-07-23 06:10:00,28914.75,zone_skip,tolerance,2026-07-22 04:00:00,29218.41,short,0.010392762645195267,0.0025,,,,,,,,,,,,
2026-07-23 06:10:00,28914.75,zone_skip,tolerance,2026-07-22 20:00:00,28821.97,long,0.0032190721175547276,0.0025,,,,,,,,,,,,
2026-07-23 06:10:00,28914.75,zone_skip,tolerance,2026-07-23 00:00:00,29201.15,short,0.00980783291069021,0.0025,,,,,,,,,,,,
2026-07-23 06:15:00,28916.3,zone_skip,tolerance,2026-07-21 00:00:00,29033.85,short,0.004048722439497321,0.0025,,,,,,,,,,,,
2026-07-23 06:15:00,28916.3,zone_skip,tolerance,2026-07-22 04:00:00,29218.41,short,0.010339713899558551,0.0025,,,,,,,,,,,,
2026-07-23 06:15:00,28916.3,zone_skip,tolerance,2026-07-22 20:00:00,28821.97,long,0.003272850537281043,0.0025,,,,,,,,,,,,
2026-07-23 06:15:00,28916.3,zone_skip,tolerance,2026-07-23 00:00:00,29201.15,short,0.009754752809392855,0.0025,,,,,,,,,,,,
2026-07-23 06:20:00,28927.0,zone_skip,tolerance,2026-07-21 00:00:00,29033.85,short,0.0036801870919632965,0.0025,,,,,,,,,,,,
2026-07-23 06:20:00,28927.0,zone_skip,tolerance,2026-07-22 04:00:00,29218.41,short,0.009973506429679091,0.0025,,,,,,,,,,,,
2026-07-23 06:20:00,28927.0,zone_skip,tolerance,2026-07-22 20:00:00,28821.97,long,0.00364409511216613,0.0025,,,,,,,,,,,,
2026-07-23 06:20:00,28927.0,zone_skip,tolerance,2026-07-23 00:00:00,29201.15,short,0.009388328884307687,0.0025,,,,,,,,,,,,
2026-07-23 06:25:00,28945.3,zone_skip,tolerance,2026-07-21 00:00:00,29033.85,short,0.00304988832001265,0.0025,,,,,,,,,,,,
2026-07-23 06:25:00,28945.3,zone_skip,tolerance,2026-07-22 04:00:00,29218.41,short,0.009347188981193726,0.0025,,,,,,,,,,,,
2026-07-23 06:25:00,28945.3,zone_skip,tolerance,2026-07-22 20:00:00,28821.97,long,0.004279027422483547,0.0025,,,,,,,,,,,,
2026-07-23 06:25:00,28945.3,zone_skip,tolerance,2026-07-23 00:00:00,29201.15,short,0.00876164123673219,0.0025,,,,,,,,,,,,
2026-07-23 06:30:00,28943.55,zone_skip,tolerance,2026-07-21 00:00:00,29033.85,short,0.003110162792740173,0.0025,,,,,,,,,,,,
2026-07-23 06:30:00,28943.55,zone_skip,tolerance,2026-07-22 04:00:00,29218.41,short,0.009407082726267465,0.0025,,,,,,,,,,,,
2026-07-23 06:30:00,28943.55,zone_skip,tolerance,2026-07-22 20:00:00,28821.97,long,0.004218309851824775,0.0025,,,,,,,,,,,,
2026-07-23 06:30:00,28943.55,zone_skip,tolerance,2026-07-23 00:00:00,29201.15,short,0.008821570383358264,0.0025,,,,,,,,,,,,
2026-07-23 06:35:00,28959.8,zone_skip,tolerance,2026-07-21 00:00:00,29033.85,short,0.0025504712602703148,0.0025,,,,,,,,,,,,
2026-07-23 06:35:00,28959.8,zone_skip,tolerance,2026-07-22 04:00:00,29218.41,short,0.008850926522011313,0.0025,,,,,,,,,,,,
2026-07-23 06:35:00,28959.8,zone_skip,tolerance,2026-07-22 20:00:00,28821.97,long,0.004782115865084798,0.0025,,,,,,,,,,,,
2026-07-23 06:35:00,28959.8,zone_skip,tolerance,2026-07-23 00:00:00,29201.15,short,0.008265085450401857,0.0025,,,,,,,,,,,,
2026-07-23 06:40:00,28977.8,zone_skip,session,2026-07-21 00:00:00,29033.85,short,0.001930505255072933,,,0.0,,,,,,,,,,
2026-07-23 06:40:00,28977.8,zone_skip,tolerance,2026-07-22 04:00:00,29218.41,short,0.008234876572681422,0.0025,,,,,,,,,,,,
2026-07-23 06:40:00,28977.8,zone_skip,tolerance,2026-07-22 20:00:00,28821.97,long,0.005406639449003593,0.0025,,,,,,,,,,,,
2026-07-23 06:40:00,28977.8,zone_skip,tolerance,2026-07-23 00:00:00,29201.15,short,0.0076486713708193745,0.0025,,,,,,,,,,,,
2026-07-23 06:45:00,28981.75,zone_skip,session,2026-07-21 00:00:00,29033.85,short,0.001794457159487927,,,0.0,,,,,,,,,,
2026-07-23 06:45:00,28981.75,zone_skip,tolerance,2026-07-22 04:00:00,29218.41,short,0.00809968783380067,0.0025,,,,,,,,,,,,
2026-07-23 06:45:00,28981.75,zone_skip,tolerance,2026-07-22 20:00:00,28821.97,long,0.0055436876799191325,0.0025,,,,,,,,,,,,
2026-07-23 06:45:00,28981.75,zone_skip,tolerance,2026-07-23 00:00:00,29201.15,short,0.007513402725577638,0.0025,,,,,,,,,,,,
2026-07-23 06:50:00,28986.05,zone_skip,session,2026-07-21 00:00:00,29033.85,short,0.0016463541693574665,,,0.0,,,,,,,,,,
2026-07-23 06:50:00,28986.05,zone_skip,tolerance,2026-07-22 04:00:00,29218.41,short,0.007952520345905222,0.0025,,,,,,,,,,,,
2026-07-23 06:50:00,28986.05,zone_skip,tolerance,2026-07-22 20:00:00,28821.97,long,0.005692879424966374,0.0025,,,,,,,,,,,,
2026-07-23 06:50:00,28986.05,zone_skip,tolerance,2026-07-23 00:00:00,29201.15,short,0.007366148251010737,0.0025,,,,,,,,,,,,
2026-07-23 06:55:00,28973.05,zone_skip,session,2026-07-21 00:00:00,29033.85,short,0.0020941073953333533,,,0.0,,,,,,,,,,
2026-07-23 06:55:00,28973.05,zone_skip,tolerance,2026-07-22 04:00:00,29218.41,short,0.008397445309310143,0.0025,,,,,,,,,,,,
2026-07-23 06:55:00,28973.05,zone_skip,tolerance,2026-07-22 20:00:00,28821.97,long,0.005241834614358356,0.0025,,,,,,,,,,,,
2026-07-23 06:55:00,28973.05,zone_skip,tolerance,2026-07-23 00:00:00,29201.15,short,0.0078113361973758625,0.0025,,,,,,,,,,,,
2026-07-23 07:00:00,28954.75,zone_skip,tolerance,2026-07-21 00:00:00,29033.85,short,0.0027244061672839995,0.0025,,,,,,,,,,,,
2026-07-23 07:00:00,28954.75,zone_skip,tolerance,2026-07-22 04:00:00,29218.41,short,0.009023762757795508,0.0025,,,,,,,,,,,,
2026-07-23 07:00:00,28954.75,zone_skip,tolerance,2026-07-22 20:00:00,28821.97,long,0.0046069023040409395,0.0025,,,,,,,,,,,,
2026-07-23 07:00:00,28954.75,zone_skip,tolerance,2026-07-23 00:00:00,29201.15,short,0.008438023844951362,0.0025,,,,,,,,,,,,
2026-07-23 07:05:00,28948.3,zone_skip,tolerance,2026-07-21 00:00:00,29033.85,short,0.002946560652479753,0.0025,,,,,,,,,,,,
2026-07-23 07:05:00,28948.3,zone_skip,tolerance,2026-07-22 04:00:00,29218.41,short,0.009244513989638744,0.0025,,,,,,,,,,,,
2026-07-23 07:05:00,28948.3,zone_skip,tolerance,2026-07-22 20:00:00,28821.97,long,0.004383114686470012,0.0025,,,,,,,,,,,,
2026-07-23 07:05:00,28948.3,zone_skip,tolerance,2026-07-23 00:00:00,29201.15,short,0.008658905556801776,0.0025,,,,,,,,,,,,
2026-07-23 07:10:00,28996.55,zone_skip,session,2026-07-21 00:00:00,29033.85,short,0.001284707332992327,,,0.0,,,,,,,,,,
2026-07-23 07:10:00,28996.55,zone_skip,tolerance,2026-07-22 04:00:00,29218.41,short,0.007593157875462784,0.0025,,,,,,,,,,,,
2026-07-23 07:10:00,28996.55,zone_skip,tolerance,2026-07-22 20:00:00,28821.97,long,0.006057184848919006,0.0025,,,,,,,,,,,,
2026-07-23 07:10:00,28996.55,zone_skip,tolerance,2026-07-23 00:00:00,29201.15,short,0.007006573371254289,0.0025,,,,,,,,,,,,
2026-07-23 07:15:00,28974.55,zone_skip,session,2026-07-21 00:00:00,29033.85,short,0.0020424435615669046,,,0.0,,,,,,,,,,
2026-07-23 07:15:00,28974.55,zone_skip,tolerance,2026-07-22 04:00:00,29218.41,short,0.008346107813532653,0.0025,,,,,,,,,,,,
2026-07-23 07:15:00,28974.55,zone_skip,tolerance,2026-07-22 20:00:00,28821.97,long,0.0052938782463515886,0.0025,,,,,,,,,,,,
2026-07-23 07:15:00,28974.55,zone_skip,tolerance,2026-07-23 00:00:00,29201.15,short,0.007759968357410656,0.0025,,,,,,,,,,,,
2026-07-23 07:20:00,29002.3,zone_skip,session,2026-07-21 00:00:00,29033.85,short,0.001086662636887608,,,0.0,,,,,,,,,,
2026-07-23 07:20:00,29002.3,zone_skip,tolerance,2026-07-22 04:00:00,29218.41,short,0.007396364141649069,0.0025,,,,,,,,,,,,
2026-07-23 07:20:00,29002.3,zone_skip,tolerance,2026-07-22 20:00:00,28821.97,long,0.006256685438226398,0.0025,,,,,,,,,,,,
2026-07-23 07:20:00,29002.3,zone_skip,tolerance,2026-07-23 00:00:00,29201.15,short,0.006809663318054329,0.0025,,,,,,,,,,,,
2026-07-23 07:25:00,29012.3,zone_skip,session,2026-07-21 00:00:00,29033.85,short,0.0007422370784446181,,,0.0,,,,,,,,,,
2026-07-23 07:25:00,29012.3,zone_skip,tolerance,2026-07-22 04:00:00,29218.41,short,0.00705411416979913,0.0025,,,,,,,,,,,,
2026-07-23 07:25:00,29012.3,zone_skip,tolerance,2026-07-22 20:00:00,28821.97,long,0.006603642984847951,0.0025,,,,,,,,,,,,
2026-07-23 07:25:00,29012.3,zone_skip,tolerance,2026-07-23 00:00:00,29201.15,short,0.006467211051619617,0.0025,,,,,,,,,,,,
2026-07-23 07:30:00,29025.25,zone_skip,session,2026-07-21 00:00:00,29033.85,short,0.0002962059802609211,,,0.0,,,,,,,,,,
2026-07-23 07:30:00,29025.25,zone_skip,tolerance,2026-07-22 04:00:00,29218.41,short,0.006610900456253433,0.0025,,,,,,,,,,,,
2026-07-23 07:30:00,29025.25,zone_skip,tolerance,2026-07-22 20:00:00,28821.97,long,0.007052953007722887,0.0025,,,,,,,,,,,,
2026-07-23 07:30:00,29025.25,zone_skip,tolerance,2026-07-23 00:00:00,29201.15,short,0.006023735366586639,0.0025,,,,,,,,,,,,
2026-07-23 07:35:00,29022.8,zone_skip,session,2026-07-21 00:00:00,29033.85,short,0.00038059024207947874,,,0.0,,,,,,,,,,
2026-07-23 07:35:00,29022.8,zone_skip,tolerance,2026-07-22 04:00:00,29218.41,short,0.006694751699356693,0.0025,,,,,,,,,,,,
2026-07-23 07:35:00,29022.8,zone_skip,tolerance,2026-07-22 20:00:00,28821.97,long,0.006967948408800582,0.0025,,,,,,,,,,,,
2026-07-23 07:35:00,29022.8,zone_skip,tolerance,2026-07-23 00:00:00,29201.15,short,0.006107636171863169,0.0025,,,,,,,,,,,,
2026-07-23 07:40:00,29002.55,zone_skip,session,2026-07-21 00:00:00,29033.85,short,0.001078051997926533,,,0.0,,,,,,,,,,
2026-07-23 07:40:00,29002.55,zone_skip,tolerance,2026-07-22 04:00:00,29218.41,short,0.007387807892352821,0.0025,,,,,,,,,,,,
2026-07-23 07:40:00,29002.55,zone_skip,tolerance,2026-07-22 20:00:00,28821.97,long,0.006265359376891937,0.0025,,,,,,,,,,,,
2026-07-23 07:40:00,29002.55,zone_skip,tolerance,2026-07-23 00:00:00,29201.15,short,0.0068011020113934615,0.0025,,,,,,,,,,,,
2026-07-23 07:45:00,28990.8,zone_skip,session,2026-07-21 00:00:00,29033.85,short,0.0014827520290970461,,,0.0,,,,,,,,,,
2026-07-23 07:45:00,28990.8,zone_skip,tolerance,2026-07-22 04:00:00,29218.41,short,0.0077899516092765,0.0025,,,,,,,,,,,,
2026-07-23 07:45:00,28990.8,zone_skip,tolerance,2026-07-22 20:00:00,28821.97,long,0.005857684259611612,0.0025,,,,,,,,,,,,
2026-07-23 07:45:00,28990.8,zone_skip,tolerance,2026-07-23 00:00:00,29201.15,short,0.007203483424454248,0.0025,,,,,,,,,,,,
2026-07-23 07:50:00,28980.5,zone_skip,session,2026-07-21 00:00:00,29033.85,short,0.0018375103542933007,,,0.0,,,,,,,,,,
2026-07-23 07:50:00,28980.5,zone_skip,tolerance,2026-07-22 04:00:00,29218.41,short,0.008142469080281912,0.0025,,,,,,,,,,,,
2026-07-23 07:50:00,28980.5,zone_skip,tolerance,2026-07-22 20:00:00,28821.97,long,0.005500317986591438,0.0025,,,,,,,,,,,,
2026-07-23 07:50:00,28980.5,zone_skip,tolerance,2026-07-23 00:00:00,29201.15,short,0.007556209258881977,0.0025,,,,,,,,,,,,
2026-07-23 07:55:00,28985.5,zone_skip,session,2026-07-21 00:00:00,29033.85,short,0.0016652975750718058,,,0.0,,,,,,,,,,
2026-07-23 07:55:00,28985.5,zone_skip,tolerance,2026-07-22 04:00:00,29218.41,short,0.007971344094356944,0.0025,,,,,,,,,,,,
2026-07-23 07:55:00,28985.5,zone_skip,tolerance,2026-07-22 20:00:00,28821.97,long,0.005673796759902214,0.0025,,,,,,,,,,,,
2026-07-23 07:55:00,28985.5,zone_skip,tolerance,2026-07-23 00:00:00,29201.15,short,0.0073849831256646205,0.0025,,,,,,,,,,,,
2026-07-23 08:00:00,28973.75,zone_skip,session,2026-07-21 00:00:00,29033.85,short,0.002069997606242319,,,0.0,,,,,,,,,,
2026-07-23 08:00:00,28973.75,zone_skip,tolerance,2026-07-22 04:00:00,29218.41,short,0.008373487811280623,0.0025,,,,,,,,,,,,
2026-07-23 08:00:00,28973.75,zone_skip,tolerance,2026-07-22 20:00:00,28821.97,long,0.00526612164262189,0.0025,,,,,,,,,,,,
2026-07-23 08:00:00,28973.75,zone_skip,tolerance,2026-07-23 00:00:00,29201.15,short,0.007787364538725408,0.0025,,,,,,,,,,,,
2026-07-23 08:05:00,28975.55,zone_skip,session,2026-07-21 00:00:00,29033.85,short,0.0020080010057226057,,,0.0,,,,,,,,,,
2026-07-23 08:05:00,28975.55,zone_skip,tolerance,2026-07-22 04:00:00,29218.41,short,0.008311882816347657,0.0025,,,,,,,,,,,,
2026-07-23 08:05:00,28975.55,zone_skip,tolerance,2026-07-22 20:00:00,28821.97,long,0.005328574001013744,0.0025,,,,,,,,,,,,
2026-07-23 08:05:00,28975.55,zone_skip,tolerance,2026-07-23 00:00:00,29201.15,short,0.007725723130767185,0.0025,,,,,,,,,,,,
2026-07-23 08:10:00,28978.75,zone_skip,session,2026-07-21 00:00:00,29033.85,short,0.0018977848270208238,,,0.0,,,,,,,,,,
2026-07-23 08:10:00,28978.75,zone_skip,tolerance,2026-07-22 04:00:00,29218.41,short,0.008202362825355653,0.0025,,,,,,,,,,,,
2026-07-23 08:10:00,28978.75,zone_skip,tolerance,2026-07-22 20:00:00,28821.97,long,0.005439600415932666,0.0025,,,,,,,,,,,,
2026-07-23 08:10:00,28978.75,zone_skip,tolerance,2026-07-23 00:00:00,29201.15,short,0.007616138405508051,0.0025,,,,,,,,,,,,
2026-07-23 08:15:00,28972.5,zone_skip,session,2026-07-21 00:00:00,29033.85,short,0.0021130508010476926,,,0.0,,,,,,,,,,
2026-07-23 08:15:00,28972.5,zone_skip,tolerance,2026-07-22 04:00:00,29218.41,short,0.008416269057761865,0.0025,,,,,,,,,,,,
2026-07-23 08:15:00,28972.5,zone_skip,tolerance,2026-07-22 20:00:00,28821.97,long,0.005222751949294196,0.0025,,,,,,,,,,,,
2026-07-23 08:15:00,28972.5,zone_skip,tolerance,2026-07-23 00:00:00,29201.15,short,0.007830171072029747,0.0025,,,,,,,,,,,,
2026-07-23 08:20:00,28981.5,zone_skip,session,2026-07-21 00:00:00,29033.85,short,0.0018030677984490018,,,0.0,,,,,,,,,,
2026-07-23 08:20:00,28981.5,zone_skip,tolerance,2026-07-22 04:00:00,29218.41,short,0.008108244083096919,0.0025,,,,,,,,,,,,
2026-07-23 08:20:00,28981.5,zone_skip,tolerance,2026-07-22 20:00:00,28821.97,long,0.005535013741253593,0.0025,,,,,,,,,,,,
2026-07-23 08:20:00,28981.5,zone_skip,tolerance,2026-07-23 00:00:00,29201.15,short,0.007521964032238506,0.0025,,,,,,,,,,,,
2026-07-23 08:25:00,29031.05,zone_skip,session,2026-07-21 00:00:00,29033.85,short,9.64391563640121e-05,,,0.0,,,,,,,,,,
2026-07-23 08:25:00,29031.05,zone_skip,tolerance,2026-07-22 04:00:00,29218.41,short,0.0064123954725804925,0.0025,,,,,,,,,,,,
2026-07-23 08:25:00,29031.05,zone_skip,tolerance,2026-07-22 20:00:00,28821.97,long,0.007254188384763363,0.0025,,,,,,,,,,,,
2026-07-23 08:25:00,29031.05,zone_skip,tolerance,2026-07-23 00:00:00,29201.15,short,0.0058251130520545315,0.0025,,,,,,,,,,,,
2026-07-23 08:30:00,29035.3,zone_skip,session,2026-07-21 00:00:00,29033.85,short,4.994170597425859e-05,,,0.0,,,,,,,,,,
2026-07-23 08:30:00,29035.3,zone_skip,tolerance,2026-07-22 04:00:00,29218.41,short,0.006266939234544268,0.0025,,,,,,,,,,,,
2026-07-23 08:30:00,29035.3,zone_skip,tolerance,2026-07-22 20:00:00,28821.97,long,0.007401645342077523,0.0025,,,,,,,,,,,,
2026-07-23 08:30:00,29035.3,zone_skip,tolerance,2026-07-23 00:00:00,29201.15,short,0.0056795708388197785,0.0025,,,,,,,,,,,,
2026-07-23 08:35:00,29004.75,zone_skip,session,2026-07-21 00:00:00,29033.85,short,0.0010022783750690504,,,0.0,,,,,,,,,,
2026-07-23 08:35:00,29004.75,zone_skip,tolerance,2026-07-22 04:00:00,29218.41,short,0.007312512898545809,0.0025,,,,,,,,,,,,
2026-07-23 08:35:00,29004.75,zone_skip,tolerance,2026-07-22 20:00:00,28821.97,long,0.006341690037148704,0.0025,,,,,,,,,,,,
2026-07-23 08:35:00,29004.75,zone_skip,tolerance,2026-07-23 00:00:00,29201.15,short,0.0067257625127778,0.0025,,,,,,,,,,,,
2026-07-23 08:40:00,29009.5,zone_skip,session,2026-07-21 00:00:00,29033.85,short,0.0008386762348086301,,,0.0,,,,,,,,,,
2026-07-23 08:40:00,29009.5,zone_skip,tolerance,2026-07-22 04:00:00,29218.41,short,0.0071499441619170875,0.0025,,,,,,,,,,,,
2026-07-23 08:40:00,29009.5,zone_skip,tolerance,2026-07-22 20:00:00,28821.97,long,0.0065064948717939415,0.0025,,,,,,,,,,,,
2026-07-23 08:40:00,29009.5,zone_skip,tolerance,2026-07-23 00:00:00,29201.15,short,0.006563097686221311,0.0025,,,,,,,,,,,,
2026-07-23 08:45:00,28967.8,zone_skip,session,2026-07-21 00:00:00,29033.85,short,0.0022749308135159227,,,0.0,,,,,,,,,,
2026-07-23 08:45:00,28967.8,zone_skip,tolerance,2026-07-22 04:00:00,29218.41,short,0.008577126544531362,0.0025,,,,,,,,,,,,
2026-07-23 08:45:00,28967.8,zone_skip,tolerance,2026-07-22 20:00:00,28821.97,long,0.0050596819023820405,0.0025,,,,,,,,,,,,
2026-07-23 08:45:00,28967.8,zone_skip,tolerance,2026-07-23 00:00:00,29201.15,short,0.007991123637254087,0.0025,,,,,,,,,,,,
2026-07-23 08:50:00,28940.75,zone_skip,tolerance,2026-07-21 00:00:00,29033.85,short,0.0032066019491041853,0.0025,,,,,,,,,,,,
2026-07-23 08:50:00,28940.75,zone_skip,tolerance,2026-07-22 04:00:00,29218.41,short,0.009502912718385425,0.0025,,,,,,,,,,,,
2026-07-23 08:50:00,28940.75,zone_skip,tolerance,2026-07-22 20:00:00,28821.97,long,0.004121161738770765,0.0025,,,,,,,,,,,,
2026-07-23 08:50:00,28940.75,zone_skip,tolerance,2026-07-23 00:00:00,29201.15,short,0.008917457017959958,0.0025,,,,,,,,,,,,
2026-07-23 08:55:00,28948.25,zone_skip,tolerance,2026-07-21 00:00:00,29033.85,short,0.002948282780271943,0.0025,,,,,,,,,,,,
2026-07-23 08:55:00,28948.25,zone_skip,tolerance,2026-07-22 04:00:00,29218.41,short,0.009246225239497969,0.0025,,,,,,,,,,,,
2026-07-23 08:55:00,28948.25,zone_skip,tolerance,2026-07-22 20:00:00,28821.97,long,0.00438137989873693,0.0025,,,,,,,,,,,,
2026-07-23 08:55:00,28948.25,zone_skip,tolerance,2026-07-23 00:00:00,29201.15,short,0.008660617818133924,0.0025,,,,,,,,,,,,
2026-07-23 09:00:00,28962.25,zone_skip,session,2026-07-21 00:00:00,29033.85,short,0.002466086998451757,,,0.0,,,,,,,,,,
2026-07-23 09:00:00,28962.25,zone_skip,tolerance,2026-07-22 04:00:00,29218.41,short,0.008767075278908054,0.0025,,,,,,,,,,,,
2026-07-23 09:00:00,28962.25,zone_skip,tolerance,2026-07-22 20:00:00,28821.97,long,0.004867120464007104,0.0025,,,,,,,,,,,,
2026-07-23 09:00:00,28962.25,zone_skip,tolerance,2026-07-23 00:00:00,29201.15,short,0.008181184645125327,0.0025,,,,,,,,,,,,
2026-07-23 09:05:00,28943.8,zone_skip,tolerance,2026-07-21 00:00:00,29033.85,short,0.0031015521537790984,0.0025,,,,,,,,,,,,
2026-07-23 09:05:00,28943.8,zone_skip,tolerance,2026-07-22 04:00:00,29218.41,short,0.009398526476971217,0.0025,,,,,,,,,,,,
2026-07-23 09:05:00,28943.8,zone_skip,tolerance,2026-07-22 20:00:00,28821.97,long,0.004226983790490314,0.0025,,,,,,,,,,,,
2026-07-23 09:05:00,28943.8,zone_skip,tolerance,2026-07-23 00:00:00,29201.15,short,0.008813009076697397,0.0025,,,,,,,,,,,,
2026-07-23 09:10:00,28960.05,zone_skip,tolerance,2026-07-21 00:00:00,29033.85,short,0.00254186062130924,0.0025,,,,,,,,,,,,
2026-07-23 09:10:00,28960.05,zone_skip,tolerance,2026-07-22 04:00:00,29218.41,short,0.008842370272715065,0.0025,,,,,,,,,,,,
2026-07-23 09:10:00,28960.05,zone_skip,tolerance,2026-07-22 20:00:00,28821.97,long,0.004790789803750337,0.0025,,,,,,,,,,,,
2026-07-23 09:10:00,28960.05,zone_skip,tolerance,2026-07-23 00:00:00,29201.15,short,0.008256524143740989,0.0025,,,,,,,,,,,,
2026-07-23 09:15:00,28962.0,zone_skip,chasing,2026-07-21 00:00:00,29033.85,short,0.002474697637412832,,46.76199722306613,,,,,,,,,,,
2026-07-23 09:15:00,28962.0,zone_skip,tolerance,2026-07-22 04:00:00,29218.41,short,0.008775631528204302,0.0025,,,,,,,,,,,,
2026-07-23 09:15:00,28962.0,zone_skip,tolerance,2026-07-22 20:00:00,28821.97,long,0.004858446525341565,0.0025,,,,,,,,,,,,
2026-07-23 09:15:00,28962.0,zone_skip,tolerance,2026-07-23 00:00:00,29201.15,short,0.008189745951786195,0.0025,,,,,,,,,,,,
2026-07-23 09:20:00,28952.25,zone_skip,tolerance,2026-07-21 00:00:00,29033.85,short,0.002810512556894747,0.0025,,,,,,,,,,,,
2026-07-23 09:20:00,28952.25,zone_skip,tolerance,2026-07-22 04:00:00,29218.41,short,0.009109325250757994,0.0025,,,,,,,,,,,,
2026-07-23 09:20:00,28952.25,zone_skip,tolerance,2026-07-22 20:00:00,28821.97,long,0.004520162917385551,0.0025,,,,,,,,,,,,
2026-07-23 09:20:00,28952.25,zone_skip,tolerance,2026-07-23 00:00:00,29201.15,short,0.008523636911560039,0.0025,,,,,,,,,,,,
2026-07-23 09:25:00,28969.5,zone_skip,session,2026-07-21 00:00:00,29033.85,short,0.0022163784685805894,,,0.0,,,,,,,,,,
2026-07-23 09:25:00,28969.5,zone_skip,tolerance,2026-07-22 04:00:00,29218.41,short,0.008518944049316846,0.0025,,,,,,,,,,,,
2026-07-23 09:25:00,28969.5,zone_skip,tolerance,2026-07-22 20:00:00,28821.97,long,0.00511866468530773,0.0025,,,,,,,,,,,,
2026-07-23 09:25:00,28969.5,zone_skip,tolerance,2026-07-23 00:00:00,29201.15,short,0.00793290675196016,0.0025,,,,,,,,,,,,
2026-07-23 09:30:00,28958.05,zone_skip,tolerance,2026-07-21 00:00:00,29033.85,short,0.002610745732997838,0.0025,,,,,,,,,,,,
2026-07-23 09:30:00,28958.05,zone_skip,tolerance,2026-07-22 04:00:00,29218.41,short,0.008910820267085054,0.0025,,,,,,,,,,,,
2026-07-23 09:30:00,28958.05,zone_skip,tolerance,2026-07-22 20:00:00,28821.97,long,0.004721398294426027,0.0025,,,,,,,,,,,,
2026-07-23 09:30:00,28958.05,zone_skip,tolerance,2026-07-23 00:00:00,29201.15,short,0.008325014597027931,0.0025,,,,,,,,,,,,
2026-07-23 09:35:00,28951.25,zone_skip,tolerance,2026-07-21 00:00:00,29033.85,short,0.002844955112739046,0.0025,,,,,,,,,,,,
2026-07-23 09:35:00,28951.25,zone_skip,tolerance,2026-07-22 04:00:00,29218.41,short,0.009143550247942988,0.0025,,,,,,,,,,,,
2026-07-23 09:35:00,28951.25,zone_skip,tolerance,2026-07-22 20:00:00,28821.97,long,0.0044854671627233954,0.0025,,,,,,,,,,,,
2026-07-23 09:35:00,28951.25,zone_skip,tolerance,2026-07-23 00:00:00,29201.15,short,0.00855788213820351,0.0025,,,,,,,,,,,,
2026-07-23 09:40:00,28943.55,zone_skip,tolerance,2026-07-21 00:00:00,29033.85,short,0.003110162792740173,0.0025,,,,,,,,,,,,
2026-07-23 09:40:00,28943.55,zone_skip,tolerance,2026-07-22 04:00:00,29218.41,short,0.009407082726267465,0.0025,,,,,,,,,,,,
2026-07-23 09:40:00,28943.55,zone_skip,tolerance,2026-07-22 20:00:00,28821.97,long,0.004218309851824775,0.0025,,,,,,,,,,,,
2026-07-23 09:40:00,28943.55,zone_skip,tolerance,2026-07-23 00:00:00,29201.15,short,0.008821570383358264,0.0025,,,,,,,,,,,,
2026-07-23 09:45:00,28966.05,zone_skip,chasing,2026-07-21 00:00:00,29033.85,short,0.002335205286243446,,44.495455691991985,,,,,,,,,,,
2026-07-23 09:45:00,28966.05,zone_skip,tolerance,2026-07-22 04:00:00,29218.41,short,0.0086370202896051,0.0025,,,,,,,,,,,,
2026-07-23 09:45:00,28966.05,zone_skip,tolerance,2026-07-22 20:00:00,28821.97,long,0.0049989643317232685,0.0025,,,,,,,,,,,,
2026-07-23 09:45:00,28966.05,zone_skip,tolerance,2026-07-23 00:00:00,29201.15,short,0.008051052783880162,0.0025,,,,,,,,,,,,
2026-07-23 09:50:00,28947.8,zone_skip,tolerance,2026-07-21 00:00:00,29033.85,short,0.0029637819304019026,0.0025,,,,,,,,,,,,
2026-07-23 09:50:00,28947.8,zone_skip,tolerance,2026-07-22 04:00:00,29218.41,short,0.009261626488231242,0.0025,,,,,,,,,,,,
2026-07-23 09:50:00,28947.8,zone_skip,tolerance,2026-07-22 20:00:00,28821.97,long,0.004365766809138935,0.0025,,,,,,,,,,,,
2026-07-23 09:50:00,28947.8,zone_skip,tolerance,2026-07-23 00:00:00,29201.15,short,0.008676028170123511,0.0025,,,,,,,,,,,,
2026-07-23 09:55:00,28945.3,zone_skip,tolerance,2026-07-21 00:00:00,29033.85,short,0.00304988832001265,0.0025,,,,,,,,,,,,
2026-07-23 09:55:00,28945.3,zone_skip,tolerance,2026-07-22 04:00:00,29218.41,short,0.009347188981193726,0.0025,,,,,,,,,,,,
2026-07-23 09:55:00,28945.3,zone_skip,tolerance,2026-07-22 20:00:00,28821.97,long,0.004279027422483547,0.0025,,,,,,,,,,,,
2026-07-23 09:55:00,28945.3,zone_skip,tolerance,2026-07-23 00:00:00,29201.15,short,0.00876164123673219,0.0025,,,,,,,,,,,,
2026-07-23 10:00:00,28922.5,zone_skip,tolerance,2026-07-21 00:00:00,29033.85,short,0.0038351785932626416,0.0025,,,,,,,,,,,,
2026-07-23 10:00:00,28922.5,zone_skip,tolerance,2026-07-22 04:00:00,29218.41,short,0.010127518917011564,0.0025,,,,,,,,,,,,
2026-07-23 10:00:00,28922.5,zone_skip,tolerance,2026-07-22 20:00:00,28821.97,long,0.0034879642161864313,0.0025,,,,,,,,,,,,
2026-07-23 10:00:00,28922.5,zone_skip,tolerance,2026-07-23 00:00:00,29201.15,short,0.009542432404203308,0.0025,,,,,,,,,,,,
2026-07-23 10:05:00,28880.8,zone_skip,tolerance,2026-07-21 00:00:00,29033.85,short,0.005271433171969935,0.0025,,,,,,,,,,,,
2026-07-23 10:05:00,28880.8,zone_skip,tolerance,2026-07-21 08:00:00,28550.77,long,0.011559408029976034,0.0025,,,,,,,,,,,,
2026-07-23 10:05:00,28880.8,zone_skip,tolerance,2026-07-22 04:00:00,29218.41,short,0.011554701299625839,0.0025,,,,,,,,,,,,
2026-07-23 10:05:00,28880.8,zone_skip,session,2026-07-22 20:00:00,28821.97,long,0.0020411512467745302,,,0.0,,,,,,,,,,
2026-07-23 10:05:00,28880.8,zone_skip,tolerance,2026-07-23 00:00:00,29201.15,short,0.010970458355236084,0.0025,,,,,,,,,,,,
2026-07-23 10:10:00,28856.8,zone_skip,tolerance,2026-07-21 00:00:00,29033.85,short,0.00609805451223311,0.0025,,,,,,,,,,,,
2026-07-23 10:10:00,28856.8,zone_skip,tolerance,2026-07-21 08:00:00,28550.77,long,0.01071880022850518,0.0025,,,,,,,,,,,,
2026-07-23 10:10:00,28856.8,zone_skip,tolerance,2026-07-22 04:00:00,29218.41,short,0.012376101232065694,0.0025,,,,,,,,,,,,
2026-07-23 10:10:00,28856.8,zone_skip,session,2026-07-22 20:00:00,28821.97,long,0.0012084531348828032,,,0.0,,,,,,,,,,
2026-07-23 10:10:00,28856.8,zone_skip,tolerance,2026-07-23 00:00:00,29201.15,short,0.011792343794679394,0.0025,,,,,,,,,,,,
2026-07-23 10:15:00,28874.0,zone_skip,tolerance,2026-07-21 00:00:00,29033.85,short,0.005505642551711143,0.0025,,,,,,,,,,,,
2026-07-23 10:15:00,28874.0,zone_skip,tolerance,2026-07-21 08:00:00,28550.77,long,0.011321235819559317,0.0025,,,,,,,,,,,,
2026-07-23 10:15:00,28874.0,zone_skip,tolerance,2026-07-22 04:00:00,29218.41,short,0.011787431280483773,0.0025,,,,,,,,,,,,
2026-07-23 10:15:00,28874.0,zone_skip,session,2026-07-22 20:00:00,28821.97,long,0.0018052201150718995,,,0.0,,,,,,,,,,
2026-07-23 10:15:00,28874.0,zone_skip,tolerance,2026-07-23 00:00:00,29201.15,short,0.011203325896411664,0.0025,,,,,,,,,,,,
2026-07-23 10:20:00,28870.8,zone_skip,tolerance,2026-07-21 00:00:00,29033.85,short,0.005615858730412924,0.0025,,,,,,,,,,,,
2026-07-23 10:20:00,28870.8,zone_skip,tolerance,2026-07-21 08:00:00,28550.77,long,0.011209154779363177,0.0025,,,,,,,,,,,,
2026-07-23 10:20:00,28870.8,zone_skip,tolerance,2026-07-22 04:00:00,29218.41,short,0.011896951271475779,0.0025,,,,,,,,,,,,
2026-07-23 10:20:00,28870.8,zone_skip,session,2026-07-22 20:00:00,28821.97,long,0.0016941937001529773,,,0.0,,,,,,,,,,
2026-07-23 10:20:00,28870.8,zone_skip,tolerance,2026-07-23 00:00:00,29201.15,short,0.011312910621670795,0.0025,,,,,,,,,,,,
2026-07-23 10:25:00,28877.5,zone_skip,tolerance,2026-07-21 00:00:00,29033.85,short,0.005385093606256096,0.0025,,,,,,,,,,,,
2026-07-23 10:25:00,28877.5,zone_skip,tolerance,2026-07-21 08:00:00,28550.77,long,0.011443824457273816,0.0025,,,,,,,,,,,,
2026-07-23 10:25:00,28877.5,zone_skip,tolerance,2026-07-22 04:00:00,29218.41,short,0.011667643790336293,0.0025,,,,,,,,,,,,
2026-07-23 10:25:00,28877.5,zone_skip,session,2026-07-22 20:00:00,28821.97,long,0.0019266552563894429,,,0.0,,,,,,,,,,
2026-07-23 10:25:00,28877.5,zone_skip,tolerance,2026-07-23 00:00:00,29201.15,short,0.011083467603159513,0.0025,,,,,,,,,,,,
2026-07-23 10:30:00,28842.8,zone_skip,tolerance,2026-07-21 00:00:00,29033.85,short,0.006580250294053296,0.0025,,,,,,,,,,,,
2026-07-23 10:30:00,28842.8,zone_skip,tolerance,2026-07-21 08:00:00,28550.77,long,0.010228445677647182,0.0025,,,,,,,,,,,,
2026-07-23 10:30:00,28842.8,zone_skip,session,2026-07-22 20:00:00,28821.97,long,0.0007227125696126291,,,0.0,,,,,,,,,,
2026-07-23 10:30:00,28842.8,zone_skip,tolerance,2026-07-23 00:00:00,29201.15,short,0.01227177696768799,0.0025,,,,,,,,,,,,
2026-07-23 10:35:00,28837.5,zone_skip,tolerance,2026-07-21 00:00:00,29033.85,short,0.006762795840028055,0.0025,,,,,,,,,,,,
2026-07-23 10:35:00,28837.5,zone_skip,tolerance,2026-07-21 08:00:00,28550.77,long,0.010042811454822394,0.0025,,,,,,,,,,,,
2026-07-23 10:35:00,28837.5,zone_skip,session,2026-07-22 20:00:00,28821.97,long,0.0005388250699032313,,,0.0,,,,,,,,,,
2026-07-23 10:35:00,28837.5,zone_skip,tolerance,2026-07-23 00:00:00,29201.15,short,0.012453276668898363,0.0025,,,,,,,,,,,,
2026-07-23 10:40:00,28801.8,zone_skip,tolerance,2026-07-21 00:00:00,29033.85,short,0.007992395083669553,0.0025,,,,,,,,,,,,
2026-07-23 10:40:00,28801.8,zone_skip,tolerance,2026-07-21 08:00:00,28550.77,long,0.008792407350134474,0.0025,,,,,,,,,,,,
2026-07-23 10:40:00,28801.8,zone_skip,session,2026-07-22 20:00:00,28821.97,long,0.0006998133715357379,,,0.0,,,,,,,,,,
2026-07-23 10:45:00,28804.55,zone_skip,tolerance,2026-07-21 00:00:00,29033.85,short,0.007897678055097732,0.0025,,,,,,,,,,,,
2026-07-23 10:45:00,28804.55,zone_skip,tolerance,2026-07-21 08:00:00,28550.77,long,0.00888872699405301,0.0025,,,,,,,,,,,,
2026-07-23 10:45:00,28804.55,zone_skip,session,2026-07-22 20:00:00,28821.97,long,0.0006044000462148108,,,0.0,,,,,,,,,,
2026-07-23 10:50:00,28820.3,zone_skip,tolerance,2026-07-21 00:00:00,29033.85,short,0.007355207800550023,0.0025,,,,,,,,,,,,
2026-07-23 10:50:00,28820.3,zone_skip,tolerance,2026-07-21 08:00:00,28550.77,long,0.009440375863768257,0.0025,,,,,,,,,,,,
2026-07-23 10:50:00,28820.3,zone_skip,session,2026-07-22 20:00:00,28821.97,long,5.7941910285864976e-05,,,0.0,,,,,,,,,,
2026-07-23 10:55:00,28848.8,zone_skip,tolerance,2026-07-21 00:00:00,29033.85,short,0.006373594958987502,0.0025,,,,,,,,,,,,
2026-07-23 10:55:00,28848.8,zone_skip,tolerance,2026-07-21 08:00:00,28550.77,long,0.010438597628014894,0.0025,,,,,,,,,,,,
2026-07-23 10:55:00,28848.8,zone_skip,session,2026-07-22 20:00:00,28821.97,long,0.0009308870975855609,,,0.0,,,,,,,,,,
2026-07-23 10:55:00,28848.8,zone_skip,tolerance,2026-07-23 00:00:00,29201.15,short,0.012066305607827163,0.0025,,,,,,,,,,,,
2026-07-23 11:00:00,28855.75,zone_skip,tolerance,2026-07-21 00:00:00,29033.85,short,0.006134219195869599,0.0025,,,,,,,,,,,,
2026-07-23 11:00:00,28855.75,zone_skip,tolerance,2026-07-21 08:00:00,28550.77,long,0.010682023637190856,0.0025,,,,,,,,,,,,
2026-07-23 11:00:00,28855.75,zone_skip,tolerance,2026-07-22 04:00:00,29218.41,short,0.012412037479109912,0.0025,,,,,,,,,,,,
2026-07-23 11:00:00,28855.75,zone_skip,session,2026-07-22 20:00:00,28821.97,long,0.0011720225924875653,,,0.0,,,,,,,,,,
2026-07-23 11:00:00,28855.75,zone_skip,tolerance,2026-07-23 00:00:00,29201.15,short,0.011828301282655013,0.0025,,,,,,,,,,,,
2026-07-23 11:05:00,28897.05,zone_skip,tolerance,2026-07-21 00:00:00,29033.85,short,0.004711741639500076,0.0025,,,,,,,,,,,,
2026-07-23 11:05:00,28897.05,zone_skip,tolerance,2026-07-21 08:00:00,28550.77,long,0.012128569562221924,0.0025,,,,,,,,,,,,
2026-07-23 11:05:00,28897.05,zone_skip,tolerance,2026-07-22 04:00:00,29218.41,short,0.010998545095369686,0.0025,,,,,,,,,,,,
2026-07-23 11:05:00,28897.05,zone_skip,tolerance,2026-07-22 20:00:00,28821.97,long,0.0026049572600345535,0.0025,,,,,,,,,,,,
2026-07-23 11:05:00,28897.05,zone_skip,tolerance,2026-07-23 00:00:00,29201.15,short,0.010413973422279676,0.0025,,,,,,,,,,,,
2026-07-23 11:10:00,28897.0,zone_skip,tolerance,2026-07-21 00:00:00,29033.85,short,0.0047134637672922655,0.0025,,,,,,,,,,,,
2026-07-23 11:10:00,28897.0,zone_skip,tolerance,2026-07-21 08:00:00,28550.77,long,0.012126818295968884,0.0025,,,,,,,,,,,,
2026-07-23 11:10:00,28897.0,zone_skip,tolerance,2026-07-22 04:00:00,29218.41,short,0.011000256345228911,0.0025,,,,,,,,,,,,
2026-07-23 11:10:00,28897.0,zone_skip,tolerance,2026-07-22 20:00:00,28821.97,long,0.002603222472301471,0.0025,,,,,,,,,,,,
2026-07-23 11:10:00,28897.0,zone_skip,tolerance,2026-07-23 00:00:00,29201.15,short,0.010415685683611824,0.0025,,,,,,,,,,,,
2026-07-23 11:15:00,28911.3,zone_skip,tolerance,2026-07-21 00:00:00,29033.85,short,0.004220935218718815,0.0025,,,,,,,,,,,,
2026-07-23 11:15:00,28911.3,zone_skip,tolerance,2026-07-22 04:00:00,29218.41,short,0.010510838885483521,0.0025,,,,,,,,,,,,
2026-07-23 11:15:00,28911.3,zone_skip,tolerance,2026-07-22 20:00:00,28821.97,long,0.0030993717639702665,0.0025,,,,,,,,,,,,
2026-07-23 11:15:00,28911.3,zone_skip,tolerance,2026-07-23 00:00:00,29201.15,short,0.00992597894261021,0.0025,,,,,,,,,,,,
2026-07-23 11:20:00,28886.3,zone_skip,tolerance,2026-07-21 00:00:00,29033.85,short,0.00508199911482629,0.0025,,,,,,,,,,,,
2026-07-23 11:20:00,28886.3,zone_skip,tolerance,2026-07-21 08:00:00,28550.77,long,0.011752047317813104,0.0025,,,,,,,,,,,,
2026-07-23 11:20:00,28886.3,zone_skip,tolerance,2026-07-22 04:00:00,29218.41,short,0.011366463815108372,0.0025,,,,,,,,,,,,
2026-07-23 11:20:00,28886.3,zone_skip,session,2026-07-22 20:00:00,28821.97,long,0.0022319778974163843,,,0.0,,,,,,,,,,
2026-07-23 11:20:00,28886.3,zone_skip,tolerance,2026-07-23 00:00:00,29201.15,short,0.010782109608696992,0.0025,,,,,,,,,,,,
2026-07-23 11:25:00,28911.5,zone_skip,tolerance,2026-07-21 00:00:00,29033.85,short,0.004214046707549931,0.0025,,,,,,,,,,,,
2026-07-23 11:25:00,28911.5,zone_skip,tolerance,2026-07-22 04:00:00,29218.41,short,0.010503993886046498,0.0025,,,,,,,,,,,,
2026-07-23 11:25:00,28911.5,zone_skip,tolerance,2026-07-22 20:00:00,28821.97,long,0.0031063109149027227,0.0025,,,,,,,,,,,,
2026-07-23 11:25:00,28911.5,zone_skip,tolerance,2026-07-23 00:00:00,29201.15,short,0.009919129897281493,0.0025,,,,,,,,,,,,
2026-07-23 11:30:00,28918.25,zone_skip,tolerance,2026-07-21 00:00:00,29033.85,short,0.003981559455600912,0.0025,,,,,,,,,,,,
2026-07-23 11:30:00,28918.25,zone_skip,tolerance,2026-07-22 04:00:00,29218.41,short,0.010272975155047789,0.0025,,,,,,,,,,,,
2026-07-23 11:30:00,28918.25,zone_skip,tolerance,2026-07-22 20:00:00,28821.97,long,0.003340507258872271,0.0025,,,,,,,,,,,,
2026-07-23 11:30:00,28918.25,zone_skip,tolerance,2026-07-23 00:00:00,29201.15,short,0.009687974617438061,0.0025,,,,,,,,,,,,
2026-07-23 11:35:00,28904.55,zone_skip,tolerance,2026-07-21 00:00:00,29033.85,short,0.004453422470667833,0.0025,,,,,,,,,,,,
2026-07-23 11:35:00,28904.55,zone_skip,tolerance,2026-07-21 08:00:00,28550.77,long,0.012391259500181565,0.0025,,,,,,,,,,,,
2026-07-23 11:35:00,28904.55,zone_skip,tolerance,2026-07-22 04:00:00,29218.41,short,0.01074185761648223,0.0025,,,,,,,,,,,,
2026-07-23 11:35:00,28904.55,zone_skip,tolerance,2026-07-22 20:00:00,28821.97,long,0.0028651754200007184,0.0025,,,,,,,,,,,,
2026-07-23 11:35:00,28904.55,zone_skip,tolerance,2026-07-23 00:00:00,29201.15,short,0.010157134222453642,0.0025,,,,,,,,,,,,
2026-07-23 11:40:00,28899.05,zone_skip,tolerance,2026-07-21 00:00:00,29033.85,short,0.004642856527811478,0.0025,,,,,,,,,,,,
2026-07-23 11:40:00,28899.05,zone_skip,tolerance,2026-07-21 08:00:00,28550.77,long,0.012198620212344495,0.0025,,,,,,,,,,,,
2026-07-23 11:40:00,28899.05,zone_skip,tolerance,2026-07-22 04:00:00,29218.41,short,0.010930095100999697,0.0025,,,,,,,,,,,,
2026-07-23 11:40:00,28899.05,zone_skip,tolerance,2026-07-22 20:00:00,28821.97,long,0.0026743487693588644,0.0025,,,,,,,,,,,,
2026-07-23 11:40:00,28899.05,zone_skip,tolerance,2026-07-23 00:00:00,29201.15,short,0.010345482968992735,0.0025,,,,,,,,,,,,
2026-07-23 11:45:00,28911.25,zone_skip,tolerance,2026-07-21 00:00:00,29033.85,short,0.004222657346511005,0.0025,,,,,,,,,,,,
2026-07-23 11:45:00,28911.25,zone_skip,tolerance,2026-07-22 04:00:00,29218.41,short,0.010512550135342746,0.0025,,,,,,,,,,,,
2026-07-23 11:45:00,28911.25,zone_skip,tolerance,2026-07-22 20:00:00,28821.97,long,0.003097636976237184,0.0025,,,,,,,,,,,,
2026-07-23 11:45:00,28911.25,zone_skip,tolerance,2026-07-23 00:00:00,29201.15,short,0.00992769120394236,0.0025,,,,,,,,,,,,
2026-07-23 11:50:00,28937.3,zone_skip,tolerance,2026-07-21 00:00:00,29033.85,short,0.003325428766767042,0.0025,,,,,,,,,,,,
2026-07-23 11:50:00,28937.3,zone_skip,tolerance,2026-07-22 04:00:00,29218.41,short,0.009620988958673677,0.0025,,,,,,,,,,,,
2026-07-23 11:50:00,28937.3,zone_skip,tolerance,2026-07-22 20:00:00,28821.97,long,0.004001461385186304,0.0025,,,,,,,,,,,,
2026-07-23 11:50:00,28937.3,zone_skip,tolerance,2026-07-23 00:00:00,29201.15,short,0.00903560304987996,0.0025,,,,,,,,,,,,
2026-07-23 11:55:00,28964.3,zone_skip,session,2026-07-21 00:00:00,29033.85,short,0.0023954797589709692,,,0.0,,,,,,,,,,
2026-07-23 11:55:00,28964.3,zone_skip,tolerance,2026-07-22 04:00:00,29218.41,short,0.008696914034678841,0.0025,,,,,,,,,,,,
2026-07-23 11:55:00,28964.3,zone_skip,tolerance,2026-07-22 20:00:00,28821.97,long,0.004938246761064497,0.0025,,,,,,,,,,,,
2026-07-23 11:55:00,28964.3,zone_skip,tolerance,2026-07-23 00:00:00,29201.15,short,0.008110981930506236,0.0025,,,,,,,,,,,,
2026-07-23 12:00:00,28988.0,zone_skip,session,2026-07-21 00:00:00,29033.85,short,0.0015791911854610584,,,0.0,,,,,,,,,,
2026-07-23 12:00:00,28988.0,zone_skip,tolerance,2026-07-22 04:00:00,29218.41,short,0.007885781601394458,0.0025,,,,,,,,,,,,
2026-07-23 12:00:00,28988.0,zone_skip,tolerance,2026-07-22 20:00:00,28821.97,long,0.005760536146557603,0.0025,,,,,,,,,,,,
2026-07-23 12:00:00,28988.0,zone_skip,tolerance,2026-07-23 00:00:00,29201.15,short,0.007299370059055943,0.0025,,,,,,,,,,,,
2026-07-23 12:05:00,28967.5,zone_skip,session,2026-07-21 00:00:00,29033.85,short,0.0022852635802691874,,,0.0,,,,,,,,,,
2026-07-23 12:05:00,28967.5,zone_skip,tolerance,2026-07-22 04:00:00,29218.41,short,0.008587394043686835,0.0025,,,,,,,,,,,,
2026-07-23 12:05:00,28967.5,zone_skip,tolerance,2026-07-22 20:00:00,28821.97,long,0.00504927317598342,0.0025,,,,,,,,,,,,
2026-07-23 12:05:00,28967.5,zone_skip,tolerance,2026-07-23 00:00:00,29201.15,short,0.008001397205247103,0.0025,,,,,,,,,,,,
2026-07-23 12:10:00,28942.8,zone_skip,tolerance,2026-07-21 00:00:00,29033.85,short,0.0031359947096233974,0.0025,,,,,,,,,,,,
2026-07-23 12:10:00,28942.8,zone_skip,tolerance,2026-07-22 04:00:00,29218.41,short,0.00943275147415621,0.0025,,,,,,,,,,,,
2026-07-23 12:10:00,28942.8,zone_skip,tolerance,2026-07-22 20:00:00,28821.97,long,0.004192288035828158,0.0025,,,,,,,,,,,,
2026-07-23 12:10:00,28942.8,zone_skip,tolerance,2026-07-23 00:00:00,29201.15,short,0.008847254303340867,0.0025,,,,,,,,,,,,
2026-07-23 12:15:00,28949.8,zone_skip,tolerance,2026-07-21 00:00:00,29033.85,short,0.0028948968187133047,0.0025,,,,,,,,,,,,
2026-07-23 12:15:00,28949.8,zone_skip,tolerance,2026-07-22 04:00:00,29218.41,short,0.009193176493861253,0.0025,,,,,,,,,,,,
2026-07-23 12:15:00,28949.8,zone_skip,tolerance,2026-07-22 20:00:00,28821.97,long,0.004435158318463245,0.0025,,,,,,,,,,,,
2026-07-23 12:15:00,28949.8,zone_skip,tolerance,2026-07-23 00:00:00,29201.15,short,0.00860753771683657,0.0025,,,,,,,,,,,,
2026-07-23 12:20:00,28957.05,zone_skip,tolerance,2026-07-21 00:00:00,29033.85,short,0.002645188288842137,0.0025,,,,,,,,,,,,
2026-07-23 12:20:00,28957.05,zone_skip,tolerance,2026-07-22 04:00:00,29218.41,short,0.008945045264270047,0.0025,,,,,,,,,,,,
2026-07-23 12:20:00,28957.05,zone_skip,tolerance,2026-07-22 20:00:00,28821.97,long,0.004686702539763871,0.0025,,,,,,,,,,,,
2026-07-23 12:20:00,28957.05,zone_skip,tolerance,2026-07-23 00:00:00,29201.15,short,0.008359259823671403,0.0025,,,,,,,,,,,,
2026-07-23 12:25:00,28952.55,zone_skip,tolerance,2026-07-21 00:00:00,29033.85,short,0.0028001797901414825,0.0025,,,,,,,,,,,,
2026-07-23 12:25:00,28952.55,zone_skip,tolerance,2026-07-22 04:00:00,29218.41,short,0.00909905775160252,0.0025,,,,,,,,,,,,
2026-07-23 12:25:00,28952.55,zone_skip,tolerance,2026-07-22 20:00:00,28821.97,long,0.004530571643784172,0.0025,,,,,,,,,,,,
2026-07-23 12:25:00,28952.55,zone_skip,tolerance,2026-07-23 00:00:00,29201.15,short,0.008513363343567023,0.0025,,,,,,,,,,,,
2026-07-23 12:30:00,28934.75,zone_skip,tolerance,2026-07-21 00:00:00,29033.85,short,0.003413257284169979,0.0025,,,,,,,,,,,,
2026-07-23 12:30:00,28934.75,zone_skip,tolerance,2026-07-22 04:00:00,29218.41,short,0.009708262701495388,0.0025,,,,,,,,,,,,
2026-07-23 12:30:00,28934.75,zone_skip,tolerance,2026-07-22 20:00:00,28821.97,long,0.003912987210797834,0.0025,,,,,,,,,,,,
2026-07-23 12:30:00,28934.75,zone_skip,tolerance,2026-07-23 00:00:00,29201.15,short,0.009122928377820786,0.0025,,,,,,,,,,,,
2026-07-23 12:35:00,28937.05,zone_skip,tolerance,2026-07-21 00:00:00,29033.85,short,0.0033340394057281165,0.0025,,,,,,,,,,,,
2026-07-23 12:35:00,28937.05,zone_skip,tolerance,2026-07-22 04:00:00,29218.41,short,0.009629545207969926,0.0025,,,,,,,,,,,,
2026-07-23 12:35:00,28937.05,zone_skip,tolerance,2026-07-22 20:00:00,28821.97,long,0.003992787446520765,0.0025,,,,,,,,,,,,
2026-07-23 12:35:00,28937.05,zone_skip,tolerance,2026-07-23 00:00:00,29201.15,short,0.009044164356540827,0.0025,,,,,,,,,,,,
2026-07-23 12:40:00,28936.75,zone_skip,tolerance,2026-07-21 00:00:00,29033.85,short,0.003344372172481381,0.0025,,,,,,,,,,,,
2026-07-23 12:40:00,28936.75,zone_skip,tolerance,2026-07-22 04:00:00,29218.41,short,0.0096398127071254,0.0025,,,,,,,,,,,,
2026-07-23 12:40:00,28936.75,zone_skip,tolerance,2026-07-22 20:00:00,28821.97,long,0.003982378720122144,0.0025,,,,,,,,,,,,
2026-07-23 12:40:00,28936.75,zone_skip,tolerance,2026-07-23 00:00:00,29201.15,short,0.009054437924533844,0.0025,,,,,,,,,,,,
2026-07-23 12:45:00,28935.25,zone_skip,tolerance,2026-07-21 00:00:00,29033.85,short,0.00339603600624783,0.0025,,,,,,,,,,,,
2026-07-23 12:45:00,28935.25,zone_skip,tolerance,2026-07-22 04:00:00,29218.41,short,0.009691150202902891,0.0025,,,,,,,,,,,,
2026-07-23 12:45:00,28935.25,zone_skip,tolerance,2026-07-22 20:00:00,28821.97,long,0.003930335088128911,0.0025,,,,,,,,,,,,
2026-07-23 12:45:00,28935.25,zone_skip,tolerance,2026-07-23 00:00:00,29201.15,short,0.00910580576449905,0.0025,,,,,,,,,,,,
2026-07-23 12:50:00,28925.25,zone_skip,tolerance,2026-07-21 00:00:00,29033.85,short,0.0037404615646908193,0.0025,,,,,,,,,,,,
2026-07-23 12:50:00,28925.25,zone_skip,tolerance,2026-07-22 04:00:00,29218.41,short,0.01003340017475283,0.0025,,,,,,,,,,,,
2026-07-23 12:50:00,28925.25,zone_skip,tolerance,2026-07-22 20:00:00,28821.97,long,0.003583377541507358,0.0025,,,,,,,,,,,,
2026-07-23 12:50:00,28925.25,zone_skip,tolerance,2026-07-23 00:00:00,29201.15,short,0.009448258030933762,0.0025,,,,,,,,,,,,
2026-07-23 12:55:00,28916.25,zone_skip,tolerance,2026-07-21 00:00:00,29033.85,short,0.004050444567289511,0.0025,,,,,,,,,,,,
2026-07-23 12:55:00,28916.25,zone_skip,tolerance,2026-07-22 04:00:00,29218.41,short,0.010341425149417776,0.0025,,,,,,,,,,,,
2026-07-23 12:55:00,28916.25,zone_skip,tolerance,2026-07-22 20:00:00,28821.97,long,0.0032711157495479604,0.0025,,,,,,,,,,,,
2026-07-23 12:55:00,28916.25,zone_skip,tolerance,2026-07-23 00:00:00,29201.15,short,0.009756465070725003,0.0025,,,,,,,,,,,,
2026-07-23 13:00:00,28920.55,zone_skip,tolerance,2026-07-21 00:00:00,29033.85,short,0.00390234157715905,0.0025,,,,,,,,,,,,
2026-07-23 13:00:00,28920.55,zone_skip,tolerance,2026-07-22 04:00:00,29218.41,short,0.010194257661522326,0.0025,,,,,,,,,,,,
2026-07-23 13:00:00,28920.55,zone_skip,tolerance,2026-07-22 20:00:00,28821.97,long,0.003420307494595203,0.0025,,,,,,,,,,,,
2026-07-23 13:00:00,28920.55,zone_skip,tolerance,2026-07-23 00:00:00,29201.15,short,0.009609210596158102,0.0025,,,,,,,,,,,,
2026-07-23 13:05:00,28909.75,zone_skip,tolerance,2026-07-21 00:00:00,29033.85,short,0.004274321180277454,0.0025,,,,,,,,,,,,
2026-07-23 13:05:00,28909.75,zone_skip,tolerance,2026-07-22 04:00:00,29218.41,short,0.010563887631120237,0.0025,,,,,,,,,,,,
2026-07-23 13:05:00,28909.75,zone_skip,tolerance,2026-07-22 20:00:00,28821.97,long,0.003045593344243951,0.0025,,,,,,,,,,,,
2026-07-23 13:05:00,28909.75,zone_skip,tolerance,2026-07-23 00:00:00,29201.15,short,0.009979059043907567,0.0025,,,,,,,,,,,,
2026-07-23 13:10:00,28904.0,zone_skip,tolerance,2026-07-21 00:00:00,29033.85,short,0.004472365876382173,0.0025,,,,,,,,,,,,
2026-07-23 13:10:00,28904.0,zone_skip,tolerance,2026-07-21 08:00:00,28550.77,long,0.012371995571397884,0.0025,,,,,,,,,,,,
2026-07-23 13:10:00,28904.0,zone_skip,tolerance,2026-07-22 04:00:00,29218.41,short,0.010760681364933952,0.0025,,,,,,,,,,,,
2026-07-23 13:10:00,28904.0,zone_skip,tolerance,2026-07-22 20:00:00,28821.97,long,0.0028460927549365583,0.0025,,,,,,,,,,,,
2026-07-23 13:10:00,28904.0,zone_skip,tolerance,2026-07-23 00:00:00,29201.15,short,0.010175969097107527,0.0025,,,,,,,,,,,,
2026-07-23 13:15:00,28902.0,zone_skip,tolerance,2026-07-21 00:00:00,29033.85,short,0.004541250988070771,0.0025,,,,,,,,,,,,
2026-07-23 13:15:00,28902.0,zone_skip,tolerance,2026-07-21 08:00:00,28550.77,long,0.012301944921275313,0.0025,,,,,,,,,,,,
2026-07-23 13:15:00,28902.0,zone_skip,tolerance,2026-07-22 04:00:00,29218.41,short,0.010829131359303941,0.0025,,,,,,,,,,,,
2026-07-23 13:15:00,28902.0,zone_skip,tolerance,2026-07-22 20:00:00,28821.97,long,0.0027767012456122475,0.0025,,,,,,,,,,,,
2026-07-23 13:15:00,28902.0,zone_skip,tolerance,2026-07-23 00:00:00,29201.15,short,0.010244459550394469,0.0025,,,,,,,,,,,,
2026-07-23 13:20:00,28910.8,zone_skip,tolerance,2026-07-21 00:00:00,29033.85,short,0.004238156496640965,0.0025,,,,,,,,,,,,
2026-07-23 13:20:00,28910.8,zone_skip,tolerance,2026-07-22 04:00:00,29218.41,short,0.010527951384076018,0.0025,,,,,,,,,,,,
2026-07-23 13:20:00,28910.8,zone_skip,tolerance,2026-07-22 20:00:00,28821.97,long,0.003082023886639189,0.0025,,,,,,,,,,,,
2026-07-23 13:20:00,28910.8,zone_skip,tolerance,2026-07-23 00:00:00,29201.15,short,0.009943101555931947,0.0025,,,,,,,,,,,,
2026-07-23 13:25:00,28914.5,zone_skip,tolerance,2026-07-21 00:00:00,29033.85,short,0.004110719040017034,0.0025,,,,,,,,,,,,
2026-07-23 13:25:00,28914.5,zone_skip,tolerance,2026-07-22 04:00:00,29218.41,short,0.010401318894491515,0.0025,,,,,,,,,,,,
2026-07-23 13:25:00,28914.5,zone_skip,tolerance,2026-07-22 20:00:00,28821.97,long,0.0032103981788891888,0.0025,,,,,,,,,,,,
2026-07-23 13:25:00,28914.5,zone_skip,tolerance,2026-07-23 00:00:00,29201.15,short,0.009816394217351079,0.0025,,,,,,,,,,,,
2026-07-23 13:30:00,28954.25,zone_skip,tolerance,2026-07-21 00:00:00,29033.85,short,0.002741627445206149,0.0025,,,,,,,,,,,,
2026-07-23 13:30:00,28954.25,zone_skip,tolerance,2026-07-22 04:00:00,29218.41,short,0.009040875256388005,0.0025,,,,,,,,,,,,
2026-07-23 13:30:00,28954.25,zone_skip,tolerance,2026-07-22 20:00:00,28821.97,long,0.004589554426709862,0.0025,,,,,,,,,,,,
2026-07-23 13:30:00,28954.25,zone_skip,tolerance,2026-07-23 00:00:00,29201.15,short,0.008455146458273097,0.0025,,,,,,,,,,,,
2026-07-23 13:35:00,28971.25,enter,entry,2026-07-21 00:00:00,29033.85,short,0.002156103995853066,,,1.0,2.75,2.0,1.0,bull,0.5,5.75,1.6,394.8430459704806,0.8602397097663858,28971.25
2026-07-23 13:40:00,28961.8,bar_skip,cooldown,,,,,,,,,,,,,,,,,
2026-07-23 13:45:00,28967.5,bar_skip,cooldown,,,,,,,,,,,,,,,,,
2026-07-23 13:50:00,28959.3,bar_skip,cooldown,,,,,,,,,,,,,,,,,
2026-07-23 13:55:00,28963.75,zone_skip,chasing,2026-07-21 00:00:00,29033.85,short,0.0024144231646853085,,43.26215975152833,,,,,,,,,,,
2026-07-23 13:55:00,28963.75,zone_skip,tolerance,2026-07-22 04:00:00,29218.41,short,0.008715737783130562,0.0025,,,,,,,,,,,,
2026-07-23 13:55:00,28963.75,zone_skip,tolerance,2026-07-22 20:00:00,28821.97,long,0.004919164096000337,0.0025,,,,,,,,,,,,
2026-07-23 13:55:00,28963.75,zone_skip,tolerance,2026-07-23 00:00:00,29201.15,short,0.00812981680516012,0.0025,,,,,,,,,,,,
2026-07-23 14:00:00,28918.55,zone_skip,tolerance,2026-07-21 00:00:00,29033.85,short,0.003971226688847648,0.0025,,,,,,,,,,,,
2026-07-23 14:00:00,28918.55,zone_skip,tolerance,2026-07-22 04:00:00,29218.41,short,0.010262707655892316,0.0025,,,,,,,,,,,,
2026-07-23 14:00:00,28918.55,zone_skip,tolerance,2026-07-22 20:00:00,28821.97,long,0.0033509159852708925,0.0025,,,,,,,,,,,,
2026-07-23 14:00:00,28918.55,zone_skip,tolerance,2026-07-23 00:00:00,29201.15,short,0.009677701049445044,0.0025,,,,,,,,,,,,
2026-07-23 14:05:00,28902.5,zone_skip,tolerance,2026-07-21 00:00:00,29033.85,short,0.004524029710148621,0.0025,,,,,,,,,,,,
2026-07-23 14:05:00,28902.5,zone_skip,tolerance,2026-07-21 08:00:00,28550.77,long,0.012319457583805956,0.0025,,,,,,,,,,,,
2026-07-23 14:05:00,28902.5,zone_skip,tolerance,2026-07-22 04:00:00,29218.41,short,0.010812018860711444,0.0025,,,,,,,,,,,,
2026-07-23 14:05:00,28902.5,zone_skip,tolerance,2026-07-22 20:00:00,28821.97,long,0.002794049122943325,0.0025,,,,,,,,,,,,
2026-07-23 14:05:00,28902.5,zone_skip,tolerance,2026-07-23 00:00:00,29201.15,short,0.010227336937072734,0.0025,,,,,,,,,,,,
2026-07-23 14:10:00,28919.0,zone_skip,tolerance,2026-07-21 00:00:00,29033.85,short,0.0039557275387176885,0.0025,,,,,,,,,,,,
2026-07-23 14:10:00,28919.0,zone_skip,tolerance,2026-07-22 04:00:00,29218.41,short,0.010247306407159044,0.0025,,,,,,,,,,,,
2026-07-23 14:10:00,28919.0,zone_skip,tolerance,2026-07-22 20:00:00,28821.97,long,0.0033665290748688876,0.0025,,,,,,,,,,,,
2026-07-23 14:10:00,28919.0,zone_skip,tolerance,2026-07-23 00:00:00,29201.15,short,0.009662290697455458,0.0025,,,,,,,,,,,,
2026-07-23 14:15:00,28912.0,zone_skip,tolerance,2026-07-21 00:00:00,29033.85,short,0.004196825429627781,0.0025,,,,,,,,,,,,
2026-07-23 14:15:00,28912.0,zone_skip,tolerance,2026-07-22 04:00:00,29218.41,short,0.010486881387454001,0.0025,,,,,,,,,,,,
2026-07-23 14:15:00,28912.0,zone_skip,tolerance,2026-07-22 20:00:00,28821.97,long,0.0031236587922338003,0.0025,,,,,,,,,,,,
2026-07-23 14:15:00,28912.0,zone_skip,tolerance,2026-07-23 00:00:00,29201.15,short,0.009902007283959756,0.0025,,,,,,,,,,,,
2026-07-23 14:20:00,28873.5,zone_skip,tolerance,2026-07-21 00:00:00,29033.85,short,0.005522863829633292,0.0025,,,,,,,,,,,,
2026-07-23 14:20:00,28873.5,zone_skip,tolerance,2026-07-21 08:00:00,28550.77,long,0.011303723157028675,0.0025,,,,,,,,,,,,
2026-07-23 14:20:00,28873.5,zone_skip,tolerance,2026-07-22 04:00:00,29218.41,short,0.01180454377907627,0.0025,,,,,,,,,,,,
2026-07-23 14:20:00,28873.5,zone_skip,score_h4,2026-07-22 20:00:00,28821.97,long,0.0017878722377408218,,,,0.0,0.0,0.0,,,,,,,
2026-07-23 14:20:00,28873.5,zone_skip,tolerance,2026-07-23 00:00:00,29201.15,short,0.011220448509733399,0.0025,,,,,,,,,,,,
2026-07-23 14:25:00,28855.55,zone_skip,tolerance,2026-07-21 00:00:00,29033.85,short,0.006141107707038484,0.0025,,,,,,,,,,,,
2026-07-23 14:25:00,28855.55,zone_skip,tolerance,2026-07-21 08:00:00,28550.77,long,0.010675018572178573,0.0025,,,,,,,,,,,,
2026-07-23 14:25:00,28855.55,zone_skip,tolerance,2026-07-22 04:00:00,29218.41,short,0.012418882478546936,0.0025,,,,,,,,,,,,
2026-07-23 14:25:00,28855.55,zone_skip,score_h4,2026-07-22 20:00:00,28821.97,long,0.001165083441555109,,,,0.0,0.0,0.0,,,,,,,
2026-07-23 14:25:00,28855.55,zone_skip,tolerance,2026-07-23 00:00:00,29201.15,short,0.011835150327983733,0.0025,,,,,,,,,,,,
2026-07-23 14:30:00,28841.5,zone_skip,tolerance,2026-07-21 00:00:00,29033.85,short,0.006625025616650859,0.0025,,,,,,,,,,,,
2026-07-23 14:30:00,28841.5,zone_skip,tolerance,2026-07-21 08:00:00,28550.77,long,0.010182912755067537,0.0025,,,,,,,,,,,,
2026-07-23 14:30:00,28841.5,zone_skip,score_h4,2026-07-22 20:00:00,28821.97,long,0.0006776080885518525,,,,0.0,0.0,0.0,,,,,,,
2026-07-23 14:30:00,28841.5,zone_skip,tolerance,2026-07-23 00:00:00,29201.15,short,0.012316295762324478,0.0025,,,,,,,,,,,,
2026-07-23 14:35:00,28790.55,zone_skip,tolerance,2026-07-21 00:00:00,29033.85,short,0.008379873836917918,0.0025,,,,,,,,,,,,
2026-07-23 14:35:00,28790.55,zone_skip,tolerance,2026-07-21 08:00:00,28550.77,long,0.008398372443195011,0.0025,,,,,,,,,,,,
2026-07-23 14:35:00,28790.55,zone_skip,score_h4,2026-07-22 20:00:00,28821.97,long,0.001090140611484985,,,,0.0,0.0,0.0,,,,,,,
2026-07-23 14:40:00,28786.25,zone_skip,tolerance,2026-07-21 00:00:00,29033.85,short,0.008527976827048379,0.0025,,,,,,,,,,,,
2026-07-23 14:40:00,28786.25,zone_skip,tolerance,2026-07-21 08:00:00,28550.77,long,0.008247763545431509,0.0025,,,,,,,,,,,,
2026-07-23 14:40:00,28786.25,zone_skip,score_h4,2026-07-22 20:00:00,28821.97,long,0.0012393323565322275,,,,0.0,0.0,0.0,,,,,,,
2026-07-23 14:45:00,28800.3,zone_skip,tolerance,2026-07-21 00:00:00,29033.85,short,0.008044058917436002,0.0025,,,,,,,,,,,,
2026-07-23 14:45:00,28800.3,zone_skip,tolerance,2026-07-21 08:00:00,28550.77,long,0.008739869362542545,0.0025,,,,,,,,,,,,
2026-07-23 14:45:00,28800.3,zone_skip,score_h4,2026-07-22 20:00:00,28821.97,long,0.0007518570035289708,,,,0.0,0.0,0.0,,,,,,,
2026-07-23 14:50:00,28814.25,zone_skip,tolerance,2026-07-21 00:00:00,29033.85,short,0.007563585263408007,0.0025,,,,,,,,,,,,
2026-07-23 14:50:00,28814.25,zone_skip,tolerance,2026-07-21 08:00:00,28550.77,long,0.009228472647147505,0.0025,,,,,,,,,,,,
2026-07-23 14:50:00,28814.25,zone_skip,score_h4,2026-07-22 20:00:00,28821.97,long,0.00026785122599187923,,,,0.0,0.0,0.0,,,,,,,
2026-07-23 14:55:00,28826.0,zone_skip,tolerance,2026-07-21 00:00:00,29033.85,short,0.007158885232237493,0.0025,,,,,,,,,,,,
2026-07-23 14:55:00,28826.0,zone_skip,tolerance,2026-07-21 08:00:00,28550.77,long,0.00964002021661761,0.0025,,,,,,,,,,,,
2026-07-23 14:55:00,28826.0,zone_skip,score_h4,2026-07-22 20:00:00,28821.97,long,0.00013982389128844544,,,,0.0,0.0,0.0,,,,,,,
2026-07-23 15:00:00,28811.55,zone_skip,tolerance,2026-07-21 00:00:00,29033.85,short,0.007656580164187639,0.0025,,,,,,,,,,,,
2026-07-23 15:00:00,28811.55,zone_skip,tolerance,2026-07-21 08:00:00,28550.77,long,0.009133904269482008,0.0025,,,,,,,,,,,,
2026-07-23 15:00:00,28811.55,zone_skip,score_h4,2026-07-22 20:00:00,28821.97,long,0.0003615297635797238,,,,0.0,0.0,0.0,,,,,,,
2026-07-23 15:05:00,28785.55,zone_skip,tolerance,2026-07-21 00:00:00,29033.85,short,0.008552086616139412,0.0025,,,,,,,,,,,,
2026-07-23 15:05:00,28785.55,zone_skip,tolerance,2026-07-21 08:00:00,28550.77,long,0.008223245817888584,0.0025,,,,,,,,,,,,
2026-07-23 15:05:00,28785.55,zone_skip,score_h4,2026-07-22 20:00:00,28821.97,long,0.0012636193847957613,,,,0.0,0.0,0.0,,,,,,,
2026-07-23 15:10:00,28777.75,zone_skip,tolerance,2026-07-21 00:00:00,29033.85,short,0.008820738551724919,0.0025,,,,,,,,,,,,
2026-07-23 15:10:00,28777.75,zone_skip,tolerance,2026-07-21 08:00:00,28550.77,long,0.007950048282410582,0.0025,,,,,,,,,,,,
2026-07-23 15:10:00,28777.75,zone_skip,score_h4,2026-07-22 20:00:00,28821.97,long,0.0015342462711605473,,,,0.0,0.0,0.0,,,,,,,
2026-07-23 15:15:00,28753.5,zone_skip,tolerance,2026-07-21 00:00:00,29033.85,short,0.00965597053094917,0.0025,,,,,,,,,,,,
2026-07-23 15:15:00,28753.5,zone_skip,tolerance,2026-07-21 08:00:00,28550.77,long,0.007100684149674407,0.0025,,,,,,,,,,,,
2026-07-23 15:15:00,28753.5,zone_skip,score_h4,2026-07-22 20:00:00,28821.97,long,0.0023756183217178133,,,,0.0,0.0,0.0,,,,,,,
2026-07-23 15:20:00,28735.3,zone_skip,tolerance,2026-07-21 00:00:00,29033.85,short,0.010282825047315437,0.0025,,,,,,,,,,,,
2026-07-23 15:20:00,28735.3,zone_skip,tolerance,2026-07-21 08:00:00,28550.77,long,0.006463223233558984,0.0025,,,,,,,,,,,,
2026-07-23 15:20:00,28735.3,zone_skip,tolerance,2026-07-22 20:00:00,28821.97,long,0.003007081056569065,0.0025,,,,,,,,,,,,
2026-07-23 15:25:00,28726.75,zone_skip,tolerance,2026-07-21 00:00:00,29033.85,short,0.010577308899784168,0.0025,,,,,,,,,,,,
2026-07-23 15:25:00,28726.75,zone_skip,tolerance,2026-07-21 08:00:00,28550.77,long,0.006163756704285018,0.0025,,,,,,,,,,,,
2026-07-23 15:25:00,28726.75,zone_skip,tolerance,2026-07-22 20:00:00,28821.97,long,0.003303729758930467,0.0025,,,,,,,,,,,,
2026-07-23 15:30:00,28699.6,zone_skip,tolerance,2026-07-21 00:00:00,29033.85,short,0.011512424290956936,0.0025,,,,,,,,,,,,
2026-07-23 15:30:00,28699.6,zone_skip,tolerance,2026-07-21 08:00:00,28550.77,long,0.005212819128871064,0.0025,,,,,,,,,,,,
2026-07-23 15:30:00,28699.6,zone_skip,tolerance,2026-07-22 20:00:00,28821.97,long,0.004245719498008034,0.0025,,,,,,,,,,,,
2026-07-23 15:35:00,28657.35,zone_skip,tolerance,2026-07-21 08:00:00,28550.77,long,0.003732999145031749,0.0025,,,,,,,,,,,,
2026-07-23 15:35:00,28657.35,zone_skip,tolerance,2026-07-22 20:00:00,28821.97,long,0.005711615132484095,0.0025,,,,,,,,,,,,
2026-07-23 15:40:00,28650.1,zone_skip,tolerance,2026-07-21 08:00:00,28550.77,long,0.003479065538337429,0.0025,,,,,,,,,,,,
2026-07-23 15:40:00,28650.1,zone_skip,tolerance,2026-07-22 20:00:00,28821.97,long,0.005963159353784721,0.0025,,,,,,,,,,,,
2026-07-23 15:45:00,28647.85,zone_skip,tolerance,2026-07-21 08:00:00,28550.77,long,0.003400258556949536,0.0025,,,,,,,,,,,,
2026-07-23 15:45:00,28647.85,zone_skip,tolerance,2026-07-22 20:00:00,28821.97,long,0.00604122480177457,0.0025,,,,,,,,,,,,
2026-07-23 15:50:00,28645.35,zone_skip,tolerance,2026-07-21 08:00:00,28550.77,long,0.0033126952442963224,0.0025,,,,,,,,,,,,
2026-07-23 15:50:00,28645.35,zone_skip,tolerance,2026-07-22 20:00:00,28821.97,long,0.006127964188429959,0.0025,,,,,,,,,,,,
2026-07-23 15:55:00,28648.85,zone_skip,tolerance,2026-07-21 08:00:00,28550.77,long,0.0034352838820108215,0.0025,,,,,,,,,,,,
2026-07-23 15:55:00,28648.85,zone_skip,tolerance,2026-07-22 20:00:00,28821.97,long,0.006006529047112415,0.0025,,,,,,,,,,,,
2026-07-23 16:00:00,28631.1,zone_skip,tolerance,2026-07-21 08:00:00,28550.77,long,0.002813584362173003,0.0025,,,,,,,,,,,,
2026-07-23 16:00:00,28631.1,zone_skip,tolerance,2026-07-22 20:00:00,28821.97,long,0.006622378692365672,0.0025,,,,,,,,,,,,
2026-07-23 16:05:00,28589.1,zone_skip,score_h4,2026-07-21 08:00:00,28550.77,long,0.0013425207095990094,,,,0.0,0.0,0.0,,,,,,,
2026-07-23 16:05:00,28589.1,zone_skip,tolerance,2026-07-22 20:00:00,28821.97,long,0.008079600388176194,0.0025,,,,,,,,,,,,
2026-07-23 16:10:00,28588.35,zone_skip,score_h4,2026-07-21 08:00:00,28550.77,long,0.0013162517158030451,,,,0.0,0.0,0.0,,,,,,,
2026-07-23 16:10:00,28588.35,zone_skip,tolerance,2026-07-22 20:00:00,28821.97,long,0.00810562220417281,0.0025,,,,,,,,,,,,
2026-07-23 16:15:00,28577.85,zone_skip,score_h4,2026-07-21 08:00:00,28550.77,long,0.0009484858026595468,,,,0.0,0.0,0.0,,,,,,,
2026-07-23 16:15:00,28577.85,zone_skip,tolerance,2026-07-22 20:00:00,28821.97,long,0.008469927628125441,0.0025,,,,,,,,,,,,
2026-07-23 16:20:00,28564.1,zone_skip,score_h4,2026-07-21 08:00:00,28550.77,long,0.00046688758306687026,,,,0.0,0.0,0.0,,,,,,,
2026-07-23 16:20:00,28564.1,zone_skip,tolerance,2026-07-22 20:00:00,28821.97,long,0.008946994254730075,0.0025,,,,,,,,,,,,
2026-07-23 16:25:00,28581.1,zone_skip,score_h4,2026-07-21 08:00:00,28550.77,long,0.001062318109108725,,,,0.0,0.0,0.0,,,,,,,
2026-07-23 16:25:00,28581.1,zone_skip,tolerance,2026-07-22 20:00:00,28821.97,long,0.008357166425473435,0.0025,,,,,,,,,,,,
2026-07-23 16:30:00,28621.1,zone_skip,score_h4,2026-07-21 08:00:00,28550.77,long,0.0024633311115601474,,,,0.0,0.0,0.0,,,,,,,
2026-07-23 16:30:00,28621.1,zone_skip,tolerance,2026-07-22 20:00:00,28821.97,long,0.0069693362389872246,0.0025,,,,,,,,,,,,
2026-07-23 16:35:00,28658.1,zone_skip,tolerance,2026-07-21 08:00:00,28550.77,long,0.0037592681388277133,0.0025,,,,,,,,,,,,
2026-07-23 16:35:00,28658.1,zone_skip,tolerance,2026-07-22 20:00:00,28821.97,long,0.005685593316487479,0.0025,,,,,,,,,,,,
2026-07-23 16:40:00,28718.35,zone_skip,tolerance,2026-07-21 00:00:00,29033.85,short,0.01086662636887633,0.0025,,,,,,,,,,,,
2026-07-23 16:40:00,28718.35,zone_skip,tolerance,2026-07-21 08:00:00,28550.77,long,0.005869543973770168,0.0025,,,,,,,,,,,,
2026-07-23 16:40:00,28718.35,zone_skip,tolerance,2026-07-22 20:00:00,28821.97,long,0.003595174098092622,0.0025,,,,,,,,,,,,
2026-07-23 16:45:00,28621.85,zone_skip,score_h4,2026-07-21 08:00:00,28550.77,long,0.0024896001053561117,,,,0.0,0.0,0.0,,,,,,,
2026-07-23 16:45:00,28621.85,zone_skip,tolerance,2026-07-22 20:00:00,28821.97,long,0.006943314422990608,0.0025,,,,,,,,,,,,
2026-07-23 16:50:00,28677.85,zone_skip,tolerance,2026-07-21 00:00:00,29033.85,short,0.012261549880570438,0.0025,,,,,,,,,,,,
2026-07-23 16:50:00,28677.85,zone_skip,tolerance,2026-07-21 08:00:00,28550.77,long,0.004451018308788103,0.0025,,,,,,,,,,,,
2026-07-23 16:50:00,28677.85,zone_skip,tolerance,2026-07-22 20:00:00,28821.97,long,0.005000352161909911,0.0025,,,,,,,,,,,,
2026-07-23 16:55:00,28570.05,zone_skip,score_h4,2026-07-21 08:00:00,28550.77,long,0.0006752882671815448,,,,0.0,0.0,0.0,,,,,,,
2026-07-23 16:55:00,28570.05,zone_skip,tolerance,2026-07-22 20:00:00,28821.97,long,0.008740554514490228,0.0025,,,,,,,,,,,,
2026-07-23 17:00:00,28610.1,zone_skip,score_h4,2026-07-21 08:00:00,28550.77,long,0.002078052535886006,,,,0.0,0.0,0.0,,,,,,,
2026-07-23 17:00:00,28610.1,zone_skip,tolerance,2026-07-22 20:00:00,28821.97,long,0.007350989540270933,0.0025,,,,,,,,,,,,
2026-07-23 17:05:00,28577.8,zone_skip,score_h4,2026-07-21 08:00:00,28550.77,long,0.0009467345364065079,,,,0.0,0.0,0.0,,,,,,,
2026-07-23 17:05:00,28577.8,zone_skip,tolerance,2026-07-22 20:00:00,28821.97,long,0.008471662415858523,0.0025,,,,,,,,,,,,
2026-07-23 17:10:00,28565.55,zone_skip,score_h4,2026-07-21 08:00:00,28550.77,long,0.0005176743044057598,,,,0.0,0.0,0.0,,,,,,,
2026-07-23 17:10:00,28565.55,zone_skip,tolerance,2026-07-22 20:00:00,28821.97,long,0.008896685410469925,0.0025,,,,,,,,,,,,
2026-07-23 17:15:00,28566.35,zone_skip,score_h4,2026-07-21 08:00:00,28550.77,long,0.0005456945644547628,,,,0.0,0.0,0.0,,,,,,,
2026-07-23 17:15:00,28566.35,zone_skip,tolerance,2026-07-22 20:00:00,28821.97,long,0.008868928806740227,0.0025,,,,,,,,,,,,
2026-07-23 17:20:00,28571.85,zone_skip,score_h4,2026-07-21 08:00:00,28550.77,long,0.0007383338522918333,,,,0.0,0.0,0.0,,,,,,,
2026-07-23 17:20:00,28571.85,zone_skip,tolerance,2026-07-22 20:00:00,28821.97,long,0.008678102156098372,0.0025,,,,,,,,,,,,
2026-07-23 17:25:00,28594.35,zone_skip,score_h4,2026-07-21 08:00:00,28550.77,long,0.0015264036661707585,,,,0.0,0.0,0.0,,,,,,,
2026-07-23 17:25:00,28594.35,zone_skip,tolerance,2026-07-22 20:00:00,28821.97,long,0.00789744767619988,0.0025,,,,,,,,,,,,
2026-07-23 17:30:00,28531.85,zone_skip,score_h4,2026-07-21 08:00:00,28550.77,long,0.0006626791501595891,,,,0.0,0.0,0.0,,,,,,,
2026-07-23 17:30:00,28531.85,zone_skip,tolerance,2026-07-22 20:00:00,28821.97,long,0.010065932342584584,0.0025,,,,,,,,,,,,
2026-07-23 17:35:00,28617.35,zone_skip,score_h4,2026-07-21 08:00:00,28550.77,long,0.0023319861425803263,,,,0.0,0.0,1.0,,,,,,,
2026-07-23 17:35:00,28617.35,zone_skip,tolerance,2026-07-22 20:00:00,28821.97,long,0.007099445318970307,0.0025,,,,,,,,,,,,
2026-07-23 17:40:00,28507.6,zone_skip,score_h4,2026-07-21 08:00:00,28550.77,long,0.001512043282895764,,,,0.0,0.0,0.0,,,,,,,
2026-07-23 17:40:00,28507.6,zone_skip,tolerance,2026-07-22 20:00:00,28821.97,long,0.01090730439314185,0.0025,,,,,,,,,,,,
2026-07-23 17:45:00,28491.1,zone_skip,score_h4,2026-07-21 08:00:00,28550.77,long,0.002089961146406976,,,,0.0,0.0,0.0,,,,,,,
2026-07-23 17:45:00,28491.1,zone_skip,tolerance,2026-07-22 20:00:00,28821.97,long,0.011479784345067412,0.0025,,,,,,,,,,,,
2026-07-23 17:50:00,28443.85,zone_skip,tolerance,2026-07-21 08:00:00,28550.77,long,0.0037449077555527185,0.0025,,,,,,,,,,,,
2026-07-23 17:55:00,28458.1,zone_skip,tolerance,2026-07-21 08:00:00,28550.77,long,0.003245796873429399,0.0025,,,,,,,,,,,,
2026-07-23 18:00:00,28428.85,zone_skip,tolerance,2026-07-21 08:00:00,28550.77,long,0.004270287631472002,0.0025,,,,,,,,,,,,
2026-07-23 18:05:00,28390.1,zone_skip,tolerance,2026-07-21 08:00:00,28550.77,long,0.0056275189775968175,0.0025,,,,,,,,,,,,
2026-07-23 18:10:00,28355.1,zone_skip,tolerance,2026-07-21 08:00:00,28550.77,long,0.006853405354741812,0.0025,,,,,,,,,,,,
2026-07-23 18:15:00,28397.1,zone_skip,tolerance,2026-07-21 08:00:00,28550.77,long,0.005382341702167818,0.0025,,,,,,,,,,,,
2026-07-23 18:20:00,28364.35,zone_skip,tolerance,2026-07-21 08:00:00,28550.77,long,0.0065294210979249204,0.0025,,,,,,,,,,,,
2026-07-23 18:25:00,28326.6,zone_skip,tolerance,2026-07-21 08:00:00,28550.77,long,0.007851627118988451,0.0025,,,,,,,,,,,,
2026-07-23 18:30:00,28349.6,zone_skip,tolerance,2026-07-21 08:00:00,28550.77,long,0.007046044642578883,0.0025,,,,,,,,,,,,
2026-07-23 18:35:00,28387.6,zone_skip,tolerance,2026-07-21 08:00:00,28550.77,long,0.005715082290250031,0.0025,,,,,,,,,,,,
2026-07-23 18:40:00,28355.1,zone_skip,tolerance,2026-07-21 08:00:00,28550.77,long,0.006853405354741812,0.0025,,,,,,,,,,,,
2026-07-23 18:45:00,28382.85,zone_skip,tolerance,2026-07-21 08:00:00,28550.77,long,0.005881452584291138,0.0025,,,,,,,,,,,,
2026-07-23 18:50:00,28416.85,zone_skip,tolerance,2026-07-21 08:00:00,28550.77,long,0.004690591532207428,0.0025,,,,,,,,,,,,
2026-07-23 18:55:00,28447.85,zone_skip,tolerance,2026-07-21 08:00:00,28550.77,long,0.0036048064553075763,0.0025,,,,,,,,,,,,
2026-07-23 19:00:00,28475.85,zone_skip,tolerance,2026-07-21 08:00:00,28550.77,long,0.0026240973535915806,0.0025,,,,,,,,,,,,
2026-07-23 19:00:00,28475.85,zone_skip,tolerance,2026-07-22 20:00:00,28821.97,long,0.01200889460366528,0.0025,,,,,,,,,,,,
2026-07-23 19:05:00,28482.35,zone_skip,score_h4,2026-07-21 08:00:00,28550.77,long,0.0023964327406932246,,,,0.0,0.0,1.75,,,,,,,
2026-07-23 19:05:00,28482.35,zone_skip,tolerance,2026-07-22 20:00:00,28821.97,long,0.01178337219836127,0.0025,,,,,,,,,,,,
2026-07-23 19:10:00,28488.85,zone_skip,score_h4,2026-07-21 08:00:00,28550.77,long,0.002168768127794868,,,,0.0,0.0,1.75,,,,,,,
2026-07-23 19:10:00,28488.85,zone_skip,tolerance,2026-07-22 20:00:00,28821.97,long,0.011557849793057262,0.0025,,,,,,,,,,,,
2026-07-23 19:15:00,28490.1,zone_skip,score_h4,2026-07-21 08:00:00,28550.77,long,0.0021249864714682613,,,,0.0,0.0,1.75,,,,,,,
2026-07-23 19:15:00,28490.1,zone_skip,tolerance,2026-07-22 20:00:00,28821.97,long,0.011514480099729567,0.0025,,,,,,,,,,,,
2026-07-23 19:20:00,28547.6,zone_skip,score_h4,2026-07-21 08:00:00,28550.77,long,0.0001110302804443415,,,,0.0,0.0,2.0,,,,,,,
2026-07-23 19:20:00,28547.6,zone_skip,tolerance,2026-07-22 20:00:00,28821.97,long,0.009519474206655639,0.0025,,,,,,,,,,,,
2026-07-23 19:25:00,28566.1,zone_skip,score_h4,2026-07-21 08:00:00,28550.77,long,0.0005369382331894414,,,,0.0,0.0,2.0,,,,,,,
2026-07-23 19:25:00,28566.1,zone_skip,tolerance,2026-07-22 20:00:00,28821.97,long,0.008877602745405765,0.0025,,,,,,,,,,,,
2026-07-23 19:30:00,28550.6,zone_skip,score_h4,2026-07-21 08:00:00,28550.77,long,5.954305260484804e-06,,,,0.0,0.0,2.0,,,,,,,
2026-07-23 19:30:00,28550.6,zone_skip,tolerance,2026-07-22 20:00:00,28821.97,long,0.009415386942669173,0.0025,,,,,,,,,,,,
2026-07-23 19:35:00,28591.35,zone_skip,score_h4,2026-07-21 08:00:00,28550.77,long,0.0014213276909869018,,,,0.0,0.0,2.0,,,,,,,
2026-07-23 19:35:00,28591.35,zone_skip,tolerance,2026-07-22 20:00:00,28821.97,long,0.008001534940186345,0.0025,,,,,,,,,,,,
2026-07-23 19:40:00,28547.35,zone_skip,score_h4,2026-07-21 08:00:00,28550.77,long,0.00011978661170966288,,,,0.0,0.0,1.75,,,,,,,
2026-07-23 19:40:00,28547.35,zone_skip,tolerance,2026-07-22 20:00:00,28821.97,long,0.009528148145321177,0.0025,,,,,,,,,,,,
2026-07-23 19:45:00,28497.1,zone_skip,score_h4,2026-07-21 08:00:00,28550.77,long,0.0018798091960392624,,,,0.0,0.0,0.0,,,,,,,
2026-07-23 19:45:00,28497.1,zone_skip,tolerance,2026-07-22 20:00:00,28821.97,long,0.01127160981709448,0.0025,,,,,,,,,,,,
2026-07-23 19:50:00,28470.85,zone_skip,tolerance,2026-07-21 08:00:00,28550.77,long,0.002799223978898008,0.0025,,,,,,,,,,,,
2026-07-23 19:50:00,28470.85,zone_skip,tolerance,2026-07-22 20:00:00,28821.97,long,0.012182373376976058,0.0025,,,,,,,,,,,,
2026-07-23 19:55:00,28501.1,zone_skip,score_h4,2026-07-21 08:00:00,28550.77,long,0.0017397078957941201,,,,0.0,0.0,1.0,,,,,,,
2026-07-23 19:55:00,28501.1,zone_skip,tolerance,2026-07-22 20:00:00,28821.97,long,0.01113282679844586,0.0025,,,,,,,,,,,,
2026-07-23 20:00:00,28475.1,zone_skip,tolerance,2026-07-21 08:00:00,28550.77,long,0.002650366347387545,0.0025,,,,,,,,,,,,
2026-07-23 20:00:00,28475.1,zone_skip,tolerance,2026-07-22 20:00:00,28821.97,long,0.012034916419661897,0.0025,,,,,,,,,,,,
2026-07-23 20:05:00,28486.1,zone_skip,score_h4,2026-07-21 08:00:00,28550.77,long,0.0022650877717134035,,,,0.0,0.0,0.0,,,,,,,
2026-07-23 20:05:00,28486.1,zone_skip,tolerance,2026-07-22 20:00:00,28821.97,long,0.011653263118378188,0.0025,,,,,,,,,,,,
2026-07-23 20:10:00,28502.85,zone_skip,score_h4,2026-07-21 08:00:00,28550.77,long,0.0016784135769368704,,,,0.0,0.0,1.0,,,,,,,
2026-07-23 20:10:00,28502.85,zone_skip,tolerance,2026-07-22 20:00:00,28821.97,long,0.011072109227787088,0.0025,,,,,,,,,,,,
2026-07-23 20:15:00,28499.85,zone_skip,score_h4,2026-07-21 08:00:00,28550.77,long,0.001783489552120727,,,,0.0,0.0,1.0,,,,,,,
2026-07-23 20:15:00,28499.85,zone_skip,tolerance,2026-07-22 20:00:00,28821.97,long,0.011176196491773554,0.0025,,,,,,,,,,,,
2026-07-23 20:20:00,28523.85,zone_skip,score_h4,2026-07-21 08:00:00,28550.77,long,0.0009428817506498735,,,,0.0,0.0,1.5,,,,,,,
2026-07-23 20:20:00,28523.85,zone_skip,tolerance,2026-07-22 20:00:00,28821.97,long,0.010343498379881827,0.0025,,,,,,,,,,,,
2026-07-23 20:25:00,28512.85,zone_skip,score_h4,2026-07-21 08:00:00,28550.77,long,0.0013281603263240148,,,,0.0,0.0,1.0,,,,,,,
2026-07-23 20:25:00,28512.85,zone_skip,tolerance,2026-07-22 20:00:00,28821.97,long,0.010725151681165534,0.0025,,,,,,,,,,,,
2026-07-23 20:30:00,28480.6,zone_skip,score_h4,2026-07-21 08:00:00,28550.77,long,0.002457727059550474,,,,0.0,0.0,0.0,,,,,,,
2026-07-23 20:30:00,28480.6,zone_skip,tolerance,2026-07-22 20:00:00,28821.97,long,0.011844089769020042,0.0025,,,,,,,,,,,,
2026-07-23 20:35:00,28450.35,zone_skip,tolerance,2026-07-21 08:00:00,28550.77,long,0.0035172431426543625,0.0025,,,,,,,,,,,,
2026-07-23 20:40:00,28454.1,zone_skip,tolerance,2026-07-21 08:00:00,28550.77,long,0.0033858981736745414,0.0025,,,,,,,,,,,,
2026-07-23 20:45:00,28481.6,zone_skip,score_h4,2026-07-21 08:00:00,28550.77,long,0.0024227017344891884,,,,0.0,0.0,0.0,,,,,,,
2026-07-23 20:45:00,28481.6,zone_skip,tolerance,2026-07-22 20:00:00,28821.97,long,0.011809394014357887,0.0025,,,,,,,,,,,,
2026-07-23 20:50:00,28456.6,zone_skip,tolerance,2026-07-21 08:00:00,28550.77,long,0.0032983348610213276,0.0025,,,,,,,,,,,,
2026-07-23 20:55:00,28427.6,zone_skip,tolerance,2026-07-21 08:00:00,28550.77,long,0.004314069287798609,0.0025,,,,,,,,,,,,
2026-07-23 21:00:00,28421.6,zone_skip,tolerance,2026-07-21 08:00:00,28550.77,long,0.004524221238166322,0.0025,,,,,,,,,,,,
2026-07-23 21:05:00,28407.1,zone_skip,tolerance,2026-07-21 08:00:00,28550.77,long,0.005032088451554963,0.0025,,,,,,,,,,,,
2026-07-23 21:10:00,28419.6,zone_skip,tolerance,2026-07-21 08:00:00,28550.77,long,0.004594271888288893,0.0025,,,,,,,,,,,,
2026-07-23 21:15:00,28416.1,zone_skip,tolerance,2026-07-21 08:00:00,28550.77,long,0.0047168605260033926,0.0025,,,,,,,,,,,,
2026-07-23 21:20:00,28440.35,zone_skip,tolerance,2026-07-21 08:00:00,28550.77,long,0.003867496393267218,0.0025,,,,,,,,,,,,
2026-07-23 21:25:00,28435.35,zone_skip,tolerance,2026-07-21 08:00:00,28550.77,long,0.004042623018573646,0.0025,,,,,,,,,,,,
2026-07-23 21:30:00,28456.6,zone_skip,tolerance,2026-07-21 08:00:00,28550.77,long,0.0032983348610213276,0.0025,,,,,,,,,,,,
2026-07-23 21:35:00,28428.35,zone_skip,tolerance,2026-07-21 08:00:00,28550.77,long,0.004287800294002645,0.0025,,,,,,,,,,,,
2026-07-23 21:40:00,28410.35,zone_skip,tolerance,2026-07-21 08:00:00,28550.77,long,0.004918256145105785,0.0025,,,,,,,,,,,,
2026-07-23 21:45:00,28424.6,zone_skip,tolerance,2026-07-21 08:00:00,28550.77,long,0.004419145262982466,0.0025,,,,,,,,,,,,
2026-07-23 21:50:00,28392.6,zone_skip,tolerance,2026-07-21 08:00:00,28550.77,long,0.005539955664943604,0.0025,,,,,,,,,,,,
2026-07-23 21:55:00,28411.35,zone_skip,tolerance,2026-07-21 08:00:00,28550.77,long,0.004883230820044499,0.0025,,,,,,,,,,,,
2026-07-23 22:00:00,28375.85,zone_skip,tolerance,2026-07-21 08:00:00,28550.77,long,0.006126629859720137,0.0025,,,,,,,,,,,,
2026-07-23 22:05:00,28369.85,zone_skip,tolerance,2026-07-21 08:00:00,28550.77,long,0.00633678181008785,0.0025,,,,,,,,,,,,
2026-07-23 22:10:00,28367.1,zone_skip,tolerance,2026-07-21 08:00:00,28550.77,long,0.0064331014540063855,0.0025,,,,,,,,,,,,
2026-07-23 22:15:00,28385.35,zone_skip,tolerance,2026-07-21 08:00:00,28550.77,long,0.005793889271637924,0.0025,,,,,,,,,,,,
2026-07-23 22:20:00,28433.1,zone_skip,tolerance,2026-07-21 08:00:00,28550.77,long,0.004121429999961538,0.0025,,,,,,,,,,,,
2026-07-23 22:25:00,28442.35,zone_skip,tolerance,2026-07-21 08:00:00,28550.77,long,0.003797445743144647,0.0025,,,,,,,,,,,,
2026-07-23 22:30:00,28420.1,zone_skip,tolerance,2026-07-21 08:00:00,28550.77,long,0.00457675922575825,0.0025,,,,,,,,,,,,
2026-07-23 22:35:00,28399.35,zone_skip,tolerance,2026-07-21 08:00:00,28550.77,long,0.005303534720779926,0.0025,,,,,,,,,,,,
2026-07-23 22:40:00,28362.6,zone_skip,tolerance,2026-07-21 08:00:00,28550.77,long,0.006590715416782171,0.0025,,,,,,,,,,,,
2026-07-23 22:45:00,28358.6,zone_skip,tolerance,2026-07-21 08:00:00,28550.77,long,0.006730816717027313,0.0025,,,,,,,,,,,,
2026-07-23 22:50:00,28395.6,zone_skip,tolerance,2026-07-21 08:00:00,28550.77,long,0.005434879689759747,0.0025,,,,,,,,,,,,
2026-07-23 22:55:00,28469.35,zone_skip,tolerance,2026-07-21 08:00:00,28550.77,long,0.0028517619664899367,0.0025,,,,,,,,,,,,
2026-07-23 22:55:00,28469.35,zone_skip,tolerance,2026-07-22 20:00:00,28821.97,long,0.01223441700896929,0.0025,,,,,,,,,,,,
2026-07-23 23:00:00,28569.8,zone_skip,session,2026-07-21 08:00:00,28550.77,long,0.0006665319359162235,,,0.0,,,,,,,,,,
2026-07-23 23:00:00,28569.8,zone_skip,tolerance,2026-07-22 20:00:00,28821.97,long,0.008749228453155766,0.0025,,,,,,,,,,,,
2026-07-23 23:05:00,28574.3,zone_skip,session,2026-07-21 08:00:00,28550.77,long,0.0008241458986920085,,,0.0,,,,,,,,,,
2026-07-23 23:05:00,28574.3,zone_skip,tolerance,2026-07-22 20:00:00,28821.97,long,0.008593097557176067,0.0025,,,,,,,,,,,,
2026-07-23 23:10:00,28587.8,zone_skip,session,2026-07-21 08:00:00,28550.77,long,0.0012969877870193636,,,0.0,,,,,,,,,,
2026-07-23 23:10:00,28587.8,zone_skip,tolerance,2026-07-22 20:00:00,28821.97,long,0.00812470486923697,0.0025,,,,,,,,,,,,
2026-07-23 23:15:00,28615.85,zone_skip,session,2026-07-21 08:00:00,28550.77,long,0.0022794481549883983,,,0.0,,,,,,,,,,
2026-07-23 23:15:00,28615.85,zone_skip,tolerance,2026-07-22 20:00:00,28821.97,long,0.00715148895096354,0.0025,,,,,,,,,,,,
2026-07-23 23:20:00,28631.1,zone_skip,tolerance,2026-07-21 08:00:00,28550.77,long,0.002813584362173003,0.0025,,,,,,,,,,,,
2026-07-23 23:20:00,28631.1,zone_skip,tolerance,2026-07-22 20:00:00,28821.97,long,0.006622378692365672,0.0025,,,,,,,,,,,,
2026-07-23 23:25:00,28630.3,zone_skip,tolerance,2026-07-21 08:00:00,28550.77,long,0.002785564102124,0.0025,,,,,,,,,,,,
2026-07-23 23:25:00,28630.3,zone_skip,tolerance,2026-07-22 20:00:00,28821.97,long,0.00665013529609537,0.0025,,,,,,,,,,,,
2026-07-23 23:30:00,28627.6,zone_skip,tolerance,2026-07-21 08:00:00,28550.77,long,0.0026909957244585034,0.0025,,,,,,,,,,,,
2026-07-23 23:30:00,28627.6,zone_skip,tolerance,2026-07-22 20:00:00,28821.97,long,0.006743813833683215,0.0025,,,,,,,,,,,,
2026-07-23 23:35:00,28628.6,zone_skip,tolerance,2026-07-21 08:00:00,28550.77,long,0.0027260210495197892,0.0025,,,,,,,,,,,,
2026-07-23 23:35:00,28628.6,zone_skip,tolerance,2026-07-22 20:00:00,28821.97,long,0.00670911807902106,0.0025,,,,,,,,,,,,
2026-07-23 23:40:00,28597.1,zone_skip,session,2026-07-21 08:00:00,28550.77,long,0.0016227233100892938,,,0.0,,,,,,,,,,
2026-07-23 23:40:00,28597.1,zone_skip,tolerance,2026-07-22 20:00:00,28821.97,long,0.007802034350878951,0.0025,,,,,,,,,,,,
2026-07-23 23:45:00,28590.85,zone_skip,session,2026-07-21 08:00:00,28550.77,long,0.0014038150284562591,,,0.0,,,,,,,,,,
2026-07-23 23:45:00,28590.85,zone_skip,tolerance,2026-07-22 20:00:00,28821.97,long,0.008018882817517422,0.0025,,,,,,,,,,,,
2026-07-23 23:50:00,28593.6,zone_skip,session,2026-07-21 08:00:00,28550.77,long,0.0015001346723747943,,,0.0,,,,,,,,,,
2026-07-23 23:50:00,28593.6,zone_skip,tolerance,2026-07-22 20:00:00,28821.97,long,0.007923469492196494,0.0025,,,,,,,,,,,,
2026-07-23 23:55:00,28600.4,zone_skip,session,2026-07-21 08:00:00,28550.77,long,0.0017383068827916382,,,0.0,,,,,,,,,,
2026-07-23 23:55:00,28600.4,zone_skip,tolerance,2026-07-22 20:00:00,28821.97,long,0.007687538360493738,0.0025,,,,,,,,,,,,
2026-07-24 01:00:00,28522.38,zone_skip,session,2026-07-21 08:00:00,28550.77,long,0.0009943689784898766,,,0.0,,,,,,,,,,
2026-07-24 01:00:00,28522.38,zone_skip,tolerance,2026-07-22 20:00:00,28821.97,long,0.010394501139235108,0.0025,,,,,,,,,,,,
2026-07-24 01:00:00,28522.38,zone_skip,tolerance,2026-07-24 00:00:00,28293.6,long,0.008085927559589536,0.0025,,,,,,,,,,,,
2026-07-24 01:05:00,28524.38,zone_skip,session,2026-07-21 08:00:00,28550.77,long,0.0009243183283673056,,,0.0,,,,,,,,,,
2026-07-24 01:05:00,28524.38,zone_skip,tolerance,2026-07-22 20:00:00,28821.97,long,0.010325109629910798,0.0025,,,,,,,,,,,,
2026-07-24 01:05:00,28524.38,zone_skip,tolerance,2026-07-24 00:00:00,28293.6,long,0.00815661492351636,0.0025,,,,,,,,,,,,
2026-07-24 01:10:00,28505.38,zone_skip,session,2026-07-21 08:00:00,28550.77,long,0.0015897995045317313,,,0.0,,,,,,,,,,
2026-07-24 01:10:00,28505.38,zone_skip,tolerance,2026-07-22 20:00:00,28821.97,long,0.010984328968491748,0.0025,,,,,,,,,,,,
2026-07-24 01:10:00,28505.38,zone_skip,tolerance,2026-07-24 00:00:00,28293.6,long,0.007485084966211528,0.0025,,,,,,,,,,,,
2026-07-24 01:15:00,28493.38,zone_skip,session,2026-07-21 08:00:00,28550.77,long,0.002010103405267158,,,0.0,,,,,,,,,,
2026-07-24 01:15:00,28493.38,zone_skip,tolerance,2026-07-22 20:00:00,28821.97,long,0.011400678024437613,0.0025,,,,,,,,,,,,
2026-07-24 01:15:00,28493.38,zone_skip,tolerance,2026-07-24 00:00:00,28293.6,long,0.007060960782650581,0.0025,,,,,,,,,,,,
2026-07-24 01:20:00,28532.88,zone_skip,session,2026-07-21 08:00:00,28550.77,long,0.0006266030653463784,,,0.0,,,,,,,,,,
2026-07-24 01:20:00,28532.88,zone_skip,tolerance,2026-07-22 20:00:00,28821.97,long,0.010030195715282478,0.0025,,,,,,,,,,,,
2026-07-24 01:20:00,28532.88,zone_skip,tolerance,2026-07-24 00:00:00,28293.6,long,0.008457036220205364,0.0025,,,,,,,,,,,,
2026-07-24 01:25:00,28526.13,zone_skip,session,2026-07-21 08:00:00,28550.77,long,0.0008630240095100558,,,0.0,,,,,,,,,,
2026-07-24 01:25:00,28526.13,zone_skip,tolerance,2026-07-22 20:00:00,28821.97,long,0.010264392059252026,0.0025,,,,,,,,,,,,
2026-07-24 01:25:00,28526.13,zone_skip,tolerance,2026-07-24 00:00:00,28293.6,long,0.008218466366952332,0.0025,,,,,,,,,,,,
2026-07-24 01:30:00,28540.88,zone_skip,session,2026-07-21 08:00:00,28550.77,long,0.0003464004648560938,,,0.0,,,,,,,,,,
2026-07-24 01:30:00,28540.88,zone_skip,tolerance,2026-07-22 20:00:00,28821.97,long,0.009752629677985236,0.0025,,,,,,,,,,,,
2026-07-24 01:30:00,28540.88,zone_skip,tolerance,2026-07-24 00:00:00,28293.6,long,0.008739785675912663,0.0025,,,,,,,,,,,,
2026-07-24 01:35:00,28536.63,zone_skip,session,2026-07-21 08:00:00,28550.77,long,0.0004952580963665575,,,0.0,,,,,,,,,,
2026-07-24 01:35:00,28536.63,zone_skip,tolerance,2026-07-22 20:00:00,28821.97,long,0.009900086635299395,0.0025,,,,,,,,,,,,
2026-07-24 01:35:00,28536.63,zone_skip,tolerance,2026-07-24 00:00:00,28293.6,long,0.00858957502756816,0.0025,,,,,,,,,,,,
2026-07-24 01:40:00,28547.52,zone_skip,session,2026-07-21 08:00:00,28550.77,long,0.00011383230644917808,,,0.0,,,,,,,,,,
2026-07-24 01:40:00,28547.52,zone_skip,tolerance,2026-07-22 20:00:00,28821.97,long,0.009522249867028544,0.0025,,,,,,,,,,,,
2026-07-24 01:40:00,28547.52,zone_skip,tolerance,2026-07-24 00:00:00,28293.6,long,0.008974467724149698,0.0025,,,,,,,,,,,,
2026-07-24 01:45:00,28560.63,zone_skip,session,2026-07-21 08:00:00,28550.77,long,0.000345349705104296,,,0.0,,,,,,,,,,
2026-07-24 01:45:00,28560.63,zone_skip,tolerance,2026-07-22 20:00:00,28821.97,long,0.009067388523407669,0.0025,,,,,,,,,,,,
2026-07-24 01:45:00,28560.63,zone_skip,tolerance,2026-07-24 00:00:00,28293.6,long,0.009437823394690053,0.0025,,,,,,,,,,,,
2026-07-24 01:50:00,28569.38,zone_skip,session,2026-07-21 08:00:00,28550.77,long,0.0006518212993905447,,,0.0,,,,,,,,,,
2026-07-24 01:50:00,28569.38,zone_skip,tolerance,2026-07-22 20:00:00,28821.97,long,0.00876380067011381,0.0025,,,,,,,,,,,,
2026-07-24 01:50:00,28569.38,zone_skip,tolerance,2026-07-24 00:00:00,28293.6,long,0.00974708061186991,0.0025,,,,,,,,,,,,
2026-07-24 01:55:00,28593.27,zone_skip,session,2026-07-21 08:00:00,28550.77,long,0.0014885763151046363,,,0.0,,,,,,,,,,
2026-07-24 01:55:00,28593.27,zone_skip,tolerance,2026-07-22 20:00:00,28821.97,long,0.00793491909123494,0.0025,,,,,,,,,,,,
2026-07-24 01:55:00,28593.27,zone_skip,tolerance,2026-07-24 00:00:00,28293.6,long,0.010591441173975808,0.0025,,,,,,,,,,,,
2026-07-24 02:00:00,28565.88,zone_skip,session,2026-07-21 08:00:00,28550.77,long,0.0005292326616760453,,,0.0,,,,,,,,,,
2026-07-24 02:00:00,28565.88,zone_skip,tolerance,2026-07-22 20:00:00,28821.97,long,0.008885235811431354,0.0025,,,,,,,,,,,,
2026-07-24 02:00:00,28565.88,zone_skip,tolerance,2026-07-24 00:00:00,28293.6,long,0.009623377724997967,0.0025,,,,,,,,,,,,
2026-07-24 02:05:00,28565.63,zone_skip,session,2026-07-21 08:00:00,28550.77,long,0.0005204763304107238,,,0.0,,,,,,,,,,
2026-07-24 02:05:00,28565.63,zone_skip,tolerance,2026-07-22 20:00:00,28821.97,long,0.008893909750096893,0.0025,,,,,,,,,,,,
2026-07-24 02:05:00,28565.63,zone_skip,tolerance,2026-07-24 00:00:00,28293.6,long,0.009614541804507114,0.0025,,,,,,,,,,,,
2026-07-24 02:10:00,28561.13,zone_skip,session,2026-07-21 08:00:00,28550.77,long,0.0003628623676349388,,,0.0,,,,,,,,,,
2026-07-24 02:10:00,28561.13,zone_skip,tolerance,2026-07-22 20:00:00,28821.97,long,0.009050040646076592,0.0025,,,,,,,,,,,,
2026-07-24 02:10:00,28561.13,zone_skip,tolerance,2026-07-24 00:00:00,28293.6,long,0.00945549523567176,0.0025,,,,,,,,,,,,
2026-07-24 02:15:00,28558.13,zone_skip,session,2026-07-21 08:00:00,28550.77,long,0.00025778639245108213,,,0.0,,,,,,,,,,
2026-07-24 02:15:00,28558.13,zone_skip,tolerance,2026-07-22 20:00:00,28821.97,long,0.009154127910063058,0.0025,,,,,,,,,,,,
2026-07-24 02:15:00,28558.13,zone_skip,tolerance,2026-07-24 00:00:00,28293.6,long,0.009349464189781522,0.0025,,,,,,,,,,,,
2026-07-24 02:20:00,28565.52,zone_skip,session,2026-07-21 08:00:00,28550.77,long,0.000516623544653962,,,0.0,,,,,,,,,,
2026-07-24 02:20:00,28565.52,zone_skip,tolerance,2026-07-22 20:00:00,28821.97,long,0.008897726283109749,0.0025,,,,,,,,,,,,
2026-07-24 02:20:00,28565.52,zone_skip,tolerance,2026-07-24 00:00:00,28293.6,long,0.009610653999491119,0.0025,,,,,,,,,,,,
2026-07-24 02:25:00,28561.88,zone_skip,session,2026-07-21 08:00:00,28550.77,long,0.00038913136143090297,,,0.0,,,,,,,,,,
2026-07-24 02:25:00,28561.88,zone_skip,tolerance,2026-07-22 20:00:00,28821.97,long,0.009024018830079975,0.0025,,,,,,,,,,,,
2026-07-24 02:25:00,28561.88,zone_skip,tolerance,2026-07-24 00:00:00,28293.6,long,0.009482002997144318,0.0025,,,,,,,,,,,,
2026-07-24 02:30:00,28557.63,zone_skip,session,2026-07-21 08:00:00,28550.77,long,0.00024027372992043935,,,0.0,,,,,,,,,,
2026-07-24 02:30:00,28557.63,zone_skip,tolerance,2026-07-22 20:00:00,28821.97,long,0.009171475787394134,0.0025,,,,,,,,,,,,
2026-07-24 02:30:00,28557.63,zone_skip,tolerance,2026-07-24 00:00:00,28293.6,long,0.009331792348799816,0.0025,,,,,,,,,,,,
2026-07-24 02:35:00,28539.63,zone_skip,session,2026-07-21 08:00:00,28550.77,long,0.0003901821211827008,,,0.0,,,,,,,,,,
2026-07-24 02:35:00,28539.63,zone_skip,tolerance,2026-07-22 20:00:00,28821.97,long,0.00979599937131293,0.0025,,,,,,,,,,,,
2026-07-24 02:35:00,28539.63,zone_skip,tolerance,2026-07-24 00:00:00,28293.6,long,0.008695606073458397,0.0025,,,,,,,,,,,,
2026-07-24 02:40:00,28549.77,zone_skip,session,2026-07-21 08:00:00,28550.77,long,3.5025325061285565e-05,,,0.0,,,,,,,,,,
2026-07-24 02:40:00,28549.77,zone_skip,tolerance,2026-07-22 20:00:00,28821.97,long,0.009444184419038696,0.0025,,,,,,,,,,,,
2026-07-24 02:40:00,28549.77,zone_skip,tolerance,2026-07-24 00:00:00,28293.6,long,0.009053991008567375,0.0025,,,,,,,,,,,,
2026-07-24 02:45:00,28542.63,zone_skip,session,2026-07-21 08:00:00,28550.77,long,0.00028510614599884407,,,0.0,,,,,,,,,,
2026-07-24 02:45:00,28542.63,zone_skip,tolerance,2026-07-22 20:00:00,28821.97,long,0.009691912107326464,0.0025,,,,,,,,,,,,
2026-07-24 02:45:00,28542.63,zone_skip,tolerance,2026-07-24 00:00:00,28293.6,long,0.008801637119348633,0.0025,,,,,,,,,,,,
2026-07-24 02:50:00,28527.63,zone_skip,session,2026-07-21 08:00:00,28550.77,long,0.0008104860219181275,,,0.0,,,,,,,,,,
2026-07-24 02:50:00,28527.63,zone_skip,tolerance,2026-07-22 20:00:00,28821.97,long,0.010212348427258794,0.0025,,,,,,,,,,,,
2026-07-24 02:50:00,28527.63,zone_skip,tolerance,2026-07-24 00:00:00,28293.6,long,0.00827148188989745,0.0025,,,,,,,,,,,,
2026-07-24 02:55:00,28542.63,zone_skip,session,2026-07-21 08:00:00,28550.77,long,0.00028510614599884407,,,0.0,,,,,,,,,,
2026-07-24 02:55:00,28542.63,zone_skip,tolerance,2026-07-22 20:00:00,28821.97,long,0.009691912107326464,0.0025,,,,,,,,,,,,
2026-07-24 02:55:00,28542.63,zone_skip,tolerance,2026-07-24 00:00:00,28293.6,long,0.008801637119348633,0.0025,,,,,,,,,,,,
2026-07-24 03:00:00,28518.38,zone_skip,session,2026-07-21 08:00:00,28550.77,long,0.001134470278735019,,,0.0,,,,,,,,,,
2026-07-24 03:00:00,28518.38,zone_skip,tolerance,2026-07-22 20:00:00,28821.97,long,0.01053328415788373,0.0025,,,,,,,,,,,,
2026-07-24 03:00:00,28518.38,zone_skip,tolerance,2026-07-24 00:00:00,28293.6,long,0.007944552831735887,0.0025,,,,,,,,,,,,
2026-07-24 03:05:00,28499.38,zone_skip,session,2026-07-21 08:00:00,28550.77,long,0.0017999514548994447,,,0.0,,,,,,,,,,
2026-07-24 03:05:00,28499.38,zone_skip,tolerance,2026-07-22 20:00:00,28821.97,long,0.011192503496464681,0.0025,,,,,,,,,,,,
2026-07-24 03:05:00,28499.38,zone_skip,tolerance,2026-07-24 00:00:00,28293.6,long,0.007273022874431054,0.0025,,,,,,,,,,,,
2026-07-24 03:10:00,28505.88,zone_skip,session,2026-07-21 08:00:00,28550.77,long,0.0015722868420010884,,,0.0,,,,,,,,,,
2026-07-24 03:10:00,28505.88,zone_skip,tolerance,2026-07-22 20:00:00,28821.97,long,0.010966981091160672,0.0025,,,,,,,,,,,,
2026-07-24 03:10:00,28505.88,zone_skip,tolerance,2026-07-24 00:00:00,28293.6,long,0.007502756807193234,0.0025,,,,,,,,,,,,
2026-07-24 03:15:00,28493.63,zone_skip,session,2026-07-21 08:00:00,28550.77,long,0.0020013470740018365,,,0.0,,,,,,,,,,
2026-07-24 03:15:00,28493.63,zone_skip,tolerance,2026-07-22 20:00:00,28821.97,long,0.011392004085772074,0.0025,,,,,,,,,,,,
2026-07-24 03:15:00,28493.63,zone_skip,tolerance,2026-07-24 00:00:00,28293.6,long,0.0070697967031414346,0.0025,,,,,,,,,,,,
2026-07-24 03:20:00,28530.38,zone_skip,session,2026-07-21 08:00:00,28550.77,long,0.0007141663779995923,,,0.0,,,,,,,,,,
2026-07-24 03:20:00,28530.38,zone_skip,tolerance,2026-07-22 20:00:00,28821.97,long,0.010116935101937867,0.0025,,,,,,,,,,,,
2026-07-24 03:20:00,28530.38,zone_skip,tolerance,2026-07-24 00:00:00,28293.6,long,0.008368677015296833,0.0025,,,,,,,,,,,,
2026-07-24 03:25:00,28507.63,zone_skip,session,2026-07-21 08:00:00,28550.77,long,0.0015109925231438389,,,0.0,,,,,,,,,,
2026-07-24 03:25:00,28507.63,zone_skip,tolerance,2026-07-22 20:00:00,28821.97,long,0.0109062635205019,0.0025,,,,,,,,,,,,
2026-07-24 03:25:00,28507.63,zone_skip,tolerance,2026-07-24 00:00:00,28293.6,long,0.007564608250629205,0.0025,,,,,,,,,,,,
2026-07-24 03:30:00,28493.02,zone_skip,session,2026-07-21 08:00:00,28550.77,long,0.0020227125222892412,,,0.0,,,,,,,,,,
2026-07-24 03:30:00,28493.02,zone_skip,tolerance,2026-07-22 20:00:00,28821.97,long,0.011413168496116009,0.0025,,,,,,,,,,,,
2026-07-24 03:30:00,28493.02,zone_skip,tolerance,2026-07-24 00:00:00,28293.6,long,0.007048237057143732,0.0025,,,,,,,,,,,,
2026-07-24 03:35:00,28513.63,zone_skip,session,2026-07-21 08:00:00,28550.77,long,0.0013008405727761253,,,0.0,,,,,,,,,,
2026-07-24 03:35:00,28513.63,zone_skip,tolerance,2026-07-22 20:00:00,28821.97,long,0.010698088992528968,0.0025,,,,,,,,,,,,
2026-07-24 03:35:00,28513.63,zone_skip,tolerance,2026-07-24 00:00:00,28293.6,long,0.007776670342409679,0.0025,,,,,,,,,,,,
2026-07-24 03:40:00,28518.88,zone_skip,session,2026-07-21 08:00:00,28550.77,long,0.0011169576162043762,,,0.0,,,,,,,,,,
2026-07-24 03:40:00,28518.88,zone_skip,tolerance,2026-07-22 20:00:00,28821.97,long,0.010515936280552652,0.0025,,,,,,,,,,,,
2026-07-24 03:40:00,28518.88,zone_skip,tolerance,2026-07-24 00:00:00,28293.6,long,0.007962224672717592,0.0025,,,,,,,,,,,,
2026-07-24 03:45:00,28531.13,zone_skip,session,2026-07-21 08:00:00,28550.77,long,0.000687897384203628,,,0.0,,,,,,,,,,
2026-07-24 03:45:00,28531.13,zone_skip,tolerance,2026-07-22 20:00:00,28821.97,long,0.01009091328594125,0.0025,,,,,,,,,,,,
2026-07-24 03:45:00,28531.13,zone_skip,tolerance,2026-07-24 00:00:00,28293.6,long,0.008395184776769392,0.0025,,,,,,,,,,,,
2026-07-24 03:50:00,28500.63,zone_skip,session,2026-07-21 08:00:00,28550.77,long,0.0017561697985728378,,,0.0,,,,,,,,,,
2026-07-24 03:50:00,28500.63,zone_skip,tolerance,2026-07-22 20:00:00,28821.97,long,0.011149133803136986,0.0025,,,,,,,,,,,,
2026-07-24 03:50:00,28500.63,zone_skip,tolerance,2026-07-24 00:00:00,28293.6,long,0.0073172024768853195,0.0025,,,,,,,,,,,,
2026-07-24 03:55:00,28533.63,zone_skip,session,2026-07-21 08:00:00,28550.77,long,0.0006003340715504141,,,0.0,,,,,,,,,,
2026-07-24 03:55:00,28533.63,zone_skip,tolerance,2026-07-22 20:00:00,28821.97,long,0.010004173899285863,0.0025,,,,,,,,,,,,
2026-07-24 03:55:00,28533.63,zone_skip,tolerance,2026-07-24 00:00:00,28293.6,long,0.008483543981677923,0.0025,,,,,,,,,,,,
2026-07-24 04:00:00,28552.38,zone_skip,session,2026-07-21 08:00:00,28550.77,long,5.639077334869014e-05,,,0.0,,,,,,,,,,
2026-07-24 04:00:00,28552.38,zone_skip,tolerance,2026-07-22 20:00:00,28821.97,long,0.00935362849937045,0.0025,,,,,,,,,,,,
2026-07-24 04:00:00,28552.38,zone_skip,tolerance,2026-07-24 00:00:00,28293.6,long,0.009146238018491902,0.0025,,,,,,,,,,,,
2026-07-24 04:05:00,28549.63,zone_skip,session,2026-07-21 08:00:00,28550.77,long,3.992887056984515e-05,,,0.0,,,,,,,,,,
2026-07-24 04:05:00,28549.63,zone_skip,tolerance,2026-07-22 20:00:00,28821.97,long,0.009449041824691378,0.0025,,,,,,,,,,,,
2026-07-24 04:05:00,28549.63,zone_skip,tolerance,2026-07-24 00:00:00,28293.6,long,0.009049042893092519,0.0025,,,,,,,,,,,,
2026-07-24 04:10:00,28526.02,zone_skip,session,2026-07-21 08:00:00,28550.77,long,0.0008668767952668176,,,0.0,,,,,,,,,,
2026-07-24 04:10:00,28526.02,zone_skip,tolerance,2026-07-22 20:00:00,28821.97,long,0.010268208592264884,0.0025,,,,,,,,,,,,
2026-07-24 04:10:00,28526.02,zone_skip,tolerance,2026-07-24 00:00:00,28293.6,long,0.008214578561936336,0.0025,,,,,,,,,,,,
2026-07-24 04:15:00,28529.38,zone_skip,session,2026-07-21 08:00:00,28550.77,long,0.0007491917030608778,,,0.0,,,,,,,,,,
2026-07-24 04:15:00,28529.38,zone_skip,tolerance,2026-07-22 20:00:00,28821.97,long,0.010151630856600022,0.0025,,,,,,,,,,,,
2026-07-24 04:15:00,28529.38,zone_skip,tolerance,2026-07-24 00:00:00,28293.6,long,0.008333333333333422,0.0025,,,,,,,,,,,,
2026-07-24 04:20:00,28517.88,zone_skip,session,2026-07-21 08:00:00,28550.77,long,0.0011519829412656617,,,0.0,,,,,,,,,,
2026-07-24 04:20:00,28517.88,zone_skip,tolerance,2026-07-22 20:00:00,28821.97,long,0.010550632035214808,0.0025,,,,,,,,,,,,
2026-07-24 04:20:00,28517.88,zone_skip,tolerance,2026-07-24 00:00:00,28293.6,long,0.00792688099075418,0.0025,,,,,,,,,,,,
2026-07-24 04:25:00,28519.77,zone_skip,session,2026-07-21 08:00:00,28550.77,long,0.0010857850768998525,,,0.0,,,,,,,,,,
2026-07-24 04:25:00,28519.77,zone_skip,tolerance,2026-07-22 20:00:00,28821.97,long,0.010485057058903355,0.0025,,,,,,,,,,,,
2026-07-24 04:25:00,28519.77,zone_skip,tolerance,2026-07-24 00:00:00,28293.6,long,0.00799368054966501,0.0025,,,,,,,,,,,,
2026-07-24 04:30:00,28543.27,zone_skip,session,2026-07-21 08:00:00,28550.77,long,0.00026268993795964174,,,0.0,,,,,,,,,,
2026-07-24 04:30:00,28543.27,zone_skip,tolerance,2026-07-22 20:00:00,28821.97,long,0.009669706824342705,0.0025,,,,,,,,,,,,
2026-07-24 04:30:00,28543.27,zone_skip,tolerance,2026-07-24 00:00:00,28293.6,long,0.008824257075805196,0.0025,,,,,,,,,,,,
2026-07-24 04:35:00,28519.88,zone_skip,session,2026-07-21 08:00:00,28550.77,long,0.0010819322911430906,,,0.0,,,,,,,,,,
2026-07-24 04:35:00,28519.88,zone_skip,tolerance,2026-07-22 20:00:00,28821.97,long,0.010481240525890497,0.0025,,,,,,,,,,,,
2026-07-24 04:35:00,28519.88,zone_skip,tolerance,2026-07-24 00:00:00,28293.6,long,0.007997568354681005,0.0025,,,,,,,,,,,,
2026-07-24 04:40:00,28527.77,zone_skip,session,2026-07-21 08:00:00,28550.77,long,0.0008055824764095679,,,0.0,,,,,,,,,,
2026-07-24 04:40:00,28527.77,zone_skip,tolerance,2026-07-22 20:00:00,28821.97,long,0.010207491021606112,0.0025,,,,,,,,,,,,
2026-07-24 04:40:00,28527.77,zone_skip,tolerance,2026-07-24 00:00:00,28293.6,long,0.008276430005372306,0.0025,,,,,,,,,,,,
2026-07-24 04:45:00,28506.77,zone_skip,session,2026-07-21 08:00:00,28550.77,long,0.0015411143026965648,,,0.0,,,,,,,,,,
2026-07-24 04:45:00,28506.77,zone_skip,tolerance,2026-07-22 20:00:00,28821.97,long,0.010936101869511373,0.0025,,,,,,,,,,,,
2026-07-24 04:45:00,28506.77,zone_skip,tolerance,2026-07-24 00:00:00,28293.6,long,0.007534212684140651,0.0025,,,,,,,,,,,,
2026-07-24 04:50:00,28508.63,zone_skip,session,2026-07-21 08:00:00,28550.77,long,0.0014759671980825533,,,0.0,,,,,,,,,,
2026-07-24 04:50:00,28508.63,zone_skip,tolerance,2026-07-22 20:00:00,28821.97,long,0.010871567765839744,0.0025,,,,,,,,,,,,
2026-07-24 04:50:00,28508.63,zone_skip,tolerance,2026-07-24 00:00:00,28293.6,long,0.0075999519325926175,0.0025,,,,,,,,,,,,
2026-07-24 04:55:00,28476.88,zone_skip,tolerance,2026-07-21 08:00:00,28550.77,long,0.0025880212687783696,0.0025,,,,,,,,,,,,
2026-07-24 04:55:00,28476.88,zone_skip,tolerance,2026-07-22 20:00:00,28821.97,long,0.011973157976363174,0.0025,,,,,,,,,,,,
2026-07-24 04:55:00,28476.88,zone_skip,tolerance,2026-07-24 00:00:00,28293.6,long,0.00647779003025428,0.0025,,,,,,,,,,,,
2026-07-24 05:00:00,28467.27,zone_skip,tolerance,2026-07-21 08:00:00,28550.77,long,0.0029246146426173446,0.0025,,,,,,,,,,,,
2026-07-24 05:00:00,28467.27,zone_skip,tolerance,2026-07-22 20:00:00,28821.97,long,0.012306584178666508,0.0025,,,,,,,,,,,,
2026-07-24 05:00:00,28467.27,zone_skip,tolerance,2026-07-24 00:00:00,28293.6,long,0.006138137246585867,0.0025,,,,,,,,,,,,
2026-07-24 05:05:00,28479.77,zone_skip,session,2026-07-21 08:00:00,28550.77,long,0.002486798079351275,,,0.0,,,,,,,,,,
2026-07-24 05:05:00,28479.77,zone_skip,tolerance,2026-07-22 20:00:00,28821.97,long,0.011872887245389567,0.0025,,,,,,,,,,,,
2026-07-24 05:05:00,28479.77,zone_skip,tolerance,2026-07-24 00:00:00,28293.6,long,0.00657993327112852,0.0025,,,,,,,,,,,,
2026-07-24 05:10:00,28480.63,zone_skip,session,2026-07-21 08:00:00,28550.77,long,0.002456676299798549,,,0.0,,,,,,,,,,
2026-07-24 05:10:00,28480.63,zone_skip,tolerance,2026-07-22 20:00:00,28821.97,long,0.011843048896380092,0.0025,,,,,,,,,,,,
2026-07-24 05:10:00,28480.63,zone_skip,tolerance,2026-07-24 00:00:00,28293.6,long,0.006610328837617075,0.0025,,,,,,,,,,,,
2026-07-24 05:15:00,28468.88,zone_skip,tolerance,2026-07-21 08:00:00,28550.77,long,0.0028682238692686545,0.0025,,,,,,,,,,,,
2026-07-24 05:15:00,28468.88,zone_skip,tolerance,2026-07-22 20:00:00,28821.97,long,0.012250724013660418,0.0025,,,,,,,,,,,,
2026-07-24 05:15:00,28468.88,zone_skip,tolerance,2026-07-24 00:00:00,28293.6,long,0.006195040574546982,0.0025,,,,,,,,,,,,
2026-07-24 05:20:00,28471.52,zone_skip,tolerance,2026-07-21 08:00:00,28550.77,long,0.002775757011106881,0.0025,,,,,,,,,,,,
2026-07-24 05:20:00,28471.52,zone_skip,tolerance,2026-07-22 20:00:00,28821.97,long,0.012159127221352347,0.0025,,,,,,,,,,,,
2026-07-24 05:20:00,28471.52,zone_skip,tolerance,2026-07-24 00:00:00,28293.6,long,0.006288347894930369,0.0025,,,,,,,,,,,,
2026-07-24 05:25:00,28457.52,zone_skip,tolerance,2026-07-21 08:00:00,28550.77,long,0.0032661115619648786,0.0025,,,,,,,,,,,,
2026-07-24 05:25:00,28457.52,zone_skip,tolerance,2026-07-24 00:00:00,28293.6,long,0.005793536347442598,0.0025,,,,,,,,,,,,
2026-07-24 05:30:00,28435.27,zone_skip,tolerance,2026-07-21 08:00:00,28550.77,long,0.0040454250445784825,0.0025,,,,,,,,,,,,
2026-07-24 05:30:00,28435.27,zone_skip,tolerance,2026-07-24 00:00:00,28293.6,long,0.005007139423756676,0.0025,,,,,,,,,,,,
2026-07-24 05:35:00,28416.88,zone_skip,tolerance,2026-07-21 08:00:00,28550.77,long,0.004689540772455504,0.0025,,,,,,,,,,,,
2026-07-24 05:35:00,28416.88,zone_skip,tolerance,2026-07-24 00:00:00,28293.6,long,0.004357169112449546,0.0025,,,,,,,,,,,,
2026-07-24 05:40:00,28411.52,zone_skip,tolerance,2026-07-21 08:00:00,28550.77,long,0.004877276514784015,0.0025,,,,,,,,,,,,
2026-07-24 05:40:00,28411.52,zone_skip,tolerance,2026-07-24 00:00:00,28293.6,long,0.004167726977125636,0.0025,,,,,,,,,,,,
2026-07-24 05:45:00,28401.13,zone_skip,tolerance,2026-07-21 08:00:00,28550.77,long,0.005241189642170751,0.0025,,,,,,,,,,,,
2026-07-24 05:45:00,28401.13,zone_skip,tolerance,2026-07-24 00:00:00,28293.6,long,0.0038005061215258037,0.0025,,,,,,,,,,,,
2026-07-24 05:50:00,28393.88,zone_skip,tolerance,2026-07-21 08:00:00,28550.77,long,0.005495123248865071,0.0025,,,,,,,,,,,,
2026-07-24 05:50:00,28393.88,zone_skip,tolerance,2026-07-24 00:00:00,28293.6,long,0.003544264427291065,0.0025,,,,,,,,,,,,
2026-07-24 05:55:00,28382.77,zone_skip,tolerance,2026-07-21 08:00:00,28550.77,long,0.005884254610295975,0.0025,,,,,,,,,,,,
2026-07-24 05:55:00,28382.77,zone_skip,tolerance,2026-07-24 00:00:00,28293.6,long,0.003151596120677535,0.0025,,,,,,,,,,,,
2026-07-24 06:00:00,28398.63,zone_skip,tolerance,2026-07-21 08:00:00,28550.77,long,0.005328752954823965,0.0025,,,,,,,,,,,,
2026-07-24 06:00:00,28398.63,zone_skip,tolerance,2026-07-24 00:00:00,28293.6,long,0.0037121469166172733,0.0025,,,,,,,,,,,,
2026-07-24 06:05:00,28389.38,zone_skip,tolerance,2026-07-21 08:00:00,28550.77,long,0.0056527372116408564,0.0025,,,,,,,,,,,,
2026-07-24 06:05:00,28389.38,zone_skip,tolerance,2026-07-24 00:00:00,28293.6,long,0.00338521785845571,0.0025,,,,,,,,,,,,
2026-07-24 06:10:00,28401.38,zone_skip,tolerance,2026-07-21 08:00:00,28550.77,long,0.00523243331090543,0.0025,,,,,,,,,,,,
2026-07-24 06:10:00,28401.38,zone_skip,tolerance,2026-07-24 00:00:00,28293.6,long,0.003809342042016657,0.0025,,,,,,,,,,,,
2026-07-24 06:15:00,28395.02,zone_skip,tolerance,2026-07-21 08:00:00,28550.77,long,0.005455194378295226,0.0025,,,,,,,,,,,,
2026-07-24 06:15:00,28395.02,zone_skip,tolerance,2026-07-24 00:00:00,28293.6,long,0.0035845562247293346,0.0025,,,,,,,,,,,,
2026-07-24 06:20:00,28392.52,zone_skip,tolerance,2026-07-21 08:00:00,28550.77,long,0.0055427576909484405,0.0025,,,,,,,,,,,,
2026-07-24 06:20:00,28392.52,zone_skip,tolerance,2026-07-24 00:00:00,28293.6,long,0.003496197019820804,0.0025,,,,,,,,,,,,
2026-07-24 06:25:00,28407.63,zone_skip,tolerance,2026-07-21 08:00:00,28550.77,long,0.005013525029272395,0.0025,,,,,,,,,,,,
2026-07-24 06:25:00,28407.63,zone_skip,tolerance,2026-07-24 00:00:00,28293.6,long,0.004030240054287983,0.0025,,,,,,,,,,,,
2026-07-24 06:30:00,28384.13,zone_skip,tolerance,2026-07-21 08:00:00,28550.77,long,0.005836620168212606,0.0025,,,,,,,,,,,,
2026-07-24 06:30:00,28384.13,zone_skip,tolerance,2026-07-24 00:00:00,28293.6,long,0.003199663528147796,0.0025,,,,,,,,,,,,
2026-07-24 06:35:00,28386.02,zone_skip,tolerance,2026-07-21 08:00:00,28550.77,long,0.0057704223038467966,0.0025,,,,,,,,,,,,
2026-07-24 06:35:00,28386.02,zone_skip,tolerance,2026-07-24 00:00:00,28293.6,long,0.0032664630870586245,0.0025,,,,,,,,,,,,
2026-07-24 06:40:00,28367.63,zone_skip,tolerance,2026-07-21 08:00:00,28550.77,long,0.006414538031723817,0.0025,,,,,,,,,,,,
2026-07-24 06:40:00,28367.63,zone_skip,tolerance,2026-07-24 00:00:00,28293.6,long,0.002616492775751494,0.0025,,,,,,,,,,,,
2026-07-24 06:45:00,28373.63,zone_skip,tolerance,2026-07-21 08:00:00,28550.77,long,0.006204386081356104,0.0025,,,,,,,,,,,,
2026-07-24 06:45:00,28373.63,zone_skip,tolerance,2026-07-24 00:00:00,28293.6,long,0.0028285548675319678,0.0025,,,,,,,,,,,,
2026-07-24 06:50:00,28361.88,zone_skip,tolerance,2026-07-21 08:00:00,28550.77,long,0.00661593365082621,0.0025,,,,,,,,,,,,
2026-07-24 06:50:00,28361.88,zone_skip,chasing,2026-07-24 00:00:00,28293.6,long,0.002413266604461874,,45.398299771513464,,,,,,,,,,,
2026-07-24 06:55:00,28348.52,zone_skip,tolerance,2026-07-21 08:00:00,28550.77,long,0.007083871993645005,0.0025,,,,,,,,,,,,
2026-07-24 06:55:00,28348.52,zone_skip,session,2026-07-24 00:00:00,28293.6,long,0.001941075013430666,,,0.0,,,,,,,,,,
2026-07-24 07:00:00,28339.02,zone_skip,tolerance,2026-07-21 08:00:00,28550.77,long,0.007416612581727218,0.0025,,,,,,,,,,,,
2026-07-24 07:00:00,28339.02,zone_skip,session,2026-07-24 00:00:00,28293.6,long,0.00160531003477825,,,0.0,,,,,,,,,,
2026-07-24 07:05:00,28377.52,zone_skip,tolerance,2026-07-21 08:00:00,28550.77,long,0.006068137566867723,0.0025,,,,,,,,,,,,
2026-07-24 07:05:00,28377.52,zone_skip,tolerance,2026-07-24 00:00:00,28293.6,long,0.0029660417903696204,0.0025,,,,,,,,,,,,
2026-07-24 07:10:00,28348.88,zone_skip,tolerance,2026-07-21 08:00:00,28550.77,long,0.007071262876622922,0.0025,,,,,,,,,,,,
2026-07-24 07:10:00,28348.88,zone_skip,session,2026-07-24 00:00:00,28293.6,long,0.001953798738937515,,,0.0,,,,,,,,,,
2026-07-24 07:15:00,28374.52,zone_skip,tolerance,2026-07-21 08:00:00,28550.77,long,0.00617321354205158,0.0025,,,,,,,,,,,,
2026-07-24 07:15:00,28374.52,zone_skip,tolerance,2026-07-24 00:00:00,28293.6,long,0.002860010744479384,0.0025,,,,,,,,,,,,
2026-07-24 07:20:00,28395.13,zone_skip,tolerance,2026-07-21 08:00:00,28550.77,long,0.005451341592538465,0.0025,,,,,,,,,,,,
2026-07-24 07:20:00,28395.13,zone_skip,tolerance,2026-07-24 00:00:00,28293.6,long,0.0035884440297453304,0.0025,,,,,,,,,,,,
2026-07-24 07:25:00,28414.27,zone_skip,tolerance,2026-07-21 08:00:00,28550.77,long,0.004780956870865479,0.0025,,,,,,,,,,,,
2026-07-24 07:25:00,28414.27,zone_skip,tolerance,2026-07-24 00:00:00,28293.6,long,0.00426492210252502,0.0025,,,,,,,,,,,,
2026-07-24 07:30:00,28408.63,zone_skip,tolerance,2026-07-21 08:00:00,28550.77,long,0.0049784997042111095,0.0025,,,,,,,,,,,,
2026-07-24 07:30:00,28408.63,zone_skip,tolerance,2026-07-24 00:00:00,28293.6,long,0.004065583736251395,0.0025,,,,,,,,,,,,
2026-07-24 07:35:00,28392.77,zone_skip,tolerance,2026-07-21 08:00:00,28550.77,long,0.0055340013596831186,0.0025,,,,,,,,,,,,
2026-07-24 07:35:00,28392.77,zone_skip,tolerance,2026-07-24 00:00:00,28293.6,long,0.003505032940311657,0.0025,,,,,,,,,,,,
2026-07-24 07:40:00,28391.13,zone_skip,tolerance,2026-07-21 08:00:00,28550.77,long,0.005591442892783607,0.0025,,,,,,,,,,,,
2026-07-24 07:40:00,28391.13,zone_skip,tolerance,2026-07-24 00:00:00,28293.6,long,0.0034470693018916814,0.0025,,,,,,,,,,,,
2026-07-24 07:45:00,28392.02,zone_skip,tolerance,2026-07-21 08:00:00,28550.77,long,0.005560270353479083,0.0025,,,,,,,,,,,,
2026-07-24 07:45:00,28392.02,zone_skip,tolerance,2026-07-24 00:00:00,28293.6,long,0.0034785251788390977,0.0025,,,,,,,,,,,,
2026-07-24 07:50:00,28406.88,zone_skip,tolerance,2026-07-21 08:00:00,28550.77,long,0.005039794023068359,0.0025,,,,,,,,,,,,
2026-07-24 07:50:00,28406.88,zone_skip,tolerance,2026-07-24 00:00:00,28293.6,long,0.004003732292815424,0.0025,,,,,,,,,,,,
2026-07-24 07:55:00,28428.02,zone_skip,tolerance,2026-07-21 08:00:00,28550.77,long,0.004299358651272803,0.0025,,,,,,,,,,,,
2026-07-24 07:55:00,28428.02,zone_skip,tolerance,2026-07-24 00:00:00,28293.6,long,0.004750897729521938,0.0025,,,,,,,,,,,,
2026-07-24 08:00:00,28425.88,zone_skip,tolerance,2026-07-21 08:00:00,28550.77,long,0.004374312846903933,0.0025,,,,,,,,,,,,
2026-07-24 08:00:00,28425.88,zone_skip,tolerance,2026-07-24 00:00:00,28293.6,long,0.0046752622501202564,0.0025,,,,,,,,,,,,
2026-07-24 08:05:00,28448.27,zone_skip,tolerance,2026-07-21 08:00:00,28550.77,long,0.00359009581878177,0.0025,,,,,,,,,,,,
2026-07-24 08:05:00,28448.27,zone_skip,tolerance,2026-07-24 00:00:00,28293.6,long,0.005466607289281035,0.0025,,,,,,,,,,,,
2026-07-24 08:10:00,28455.52,zone_skip,tolerance,2026-07-21 08:00:00,28550.77,long,0.0033361622120874498,0.0025,,,,,,,,,,,,
2026-07-24 08:10:00,28455.52,zone_skip,tolerance,2026-07-24 00:00:00,28293.6,long,0.005722848983515774,0.0025,,,,,,,,,,,,
2026-07-24 08:15:00,28447.77,zone_skip,tolerance,2026-07-21 08:00:00,28550.77,long,0.003607608481312413,0.0025,,,,,,,,,,,,
2026-07-24 08:15:00,28447.77,zone_skip,tolerance,2026-07-24 00:00:00,28293.6,long,0.005448935448299329,0.0025,,,,,,,,,,,,
2026-07-24 08:20:00,28456.02,zone_skip,tolerance,2026-07-21 08:00:00,28550.77,long,0.003318649549556807,0.0025,,,,,,,,,,,,
2026-07-24 08:20:00,28456.02,zone_skip,tolerance,2026-07-24 00:00:00,28293.6,long,0.00574052082449748,0.0025,,,,,,,,,,,,
2026-07-24 08:25:00,28445.52,zone_skip,tolerance,2026-07-21 08:00:00,28550.77,long,0.0036864154627003053,0.0025,,,,,,,,,,,,
2026-07-24 08:25:00,28445.52,zone_skip,tolerance,2026-07-24 00:00:00,28293.6,long,0.005369412163881652,0.0025,,,,,,,,,,,,
2026-07-24 08:30:00,28446.38,zone_skip,tolerance,2026-07-21 08:00:00,28550.77,long,0.0036562936831475794,0.0025,,,,,,,,,,,,
2026-07-24 08:30:00,28446.38,zone_skip,tolerance,2026-07-24 00:00:00,28293.6,long,0.0053998077303702065,0.0025,,,,,,,,,,,,
2026-07-24 08:35:00,28443.63,zone_skip,tolerance,2026-07-21 08:00:00,28550.77,long,0.0037526133270661148,0.0025,,,,,,,,,,,,
2026-07-24 08:35:00,28443.63,zone_skip,tolerance,2026-07-24 00:00:00,28293.6,long,0.005302612604970823,0.0025,,,,,,,,,,,,
2026-07-24 08:40:00,28453.88,zone_skip,tolerance,2026-07-21 08:00:00,28550.77,long,0.0033936037451879376,0.0025,,,,,,,,,,,,
2026-07-24 08:40:00,28453.88,zone_skip,tolerance,2026-07-24 00:00:00,28293.6,long,0.005664885345095798,0.0025,,,,,,,,,,,,
2026-07-24 08:45:00,28452.27,zone_skip,tolerance,2026-07-21 08:00:00,28550.77,long,0.0034499945185366278,0.0025,,,,,,,,,,,,
2026-07-24 08:45:00,28452.27,zone_skip,tolerance,2026-07-24 00:00:00,28293.6,long,0.005607982017134684,0.0025,,,,,,,,,,,,
2026-07-24 08:50:00,28418.77,zone_skip,tolerance,2026-07-21 08:00:00,28550.77,long,0.0046233429080896945,0.0025,,,,,,,,,,,,
2026-07-24 08:50:00,28418.77,zone_skip,tolerance,2026-07-24 00:00:00,28293.6,long,0.004423968671360375,0.0025,,,,,,,,,,,,
2026-07-24 08:55:00,28408.38,zone_skip,tolerance,2026-07-21 08:00:00,28550.77,long,0.004987256035476431,0.0025,,,,,,,,,,,,
2026-07-24 08:55:00,28408.38,zone_skip,tolerance,2026-07-24 00:00:00,28293.6,long,0.004056747815760542,0.0025,,,,,,,,,,,,
2026-07-24 09:00:00,28386.77,zone_skip,tolerance,2026-07-21 08:00:00,28550.77,long,0.005744153310050832,0.0025,,,,,,,,,,,,
2026-07-24 09:00:00,28386.77,zone_skip,tolerance,2026-07-24 00:00:00,28293.6,long,0.003292970848531184,0.0025,,,,,,,,,,,,
2026-07-24 09:05:00,28380.02,zone_skip,tolerance,2026-07-21 08:00:00,28550.77,long,0.0059805742542145095,0.0025,,,,,,,,,,,,
2026-07-24 09:05:00,28380.02,zone_skip,tolerance,2026-07-24 00:00:00,28293.6,long,0.003054400995278151,0.0025,,,,,,,,,,,,
2026-07-24 09:10:00,28371.88,zone_skip,tolerance,2026-07-21 08:00:00,28550.77,long,0.006265680400213354,0.0025,,,,,,,,,,,,
2026-07-24 09:10:00,28371.88,zone_skip,tolerance,2026-07-24 00:00:00,28293.6,long,0.0027667034240959963,0.0025,,,,,,,,,,,,
2026-07-24 09:15:00,28410.88,zone_skip,tolerance,2026-07-21 08:00:00,28550.77,long,0.004899692722823217,0.0025,,,,,,,,,,,,
2026-07-24 09:15:00,28410.88,zone_skip,tolerance,2026-07-24 00:00:00,28293.6,long,0.004145107020669073,0.0025,,,,,,,,,,,,
2026-07-24 09:20:00,28420.52,zone_skip,tolerance,2026-07-21 08:00:00,28550.77,long,0.004562048589232444,0.0025,,,,,,,,,,,,
2026-07-24 09:20:00,28420.52,zone_skip,tolerance,2026-07-24 00:00:00,28293.6,long,0.004485820114796346,0.0025,,,,,,,,,,,,
2026-07-24 09:25:00,28398.77,zone_skip,tolerance,2026-07-21 08:00:00,28550.77,long,0.005323849409315406,0.0025,,,,,,,,,,,,
2026-07-24 09:25:00,28398.77,zone_skip,tolerance,2026-07-24 00:00:00,28293.6,long,0.0037170950320921303,0.0025,,,,,,,,,,,,
2026-07-24 09:30:00,28405.27,zone_skip,tolerance,2026-07-21 08:00:00,28550.77,long,0.00509618479641705,0.0025,,,,,,,,,,,,
2026-07-24 09:30:00,28405.27,zone_skip,tolerance,2026-07-24 00:00:00,28293.6,long,0.00394682896485431,0.0025,,,,,,,,,,,,
2026-07-24 09:35:00,28406.02,zone_skip,tolerance,2026-07-21 08:00:00,28550.77,long,0.005069915802621085,0.0025,,,,,,,,,,,,
2026-07-24 09:35:00,28406.02,zone_skip,tolerance,2026-07-24 00:00:00,28293.6,long,0.0039733367263268685,0.0025,,,,,,,,,,,,
2026-07-24 09:40:00,28370.27,zone_skip,tolerance,2026-07-21 08:00:00,28550.77,long,0.006322071173562044,0.0025,,,,,,,,,,,,
2026-07-24 09:40:00,28370.27,zone_skip,tolerance,2026-07-24 00:00:00,28293.6,long,0.002709800096134882,0.0025,,,,,,,,,,,,
2026-07-24 09:45:00,28347.63,zone_skip,tolerance,2026-07-21 08:00:00,28550.77,long,0.007115044532949528,0.0025,,,,,,,,,,,,
2026-07-24 09:45:00,28347.63,zone_skip,session,2026-07-24 00:00:00,28293.6,long,0.0019096191364832498,,,0.0,,,,,,,,,,
2026-07-24 09:50:00,28377.02,zone_skip,tolerance,2026-07-21 08:00:00,28550.77,long,0.006085650229398366,0.0025,,,,,,,,,,,,
2026-07-24 09:50:00,28377.02,zone_skip,tolerance,2026-07-24 00:00:00,28293.6,long,0.0029483699493879144,0.0025,,,,,,,,,,,,
2026-07-24 09:55:00,28406.52,zone_skip,tolerance,2026-07-21 08:00:00,28550.77,long,0.005052403140090442,0.0025,,,,,,,,,,,,
2026-07-24 09:55:00,28406.52,zone_skip,tolerance,2026-07-24 00:00:00,28293.6,long,0.003991008567308575,0.0025,,,,,,,,,,,,
2026-07-24 10:00:00,28435.88,zone_skip,tolerance,2026-07-21 08:00:00,28550.77,long,0.004024059596291078,0.0025,,,,,,,,,,,,
2026-07-24 10:00:00,28435.88,zone_skip,tolerance,2026-07-24 00:00:00,28293.6,long,0.005028699069754379,0.0025,,,,,,,,,,,,
2026-07-24 10:05:00,28460.77,zone_skip,tolerance,2026-07-21 08:00:00,28550.77,long,0.0031522792555157006,0.0025,,,,,,,,,,,,
2026-07-24 10:05:00,28460.77,zone_skip,tolerance,2026-07-24 00:00:00,28293.6,long,0.005908403313823688,0.0025,,,,,,,,,,,,
2026-07-24 10:10:00,28499.13,zone_skip,session,2026-07-21 08:00:00,28550.77,long,0.001808707786164766,,,0.0,,,,,,,,,,
2026-07-24 10:10:00,28499.13,zone_skip,tolerance,2026-07-22 20:00:00,28821.97,long,0.01120117743513022,0.0025,,,,,,,,,,,,
2026-07-24 10:10:00,28499.13,zone_skip,tolerance,2026-07-24 00:00:00,28293.6,long,0.007264186953940202,0.0025,,,,,,,,,,,,
2026-07-24 10:15:00,28509.27,zone_skip,session,2026-07-21 08:00:00,28550.77,long,0.0014535509900433508,,,0.0,,,,,,,,,,
2026-07-24 10:15:00,28509.27,zone_skip,tolerance,2026-07-22 20:00:00,28821.97,long,0.010849362482855986,0.0025,,,,,,,,,,,,
2026-07-24 10:15:00,28509.27,zone_skip,tolerance,2026-07-24 00:00:00,28293.6,long,0.0076225718890491805,0.0025,,,,,,,,,,,,
2026-07-24 10:20:00,28500.88,zone_skip,session,2026-07-21 08:00:00,28550.77,long,0.0017474134673075162,,,0.0,,,,,,,,,,
2026-07-24 10:20:00,28500.88,zone_skip,tolerance,2026-07-22 20:00:00,28821.97,long,0.011140459864471448,0.0025,,,,,,,,,,,,
2026-07-24 10:20:00,28500.88,zone_skip,tolerance,2026-07-24 00:00:00,28293.6,long,0.007326038397376173,0.0025,,,,,,,,,,,,
2026-07-24 10:25:00,28515.88,zone_skip,session,2026-07-21 08:00:00,28550.77,long,0.0012220335913882328,,,0.0,,,,,,,,,,
2026-07-24 10:25:00,28515.88,zone_skip,tolerance,2026-07-22 20:00:00,28821.97,long,0.010620023544539118,0.0025,,,,,,,,,,,,
2026-07-24 10:25:00,28515.88,zone_skip,tolerance,2026-07-24 00:00:00,28293.6,long,0.007856193626827357,0.0025,,,,,,,,,,,,
2026-07-24 10:30:00,28507.02,zone_skip,session,2026-07-21 08:00:00,28550.77,long,0.0015323579714312434,,,0.0,,,,,,,,,,
2026-07-24 10:30:00,28507.02,zone_skip,tolerance,2026-07-22 20:00:00,28821.97,long,0.010927427930845834,0.0025,,,,,,,,,,,,
2026-07-24 10:30:00,28507.02,zone_skip,tolerance,2026-07-24 00:00:00,28293.6,long,0.007543048604631503,0.0025,,,,,,,,,,,,
2026-07-24 10:35:00,28495.52,zone_skip,session,2026-07-21 08:00:00,28550.77,long,0.0019351492096360272,,,0.0,,,,,,,,,,
2026-07-24 10:35:00,28495.52,zone_skip,tolerance,2026-07-22 20:00:00,28821.97,long,0.01132642910946062,0.0025,,,,,,,,,,,,
2026-07-24 10:35:00,28495.52,zone_skip,tolerance,2026-07-24 00:00:00,28293.6,long,0.007136596262052263,0.0025,,,,,,,,,,,,
2026-07-24 10:40:00,28489.02,zone_skip,session,2026-07-21 08:00:00,28550.77,long,0.0021628138225343835,,,0.0,,,,,,,,,,
2026-07-24 10:40:00,28489.02,zone_skip,tolerance,2026-07-22 20:00:00,28821.97,long,0.01155195151476463,0.0025,,,,,,,,,,,,
2026-07-24 10:40:00,28489.02,zone_skip,tolerance,2026-07-24 00:00:00,28293.6,long,0.006906862329290084,0.0025,,,,,,,,,,,,
2026-07-24 10:45:00,28492.02,zone_skip,session,2026-07-21 08:00:00,28550.77,long,0.0020577378473505266,,,0.0,,,,,,,,,,
2026-07-24 10:45:00,28492.02,zone_skip,tolerance,2026-07-22 20:00:00,28821.97,long,0.011447864250778164,0.0025,,,,,,,,,,,,
2026-07-24 10:45:00,28492.02,zone_skip,tolerance,2026-07-24 00:00:00,28293.6,long,0.00701289337518032,0.0025,,,,,,,,,,,,
2026-07-24 10:50:00,28487.52,zone_skip,session,2026-07-21 08:00:00,28550.77,long,0.002215351810126312,,,0.0,,,,,,,,,,
2026-07-24 10:50:00,28487.52,zone_skip,tolerance,2026-07-22 20:00:00,28821.97,long,0.011603995146757863,0.0025,,,,,,,,,,,,
2026-07-24 10:50:00,28487.52,zone_skip,tolerance,2026-07-24 00:00:00,28293.6,long,0.006853846806344965,0.0025,,,,,,,,,,,,
2026-07-24 10:55:00,28478.77,zone_skip,tolerance,2026-07-21 08:00:00,28550.77,long,0.0025218234044125606,0.0025,,,,,,,,,,,,
2026-07-24 10:55:00,28478.77,zone_skip,tolerance,2026-07-22 20:00:00,28821.97,long,0.011907583000051722,0.0025,,,,,,,,,,,,
2026-07-24 10:55:00,28478.77,zone_skip,tolerance,2026-07-24 00:00:00,28293.6,long,0.006544589589165108,0.0025,,,,,,,,,,,,
2026-07-24 11:00:00,28455.38,zone_skip,tolerance,2026-07-21 08:00:00,28550.77,long,0.003341065757596009,0.0025,,,,,,,,,,,,
2026-07-24 11:00:00,28455.38,zone_skip,tolerance,2026-07-24 00:00:00,28293.6,long,0.005717900868040917,0.0025,,,,,,,,,,,,
2026-07-24 11:05:00,28442.27,zone_skip,tolerance,2026-07-21 08:00:00,28550.77,long,0.0038002477691494833,0.0025,,,,,,,,,,,,
2026-07-24 11:05:00,28442.27,zone_skip,tolerance,2026-07-24 00:00:00,28293.6,long,0.005254545197500562,0.0025,,,,,,,,,,,,
2026-07-24 11:10:00,28436.88,zone_skip,tolerance,2026-07-21 08:00:00,28550.77,long,0.003989034271229792,0.0025,,,,,,,,,,,,
2026-07-24 11:10:00,28436.88,zone_skip,tolerance,2026-07-24 00:00:00,28293.6,long,0.005064042751717791,0.0025,,,,,,,,,,,,
2026-07-24 11:15:00,28456.52,zone_skip,tolerance,2026-07-21 08:00:00,28550.77,long,0.0033011368870261644,0.0025,,,,,,,,,,,,
2026-07-24 11:15:00,28456.52,zone_skip,tolerance,2026-07-24 00:00:00,28293.6,long,0.005758192665479186,0.0025,,,,,,,,,,,,
2026-07-24 11:20:00,28451.02,zone_skip,tolerance,2026-07-21 08:00:00,28550.77,long,0.0034937761748632347,0.0025,,,,,,,,,,,,
2026-07-24 11:20:00,28451.02,zone_skip,tolerance,2026-07-24 00:00:00,28293.6,long,0.005563802414680419,0.0025,,,,,,,,,,,,
2026-07-24 11:25:00,28485.38,zone_skip,session,2026-07-21 08:00:00,28550.77,long,0.0022903060057574425,,,0.0,,,,,,,,,,
2026-07-24 11:25:00,28485.38,zone_skip,tolerance,2026-07-22 20:00:00,28821.97,long,0.011678244061734854,0.0025,,,,,,,,,,,,
2026-07-24 11:25:00,28485.38,zone_skip,tolerance,2026-07-24 00:00:00,28293.6,long,0.006778211326943283,0.0025,,,,,,,,,,,,
2026-07-24 11:30:00,28497.63,zone_skip,session,2026-07-21 08:00:00,28550.77,long,0.0018612457737566944,,,0.0,,,,,,,,,,
2026-07-24 11:30:00,28497.63,zone_skip,tolerance,2026-07-22 20:00:00,28821.97,long,0.011253221067123452,0.0025,,,,,,,,,,,,
2026-07-24 11:30:00,28497.63,zone_skip,tolerance,2026-07-24 00:00:00,28293.6,long,0.007211171430995083,0.0025,,,,,,,,,,,,
2026-07-24 11:35:00,28496.52,zone_skip,session,2026-07-21 08:00:00,28550.77,long,0.0019001238845747417,,,0.0,,,,,,,,,,
2026-07-24 11:35:00,28496.52,zone_skip,tolerance,2026-07-22 20:00:00,28821.97,long,0.011291733354798465,0.0025,,,,,,,,,,,,
2026-07-24 11:35:00,28496.52,zone_skip,tolerance,2026-07-24 00:00:00,28293.6,long,0.007171939944015675,0.0025,,,,,,,,,,,,
2026-07-24 11:40:00,28492.63,zone_skip,session,2026-07-21 08:00:00,28550.77,long,0.0020363723990631222,,,0.0,,,,,,,,,,
2026-07-24 11:40:00,28492.63,zone_skip,tolerance,2026-07-22 20:00:00,28821.97,long,0.01142669984043423,0.0025,,,,,,,,,,,,
2026-07-24 11:40:00,28492.63,zone_skip,tolerance,2026-07-24 00:00:00,28293.6,long,0.007034453021178022,0.0025,,,,,,,,,,,,
2026-07-24 11:45:00,28482.88,zone_skip,session,2026-07-21 08:00:00,28550.77,long,0.0023778693184106563,,,0.0,,,,,,,,,,
2026-07-24 11:45:00,28482.88,zone_skip,tolerance,2026-07-22 20:00:00,28821.97,long,0.011764983448390243,0.0025,,,,,,,,,,,,
2026-07-24 11:45:00,28482.88,zone_skip,tolerance,2026-07-24 00:00:00,28293.6,long,0.006689852122034753,0.0025,,,,,,,,,,,,
2026-07-24 11:50:00,28487.02,zone_skip,session,2026-07-21 08:00:00,28550.77,long,0.0022328644726569546,,,0.0,,,,,,,,,,
2026-07-24 11:50:00,28487.02,zone_skip,tolerance,2026-07-22 20:00:00,28821.97,long,0.01162134302408894,0.0025,,,,,,,,,,,,
2026-07-24 11:50:00,28487.02,zone_skip,tolerance,2026-07-24 00:00:00,28293.6,long,0.0068361749653632585,0.0025,,,,,,,,,,,,
2026-07-24 11:55:00,28484.02,zone_skip,session,2026-07-21 08:00:00,28550.77,long,0.0023379404478408115,,,0.0,,,,,,,,,,
2026-07-24 11:55:00,28484.02,zone_skip,tolerance,2026-07-22 20:00:00,28821.97,long,0.011725430288075406,0.0025,,,,,,,,,,,,
2026-07-24 11:55:00,28484.02,zone_skip,tolerance,2026-07-24 00:00:00,28293.6,long,0.006730143919473022,0.0025,,,,,,,,,,,,
2026-07-24 12:00:00,28484.88,zone_skip,session,2026-07-21 08:00:00,28550.77,long,0.002307818668288085,,,0.0,,,,,,,,,,
2026-07-24 12:00:00,28484.88,zone_skip,tolerance,2026-07-22 20:00:00,28821.97,long,0.011695591939065933,0.0025,,,,,,,,,,,,
2026-07-24 12:00:00,28484.88,zone_skip,tolerance,2026-07-24 00:00:00,28293.6,long,0.006760539485961578,0.0025,,,,,,,,,,,,
2026-07-24 12:05:00,28540.63,zone_skip,session,2026-07-21 08:00:00,28550.77,long,0.00035515679612141524,,,0.0,,,,,,,,,,
2026-07-24 12:05:00,28540.63,zone_skip,tolerance,2026-07-22 20:00:00,28821.97,long,0.009761303616650775,0.0025,,,,,,,,,,,,
2026-07-24 12:05:00,28540.63,zone_skip,tolerance,2026-07-24 00:00:00,28293.6,long,0.008730949755421808,0.0025,,,,,,,,,,,,
2026-07-24 12:05:00,28540.63,zone_skip,tolerance,2026-07-24 12:00:00,28329.88,long,0.007439141994247769,0.0025,,,,,,,,,,,,
2026-07-24 12:10:00,28505.13,zone_skip,session,2026-07-21 08:00:00,28550.77,long,0.0015985558357970526,,,0.0,,,,,,,,,,
2026-07-24 12:10:00,28505.13,zone_skip,tolerance,2026-07-22 20:00:00,28821.97,long,0.010993002907157289,0.0025,,,,,,,,,,,,
2026-07-24 12:10:00,28505.13,zone_skip,tolerance,2026-07-24 00:00:00,28293.6,long,0.0074762490457206746,0.0025,,,,,,,,,,,,
2026-07-24 12:10:00,28505.13,zone_skip,tolerance,2026-07-24 12:00:00,28329.88,long,0.0061860480877434,0.0025,,,,,,,,,,,,
2026-07-24 12:15:00,28511.27,zone_skip,session,2026-07-21 08:00:00,28550.77,long,0.0013835003399207796,,,0.0,,,,,,,,,,
2026-07-24 12:15:00,28511.27,zone_skip,tolerance,2026-07-22 20:00:00,28821.97,long,0.010779970973531675,0.0025,,,,,,,,,,,,
2026-07-24 12:15:00,28511.27,zone_skip,tolerance,2026-07-24 00:00:00,28293.6,long,0.007693259252976006,0.0025,,,,,,,,,,,,
2026-07-24 12:15:00,28511.27,zone_skip,tolerance,2026-07-24 12:00:00,28329.88,long,0.006402780385938783,0.0025,,,,,,,,,,,,
2026-07-24 12:20:00,28523.52,zone_skip,session,2026-07-21 08:00:00,28550.77,long,0.0009544401079200316,,,0.0,,,,,,,,,,
2026-07-24 12:20:00,28523.52,zone_skip,tolerance,2026-07-22 20:00:00,28821.97,long,0.010354947978920273,0.0025,,,,,,,,,,,,
2026-07-24 12:20:00,28523.52,zone_skip,tolerance,2026-07-24 00:00:00,28293.6,long,0.008126219357027805,0.0025,,,,,,,,,,,,
2026-07-24 12:20:00,28523.52,zone_skip,tolerance,2026-07-24 12:00:00,28329.88,long,0.006835186029732545,0.0025,,,,,,,,,,,,
2026-07-24 12:25:00,28535.02,zone_skip,session,2026-07-21 08:00:00,28550.77,long,0.0005516488697152476,,,0.0,,,,,,,,,,
2026-07-24 12:25:00,28535.02,zone_skip,tolerance,2026-07-22 20:00:00,28821.97,long,0.009955946800305487,0.0025,,,,,,,,,,,,
2026-07-24 12:25:00,28535.02,zone_skip,tolerance,2026-07-24 00:00:00,28293.6,long,0.008532671699607046,0.0025,,,,,,,,,,,,
2026-07-24 12:25:00,28535.02,zone_skip,tolerance,2026-07-24 12:00:00,28329.88,long,0.007241117858600157,0.0025,,,,,,,,,,,,
2026-07-24 12:30:00,28544.77,zone_skip,session,2026-07-21 08:00:00,28550.77,long,0.00021015195036771337,,,0.0,,,,,,,,,,
2026-07-24 12:30:00,28544.77,zone_skip,tolerance,2026-07-22 20:00:00,28821.97,long,0.009617663192349472,0.0025,,,,,,,,,,,,
2026-07-24 12:30:00,28544.77,zone_skip,tolerance,2026-07-24 00:00:00,28293.6,long,0.008877272598750315,0.0025,,,,,,,,,,,,
2026-07-24 12:30:00,28544.77,zone_skip,tolerance,2026-07-24 12:00:00,28329.88,long,0.007585277452640089,0.0025,,,,,,,,,,,,
2026-07-24 12:35:00,28553.27,zone_skip,session,2026-07-21 08:00:00,28550.77,long,8.756331265321391e-05,,,0.0,,,,,,,,,,
2026-07-24 12:35:00,28553.27,zone_skip,tolerance,2026-07-22 20:00:00,28821.97,long,0.009322749277721152,0.0025,,,,,,,,,,,,
2026-07-24 12:35:00,28553.27,zone_skip,tolerance,2026-07-24 00:00:00,28293.6,long,0.009177693895439319,0.0025,,,,,,,,,,,,
2026-07-24 12:35:00,28553.27,zone_skip,tolerance,2026-07-24 12:00:00,28329.88,long,0.007885314021803107,0.0025,,,,,,,,,,,,
2026-07-24 12:40:00,28557.38,zone_skip,session,2026-07-21 08:00:00,28550.77,long,0.00023151739865511796,,,0.0,,,,,,,,,,
2026-07-24 12:40:00,28557.38,zone_skip,tolerance,2026-07-22 20:00:00,28821.97,long,0.009180149726059674,0.0025,,,,,,,,,,,,
2026-07-24 12:40:00,28557.38,zone_skip,tolerance,2026-07-24 00:00:00,28293.6,long,0.009322956428308963,0.0025,,,,,,,,,,,,
2026-07-24 12:40:00,28557.38,zone_skip,tolerance,2026-07-24 12:00:00,28329.88,long,0.008030390527598422,0.0025,,,,,,,,,,,,
2026-07-24 12:45:00,28546.27,zone_skip,session,2026-07-21 08:00:00,28550.77,long,0.00015761396277578504,,,0.0,,,,,,,,,,
2026-07-24 12:45:00,28546.27,zone_skip,tolerance,2026-07-22 20:00:00,28821.97,long,0.00956561956035624,0.0025,,,,,,,,,,,,
2026-07-24 12:45:00,28546.27,zone_skip,tolerance,2026-07-24 00:00:00,28293.6,long,0.008930288121695433,0.0025,,,,,,,,,,,,
2026-07-24 12:45:00,28546.27,zone_skip,tolerance,2026-07-24 12:00:00,28329.88,long,0.007638225082492386,0.0025,,,,,,,,,,,,
2026-07-24 12:50:00,28544.77,zone_skip,session,2026-07-21 08:00:00,28550.77,long,0.00021015195036771337,,,0.0,,,,,,,,,,
2026-07-24 12:50:00,28544.77,zone_skip,tolerance,2026-07-22 20:00:00,28821.97,long,0.009617663192349472,0.0025,,,,,,,,,,,,
2026-07-24 12:50:00,28544.77,zone_skip,tolerance,2026-07-24 00:00:00,28293.6,long,0.008877272598750315,0.0025,,,,,,,,,,,,
2026-07-24 12:50:00,28544.77,zone_skip,tolerance,2026-07-24 12:00:00,28329.88,long,0.007585277452640089,0.0025,,,,,,,,,,,,
2026-07-24 12:55:00,28562.02,zone_skip,session,2026-07-21 08:00:00,28550.77,long,0.0003940349069394626,,,0.0,,,,,,,,,,
2026-07-24 12:55:00,28562.02,zone_skip,tolerance,2026-07-22 20:00:00,28821.97,long,0.009019161424427293,0.0025,,,,,,,,,,,,
2026-07-24 12:55:00,28562.02,zone_skip,tolerance,2026-07-24 00:00:00,28293.6,long,0.009486951112619175,0.0025,,,,,,,,,,,,
2026-07-24 12:55:00,28562.02,zone_skip,tolerance,2026-07-24 12:00:00,28329.88,long,0.008194175195941508,0.0025,,,,,,,,,,,,
2026-07-24 13:00:00,28541.77,zone_skip,score_h4,2026-07-21 08:00:00,28550.77,long,0.0003152279255515701,,,,0.0,0.0,2.5,,,,,,,
2026-07-24 13:00:00,28541.77,zone_skip,tolerance,2026-07-22 20:00:00,28821.97,long,0.009721750456335937,0.0025,,,,,,,,,,,,
2026-07-24 13:00:00,28541.77,zone_skip,tolerance,2026-07-24 00:00:00,28293.6,long,0.008771241552860078,0.0025,,,,,,,,,,,,
2026-07-24 13:00:00,28541.77,zone_skip,tolerance,2026-07-24 12:00:00,28329.88,long,0.0074793821929354945,0.0025,,,,,,,,,,,,
2026-07-24 13:05:00,28532.77,zone_skip,score_h4,2026-07-21 08:00:00,28550.77,long,0.0006304558511031401,,,,0.0,0.0,2.0,,,,,,,
2026-07-24 13:05:00,28532.77,zone_skip,tolerance,2026-07-22 20:00:00,28821.97,long,0.010034012248295336,0.0025,,,,,,,,,,,,
2026-07-24 13:05:00,28532.77,zone_skip,tolerance,2026-07-24 00:00:00,28293.6,long,0.008453148415189368,0.0025,,,,,,,,,,,,
2026-07-24 13:05:00,28532.77,zone_skip,tolerance,2026-07-24 12:00:00,28329.88,long,0.007161696413821711,0.0025,,,,,,,,,,,,
2026-07-24 13:10:00,28525.52,zone_skip,score_h4,2026-07-21 08:00:00,28550.77,long,0.0008843894577974604,,,,0.0,0.0,2.0,,,,,,,
2026-07-24 13:10:00,28525.52,zone_skip,tolerance,2026-07-22 20:00:00,28821.97,long,0.010285556469595962,0.0025,,,,,,,,,,,,
2026-07-24 13:10:00,28525.52,zone_skip,tolerance,2026-07-24 00:00:00,28293.6,long,0.00819690672095463,0.0025,,,,,,,,,,,,
2026-07-24 13:10:00,28525.52,zone_skip,tolerance,2026-07-24 12:00:00,28329.88,long,0.006905782869535608,0.0025,,,,,,,,,,,,
2026-07-24 13:15:00,28522.77,zone_skip,score_h4,2026-07-21 08:00:00,28550.77,long,0.0009807091017159958,,,,0.0,0.0,1.0,,,,,,,
2026-07-24 13:15:00,28522.77,zone_skip,tolerance,2026-07-22 20:00:00,28821.97,long,0.010380969794916888,0.0025,,,,,,,,,,,,
2026-07-24 13:15:00,28522.77,zone_skip,tolerance,2026-07-24 00:00:00,28293.6,long,0.008099711595555247,0.0025,,,,,,,,,,,,
2026-07-24 13:15:00,28522.77,zone_skip,tolerance,2026-07-24 12:00:00,28329.88,long,0.0068087122148063955,0.0025,,,,,,,,,,,,
2026-07-24 13:20:00,28530.27,zone_skip,score_h4,2026-07-21 08:00:00,28550.77,long,0.000718019163756354,,,,0.0,0.0,2.0,,,,,,,
2026-07-24 13:20:00,28530.27,zone_skip,tolerance,2026-07-22 20:00:00,28821.97,long,0.010120751634950725,0.0025,,,,,,,,,,,,
2026-07-24 13:20:00,28530.27,zone_skip,tolerance,2026-07-24 00:00:00,28293.6,long,0.008364789210280837,0.0025,,,,,,,,,,,,
2026-07-24 13:20:00,28530.27,zone_skip,tolerance,2026-07-24 12:00:00,28329.88,long,0.007073450364067882,0.0025,,,,,,,,,,,,
2026-07-24 13:25:00,28529.77,zone_skip,score_h4,2026-07-21 08:00:00,28550.77,long,0.0007355318262869968,,,,0.0,0.0,2.0,,,,,,,
2026-07-24 13:25:00,28529.77,zone_skip,tolerance,2026-07-22 20:00:00,28821.97,long,0.010138099512281801,0.0025,,,,,,,,,,,,
2026-07-24 13:25:00,28529.77,zone_skip,tolerance,2026-07-24 00:00:00,28293.6,long,0.00834711736929913,0.0025,,,,,,,,,,,,
2026-07-24 13:25:00,28529.77,zone_skip,tolerance,2026-07-24 12:00:00,28329.88,long,0.007055801154117116,0.0025,,,,,,,,,,,,
2026-07-24 13:30:00,28527.27,zone_skip,score_h4,2026-07-21 08:00:00,28550.77,long,0.0008230951389402107,,,,0.0,0.0,2.0,,,,,,,
2026-07-24 13:30:00,28527.27,zone_skip,tolerance,2026-07-22 20:00:00,28821.97,long,0.01022483889893719,0.0025,,,,,,,,,,,,
2026-07-24 13:30:00,28527.27,zone_skip,tolerance,2026-07-24 00:00:00,28293.6,long,0.008258758164390602,0.0025,,,,,,,,,,,,
2026-07-24 13:30:00,28527.27,zone_skip,tolerance,2026-07-24 12:00:00,28329.88,long,0.006967555104363287,0.0025,,,,,,,,,,,,
2026-07-24 13:35:00,28508.13,zone_skip,score_h4,2026-07-21 08:00:00,28550.77,long,0.001493479860613196,,,,0.0,0.0,1.0,,,,,,,
2026-07-24 13:35:00,28508.13,zone_skip,tolerance,2026-07-22 20:00:00,28821.97,long,0.010888915643170821,0.0025,,,,,,,,,,,,
2026-07-24 13:35:00,28508.13,zone_skip,tolerance,2026-07-24 00:00:00,28293.6,long,0.007582280091610912,0.0025,,,,,,,,,,,,
2026-07-24 13:35:00,28508.13,zone_skip,tolerance,2026-07-24 12:00:00,28329.88,long,0.006291943347447994,0.0025,,,,,,,,,,,,
2026-07-24 13:40:00,28509.02,zone_skip,score_h4,2026-07-21 08:00:00,28550.77,long,0.0014623073213086723,,,,0.0,0.0,1.0,,,,,,,
2026-07-24 13:40:00,28509.02,zone_skip,tolerance,2026-07-22 20:00:00,28821.97,long,0.010858036421521524,0.0025,,,,,,,,,,,,
2026-07-24 13:40:00,28509.02,zone_skip,tolerance,2026-07-24 00:00:00,28293.6,long,0.007613735968558328,0.0025,,,,,,,,,,,,
2026-07-24 13:40:00,28509.02,zone_skip,tolerance,2026-07-24 12:00:00,28329.88,long,0.0063233589411603374,0.0025,,,,,,,,,,,,
2026-07-24 13:45:00,28513.27,zone_skip,score_h4,2026-07-21 08:00:00,28550.77,long,0.0013134496897982085,,,,0.0,0.0,1.0,,,,,,,
2026-07-24 13:45:00,28513.27,zone_skip,tolerance,2026-07-22 20:00:00,28821.97,long,0.010710579464207363,0.0025,,,,,,,,,,,,
2026-07-24 13:45:00,28513.27,zone_skip,tolerance,2026-07-24 00:00:00,28293.6,long,0.00776394661690283,0.0025,,,,,,,,,,,,
2026-07-24 13:45:00,28513.27,zone_skip,tolerance,2026-07-24 12:00:00,28329.88,long,0.006473377225741846,0.0025,,,,,,,,,,,,
2026-07-24 13:50:00,28500.02,zone_skip,score_h4,2026-07-21 08:00:00,28550.77,long,0.0017775352468602423,,,,0.0,0.0,1.0,,,,,,,
2026-07-24 13:50:00,28500.02,zone_skip,tolerance,2026-07-22 20:00:00,28821.97,long,0.01117029821348092,0.0025,,,,,,,,,,,,
2026-07-24 13:50:00,28500.02,zone_skip,tolerance,2026-07-24 00:00:00,28293.6,long,0.007295642830887618,0.0025,,,,,,,,,,,,
2026-07-24 13:50:00,28500.02,zone_skip,tolerance,2026-07-24 12:00:00,28329.88,long,0.006005673162046554,0.0025,,,,,,,,,,,,
2026-07-24 13:55:00,28501.63,zone_skip,score_h4,2026-07-21 08:00:00,28550.77,long,0.0017211444735115522,,,,0.0,0.0,1.0,,,,,,,
2026-07-24 13:55:00,28501.63,zone_skip,tolerance,2026-07-22 20:00:00,28821.97,long,0.01111443804847483,0.0025,,,,,,,,,,,,
2026-07-24 13:55:00,28501.63,zone_skip,tolerance,2026-07-24 00:00:00,28293.6,long,0.007352546158848732,0.0025,,,,,,,,,,,,
2026-07-24 13:55:00,28501.63,zone_skip,tolerance,2026-07-24 12:00:00,28329.88,long,0.006062503618088039,0.0025,,,,,,,,,,,,
2026-07-24 14:00:00,28515.02,zone_skip,score_h4,2026-07-21 08:00:00,28550.77,long,0.0012521553709409587,,,,0.0,1.5,1.0,,,,,,,
2026-07-24 14:00:00,28515.02,zone_skip,tolerance,2026-07-22 20:00:00,28821.97,long,0.010649861893548593,0.0025,,,,,,,,,,,,
2026-07-24 14:00:00,28515.02,zone_skip,tolerance,2026-07-24 00:00:00,28293.6,long,0.007825798060338802,0.0025,,,,,,,,,,,,
2026-07-24 14:00:00,28515.02,zone_skip,tolerance,2026-07-24 12:00:00,28329.88,long,0.006535149460569527,0.0025,,,,,,,,,,,,
2026-07-24 14:05:00,28504.13,zone_skip,score_h4,2026-07-21 08:00:00,28550.77,long,0.0016335811608583382,,,,0.0,1.5,1.0,,,,,,,
2026-07-24 14:05:00,28504.13,zone_skip,tolerance,2026-07-22 20:00:00,28821.97,long,0.011027698661819444,0.0025,,,,,,,,,,,,
2026-07-24 14:05:00,28504.13,zone_skip,tolerance,2026-07-24 00:00:00,28293.6,long,0.007440905363757262,0.0025,,,,,,,,,,,,
2026-07-24 14:05:00,28504.13,zone_skip,tolerance,2026-07-24 12:00:00,28329.88,long,0.006150749667841868,0.0025,,,,,,,,,,,,
2026-07-24 14:10:00,28518.77,zone_skip,score_h4,2026-07-21 08:00:00,28550.77,long,0.001120810401961138,,,,0.0,1.5,2.0,,,,,,,
2026-07-24 14:10:00,28518.77,zone_skip,tolerance,2026-07-22 20:00:00,28821.97,long,0.01051975281356551,0.0025,,,,,,,,,,,,
2026-07-24 14:10:00,28518.77,zone_skip,tolerance,2026-07-24 00:00:00,28293.6,long,0.007958336867701596,0.0025,,,,,,,,,,,,
2026-07-24 14:10:00,28518.77,zone_skip,tolerance,2026-07-24 12:00:00,28329.88,long,0.006667518535200269,0.0025,,,,,,,,,,,,
2026-07-24 14:15:00,28516.13,zone_skip,score_h4,2026-07-21 08:00:00,28550.77,long,0.0012132772601229115,,,,0.0,1.5,1.0,,,,,,,
2026-07-24 14:15:00,28516.13,zone_skip,tolerance,2026-07-22 20:00:00,28821.97,long,0.01061134960587358,0.0025,,,,,,,,,,,,
2026-07-24 14:15:00,28516.13,zone_skip,tolerance,2026-07-24 00:00:00,28293.6,long,0.007865029547318209,0.0025,,,,,,,,,,,,
2026-07-24 14:15:00,28516.13,zone_skip,tolerance,2026-07-24 12:00:00,28329.88,long,0.006574330706660247,0.0025,,,,,,,,,,,,
2026-07-24 14:20:00,28517.27,zone_skip,score_h4,2026-07-21 08:00:00,28550.77,long,0.0011733483895530663,,,,0.0,1.5,2.0,,,,,,,
2026-07-24 14:20:00,28517.27,zone_skip,tolerance,2026-07-22 20:00:00,28821.97,long,0.010571796445558742,0.0025,,,,,,,,,,,,
2026-07-24 14:20:00,28517.27,zone_skip,tolerance,2026-07-24 00:00:00,28293.6,long,0.007905321344756478,0.0025,,,,,,,,,,,,
2026-07-24 14:20:00,28517.27,zone_skip,tolerance,2026-07-24 12:00:00,28329.88,long,0.006614570905347972,0.0025,,,,,,,,,,,,
2026-07-24 14:25:00,28505.02,zone_skip,score_h4,2026-07-21 08:00:00,28550.77,long,0.0016024086215538145,,,,0.0,1.5,1.0,,,,,,,
2026-07-24 14:25:00,28505.02,zone_skip,tolerance,2026-07-22 20:00:00,28821.97,long,0.010996819440170145,0.0025,,,,,,,,,,,,
2026-07-24 14:25:00,28505.02,zone_skip,tolerance,2026-07-24 00:00:00,28293.6,long,0.007472361240704679,0.0025,,,,,,,,,,,,
2026-07-24 14:25:00,28505.02,zone_skip,tolerance,2026-07-24 12:00:00,28329.88,long,0.006182165261554211,0.0025,,,,,,,,,,,,
2026-07-24 14:30:00,28487.38,zone_skip,chasing,2026-07-21 08:00:00,28550.77,long,0.0022202553556348713,,36.77180873664655,,,,,,,,,,,
2026-07-24 14:30:00,28487.38,zone_skip,tolerance,2026-07-22 20:00:00,28821.97,long,0.011608852552410544,0.0025,,,,,,,,,,,,
2026-07-24 14:30:00,28487.38,zone_skip,tolerance,2026-07-24 00:00:00,28293.6,long,0.006848898690870108,0.0025,,,,,,,,,,,,
2026-07-24 14:30:00,28487.38,zone_skip,tolerance,2026-07-24 12:00:00,28329.88,long,0.005559501134491216,0.0025,,,,,,,,,,,,
2026-07-24 14:35:00,28484.77,zone_skip,chasing,2026-07-21 08:00:00,28550.77,long,0.0023116714540448472,,36.77180873664655,,,,,,,,,,,
2026-07-24 14:35:00,28484.77,zone_skip,tolerance,2026-07-22 20:00:00,28821.97,long,0.011699408472078789,0.0025,,,,,,,,,,,,
2026-07-24 14:35:00,28484.77,zone_skip,tolerance,2026-07-24 00:00:00,28293.6,long,0.006756651680945581,0.0025,,,,,,,,,,,,
2026-07-24 14:35:00,28484.77,zone_skip,tolerance,2026-07-24 12:00:00,28329.88,long,0.0054673722585481975,0.0025,,,,,,,,,,,,
2026-07-24 14:40:00,28478.52,zone_skip,tolerance,2026-07-21 08:00:00,28550.77,long,0.0025305797356778817,0.0025,,,,,,,,,,,,
2026-07-24 14:40:00,28478.52,zone_skip,tolerance,2026-07-22 20:00:00,28821.97,long,0.01191625693871726,0.0025,,,,,,,,,,,,
2026-07-24 14:40:00,28478.52,zone_skip,tolerance,2026-07-24 00:00:00,28293.6,long,0.006535753668674255,0.0025,,,,,,,,,,,,
2026-07-24 14:40:00,28478.52,zone_skip,tolerance,2026-07-24 12:00:00,28329.88,long,0.005246757134163626,0.0025,,,,,,,,,,,,
2026-07-24 14:45:00,28477.89,zone_skip,tolerance,2026-07-21 08:00:00,28550.77,long,0.0025526456904665274,0.0025,,,,,,,,,,,,
2026-07-24 14:45:00,28477.89,zone_skip,tolerance,2026-07-22 20:00:00,28821.97,long,0.011938115264154453,0.0025,,,,,,,,,,,,
2026-07-24 14:45:00,28477.89,zone_skip,tolerance,2026-07-24 00:00:00,28293.6,long,0.00651348714903727,0.0025,,,,,,,,,,,,
2026-07-24 14:45:00,28477.89,zone_skip,tolerance,2026-07-24 12:00:00,28329.88,long,0.005224519129625625,0.0025,,,,,,,,,,,,
2026-07-24 14:50:00,28479.52,zone_skip,chasing,2026-07-21 08:00:00,28550.77,long,0.0024955544106165964,,44.65023423842709,,,,,,,,,,,
2026-07-24 14:50:00,28479.52,zone_skip,tolerance,2026-07-22 20:00:00,28821.97,long,0.011881561184055105,0.0025,,,,,,,,,,,,
2026-07-24 14:50:00,28479.52,zone_skip,tolerance,2026-07-24 00:00:00,28293.6,long,0.006571097350637667,0.0025,,,,,,,,,,,,
2026-07-24 14:50:00,28479.52,zone_skip,tolerance,2026-07-24 12:00:00,28329.88,long,0.005282055554065157,0.0025,,,,,,,,,,,,
2026-07-24 14:55:00,28541.38,zone_skip,score_h4,2026-07-21 08:00:00,28550.77,long,0.000328887802325451,,,,0.0,1.5,3.0,,,,,,,
2026-07-24 14:55:00,28541.38,zone_skip,tolerance,2026-07-22 20:00:00,28821.97,long,0.009735281800654158,0.0025,,,,,,,,,,,,
2026-07-24 14:55:00,28541.38,zone_skip,tolerance,2026-07-24 00:00:00,28293.6,long,0.008757457516894367,0.0025,,,,,,,,,,,,
2026-07-24 14:55:00,28541.38,zone_skip,tolerance,2026-07-24 12:00:00,28329.88,long,0.007465615809173918,0.0025,,,,,,,,,,,,
2026-07-24 15:00:00,28514.52,zone_skip,score_h4,2026-07-21 08:00:00,28550.77,long,0.0012696680334716016,,,,0.0,0.0,2.0,,,,,,,
2026-07-24 15:00:00,28514.52,zone_skip,tolerance,2026-07-22 20:00:00,28821.97,long,0.01066720977087967,0.0025,,,,,,,,,,,,
2026-07-24 15:00:00,28514.52,zone_skip,tolerance,2026-07-24 00:00:00,28293.6,long,0.007808126219357095,0.0025,,,,,,,,,,,,
2026-07-24 15:00:00,28514.52,zone_skip,tolerance,2026-07-24 12:00:00,28329.88,long,0.006517500250618761,0.0025,,,,,,,,,,,,
2026-07-24 15:05:00,28536.63,zone_skip,score_h4,2026-07-21 08:00:00,28550.77,long,0.0004952580963665575,,,,0.0,0.0,2.75,,,,,,,
2026-07-24 15:05:00,28536.63,zone_skip,tolerance,2026-07-22 20:00:00,28821.97,long,0.009900086635299395,0.0025,,,,,,,,,,,,
2026-07-24 15:05:00,28536.63,zone_skip,tolerance,2026-07-24 00:00:00,28293.6,long,0.00858957502756816,0.0025,,,,,,,,,,,,
2026-07-24 15:05:00,28536.63,zone_skip,tolerance,2026-07-24 12:00:00,28329.88,long,0.007297948314641643,0.0025,,,,,,,,,,,,
2026-07-24 15:10:00,28552.02,zone_skip,score_h4,2026-07-21 08:00:00,28550.77,long,4.3781656326606954e-05,,,,0.0,0.0,2.75,,,,,,,
2026-07-24 15:10:00,28552.02,zone_skip,tolerance,2026-07-22 20:00:00,28821.97,long,0.009366118971048847,0.0025,,,,,,,,,,,,
2026-07-24 15:10:00,28552.02,zone_skip,tolerance,2026-07-24 00:00:00,28293.6,long,0.009133514292985053,0.0025,,,,,,,,,,,,
2026-07-24 15:10:00,28552.02,zone_skip,tolerance,2026-07-24 12:00:00,28329.88,long,0.007841190996926192,0.0025,,,,,,,,,,,,
2026-07-24 15:15:00,28545.52,zone_skip,score_h4,2026-07-21 08:00:00,28550.77,long,0.0001838829565717492,,,,0.0,0.0,2.75,,,,,,,
2026-07-24 15:15:00,28545.52,zone_skip,tolerance,2026-07-22 20:00:00,28821.97,long,0.009591641376352855,0.0025,,,,,,,,,,,,
2026-07-24 15:15:00,28545.52,zone_skip,tolerance,2026-07-24 00:00:00,28293.6,long,0.008903780360222874,0.0025,,,,,,,,,,,,
2026-07-24 15:15:00,28545.52,zone_skip,tolerance,2026-07-24 12:00:00,28329.88,long,0.007611751267566238,0.0025,,,,,,,,,,,,
2026-07-24 15:20:00,28548.13,zone_skip,score_h4,2026-07-21 08:00:00,28550.77,long,9.24668581617735e-05,,,,0.0,0.0,2.75,,,,,,,
2026-07-24 15:20:00,28548.13,zone_skip,tolerance,2026-07-22 20:00:00,28821.97,long,0.00950108545668461,0.0025,,,,,,,,,,,,
2026-07-24 15:20:00,28548.13,zone_skip,tolerance,2026-07-24 00:00:00,28293.6,long,0.0089960273701474,0.0025,,,,,,,,,,,,
2026-07-24 15:20:00,28548.13,zone_skip,tolerance,2026-07-24 12:00:00,28329.88,long,0.0077038801435092555,0.0025,,,,,,,,,,,,
2026-07-24 15:25:00,28548.52,zone_skip,score_h4,2026-07-21 08:00:00,28550.77,long,7.880698138789252e-05,,,,0.0,0.0,2.75,,,,,,,
2026-07-24 15:25:00,28548.52,zone_skip,tolerance,2026-07-22 20:00:00,28821.97,long,0.00948755411236639,0.0025,,,,,,,,,,,,
2026-07-24 15:25:00,28548.52,zone_skip,tolerance,2026-07-24 00:00:00,28293.6,long,0.009009811406113111,0.0025,,,,,,,,,,,,
2026-07-24 15:25:00,28548.52,zone_skip,tolerance,2026-07-24 12:00:00,28329.88,long,0.007717646527270833,0.0025,,,,,,,,,,,,
2026-07-24 15:30:00,28505.02,zone_skip,score_h4,2026-07-21 08:00:00,28550.77,long,0.0016024086215538145,,,,0.0,0.0,1.0,,,,,,,
2026-07-24 15:30:00,28505.02,zone_skip,tolerance,2026-07-22 20:00:00,28821.97,long,0.010996819440170145,0.0025,,,,,,,,,,,,
2026-07-24 15:30:00,28505.02,zone_skip,tolerance,2026-07-24 00:00:00,28293.6,long,0.007472361240704679,0.0025,,,,,,,,,,,,
2026-07-24 15:30:00,28505.02,zone_skip,tolerance,2026-07-24 12:00:00,28329.88,long,0.006182165261554211,0.0025,,,,,,,,,,,,
2026-07-24 15:35:00,28512.02,zone_skip,score_h4,2026-07-21 08:00:00,28550.77,long,0.0013572313461248156,,,,0.0,0.0,1.0,,,,,,,
2026-07-24 15:35:00,28512.02,zone_skip,tolerance,2026-07-22 20:00:00,28821.97,long,0.010753949157535058,0.0025,,,,,,,,,,,,
2026-07-24 15:35:00,28512.02,zone_skip,tolerance,2026-07-24 00:00:00,28293.6,long,0.0077197670144485645,0.0025,,,,,,,,,,,,
2026-07-24 15:35:00,28512.02,zone_skip,tolerance,2026-07-24 12:00:00,28329.88,long,0.006429254200864932,0.0025,,,,,,,,,,,,
2026-07-24 15:40:00,28490.77,zone_skip,score_h4,2026-07-21 08:00:00,28550.77,long,0.002101519503677134,,,,0.0,0.0,1.0,,,,,,,
2026-07-24 15:40:00,28490.77,zone_skip,tolerance,2026-07-22 20:00:00,28821.97,long,0.011491233944105858,0.0025,,,,,,,,,,,,
2026-07-24 15:40:00,28490.77,zone_skip,tolerance,2026-07-24 00:00:00,28293.6,long,0.006968713772726055,0.0025,,,,,,,,,,,,
2026-07-24 15:40:00,28490.77,zone_skip,tolerance,2026-07-24 12:00:00,28329.88,long,0.005679162777957387,0.0025,,,,,,,,,,,,
2026-07-24 15:45:00,28486.02,zone_skip,score_h4,2026-07-21 08:00:00,28550.77,long,0.0022678897977182404,,,,0.0,0.0,1.0,,,,,,,
2026-07-24 15:45:00,28486.02,zone_skip,tolerance,2026-07-22 20:00:00,28821.97,long,0.011656038778751095,0.0025,,,,,,,,,,,,
2026-07-24 15:45:00,28486.02,zone_skip,tolerance,2026-07-24 00:00:00,28293.6,long,0.006800831283399846,0.0025,,,,,,,,,,,,
2026-07-24 15:45:00,28486.02,zone_skip,tolerance,2026-07-24 12:00:00,28329.88,long,0.005511495283425112,0.0025,,,,,,,,,,,,
2026-07-24 15:50:00,28472.77,zone_skip,tolerance,2026-07-21 08:00:00,28550.77,long,0.002731975354780274,0.0025,,,,,,,,,,,,
2026-07-24 15:50:00,28472.77,zone_skip,tolerance,2026-07-22 20:00:00,28821.97,long,0.012115757528024653,0.0025,,,,,,,,,,,,
2026-07-24 15:50:00,28472.77,zone_skip,tolerance,2026-07-24 00:00:00,28293.6,long,0.0063325274973846345,0.0025,,,,,,,,,,,,
2026-07-24 15:50:00,28472.77,zone_skip,tolerance,2026-07-24 12:00:00,28329.88,long,0.005043791219729819,0.0025,,,,,,,,,,,,
2026-07-24 15:55:00,28453.52,zone_skip,tolerance,2026-07-21 08:00:00,28550.77,long,0.003406212862210021,0.0025,,,,,,,,,,,,
2026-07-24 15:55:00,28453.52,zone_skip,tolerance,2026-07-24 00:00:00,28293.6,long,0.00565216161958895,0.0025,,,,,,,,,,,,
2026-07-24 15:55:00,28453.52,zone_skip,tolerance,2026-07-24 12:00:00,28329.88,long,0.004364296636625338,0.0025,,,,,,,,,,,,
2026-07-24 16:00:00,28458.77,zone_skip,tolerance,2026-07-21 08:00:00,28550.77,long,0.0032223299056382717,0.0025,,,,,,,,,,,,
2026-07-24 16:00:00,28458.77,zone_skip,tolerance,2026-07-24 00:00:00,28293.6,long,0.005837715949896864,0.0025,,,,,,,,,,,,
2026-07-24 16:00:00,28458.77,zone_skip,tolerance,2026-07-24 12:00:00,28329.88,long,0.004549613341108378,0.0025,,,,,,,,,,,,
2026-07-24 16:05:00,28446.02,zone_skip,tolerance,2026-07-21 08:00:00,28550.77,long,0.0036689028001696627,0.0025,,,,,,,,,,,,
2026-07-24 16:05:00,28446.02,zone_skip,tolerance,2026-07-24 00:00:00,28293.6,long,0.005387084004863357,0.0025,,,,,,,,,,,,
2026-07-24 16:05:00,28446.02,zone_skip,tolerance,2026-07-24 12:00:00,28329.88,long,0.004099558487363851,0.0025,,,,,,,,,,,,
2026-07-24 16:10:00,28453.27,zone_skip,tolerance,2026-07-21 08:00:00,28550.77,long,0.0034149691934753424,0.0025,,,,,,,,,,,,
2026-07-24 16:10:00,28453.27,zone_skip,tolerance,2026-07-24 00:00:00,28293.6,long,0.0056433256990980965,0.0025,,,,,,,,,,,,
2026-07-24 16:10:00,28453.27,zone_skip,tolerance,2026-07-24 12:00:00,28329.88,long,0.004355472031649954,0.0025,,,,,,,,,,,,
2026-07-24 16:15:00,28466.02,zone_skip,tolerance,2026-07-21 08:00:00,28550.77,long,0.0029683962989439515,0.0025,,,,,,,,,,,,
2026-07-24 16:15:00,28466.02,zone_skip,tolerance,2026-07-22 20:00:00,28821.97,long,0.012349953871994201,0.0025,,,,,,,,,,,,
2026-07-24 16:15:00,28466.02,zone_skip,tolerance,2026-07-24 00:00:00,28293.6,long,0.006093957644131602,0.0025,,,,,,,,,,,,
2026-07-24 16:15:00,28466.02,zone_skip,tolerance,2026-07-24 12:00:00,28329.88,long,0.004805526885394482,0.0025,,,,,,,,,,,,
2026-07-24 16:20:00,28462.77,zone_skip,tolerance,2026-07-21 08:00:00,28550.77,long,0.0030822286053931295,0.0025,,,,,,,,,,,,
2026-07-24 16:20:00,28462.77,zone_skip,tolerance,2026-07-22 20:00:00,28821.97,long,0.012462715074646207,0.0025,,,,,,,,,,,,
2026-07-24 16:20:00,28462.77,zone_skip,tolerance,2026-07-24 00:00:00,28293.6,long,0.005979090677750512,0.0025,,,,,,,,,,,,
2026-07-24 16:20:00,28462.77,zone_skip,tolerance,2026-07-24 12:00:00,28329.88,long,0.004690807020714504,0.0025,,,,,,,,,,,,
2026-07-24 16:25:00,28402.13,zone_skip,tolerance,2026-07-21 08:00:00,28550.77,long,0.0052061643171094655,0.0025,,,,,,,,,,,,
2026-07-24 16:25:00,28402.13,zone_skip,tolerance,2026-07-24 00:00:00,28293.6,long,0.003835849803489216,0.0025,,,,,,,,,,,,
2026-07-24 16:25:00,28402.13,zone_skip,tolerance,2026-07-24 12:00:00,28329.88,long,0.002550310837885653,0.0025,,,,,,,,,,,,
2026-07-24 16:30:00,28465.27,zone_skip,tolerance,2026-07-21 08:00:00,28550.77,long,0.0029946652927399157,0.0025,,,,,,,,,,,,
2026-07-24 16:30:00,28465.27,zone_skip,tolerance,2026-07-22 20:00:00,28821.97,long,0.012375975687990818,0.0025,,,,,,,,,,,,
2026-07-24 16:30:00,28465.27,zone_skip,tolerance,2026-07-24 00:00:00,28293.6,long,0.006067449882659043,0.0025,,,,,,,,,,,,
2026-07-24 16:30:00,28465.27,zone_skip,tolerance,2026-07-24 12:00:00,28329.88,long,0.004779053070468333,0.0025,,,,,,,,,,,,
2026-07-24 16:35:00,28389.52,zone_skip,tolerance,2026-07-21 08:00:00,28550.77,long,0.0056478336661322966,0.0025,,,,,,,,,,,,
2026-07-24 16:35:00,28389.52,zone_skip,tolerance,2026-07-24 00:00:00,28293.6,long,0.0033901659739305674,0.0025,,,,,,,,,,,,
2026-07-24 16:35:00,28389.52,zone_skip,score_h4,2026-07-24 12:00:00,28329.88,long,0.00210519776292732,,,,0.0,0.0,0.0,,,,,,,
2026-07-24 16:40:00,28346.13,zone_skip,tolerance,2026-07-21 08:00:00,28550.77,long,0.007167582520541457,0.0025,,,,,,,,,,,,
2026-07-24 16:40:00,28346.13,zone_skip,score_h4,2026-07-24 00:00:00,28293.6,long,0.0018566036135381314,,,,0.0,0.0,0.0,,,,,,,
2026-07-24 16:40:00,28346.13,zone_skip,score_h4,2026-07-24 12:00:00,28329.88,long,0.0005735993233998873,,,,0.0,0.0,0.0,,,,,,,
2026-07-24 16:45:00,28364.52,zone_skip,tolerance,2026-07-21 08:00:00,28550.77,long,0.006523466792664436,0.0025,,,,,,,,,,,,
2026-07-24 16:45:00,28364.52,zone_skip,tolerance,2026-07-24 00:00:00,28293.6,long,0.002506573924845262,0.0025,,,,,,,,,,,,
2026-07-24 16:45:00,28364.52,zone_skip,score_h4,2026-07-24 12:00:00,28329.88,long,0.0012227372653890315,,,,0.0,0.0,0.0,,,,,,,
2026-07-24 16:50:00,28206.77,zone_skip,tolerance,2026-07-21 08:00:00,28550.77,long,0.012048711821082234,0.0025,,,,,,,,,,,,
2026-07-24 16:50:00,28206.77,zone_skip,tolerance,2026-07-24 00:00:00,28293.6,long,0.0030688919048830164,0.0025,,,,,,,,,,,,
2026-07-24 16:50:00,28206.77,zone_skip,tolerance,2026-07-24 12:00:00,28329.88,long,0.004345588474077567,0.0025,,,,,,,,,,,,
2026-07-24 16:55:00,28185.63,zone_skip,tolerance,2026-07-24 00:00:00,28293.6,long,0.0038160573415895304,0.0025,,,,,,,,,,,,
2026-07-24 16:55:00,28185.63,zone_skip,tolerance,2026-07-24 12:00:00,28329.88,long,0.005091797070795922,0.0025,,,,,,,,,,,,
2026-07-24 17:00:00,28200.27,zone_skip,tolerance,2026-07-21 08:00:00,28550.77,long,0.01227637643398059,0.0025,,,,,,,,,,,,
2026-07-24 17:00:00,28200.27,zone_skip,tolerance,2026-07-24 00:00:00,28293.6,long,0.0032986258376451957,0.0025,,,,,,,,,,,,
2026-07-24 17:00:00,28200.27,zone_skip,tolerance,2026-07-24 12:00:00,28329.88,long,0.004575028203437522,0.0025,,,,,,,,,,,,
2026-07-24 17:05:00,28291.02,zone_skip,tolerance,2026-07-21 08:00:00,28550.77,long,0.009097828184668925,0.0025,,,,,,,,,,,,
2026-07-24 17:05:00,28291.02,zone_skip,score_h4,2026-07-24 00:00:00,28293.6,long,9.118669946553667e-05,,,,0.0,0.0,0.0,,,,,,,
2026-07-24 17:05:00,28291.02,zone_skip,score_h4,2026-07-24 12:00:00,28329.88,long,0.0013716965973735358,,,,0.0,0.0,0.0,,,,,,,
2026-07-24 17:10:00,28282.02,zone_skip,tolerance,2026-07-21 08:00:00,28550.77,long,0.009413056110220495,0.0025,,,,,,,,,,,,
2026-07-24 17:10:00,28282.02,zone_skip,score_h4,2026-07-24 00:00:00,28293.6,long,0.0004092798371362467,,,,0.0,0.0,0.0,,,,,,,
2026-07-24 17:10:00,28282.02,zone_skip,score_h4,2026-07-24 12:00:00,28329.88,long,0.0016893823764873193,,,,0.0,0.0,0.0,,,,,,,
2026-07-24 17:15:00,28195.02,zone_skip,tolerance,2026-07-21 08:00:00,28550.77,long,0.012460259390552338,0.0025,,,,,,,,,,,,
2026-07-24 17:15:00,28195.02,zone_skip,tolerance,2026-07-24 00:00:00,28293.6,long,0.00348418016795311,0.0025,,,,,,,,,,,,
2026-07-24 17:15:00,28195.02,zone_skip,tolerance,2026-07-24 12:00:00,28329.88,long,0.004760344907920562,0.0025,,,,,,,,,,,,
2026-07-24 17:20:00,28253.77,zone_skip,tolerance,2026-07-21 08:00:00,28550.77,long,0.010402521543201811,0.0025,,,,,,,,,,,,
2026-07-24 17:20:00,28253.77,zone_skip,score_h4,2026-07-24 00:00:00,28293.6,long,0.0014077388526026419,,,,0.0,0.0,0.0,,,,,,,
2026-07-24 17:20:00,28253.77,zone_skip,tolerance,2026-07-24 12:00:00,28329.88,long,0.002686562738705585,0.0025,,,,,,,,,,,,
2026-07-24 17:25:00,28253.52,zone_skip,tolerance,2026-07-21 08:00:00,28550.77,long,0.010411277874467134,0.0025,,,,,,,,,,,,
2026-07-24 17:25:00,28253.52,zone_skip,score_h4,2026-07-24 00:00:00,28293.6,long,0.001416574773093495,,,,0.0,0.0,0.0,,,,,,,
2026-07-24 17:25:00,28253.52,zone_skip,tolerance,2026-07-24 12:00:00,28329.88,long,0.002695387343680968,0.0025,,,,,,,,,,,,
2026-07-24 17:30:00,28167.02,zone_skip,tolerance,2026-07-24 00:00:00,28293.6,long,0.004473803262928652,0.0025,,,,,,,,,,,,
2026-07-24 17:30:00,28167.02,zone_skip,tolerance,2026-07-24 12:00:00,28329.88,long,0.005748700665163445,0.0025,,,,,,,,,,,,
2026-07-24 17:35:00,28145.27,zone_skip,tolerance,2026-07-24 00:00:00,28293.6,long,0.0052425283456328685,0.0025,,,,,,,,,,,,
2026-07-24 17:35:00,28145.27,zone_skip,tolerance,2026-07-24 12:00:00,28329.88,long,0.006516441298021755,0.0025,,,,,,,,,,,,
2026-07-24 17:40:00,28149.52,zone_skip,tolerance,2026-07-24 00:00:00,28293.6,long,0.005092317697288366,0.0025,,,,,,,,,,,,
2026-07-24 17:40:00,28149.52,zone_skip,tolerance,2026-07-24 12:00:00,28329.88,long,0.006366423013440247,0.0025,,,,,,,,,,,,
2026-07-24 17:45:00,28182.27,zone_skip,tolerance,2026-07-24 00:00:00,28293.6,long,0.003934812112986616,0.0025,,,,,,,,,,,,
2026-07-24 17:45:00,28182.27,zone_skip,tolerance,2026-07-24 12:00:00,28329.88,long,0.00521039976166509,0.0025,,,,,,,,,,,,
2026-07-24 17:50:00,28212.52,zone_skip,tolerance,2026-07-21 08:00:00,28550.77,long,0.011847316201979841,0.0025,,,,,,,,,,,,
2026-07-24 17:50:00,28212.52,zone_skip,tolerance,2026-07-24 00:00:00,28293.6,long,0.002865665733593396,0.0025,,,,,,,,,,,,
2026-07-24 17:50:00,28212.52,zone_skip,tolerance,2026-07-24 12:00:00,28329.88,long,0.0041426225596437605,0.0025,,,,,,,,,,,,
2026-07-24 17:55:00,28311.52,zone_skip,tolerance,2026-07-21 08:00:00,28550.77,long,0.00837980902091257,0.0025,,,,,,,,,,,,
2026-07-24 17:55:00,28311.52,zone_skip,score_h4,2026-07-24 00:00:00,28293.6,long,0.0006333587807844139,,,,0.0,0.0,1.75,,,,,,,
2026-07-24 17:55:00,28311.52,zone_skip,score_h4,2026-07-24 12:00:00,28329.88,long,0.0006480789893921394,,,,0.0,0.0,1.75,,,,,,,
2026-07-24 18:00:00,28267.27,zone_skip,tolerance,2026-07-21 08:00:00,28550.77,long,0.009929679654874457,0.0025,,,,,,,,,,,,
2026-07-24 18:00:00,28267.27,zone_skip,score_h4,2026-07-24 00:00:00,28293.6,long,0.000930599146096577,,,,0.0,0.0,0.0,,,,,,,
2026-07-24 18:00:00,28267.27,zone_skip,score_h4,2026-07-24 12:00:00,28329.88,long,0.0022100340700349093,,,,0.0,0.0,0.0,,,,,,,
2026-07-24 18:05:00,28226.02,zone_skip,tolerance,2026-07-21 08:00:00,28550.77,long,0.011374474313652487,0.0025,,,,,,,,,,,,
2026-07-24 18:05:00,28226.02,zone_skip,score_h4,2026-07-24 00:00:00,28293.6,long,0.0023885260270873313,,,,0.0,0.0,0.0,,,,,,,
2026-07-24 18:05:00,28226.02,zone_skip,tolerance,2026-07-24 12:00:00,28329.88,long,0.003666093890973085,0.0025,,,,,,,,,,,,
2026-07-24 18:10:00,28355.88,zone_skip,tolerance,2026-07-21 08:00:00,28550.77,long,0.006826085601193923,0.0025,,,,,,,,,,,,
2026-07-24 18:10:00,28355.88,zone_skip,score_h4,2026-07-24 00:00:00,28293.6,long,0.002201204512681401,,,,0.0,0.0,1.75,,,,,,,
2026-07-24 18:10:00,28355.88,zone_skip,score_h4,2026-07-24 12:00:00,28329.88,long,0.0009177589174398197,,,,0.0,0.0,1.75,,,,,,,
2026-07-24 18:15:00,28327.77,zone_skip,tolerance,2026-07-21 08:00:00,28550.77,long,0.0078106474886666805,0.0025,,,,,,,,,,,,
2026-07-24 18:15:00,28327.77,zone_skip,score_h4,2026-07-24 00:00:00,28293.6,long,0.0012076936126898625,,,,0.0,0.0,1.5,,,,,,,
2026-07-24 18:15:00,28327.77,zone_skip,score_h4,2026-07-24 12:00:00,28329.88,long,7.447966599225207e-05,,,,0.0,0.0,1.5,,,,,,,
2026-07-24 18:20:00,28363.52,zone_skip,tolerance,2026-07-21 08:00:00,28550.77,long,0.0065584921177257215,0.0025,,,,,,,,,,,,
2026-07-24 18:20:00,28363.52,zone_skip,score_h4,2026-07-24 00:00:00,28293.6,long,0.0024712302428818497,,,,0.0,0.0,1.75,,,,,,,
2026-07-24 18:20:00,28363.52,zone_skip,score_h4,2026-07-24 12:00:00,28329.88,long,0.0011874388454875,,,,0.0,0.0,1.75,,,,,,,
2026-07-24 18:25:00,28362.77,zone_skip,tolerance,2026-07-21 08:00:00,28550.77,long,0.006584761111521686,0.0025,,,,,,,,,,,,
2026-07-24 18:25:00,28362.77,zone_skip,score_h4,2026-07-24 00:00:00,28293.6,long,0.0024447224814092903,,,,0.0,0.0,1.75,,,,,,,
2026-07-24 18:25:00,28362.77,zone_skip,score_h4,2026-07-24 12:00:00,28329.88,long,0.0011609650305613513,,,,0.0,0.0,1.75,,,,,,,
2026-07-24 18:30:00,28349.27,zone_skip,tolerance,2026-07-21 08:00:00,28550.77,long,0.007057602999849041,0.0025,,,,,,,,,,,,
2026-07-24 18:30:00,28349.27,zone_skip,score_h4,2026-07-24 00:00:00,28293.6,long,0.001967582774903225,,,,0.0,0.0,1.5,,,,,,,
2026-07-24 18:30:00,28349.27,zone_skip,score_h4,2026-07-24 12:00:00,28329.88,long,0.0006844363618906757,,,,0.0,0.0,1.5,,,,,,,
2026-07-24 18:35:00,28424.02,zone_skip,tolerance,2026-07-21 08:00:00,28550.77,long,0.004439459951517945,0.0025,,,,,,,,,,,,
2026-07-24 18:35:00,28424.02,zone_skip,tolerance,2026-07-24 00:00:00,28293.6,long,0.004609523001668289,0.0025,,,,,,,,,,,,
2026-07-24 18:35:00,28424.02,zone_skip,tolerance,2026-07-24 12:00:00,28329.88,long,0.003322993249530157,0.0025,,,,,,,,,,,,
2026-07-24 18:40:00,28367.77,zone_skip,tolerance,2026-07-21 08:00:00,28550.77,long,0.006409634486215258,0.0025,,,,,,,,,,,,
2026-07-24 18:40:00,28367.77,zone_skip,tolerance,2026-07-24 00:00:00,28293.6,long,0.0026214408912263515,0.0025,,,,,,,,,,,,
2026-07-24 18:40:00,28367.77,zone_skip,score_h4,2026-07-24 12:00:00,28329.88,long,0.001337457130069009,,,,0.0,0.0,1.5,,,,,,,
2026-07-24 18:45:00,28364.77,zone_skip,tolerance,2026-07-21 08:00:00,28550.77,long,0.006514710461399114,0.0025,,,,,,,,,,,,
2026-07-24 18:45:00,28364.77,zone_skip,tolerance,2026-07-24 00:00:00,28293.6,long,0.0025154098453361146,0.0025,,,,,,,,,,,,
2026-07-24 18:45:00,28364.77,zone_skip,score_h4,2026-07-24 12:00:00,28329.88,long,0.0012315618703644144,,,,0.0,0.0,1.5,,,,,,,
2026-07-24 18:50:00,28398.27,zone_skip,tolerance,2026-07-21 08:00:00,28550.77,long,0.005341362071846048,0.0025,,,,,,,,,,,,
2026-07-24 18:50:00,28398.27,zone_skip,tolerance,2026-07-24 00:00:00,28293.6,long,0.0036994231911104242,0.0025,,,,,,,,,,,,
2026-07-24 18:50:00,28398.27,zone_skip,score_h4,2026-07-24 12:00:00,28329.88,long,0.0024140589370657208,,,,0.0,0.0,1.75,,,,,,,
2026-07-24 18:55:00,28438.27,zone_skip,tolerance,2026-07-21 08:00:00,28550.77,long,0.003940349069394626,0.0025,,,,,,,,,,,,
2026-07-24 18:55:00,28438.27,zone_skip,tolerance,2026-07-24 00:00:00,28293.6,long,0.005113170469646913,0.0025,,,,,,,,,,,,
2026-07-24 18:55:00,28438.27,zone_skip,tolerance,2026-07-24 12:00:00,28329.88,long,0.0038259957331269814,0.0025,,,,,,,,,,,,
2026-07-24 19:00:00,28453.52,zone_skip,tolerance,2026-07-21 08:00:00,28550.77,long,0.003406212862210021,0.0025,,,,,,,,,,,,
2026-07-24 19:00:00,28453.52,zone_skip,tolerance,2026-07-24 00:00:00,28293.6,long,0.00565216161958895,0.0025,,,,,,,,,,,,
2026-07-24 19:00:00,28453.52,zone_skip,tolerance,2026-07-24 12:00:00,28329.88,long,0.004364296636625338,0.0025,,,,,,,,,,,,
2026-07-24 19:05:00,28466.77,zone_skip,tolerance,2026-07-21 08:00:00,28550.77,long,0.0029421273051479873,0.0025,,,,,,,,,,,,
2026-07-24 19:05:00,28466.77,zone_skip,tolerance,2026-07-22 20:00:00,28821.97,long,0.012323932055997584,0.0025,,,,,,,,,,,,
2026-07-24 19:05:00,28466.77,zone_skip,tolerance,2026-07-24 00:00:00,28293.6,long,0.006120465405604162,0.0025,,,,,,,,,,,,
2026-07-24 19:05:00,28466.77,zone_skip,tolerance,2026-07-24 12:00:00,28329.88,long,0.00483200070032063,0.0025,,,,,,,,,,,,
2026-07-24 19:10:00,28436.77,zone_skip,tolerance,2026-07-21 08:00:00,28550.77,long,0.003992887056986554,0.0025,,,,,,,,,,,,
2026-07-24 19:10:00,28436.77,zone_skip,tolerance,2026-07-24 00:00:00,28293.6,long,0.005060154946701795,0.0025,,,,,,,,,,,,
2026-07-24 19:10:00,28436.77,zone_skip,tolerance,2026-07-24 12:00:00,28329.88,long,0.003773048103274684,0.0025,,,,,,,,,,,,
2026-07-24 19:15:00,28427.77,zone_skip,tolerance,2026-07-21 08:00:00,28550.77,long,0.004308114982538124,0.0025,,,,,,,,,,,,
2026-07-24 19:15:00,28427.77,zone_skip,tolerance,2026-07-24 00:00:00,28293.6,long,0.004742061809031085,0.0025,,,,,,,,,,,,
2026-07-24 19:15:00,28427.77,zone_skip,tolerance,2026-07-24 12:00:00,28329.88,long,0.0034553623241609004,0.0025,,,,,,,,,,,,
2026-07-24 19:20:00,28447.02,zone_skip,tolerance,2026-07-21 08:00:00,28550.77,long,0.003633877475108377,0.0025,,,,,,,,,,,,
2026-07-24 19:20:00,28447.02,zone_skip,tolerance,2026-07-24 00:00:00,28293.6,long,0.0054224276868267696,0.0025,,,,,,,,,,,,
2026-07-24 19:20:00,28447.02,zone_skip,tolerance,2026-07-24 12:00:00,28329.88,long,0.004134856907265383,0.0025,,,,,,,,,,,,
2026-07-24 19:25:00,28427.77,zone_skip,tolerance,2026-07-21 08:00:00,28550.77,long,0.004308114982538124,0.0025,,,,,,,,,,,,
2026-07-24 19:25:00,28427.77,zone_skip,tolerance,2026-07-24 00:00:00,28293.6,long,0.004742061809031085,0.0025,,,,,,,,,,,,
2026-07-24 19:25:00,28427.77,zone_skip,tolerance,2026-07-24 12:00:00,28329.88,long,0.0034553623241609004,0.0025,,,,,,,,,,,,
2026-07-24 19:30:00,28404.02,zone_skip,tolerance,2026-07-21 08:00:00,28550.77,long,0.005139966452743656,0.0025,,,,,,,,,,,,
2026-07-24 19:30:00,28404.02,zone_skip,tolerance,2026-07-24 00:00:00,28293.6,long,0.0039026493624000447,0.0025,,,,,,,,,,,,
2026-07-24 19:30:00,28404.02,zone_skip,tolerance,2026-07-24 12:00:00,28329.88,long,0.0026170248514995266,0.0025,,,,,,,,,,,,
2026-07-24 19:35:00,28387.27,zone_skip,tolerance,2026-07-21 08:00:00,28550.77,long,0.005726640647520189,0.0025,,,,,,,,,,,,
2026-07-24 19:35:00,28387.27,zone_skip,tolerance,2026-07-24 00:00:00,28293.6,long,0.00331064268951289,0.0025,,,,,,,,,,,,
2026-07-24 19:35:00,28387.27,zone_skip,score_h4,2026-07-24 12:00:00,28329.88,long,0.002025776318148874,,,,0.0,0.0,1.0,,,,,,,
2026-07-24 19:40:00,28361.52,zone_skip,tolerance,2026-07-21 08:00:00,28550.77,long,0.006628542767848292,0.0025,,,,,,,,,,,,
2026-07-24 19:40:00,28361.52,zone_skip,score_h4,2026-07-24 00:00:00,28293.6,long,0.002400542878955025,,,,0.0,0.0,1.0,,,,,,,
2026-07-24 19:40:00,28361.52,zone_skip,score_h4,2026-07-24 12:00:00,28329.88,long,0.001116842005684437,,,,0.0,0.0,1.0,,,,,,,
2026-07-24 19:45:00,28343.77,zone_skip,tolerance,2026-07-21 08:00:00,28550.77,long,0.0072502422876861115,0.0025,,,,,,,,,,,,
2026-07-24 19:45:00,28343.77,zone_skip,score_h4,2026-07-24 00:00:00,28293.6,long,0.001773192524104458,,,,0.0,0.0,1.0,,,,,,,
2026-07-24 19:45:00,28343.77,zone_skip,score_h4,2026-07-24 12:00:00,28329.88,long,0.0004902950524322524,,,,0.0,0.0,1.0,,,,,,,
2026-07-24 19:50:00,28336.52,zone_skip,tolerance,2026-07-21 08:00:00,28550.77,long,0.007504175894380432,0.0025,,,,,,,,,,,,
2026-07-24 19:50:00,28336.52,zone_skip,score_h4,2026-07-24 00:00:00,28293.6,long,0.0015169508298697194,,,,0.0,0.0,0.0,,,,,,,
2026-07-24 19:50:00,28336.52,zone_skip,score_h4,2026-07-24 12:00:00,28329.88,long,0.00023438150814614878,,,,0.0,0.0,0.0,,,,,,,
2026-07-24 19:55:00,28356.77,zone_skip,tolerance,2026-07-21 08:00:00,28550.77,long,0.006794913061889399,0.0025,,,,,,,,,,,,
2026-07-24 19:55:00,28356.77,zone_skip,score_h4,2026-07-24 00:00:00,28293.6,long,0.002232660389628817,,,,0.0,0.0,0.0,,,,,,,
2026-07-24 19:55:00,28356.77,zone_skip,score_h4,2026-07-24 12:00:00,28329.88,long,0.0009491745111521622,,,,0.0,0.0,0.0,,,,,,,
2026-07-24 20:00:00,28340.52,zone_skip,tolerance,2026-07-21 08:00:00,28550.77,long,0.0073640745941352895,0.0025,,,,,,,,,,,,
2026-07-24 20:00:00,28340.52,zone_skip,score_h4,2026-07-24 00:00:00,28293.6,long,0.0016583255577233683,,,,0.0,0.0,0.0,,,,,,,
2026-07-24 20:00:00,28340.52,zone_skip,score_h4,2026-07-24 12:00:00,28329.88,long,0.0003755751877522749,,,,0.0,0.0,0.0,,,,,,,
2026-07-24 20:05:00,28298.02,zone_skip,tolerance,2026-07-21 08:00:00,28550.77,long,0.008852650909239927,0.0025,,,,,,,,,,,,
2026-07-24 20:05:00,28298.02,zone_skip,score_h4,2026-07-24 00:00:00,28293.6,long,0.00015621907427834888,,,,0.0,0.0,0.0,,,,,,,
2026-07-24 20:05:00,28298.02,zone_skip,score_h4,2026-07-24 12:00:00,28329.88,long,0.001124607658062815,,,,0.0,0.0,0.0,,,,,,,
2026-07-24 20:05:00,28298.02,zone_skip,tolerance,2026-07-24 20:00:00,28567.27,short,0.009425121826481845,0.0025,,,,,,,,,,,,
2026-07-24 20:10:00,28321.02,zone_skip,tolerance,2026-07-21 08:00:00,28550.77,long,0.008047068432830358,0.0025,,,,,,,,,,,,
2026-07-24 20:10:00,28321.02,zone_skip,score_h4,2026-07-24 00:00:00,28293.6,long,0.00096912375943683,,,,0.0,0.0,0.0,,,,,,,
2026-07-24 20:10:00,28321.02,zone_skip,score_h4,2026-07-24 12:00:00,28329.88,long,0.0003127440003275899,,,,0.0,0.0,0.0,,,,,,,
2026-07-24 20:10:00,28321.02,zone_skip,tolerance,2026-07-24 20:00:00,28567.27,short,0.008620004641675595,0.0025,,,,,,,,,,,,
2026-07-24 20:15:00,28349.27,zone_skip,tolerance,2026-07-21 08:00:00,28550.77,long,0.007057602999849041,0.0025,,,,,,,,,,,,
2026-07-24 20:15:00,28349.27,zone_skip,score_h4,2026-07-24 00:00:00,28293.6,long,0.001967582774903225,,,,0.0,0.0,0.0,,,,,,,
2026-07-24 20:15:00,28349.27,zone_skip,score_h4,2026-07-24 12:00:00,28329.88,long,0.0006844363618906757,,,,0.0,0.0,0.0,,,,,,,
2026-07-24 20:15:00,28349.27,zone_skip,tolerance,2026-07-24 20:00:00,28567.27,short,0.007631110708163573,0.0025,,,,,,,,,,,,
2026-07-24 20:20:00,28351.77,zone_skip,tolerance,2026-07-21 08:00:00,28550.77,long,0.006970039687195827,0.0025,,,,,,,,,,,,
2026-07-24 20:20:00,28351.77,zone_skip,score_h4,2026-07-24 00:00:00,28293.6,long,0.002055941979811756,,,,0.0,0.0,0.0,,,,,,,
2026-07-24 20:20:00,28351.77,zone_skip,score_h4,2026-07-24 12:00:00,28329.88,long,0.0007726824116445045,,,,0.0,0.0,0.0,,,,,,,
2026-07-24 20:20:00,28351.77,zone_skip,tolerance,2026-07-24 20:00:00,28567.27,short,0.007543597970684633,0.0025,,,,,,,,,,,,
2026-07-24 20:25:00,28377.02,zone_skip,tolerance,2026-07-21 08:00:00,28550.77,long,0.006085650229398366,0.0025,,,,,,,,,,,,
2026-07-24 20:25:00,28377.02,zone_skip,tolerance,2026-07-24 00:00:00,28293.6,long,0.0029483699493879144,0.0025,,,,,,,,,,,,
2026-07-24 20:25:00,28377.02,zone_skip,score_h4,2026-07-24 12:00:00,28329.88,long,0.0016639675141581756,,,,0.0,0.0,1.5,,,,,,,
2026-07-24 20:25:00,28377.02,zone_skip,tolerance,2026-07-24 20:00:00,28567.27,short,0.006659719322147338,0.0025,,,,,,,,,,,,
2026-07-24 20:30:00,28403.27,zone_skip,tolerance,2026-07-21 08:00:00,28550.77,long,0.00516623544653962,0.0025,,,,,,,,,,,,
2026-07-24 20:30:00,28403.27,zone_skip,tolerance,2026-07-24 00:00:00,28293.6,long,0.0038761416009274853,0.0025,,,,,,,,,,,,
2026-07-24 20:30:00,28403.27,zone_skip,tolerance,2026-07-24 12:00:00,28329.88,long,0.0025905510365733784,0.0025,,,,,,,,,,,,
2026-07-24 20:30:00,28403.27,zone_skip,tolerance,2026-07-24 20:00:00,28567.27,short,0.005740835578618468,0.0025,,,,,,,,,,,,
2026-07-24 20:35:00,28350.27,zone_skip,tolerance,2026-07-21 08:00:00,28550.77,long,0.0070225776747877555,0.0025,,,,,,,,,,,,
2026-07-24 20:35:00,28350.27,zone_skip,score_h4,2026-07-24 00:00:00,28293.6,long,0.0020029264568666373,,,,0.0,0.0,0.0,,,,,,,
2026-07-24 20:35:00,28350.27,zone_skip,score_h4,2026-07-24 12:00:00,28329.88,long,0.0007197347817922072,,,,0.0,0.0,0.0,,,,,,,
2026-07-24 20:35:00,28350.27,zone_skip,tolerance,2026-07-24 20:00:00,28567.27,short,0.007596105613171997,0.0025,,,,,,,,,,,,
2026-07-24 20:40:00,28326.27,zone_skip,tolerance,2026-07-21 08:00:00,28550.77,long,0.007863185476258609,0.0025,,,,,,,,,,,,
2026-07-24 20:40:00,28326.27,zone_skip,score_h4,2026-07-24 00:00:00,28293.6,long,0.001154678089744744,,,,0.0,0.0,0.0,,,,,,,
2026-07-24 20:40:00,28326.27,zone_skip,score_h4,2026-07-24 12:00:00,28329.88,long,0.00012742729584454935,,,,0.0,0.0,0.0,,,,,,,
2026-07-24 20:40:00,28326.27,zone_skip,tolerance,2026-07-24 20:00:00,28567.27,short,0.008436227892969822,0.0025,,,,,,,,,,,,
2026-07-24 20:45:00,28346.27,zone_skip,tolerance,2026-07-21 08:00:00,28550.77,long,0.007162678975032898,0.0025,,,,,,,,,,,,
2026-07-24 20:45:00,28346.27,zone_skip,score_h4,2026-07-24 00:00:00,28293.6,long,0.0018615517290129886,,,,0.0,0.0,0.0,,,,,,,
2026-07-24 20:45:00,28346.27,zone_skip,score_h4,2026-07-24 12:00:00,28329.88,long,0.0005785411021860812,,,,0.0,0.0,0.0,,,,,,,
2026-07-24 20:45:00,28346.27,zone_skip,tolerance,2026-07-24 20:00:00,28567.27,short,0.007736125993138302,0.0025,,,,,,,,,,,,
2026-07-24 20:50:00,28345.77,zone_skip,tolerance,2026-07-21 08:00:00,28550.77,long,0.00718019163756354,0.0025,,,,,,,,,,,,
2026-07-24 20:50:00,28345.77,zone_skip,score_h4,2026-07-24 00:00:00,28293.6,long,0.0018438798880312825,,,,0.0,0.0,0.0,,,,,,,
2026-07-24 20:50:00,28345.77,zone_skip,score_h4,2026-07-24 12:00:00,28329.88,long,0.0005608918922353155,,,,0.0,0.0,0.0,,,,,,,
2026-07-24 20:50:00,28345.77,zone_skip,tolerance,2026-07-24 20:00:00,28567.27,short,0.007753628540634089,0.0025,,,,,,,,,,,,
2026-07-24 20:55:00,28328.27,zone_skip,tolerance,2026-07-21 08:00:00,28550.77,long,0.007793134826136037,0.0025,,,,,,,,,,,,
2026-07-24 20:55:00,28328.27,zone_skip,score_h4,2026-07-24 00:00:00,28293.6,long,0.0012253654536715686,,,,0.0,0.0,0.0,,,,,,,
2026-07-24 20:55:00,28328.27,zone_skip,score_h4,2026-07-24 12:00:00,28329.88,long,5.68304560414863e-05,,,,0.0,0.0,0.0,,,,,,,
2026-07-24 20:55:00,28328.27,zone_skip,tolerance,2026-07-24 20:00:00,28567.27,short,0.00836621770298667,0.0025,,,,,,,,,,,,
2026-07-24 21:00:00,28317.27,zone_skip,tolerance,2026-07-21 08:00:00,28550.77,long,0.00817841340181018,0.0025,,,,,,,,,,,,
2026-07-24 21:00:00,28317.27,zone_skip,session,2026-07-24 00:00:00,28293.6,long,0.0008365849520740341,,,0.0,,,,,,,,,,
2026-07-24 21:00:00,28317.27,zone_skip,session,2026-07-24 12:00:00,28329.88,long,0.00044511307495833307,,,0.0,,,,,,,,,,
2026-07-24 21:00:00,28317.27,zone_skip,tolerance,2026-07-24 20:00:00,28567.27,short,0.008751273747894006,0.0025,,,,,,,,,,,,
2026-07-24 21:05:00,28312.02,zone_skip,tolerance,2026-07-21 08:00:00,28550.77,long,0.008362296358381928,0.0025,,,,,,,,,,,,
2026-07-24 21:05:00,28312.02,zone_skip,session,2026-07-24 00:00:00,28293.6,long,0.00065103062176612,,,0.0,,,,,,,,,,
2026-07-24 21:05:00,28312.02,zone_skip,session,2026-07-24 12:00:00,28329.88,long,0.0006304297794413736,,,0.0,,,,,,,,,,
2026-07-24 21:05:00,28312.02,zone_skip,tolerance,2026-07-24 20:00:00,28567.27,short,0.00893505049659978,0.0025,,,,,,,,,,,,
2026-07-24 21:10:00,28290.02,zone_skip,tolerance,2026-07-21 08:00:00,28550.77,long,0.009132853509730211,0.0025,,,,,,,,,,,,
2026-07-24 21:10:00,28290.02,zone_skip,session,2026-07-24 00:00:00,28293.6,long,0.0001265303814289489,,,0.0,,,,,,,,,,
2026-07-24 21:10:00,28290.02,zone_skip,session,2026-07-24 12:00:00,28329.88,long,0.001406995017275067,,,0.0,,,,,,,,,,
2026-07-24 21:10:00,28290.02,zone_skip,tolerance,2026-07-24 20:00:00,28567.27,short,0.009705162586414453,0.0025,,,,,,,,,,,,
2026-07-24 21:15:00,28261.27,zone_skip,tolerance,2026-07-21 08:00:00,28550.77,long,0.01013983160524217,0.0025,,,,,,,,,,,,
2026-07-24 21:15:00,28261.27,zone_skip,session,2026-07-24 00:00:00,28293.6,long,0.0011426612378770502,,,0.0,,,,,,,,,,
2026-07-24 21:15:00,28261.27,zone_skip,session,2026-07-24 12:00:00,28329.88,long,0.0024218245894440985,,,0.0,,,,,,,,,,
2026-07-24 21:15:00,28261.27,zone_skip,tolerance,2026-07-24 20:00:00,28567.27,short,0.010711559067422263,0.0025,,,,,,,,,,,,
2026-07-24 21:20:00,28238.77,zone_skip,tolerance,2026-07-21 08:00:00,28550.77,long,0.010927901419121096,0.0025,,,,,,,,,,,,
2026-07-24 21:20:00,28238.77,zone_skip,session,2026-07-24 00:00:00,28293.6,long,0.0019378940820538252,,,0.0,,,,,,,,,,
2026-07-24 21:20:00,28238.77,zone_skip,tolerance,2026-07-24 12:00:00,28329.88,long,0.003216039037228558,0.0025,,,,,,,,,,,,
2026-07-24 21:20:00,28238.77,zone_skip,tolerance,2026-07-24 20:00:00,28567.27,short,0.011499173704732723,0.0025,,,,,,,,,,,,
2026-07-24 21:25:00,28199.52,zone_skip,tolerance,2026-07-21 08:00:00,28550.77,long,0.012302645427776553,0.0025,,,,,,,,,,,,
2026-07-24 21:25:00,28199.52,zone_skip,tolerance,2026-07-24 00:00:00,28293.6,long,0.003325133599117755,0.0025,,,,,,,,,,,,
2026-07-24 21:25:00,28199.52,zone_skip,tolerance,2026-07-24 12:00:00,28329.88,long,0.00460150201836367,0.0025,,,,,,,,,,,,
2026-07-24 21:30:00,28160.27,zone_skip,tolerance,2026-07-24 00:00:00,28293.6,long,0.004712373116181685,0.0025,,,,,,,,,,,,
2026-07-24 21:30:00,28160.27,zone_skip,tolerance,2026-07-24 12:00:00,28329.88,long,0.005986964999498782,0.0025,,,,,,,,,,,,
2026-07-24 21:35:00,28157.02,zone_skip,tolerance,2026-07-24 00:00:00,28293.6,long,0.004827240082562774,0.0025,,,,,,,,,,,,
2026-07-24 21:35:00,28157.02,zone_skip,tolerance,2026-07-24 12:00:00,28329.88,long,0.00610168486417876,0.0025,,,,,,,,,,,,
2026-07-24 21:40:00,28138.27,zone_skip,tolerance,2026-07-24 00:00:00,28293.6,long,0.005489934119376753,0.0025,,,,,,,,,,,,
2026-07-24 21:40:00,28138.27,zone_skip,tolerance,2026-07-24 12:00:00,28329.88,long,0.006763530237332476,0.0025,,,,,,,,,,,,
2026-07-24 21:45:00,28166.02,zone_skip,tolerance,2026-07-24 00:00:00,28293.6,long,0.004509146944892064,0.0025,,,,,,,,,,,,
2026-07-24 21:45:00,28166.02,zone_skip,tolerance,2026-07-24 12:00:00,28329.88,long,0.0057839990850649765,0.0025,,,,,,,,,,,,
2026-07-24 21:50:00,28160.02,zone_skip,tolerance,2026-07-24 00:00:00,28293.6,long,0.004721209036672538,0.0025,,,,,,,,,,,,
2026-07-24 21:50:00,28160.02,zone_skip,tolerance,2026-07-24 12:00:00,28329.88,long,0.005995789604474166,0.0025,,,,,,,,,,,,
2026-07-24 21:55:00,28163.52,zone_skip,tolerance,2026-07-24 00:00:00,28293.6,long,0.004597506149800595,0.0025,,,,,,,,,,,,
2026-07-24 21:55:00,28163.52,zone_skip,tolerance,2026-07-24 12:00:00,28329.88,long,0.005872245134818805,0.0025,,,,,,,,,,,,
2026-07-24 22:00:00,28147.02,zone_skip,tolerance,2026-07-24 00:00:00,28293.6,long,0.0051806769021968966,0.0025,,,,,,,,,,,,
2026-07-24 22:00:00,28147.02,zone_skip,tolerance,2026-07-24 12:00:00,28329.88,long,0.0064546690631940755,0.0025,,,,,,,,,,,,
2026-07-24 22:05:00,28092.27,zone_skip,tolerance,2026-07-24 00:00:00,28293.6,long,0.007115743489693716,0.0025,,,,,,,,,,,,
2026-07-24 22:05:00,28092.27,zone_skip,tolerance,2026-07-24 12:00:00,28329.88,long,0.008387257552802927,0.0025,,,,,,,,,,,,
2026-07-24 22:10:00,28083.52,zone_skip,tolerance,2026-07-24 00:00:00,28293.6,long,0.007425000706873573,0.0025,,,,,,,,,,,,
2026-07-24 22:10:00,28083.52,zone_skip,tolerance,2026-07-24 12:00:00,28329.88,long,0.008696118726941328,0.0025,,,,,,,,,,,,
2026-07-24 22:15:00,28104.52,zone_skip,tolerance,2026-07-24 00:00:00,28293.6,long,0.006682783385641916,0.0025,,,,,,,,,,,,
2026-07-24 22:15:00,28104.52,zone_skip,tolerance,2026-07-24 12:00:00,28329.88,long,0.007954851909009165,0.0025,,,,,,,,,,,,
2026-07-24 22:20:00,28091.27,zone_skip,tolerance,2026-07-24 00:00:00,28293.6,long,0.007151087171657128,0.0025,,,,,,,,,,,,
2026-07-24 22:20:00,28091.27,zone_skip,tolerance,2026-07-24 12:00:00,28329.88,long,0.008422555972704459,0.0025,,,,,,,,,,,,
2026-07-24 22:25:00,28116.27,zone_skip,tolerance,2026-07-24 00:00:00,28293.6,long,0.006267495122571822,0.0025,,,,,,,,,,,,
2026-07-24 22:25:00,28116.27,zone_skip,tolerance,2026-07-24 12:00:00,28329.88,long,0.0075400954751661696,0.0025,,,,,,,,,,,,
2026-07-24 22:30:00,28143.77,zone_skip,tolerance,2026-07-24 00:00:00,28293.6,long,0.005295543868577986,0.0025,,,,,,,,,,,,
2026-07-24 22:30:00,28143.77,zone_skip,tolerance,2026-07-24 12:00:00,28329.88,long,0.0065693889278740526,0.0025,,,,,,,,,,,,
2026-07-24 22:35:00,28135.52,zone_skip,tolerance,2026-07-24 00:00:00,28293.6,long,0.005587129244776137,0.0025,,,,,,,,,,,,
2026-07-24 22:35:00,28135.52,zone_skip,tolerance,2026-07-24 12:00:00,28329.88,long,0.006860600892061688,0.0025,,,,,,,,,,,,
2026-07-24 22:40:00,28137.52,zone_skip,tolerance,2026-07-24 00:00:00,28293.6,long,0.005516441880849313,0.0025,,,,,,,,,,,,
2026-07-24 22:40:00,28137.52,zone_skip,tolerance,2026-07-24 12:00:00,28329.88,long,0.006790004052258625,0.0025,,,,,,,,,,,,
2026-07-24 22:45:00,28138.02,zone_skip,tolerance,2026-07-24 00:00:00,28293.6,long,0.005498770039867607,0.0025,,,,,,,,,,,,
2026-07-24 22:45:00,28138.02,zone_skip,tolerance,2026-07-24 12:00:00,28329.88,long,0.006772354842307859,0.0025,,,,,,,,,,,,
2026-07-24 22:50:00,28133.52,zone_skip,tolerance,2026-07-24 00:00:00,28293.6,long,0.005657816608702962,0.0025,,,,,,,,,,,,
2026-07-24 22:50:00,28133.52,zone_skip,tolerance,2026-07-24 12:00:00,28329.88,long,0.006931197731864751,0.0025,,,,,,,,,,,,
2026-07-24 22:55:00,28147.52,zone_skip,tolerance,2026-07-24 00:00:00,28293.6,long,0.005163005061215191,0.0025,,,,,,,,,,,,
2026-07-24 22:55:00,28147.52,zone_skip,tolerance,2026-07-24 12:00:00,28329.88,long,0.00643701985324331,0.0025,,,,,,,,,,,,
2026-07-24 23:00:00,28138.52,zone_skip,tolerance,2026-07-24 00:00:00,28293.6,long,0.0054810981988859,0.0025,,,,,,,,,,,,
2026-07-24 23:00:00,28138.52,zone_skip,tolerance,2026-07-24 12:00:00,28329.88,long,0.0067547056323570935,0.0025,,,,,,,,,,,,
2026-07-24 23:05:00,28136.27,zone_skip,tolerance,2026-07-24 00:00:00,28293.6,long,0.005560621483303578,0.0025,,,,,,,,,,,,
2026-07-24 23:05:00,28136.27,zone_skip,tolerance,2026-07-24 12:00:00,28329.88,long,0.006834127077135539,0.0025,,,,,,,,,,,,
2026-07-24 23:10:00,28153.52,zone_skip,tolerance,2026-07-24 00:00:00,28293.6,long,0.004950942969434717,0.0025,,,,,,,,,,,,
2026-07-24 23:10:00,28153.52,zone_skip,tolerance,2026-07-24 12:00:00,28329.88,long,0.006225229333834121,0.0025,,,,,,,,,,,,
2026-07-24 23:15:00,28167.52,zone_skip,tolerance,2026-07-24 00:00:00,28293.6,long,0.0044561314219469465,0.0025,,,,,,,,,,,,
2026-07-24 23:15:00,28167.52,zone_skip,tolerance,2026-07-24 12:00:00,28329.88,long,0.005731051455212679,0.0025,,,,,,,,,,,,
2026-07-24 23:20:00,28173.77,zone_skip,tolerance,2026-07-24 00:00:00,28293.6,long,0.0042352334096756195,0.0025,,,,,,,,,,,,
2026-07-24 23:20:00,28173.77,zone_skip,tolerance,2026-07-24 12:00:00,28329.88,long,0.005510436330828107,0.0025,,,,,,,,,,,,
2026-07-24 23:25:00,28166.52,zone_skip,tolerance,2026-07-24 00:00:00,28293.6,long,0.004491475103910359,0.0025,,,,,,,,,,,,
2026-07-24 23:25:00,28166.52,zone_skip,tolerance,2026-07-24 12:00:00,28329.88,long,0.005766349875114211,0.0025,,,,,,,,,,,,
2026-07-24 23:30:00,28153.77,zone_skip,tolerance,2026-07-24 00:00:00,28293.6,long,0.004942107048943864,0.0025,,,,,,,,,,,,
2026-07-24 23:30:00,28153.77,zone_skip,tolerance,2026-07-24 12:00:00,28329.88,long,0.006216404728858737,0.0025,,,,,,,,,,,,
2026-07-24 23:35:00,28152.52,zone_skip,tolerance,2026-07-24 00:00:00,28293.6,long,0.004986286651398129,0.0025,,,,,,,,,,,,
2026-07-24 23:35:00,28152.52,zone_skip,tolerance,2026-07-24 12:00:00,28329.88,long,0.006260527753735652,0.0025,,,,,,,,,,,,
2026-07-24 23:40:00,28167.02,zone_skip,tolerance,2026-07-24 00:00:00,28293.6,long,0.004473803262928652,0.0025,,,,,,,,,,,,
2026-07-24 23:40:00,28167.02,zone_skip,tolerance,2026-07-24 12:00:00,28329.88,long,0.005748700665163445,0.0025,,,,,,,,,,,,
2026-07-24 23:45:00,28158.52,zone_skip,tolerance,2026-07-24 00:00:00,28293.6,long,0.004774224559617656,0.0025,,,,,,,,,,,,
2026-07-24 23:45:00,28158.52,zone_skip,tolerance,2026-07-24 12:00:00,28329.88,long,0.006048737234326463,0.0025,,,,,,,,,,,,
2026-07-24 23:50:00,28172.02,zone_skip,tolerance,2026-07-24 00:00:00,28293.6,long,0.004297084853111591,0.0025,,,,,,,,,,,,
2026-07-24 23:50:00,28172.02,zone_skip,tolerance,2026-07-24 12:00:00,28329.88,long,0.005572208565655787,0.0025,,,,,,,,,,,,
2026-07-24 23:55:00,28168.23,zone_skip,tolerance,2026-07-24 00:00:00,28293.6,long,0.004431037407752954,0.0025,,,,,,,,,,,,
2026-07-24 23:55:00,28168.23,zone_skip,tolerance,2026-07-24 12:00:00,28329.88,long,0.005705989577082623,0.0025,,,,,,,,,,,,
2026-07-27 01:00:00,28485.2,zone_skip,session,2026-07-21 08:00:00,28550.77,long,0.002296610564268484,,,0.0,,,,,,,,,,
2026-07-27 01:00:00,28485.2,zone_skip,tolerance,2026-07-22 20:00:00,28821.97,long,0.011684489297574053,0.0025,,,,,,,,,,,,
2026-07-27 01:00:00,28485.2,zone_skip,tolerance,2026-07-24 00:00:00,28293.6,long,0.006771849464189859,0.0025,,,,,,,,,,,,
2026-07-27 01:00:00,28485.2,zone_skip,tolerance,2026-07-24 12:00:00,28329.88,long,0.005482550579105867,0.0025,,,,,,,,,,,,
2026-07-27 01:00:00,28485.2,zone_skip,tolerance,2026-07-24 20:00:00,28567.27,short,0.002872868145958634,0.0025,,,,,,,,,,,,
2026-07-27 01:05:00,28462.2,zone_skip,tolerance,2026-07-21 08:00:00,28550.77,long,0.003102193040678052,0.0025,,,,,,,,,,,,
2026-07-27 01:05:00,28462.2,zone_skip,tolerance,2026-07-22 20:00:00,28821.97,long,0.012482491654803625,0.0025,,,,,,,,,,,,
2026-07-27 01:05:00,28462.2,zone_skip,tolerance,2026-07-24 00:00:00,28293.6,long,0.0059589447790313775,0.0025,,,,,,,,,,,,
2026-07-27 01:05:00,28462.2,zone_skip,tolerance,2026-07-24 12:00:00,28329.88,long,0.0046706869213706415,0.0025,,,,,,,,,,,,
2026-07-27 01:05:00,28462.2,zone_skip,tolerance,2026-07-24 20:00:00,28567.27,short,0.0036779853307648824,0.0025,,,,,,,,,,,,
2026-07-27 01:10:00,28483.7,zone_skip,session,2026-07-21 08:00:00,28550.77,long,0.0023491485518604125,,,0.0,,,,,,,,,,
2026-07-27 01:10:00,28483.7,zone_skip,tolerance,2026-07-22 20:00:00,28821.97,long,0.011736532929567285,0.0025,,,,,,,,,,,,
2026-07-27 01:10:00,28483.7,zone_skip,tolerance,2026-07-24 00:00:00,28293.6,long,0.006718833941244741,0.0025,,,,,,,,,,,,
2026-07-27 01:10:00,28483.7,zone_skip,tolerance,2026-07-24 12:00:00,28329.88,long,0.005429602949253569,0.0025,,,,,,,,,,,,
2026-07-27 01:10:00,28483.7,zone_skip,tolerance,2026-07-24 20:00:00,28567.27,short,0.002925375788445998,0.0025,,,,,,,,,,,,
2026-07-27 01:15:00,28509.95,zone_skip,session,2026-07-21 08:00:00,28550.77,long,0.0014297337690016665,,,0.0,,,,,,,,,,
2026-07-27 01:15:00,28509.95,zone_skip,tolerance,2026-07-22 20:00:00,28821.97,long,0.01082576936968571,0.0025,,,,,,,,,,,,
2026-07-27 01:15:00,28509.95,zone_skip,tolerance,2026-07-24 00:00:00,28293.6,long,0.007646605592784311,0.0025,,,,,,,,,,,,
2026-07-27 01:15:00,28509.95,zone_skip,tolerance,2026-07-24 12:00:00,28329.88,long,0.0063561864716687715,0.0025,,,,,,,,,,,,
2026-07-27 01:15:00,28509.95,zone_skip,session,2026-07-24 20:00:00,28567.27,short,0.0020064920449171277,,,0.0,,,,,,,,,,
2026-07-27 01:20:00,28496.95,zone_skip,session,2026-07-21 08:00:00,28550.77,long,0.0018850629947983787,,,0.0,,,,,,,,,,
2026-07-27 01:20:00,28496.95,zone_skip,tolerance,2026-07-22 20:00:00,28821.97,long,0.011276814180293727,0.0025,,,,,,,,,,,,
2026-07-27 01:20:00,28496.95,zone_skip,tolerance,2026-07-24 00:00:00,28293.6,long,0.0071871377272599525,0.0025,,,,,,,,,,,,
2026-07-27 01:20:00,28496.95,zone_skip,tolerance,2026-07-24 12:00:00,28329.88,long,0.005897307012948862,0.0025,,,,,,,,,,,,
2026-07-27 01:20:00,28496.95,zone_skip,session,2026-07-24 20:00:00,28567.27,short,0.002461558279807616,,,0.0,,,,,,,,,,
2026-07-27 01:25:00,28493.7,zone_skip,session,2026-07-21 08:00:00,28550.77,long,0.001998895301247557,,,0.0,,,,,,,,,,
2026-07-27 01:25:00,28493.7,zone_skip,tolerance,2026-07-22 20:00:00,28821.97,long,0.011389575382945733,0.0025,,,,,,,,,,,,
2026-07-27 01:25:00,28493.7,zone_skip,tolerance,2026-07-24 00:00:00,28293.6,long,0.007072270760878863,0.0025,,,,,,,,,,,,
2026-07-27 01:25:00,28493.7,zone_skip,tolerance,2026-07-24 12:00:00,28329.88,long,0.005782587148268885,0.0025,,,,,,,,,,,,
2026-07-27 01:25:00,28493.7,zone_skip,tolerance,2026-07-24 20:00:00,28567.27,short,0.002575324838530238,0.0025,,,,,,,,,,,,
2026-07-27 01:30:00,28502.45,zone_skip,session,2026-07-21 08:00:00,28550.77,long,0.0016924237069613083,,,0.0,,,,,,,,,,
2026-07-27 01:30:00,28502.45,zone_skip,tolerance,2026-07-22 20:00:00,28821.97,long,0.011085987529651875,0.0025,,,,,,,,,,,,
2026-07-27 01:30:00,28502.45,zone_skip,tolerance,2026-07-24 00:00:00,28293.6,long,0.00738152797805872,0.0025,,,,,,,,,,,,
2026-07-27 01:30:00,28502.45,zone_skip,tolerance,2026-07-24 12:00:00,28329.88,long,0.006091448322407285,0.0025,,,,,,,,,,,,
2026-07-27 01:30:00,28502.45,zone_skip,session,2026-07-24 20:00:00,28567.27,short,0.0022690302573539476,,,0.0,,,,,,,,,,
2026-07-27 01:35:00,28503.7,zone_skip,session,2026-07-21 08:00:00,28550.77,long,0.0016486420506347012,,,0.0,,,,,,,,,,
2026-07-27 01:35:00,28503.7,zone_skip,tolerance,2026-07-22 20:00:00,28821.97,long,0.01104261783632418,0.0025,,,,,,,,,,,,
2026-07-27 01:35:00,28503.7,zone_skip,tolerance,2026-07-24 00:00:00,28293.6,long,0.007425707580512985,0.0025,,,,,,,,,,,,
2026-07-27 01:35:00,28503.7,zone_skip,tolerance,2026-07-24 12:00:00,28329.88,long,0.0061355713472842,0.0025,,,,,,,,,,,,
2026-07-27 01:35:00,28503.7,zone_skip,session,2026-07-24 20:00:00,28567.27,short,0.0022252738886144774,,,0.0,,,,,,,,,,
2026-07-27 01:40:00,28497.95,zone_skip,session,2026-07-21 08:00:00,28550.77,long,0.0018500376697370932,,,0.0,,,,,,,,,,
2026-07-27 01:40:00,28497.95,zone_skip,tolerance,2026-07-22 20:00:00,28821.97,long,0.011242118425631572,0.0025,,,,,,,,,,,,
2026-07-27 01:40:00,28497.95,zone_skip,tolerance,2026-07-24 00:00:00,28293.6,long,0.007222481409223365,0.0025,,,,,,,,,,,,
2026-07-27 01:40:00,28497.95,zone_skip,tolerance,2026-07-24 12:00:00,28329.88,long,0.005932605432850393,0.0025,,,,,,,,,,,,
2026-07-27 01:40:00,28497.95,zone_skip,session,2026-07-24 20:00:00,28567.27,short,0.0024265531848160398,,,0.0,,,,,,,,,,
2026-07-27 01:45:00,28491.2,zone_skip,session,2026-07-21 08:00:00,28550.77,long,0.0020864586139007707,,,0.0,,,,,,,,,,
2026-07-27 01:45:00,28491.2,zone_skip,tolerance,2026-07-22 20:00:00,28821.97,long,0.01147631476960112,0.0025,,,,,,,,,,,,
2026-07-27 01:45:00,28491.2,zone_skip,tolerance,2026-07-24 00:00:00,28293.6,long,0.006983911555970332,0.0025,,,,,,,,,,,,
2026-07-27 01:45:00,28491.2,zone_skip,tolerance,2026-07-24 12:00:00,28329.88,long,0.005694341098515056,0.0025,,,,,,,,,,,,
2026-07-27 01:45:00,28491.2,zone_skip,tolerance,2026-07-24 20:00:00,28567.27,short,0.002662837576009178,0.0025,,,,,,,,,,,,
2026-07-27 01:50:00,28486.95,zone_skip,session,2026-07-21 08:00:00,28550.77,long,0.0022353162454112345,,,0.0,,,,,,,,,,
2026-07-27 01:50:00,28486.95,zone_skip,tolerance,2026-07-22 20:00:00,28821.97,long,0.011623771726915281,0.0025,,,,,,,,,,,,
2026-07-27 01:50:00,28486.95,zone_skip,tolerance,2026-07-24 00:00:00,28293.6,long,0.00683370090762583,0.0025,,,,,,,,,,,,
2026-07-27 01:50:00,28486.95,zone_skip,tolerance,2026-07-24 12:00:00,28329.88,long,0.005544322813933546,0.0025,,,,,,,,,,,,
2026-07-27 01:50:00,28486.95,zone_skip,tolerance,2026-07-24 20:00:00,28567.27,short,0.002811609229723376,0.0025,,,,,,,,,,,,
2026-07-27 01:55:00,28480.7,zone_skip,session,2026-07-21 08:00:00,28550.77,long,0.002454224527044269,,,0.0,,,,,,,,,,
2026-07-27 01:55:00,28480.7,zone_skip,tolerance,2026-07-22 20:00:00,28821.97,long,0.01184062019355375,0.0025,,,,,,,,,,,,
2026-07-27 01:55:00,28480.7,zone_skip,tolerance,2026-07-24 00:00:00,28293.6,long,0.006612802895354504,0.0025,,,,,,,,,,,,
2026-07-27 01:55:00,28480.7,zone_skip,tolerance,2026-07-24 12:00:00,28329.88,long,0.005323707689548975,0.0025,,,,,,,,,,,,
2026-07-27 01:55:00,28480.7,zone_skip,tolerance,2026-07-24 20:00:00,28567.27,short,0.003030391073420726,0.0025,,,,,,,,,,,,
2026-07-27 02:00:00,28474.7,zone_skip,tolerance,2026-07-21 08:00:00,28550.77,long,0.0026643764774119823,0.0025,,,,,,,,,,,,
2026-07-27 02:00:00,28474.7,zone_skip,tolerance,2026-07-22 20:00:00,28821.97,long,0.012048794721526684,0.0025,,,,,,,,,,,,
2026-07-27 02:00:00,28474.7,zone_skip,tolerance,2026-07-24 00:00:00,28293.6,long,0.0064007408035740305,0.0025,,,,,,,,,,,,
2026-07-27 02:00:00,28474.7,zone_skip,tolerance,2026-07-24 12:00:00,28329.88,long,0.005111917170139786,0.0025,,,,,,,,,,,,
2026-07-27 02:00:00,28474.7,zone_skip,tolerance,2026-07-24 20:00:00,28567.27,short,0.0032404216433701825,0.0025,,,,,,,,,,,,
2026-07-27 02:05:00,28505.95,zone_skip,session,2026-07-21 08:00:00,28550.77,long,0.0015698350692468087,,,0.0,,,,,,,,,,
2026-07-27 02:05:00,28505.95,zone_skip,tolerance,2026-07-22 20:00:00,28821.97,long,0.01096455238833433,0.0025,,,,,,,,,,,,
2026-07-27 02:05:00,28505.95,zone_skip,tolerance,2026-07-24 00:00:00,28293.6,long,0.007505230864930663,0.0025,,,,,,,,,,,,
2026-07-27 02:05:00,28505.95,zone_skip,tolerance,2026-07-24 12:00:00,28329.88,long,0.006214992792062645,0.0025,,,,,,,,,,,,
2026-07-27 02:05:00,28505.95,zone_skip,session,2026-07-24 20:00:00,28567.27,short,0.0021465124248834315,,,0.0,,,,,,,,,,
2026-07-27 02:10:00,28501.7,zone_skip,session,2026-07-21 08:00:00,28550.77,long,0.0017186927007572723,,,0.0,,,,,,,,,,
2026-07-27 02:10:00,28501.7,zone_skip,tolerance,2026-07-22 20:00:00,28821.97,long,0.01111200934564849,0.0025,,,,,,,,,,,,
2026-07-27 02:10:00,28501.7,zone_skip,tolerance,2026-07-24 00:00:00,28293.6,long,0.007355020216586161,0.0025,,,,,,,,,,,,
2026-07-27 02:10:00,28501.7,zone_skip,tolerance,2026-07-24 12:00:00,28329.88,long,0.006064974507481137,0.0025,,,,,,,,,,,,
2026-07-27 02:10:00,28501.7,zone_skip,session,2026-07-24 20:00:00,28567.27,short,0.0022952840785976296,,,0.0,,,,,,,,,,
2026-07-27 02:15:00,28483.7,zone_skip,session,2026-07-21 08:00:00,28550.77,long,0.0023491485518604125,,,0.0,,,,,,,,,,
2026-07-27 02:15:00,28483.7,zone_skip,tolerance,2026-07-22 20:00:00,28821.97,long,0.011736532929567285,0.0025,,,,,,,,,,,,
2026-07-27 02:15:00,28483.7,zone_skip,tolerance,2026-07-24 00:00:00,28293.6,long,0.006718833941244741,0.0025,,,,,,,,,,,,
2026-07-27 02:15:00,28483.7,zone_skip,tolerance,2026-07-24 12:00:00,28329.88,long,0.005429602949253569,0.0025,,,,,,,,,,,,
2026-07-27 02:15:00,28483.7,zone_skip,tolerance,2026-07-24 20:00:00,28567.27,short,0.002925375788445998,0.0025,,,,,,,,,,,,
2026-07-27 02:20:00,28484.45,zone_skip,session,2026-07-21 08:00:00,28550.77,long,0.0023228795580644483,,,0.0,,,,,,,,,,
2026-07-27 02:20:00,28484.45,zone_skip,tolerance,2026-07-22 20:00:00,28821.97,long,0.01171051111357067,0.0025,,,,,,,,,,,,
2026-07-27 02:20:00,28484.45,zone_skip,tolerance,2026-07-24 00:00:00,28293.6,long,0.0067453417027172995,0.0025,,,,,,,,,,,,
2026-07-27 02:20:00,28484.45,zone_skip,tolerance,2026-07-24 12:00:00,28329.88,long,0.005456076764179718,0.0025,,,,,,,,,,,,
2026-07-27 02:20:00,28484.45,zone_skip,tolerance,2026-07-24 20:00:00,28567.27,short,0.0028991219672023162,0.0025,,,,,,,,,,,,
2026-07-27 02:25:00,28488.7,zone_skip,session,2026-07-21 08:00:00,28550.77,long,0.0021740219265539845,,,0.0,,,,,,,,,,
2026-07-27 02:25:00,28488.7,zone_skip,tolerance,2026-07-22 20:00:00,28821.97,long,0.01156305415625651,0.0025,,,,,,,,,,,,
2026-07-27 02:25:00,28488.7,zone_skip,tolerance,2026-07-24 00:00:00,28293.6,long,0.006895552351061802,0.0025,,,,,,,,,,,,
2026-07-27 02:25:00,28488.7,zone_skip,tolerance,2026-07-24 12:00:00,28329.88,long,0.005606095048761227,0.0025,,,,,,,,,,,,
2026-07-27 02:25:00,28488.7,zone_skip,tolerance,2026-07-24 20:00:00,28567.27,short,0.0027503503134881178,0.0025,,,,,,,,,,,,
2026-07-27 02:30:00,28502.0,zone_skip,session,2026-07-21 08:00:00,28550.77,long,0.001708185103238912,,,0.0,,,,,,,,,,
2026-07-27 02:30:00,28502.0,zone_skip,tolerance,2026-07-22 20:00:00,28821.97,long,0.01110160061924987,0.0025,,,,,,,,,,,,
2026-07-27 02:30:00,28502.0,zone_skip,tolerance,2026-07-24 00:00:00,28293.6,long,0.0073656233211751585,0.0025,,,,,,,,,,,,
2026-07-27 02:30:00,28502.0,zone_skip,tolerance,2026-07-24 12:00:00,28329.88,long,0.006075564033451571,0.0025,,,,,,,,,,,,
2026-07-27 02:30:00,28502.0,zone_skip,session,2026-07-24 20:00:00,28567.27,short,0.0022847825501001824,,,0.0,,,,,,,,,,
2026-07-27 02:35:00,28497.75,zone_skip,session,2026-07-21 08:00:00,28550.77,long,0.0018570427347493759,,,0.0,,,,,,,,,,
2026-07-27 02:35:00,28497.75,zone_skip,tolerance,2026-07-22 20:00:00,28821.97,long,0.011249057576564029,0.0025,,,,,,,,,,,,
2026-07-27 02:35:00,28497.75,zone_skip,tolerance,2026-07-24 00:00:00,28293.6,long,0.007215412672830657,0.0025,,,,,,,,,,,,
2026-07-27 02:35:00,28497.75,zone_skip,tolerance,2026-07-24 12:00:00,28329.88,long,0.005925545748870061,0.0025,,,,,,,,,,,,
2026-07-27 02:35:00,28497.75,zone_skip,session,2026-07-24 20:00:00,28567.27,short,0.0024335542038143804,,,0.0,,,,,,,,,,
2026-07-27 02:40:00,28525.0,zone_skip,session,2026-07-21 08:00:00,28550.77,long,0.0009026026268293443,,,0.0,,,,,,,,,,
2026-07-27 02:40:00,28525.0,zone_skip,tolerance,2026-07-22 20:00:00,28821.97,long,0.010303598262020297,0.0025,,,,,,,,,,,,
2026-07-27 02:40:00,28525.0,zone_skip,tolerance,2026-07-24 00:00:00,28293.6,long,0.00817852800633364,0.0025,,,,,,,,,,,,
2026-07-27 02:40:00,28525.0,zone_skip,tolerance,2026-07-24 12:00:00,28329.88,long,0.006887427691186795,0.0025,,,,,,,,,,,,
2026-07-27 02:40:00,28525.0,zone_skip,session,2026-07-24 20:00:00,28567.27,short,0.0014796653652939338,,,0.0,,,,,,,,,,
2026-07-27 02:45:00,28561.5,zone_skip,session,2026-07-21 08:00:00,28550.77,long,0.00037582173790757877,,,0.0,,,,,,,,,,
2026-07-27 02:45:00,28561.5,zone_skip,tolerance,2026-07-22 20:00:00,28821.97,long,0.00903720321685163,0.0025,,,,,,,,,,,,
2026-07-27 02:45:00,28561.5,zone_skip,tolerance,2026-07-24 00:00:00,28293.6,long,0.009468572397998186,0.0025,,,,,,,,,,,,
2026-07-27 02:45:00,28561.5,zone_skip,tolerance,2026-07-24 12:00:00,28329.88,long,0.008175820017592697,0.0025,,,,,,,,,,,,
2026-07-27 02:45:00,28561.5,zone_skip,session,2026-07-24 20:00:00,28567.27,short,0.00020197939810140893,,,0.0,,,,,,,,,,
2026-07-27 02:50:00,28572.0,zone_skip,session,2026-07-21 08:00:00,28550.77,long,0.0007435876510510772,,,0.0,,,,,,,,,,
2026-07-27 02:50:00,28572.0,zone_skip,tolerance,2026-07-22 20:00:00,28821.97,long,0.008672897792898999,0.0025,,,,,,,,,,,,
2026-07-27 02:50:00,28572.0,zone_skip,tolerance,2026-07-24 00:00:00,28293.6,long,0.009839681058614014,0.0025,,,,,,,,,,,,
2026-07-27 02:50:00,28572.0,zone_skip,tolerance,2026-07-24 12:00:00,28329.88,long,0.008546453426558777,0.0025,,,,,,,,,,,,
2026-07-27 02:50:00,28572.0,zone_skip,session,2026-07-24 20:00:00,28567.27,short,0.0001655740993101393,,,0.0,,,,,,,,,,
2026-07-27 02:55:00,28599.5,zone_skip,session,2026-07-21 08:00:00,28550.77,long,0.0017067840902364301,,,0.0,,,,,,,,,,
2026-07-27 02:55:00,28599.5,zone_skip,tolerance,2026-07-22 20:00:00,28821.97,long,0.007718764539689728,0.0025,,,,,,,,,,,,
2026-07-27 02:55:00,28599.5,zone_skip,tolerance,2026-07-24 00:00:00,28293.6,long,0.010811632312607851,0.0025,,,,,,,,,,,,
2026-07-27 02:55:00,28599.5,zone_skip,tolerance,2026-07-24 12:00:00,28329.88,long,0.009517159973850895,0.0025,,,,,,,,,,,,
2026-07-27 02:55:00,28599.5,zone_skip,session,2026-07-24 20:00:00,28567.27,short,0.00112821421157848,,,0.0,,,,,,,,,,
2026-07-27 03:00:00,28494.5,zone_skip,session,2026-07-21 08:00:00,28550.77,long,0.0019708750411985537,,,0.0,,,,,,,,,,
2026-07-27 03:00:00,28494.5,zone_skip,tolerance,2026-07-22 20:00:00,28821.97,long,0.011361818779216035,0.0025,,,,,,,,,,,,
2026-07-27 03:00:00,28494.5,zone_skip,tolerance,2026-07-24 00:00:00,28293.6,long,0.007100545706449567,0.0025,,,,,,,,,,,,
2026-07-27 03:00:00,28494.5,zone_skip,tolerance,2026-07-24 12:00:00,28329.88,long,0.005810825884190084,0.0025,,,,,,,,,,,,
2026-07-27 03:00:00,28494.5,zone_skip,tolerance,2026-07-24 20:00:00,28567.27,short,0.0025473207625370023,0.0025,,,,,,,,,,,,
2026-07-27 03:05:00,28502.95,zone_skip,session,2026-07-21 08:00:00,28550.77,long,0.0016749110444306654,,,0.0,,,,,,,,,,
2026-07-27 03:05:00,28502.95,zone_skip,tolerance,2026-07-22 20:00:00,28821.97,long,0.011068639652320796,0.0025,,,,,,,,,,,,
2026-07-27 03:05:00,28502.95,zone_skip,tolerance,2026-07-24 00:00:00,28293.6,long,0.007399199819040426,0.0025,,,,,,,,,,,,
2026-07-27 03:05:00,28502.95,zone_skip,tolerance,2026-07-24 12:00:00,28329.88,long,0.006109097532358051,0.0025,,,,,,,,,,,,
2026-07-27 03:05:00,28502.95,zone_skip,session,2026-07-24 20:00:00,28567.27,short,0.00225152770985816,,,0.0,,,,,,,,,,
2026-07-27 03:10:00,28533.45,zone_skip,session,2026-07-21 08:00:00,28550.77,long,0.0006066386300614558,,,0.0,,,,,,,,,,
2026-07-27 03:10:00,28533.45,zone_skip,tolerance,2026-07-22 20:00:00,28821.97,long,0.01001041913512506,0.0025,,,,,,,,,,,,
2026-07-27 03:10:00,28533.45,zone_skip,tolerance,2026-07-24 00:00:00,28293.6,long,0.008477182118924498,0.0025,,,,,,,,,,,,
2026-07-27 03:10:00,28533.45,zone_skip,tolerance,2026-07-24 12:00:00,28329.88,long,0.007185699339354762,0.0025,,,,,,,,,,,,
2026-07-27 03:10:00,28533.45,zone_skip,session,2026-07-24 20:00:00,28567.27,short,0.001183872312615091,,,0.0,,,,,,,,,,
2026-07-27 03:15:00,28466.75,zone_skip,tolerance,2026-07-21 08:00:00,28550.77,long,0.002942827811649228,0.0025,,,,,,,,,,,,
2026-07-27 03:15:00,28466.75,zone_skip,tolerance,2026-07-22 20:00:00,28821.97,long,0.012324625971090844,0.0025,,,,,,,,,,,,
2026-07-27 03:15:00,28466.75,zone_skip,tolerance,2026-07-24 00:00:00,28293.6,long,0.006119758531964878,0.0025,,,,,,,,,,,,
2026-07-27 03:15:00,28466.75,zone_skip,tolerance,2026-07-24 12:00:00,28329.88,long,0.004831294731922584,0.0025,,,,,,,,,,,,
2026-07-27 03:15:00,28466.75,zone_skip,tolerance,2026-07-24 20:00:00,28567.27,short,0.003518712148553237,0.0025,,,,,,,,,,,,
2026-07-27 03:20:00,28475.2,zone_skip,tolerance,2026-07-21 08:00:00,28550.77,long,0.0026468638148813397,0.0025,,,,,,,,,,,,
2026-07-27 03:20:00,28475.2,zone_skip,tolerance,2026-07-22 20:00:00,28821.97,long,0.012031446844195605,0.0025,,,,,,,,,,,,
2026-07-27 03:20:00,28475.2,zone_skip,tolerance,2026-07-24 00:00:00,28293.6,long,0.006418412644555737,0.0025,,,,,,,,,,,,
2026-07-27 03:20:00,28475.2,zone_skip,tolerance,2026-07-24 12:00:00,28329.88,long,0.005129566380090551,0.0025,,,,,,,,,,,,
2026-07-27 03:20:00,28475.2,zone_skip,tolerance,2026-07-24 20:00:00,28567.27,short,0.0032229190958743942,0.0025,,,,,,,,,,,,
2026-07-27 03:25:00,28488.2,zone_skip,session,2026-07-21 08:00:00,28550.77,long,0.0021915345890846276,,,0.0,,,,,,,,,,
2026-07-27 03:25:00,28488.2,zone_skip,tolerance,2026-07-22 20:00:00,28821.97,long,0.011580402033587588,0.0025,,,,,,,,,,,,
2026-07-27 03:25:00,28488.2,zone_skip,tolerance,2026-07-24 00:00:00,28293.6,long,0.006877880510080096,0.0025,,,,,,,,,,,,
2026-07-27 03:25:00,28488.2,zone_skip,tolerance,2026-07-24 12:00:00,28329.88,long,0.005588445838810461,0.0025,,,,,,,,,,,,
2026-07-27 03:25:00,28488.2,zone_skip,tolerance,2026-07-24 20:00:00,28567.27,short,0.002767852860983906,0.0025,,,,,,,,,,,,
2026-07-27 03:30:00,28510.2,zone_skip,session,2026-07-21 08:00:00,28550.77,long,0.0014209774377363451,,,0.0,,,,,,,,,,
2026-07-27 03:30:00,28510.2,zone_skip,tolerance,2026-07-22 20:00:00,28821.97,long,0.01081709543102017,0.0025,,,,,,,,,,,,
2026-07-27 03:30:00,28510.2,zone_skip,tolerance,2026-07-24 00:00:00,28293.6,long,0.007655441513275164,0.0025,,,,,,,,,,,,
2026-07-27 03:30:00,28510.2,zone_skip,tolerance,2026-07-24 12:00:00,28329.88,long,0.006365011076644155,0.0025,,,,,,,,,,,,
2026-07-27 03:30:00,28510.2,zone_skip,session,2026-07-24 20:00:00,28567.27,short,0.0019977407711692335,,,0.0,,,,,,,,,,
2026-07-27 03:35:00,28477.2,zone_skip,tolerance,2026-07-21 08:00:00,28550.77,long,0.0025768131647587685,0.0025,,,,,,,,,,,,
2026-07-27 03:35:00,28477.2,zone_skip,tolerance,2026-07-22 20:00:00,28821.97,long,0.011962055334871295,0.0025,,,,,,,,,,,,
2026-07-27 03:35:00,28477.2,zone_skip,tolerance,2026-07-24 00:00:00,28293.6,long,0.006489100008482561,0.0025,,,,,,,,,,,,
2026-07-27 03:35:00,28477.2,zone_skip,tolerance,2026-07-24 12:00:00,28329.88,long,0.0052001632198936144,0.0025,,,,,,,,,,,,
2026-07-27 03:35:00,28477.2,zone_skip,tolerance,2026-07-24 20:00:00,28567.27,short,0.003152908905891242,0.0025,,,,,,,,,,,,
2026-07-27 03:40:00,28469.95,zone_skip,tolerance,2026-07-21 08:00:00,28550.77,long,0.0028307467714530888,0.0025,,,,,,,,,,,,
2026-07-27 03:40:00,28469.95,zone_skip,tolerance,2026-07-22 20:00:00,28821.97,long,0.012213599556171921,0.0025,,,,,,,,,,,,
2026-07-27 03:40:00,28469.95,zone_skip,tolerance,2026-07-24 00:00:00,28293.6,long,0.006232858314247822,0.0025,,,,,,,,,,,,
2026-07-27 03:40:00,28469.95,zone_skip,tolerance,2026-07-24 12:00:00,28329.88,long,0.00494424967560751,0.0025,,,,,,,,,,,,
2026-07-27 03:40:00,28469.95,zone_skip,tolerance,2026-07-24 20:00:00,28567.27,short,0.0034066958445801683,0.0025,,,,,,,,,,,,
2026-07-27 03:45:00,28492.7,zone_skip,session,2026-07-21 08:00:00,28550.77,long,0.0020339206263088423,,,0.0,,,,,,,,,,
2026-07-27 03:45:00,28492.7,zone_skip,tolerance,2026-07-22 20:00:00,28821.97,long,0.011424271137607888,0.0025,,,,,,,,,,,,
2026-07-27 03:45:00,28492.7,zone_skip,tolerance,2026-07-24 00:00:00,28293.6,long,0.007036927078915451,0.0025,,,,,,,,,,,,
2026-07-27 03:45:00,28492.7,zone_skip,tolerance,2026-07-24 12:00:00,28329.88,long,0.005747288728367353,0.0025,,,,,,,,,,,,
2026-07-27 03:45:00,28492.7,zone_skip,tolerance,2026-07-24 20:00:00,28567.27,short,0.002610329933521814,0.0025,,,,,,,,,,,,
2026-07-27 03:50:00,28497.2,zone_skip,session,2026-07-21 08:00:00,28550.77,long,0.0018763066635330574,,,0.0,,,,,,,,,,
2026-07-27 03:50:00,28497.2,zone_skip,tolerance,2026-07-22 20:00:00,28821.97,long,0.011268140241628189,0.0025,,,,,,,,,,,,
2026-07-27 03:50:00,28497.2,zone_skip,tolerance,2026-07-24 00:00:00,28293.6,long,0.007195973647750806,0.0025,,,,,,,,,,,,
2026-07-27 03:50:00,28497.2,zone_skip,tolerance,2026-07-24 12:00:00,28329.88,long,0.005906131617924245,0.0025,,,,,,,,,,,,
2026-07-27 03:50:00,28497.2,zone_skip,session,2026-07-24 20:00:00,28567.27,short,0.0024528070060597217,,,0.0,,,,,,,,,,
2026-07-27 03:55:00,28469.0,zone_skip,tolerance,2026-07-21 08:00:00,28550.77,long,0.0028640208302613355,0.0025,,,,,,,,,,,,
2026-07-27 03:55:00,28469.0,zone_skip,tolerance,2026-07-22 20:00:00,28821.97,long,0.012246560523100993,0.0025,,,,,,,,,,,,
2026-07-27 03:55:00,28469.0,zone_skip,tolerance,2026-07-24 00:00:00,28293.6,long,0.006199281816382555,0.0025,,,,,,,,,,,,
2026-07-27 03:55:00,28469.0,zone_skip,tolerance,2026-07-24 12:00:00,28329.88,long,0.00491071617670103,0.0025,,,,,,,,,,,,
2026-07-27 03:55:00,28469.0,zone_skip,tolerance,2026-07-24 20:00:00,28567.27,short,0.003439950684822191,0.0025,,,,,,,,,,,,
2026-07-27 04:00:00,28466.25,zone_skip,tolerance,2026-07-21 08:00:00,28550.77,long,0.002960340474179871,0.0025,,,,,,,,,,,,
2026-07-27 04:00:00,28466.25,zone_skip,tolerance,2026-07-22 20:00:00,28821.97,long,0.01234197384842192,0.0025,,,,,,,,,,,,
2026-07-27 04:00:00,28466.25,zone_skip,tolerance,2026-07-24 00:00:00,28293.6,long,0.006102086690983171,0.0025,,,,,,,,,,,,
2026-07-27 04:00:00,28466.25,zone_skip,tolerance,2026-07-24 12:00:00,28329.88,long,0.004813645521971818,0.0025,,,,,,,,,,,,
2026-07-27 04:00:00,28466.25,zone_skip,tolerance,2026-07-24 20:00:00,28567.27,short,0.003536214696049025,0.0025,,,,,,,,,,,,
2026-07-27 04:05:00,28479.25,zone_skip,tolerance,2026-07-21 08:00:00,28550.77,long,0.002505011248383159,0.0025,,,,,,,,,,,,
2026-07-27 04:05:00,28479.25,zone_skip,tolerance,2026-07-22 20:00:00,28821.97,long,0.011890929037813903,0.0025,,,,,,,,,,,,
2026-07-27 04:05:00,28479.25,zone_skip,tolerance,2026-07-24 00:00:00,28293.6,long,0.006561554556507531,0.0025,,,,,,,,,,,,
2026-07-27 04:05:00,28479.25,zone_skip,tolerance,2026-07-24 12:00:00,28329.88,long,0.005272524980691728,0.0025,,,,,,,,,,,,
2026-07-27 04:05:00,28479.25,zone_skip,tolerance,2026-07-24 20:00:00,28567.27,short,0.003081148461158537,0.0025,,,,,,,,,,,,
2026-07-27 04:10:00,28444.25,zone_skip,tolerance,2026-07-21 08:00:00,28550.77,long,0.0037308976255281535,0.0025,,,,,,,,,,,,
2026-07-27 04:10:00,28444.25,zone_skip,tolerance,2026-07-24 00:00:00,28293.6,long,0.005324525687788103,0.0025,,,,,,,,,,,,
2026-07-27 04:10:00,28444.25,zone_skip,tolerance,2026-07-24 12:00:00,28329.88,long,0.004037080284138125,0.0025,,,,,,,,,,,,
2026-07-27 04:10:00,28444.25,zone_skip,tolerance,2026-07-24 20:00:00,28567.27,short,0.004306326785863698,0.0025,,,,,,,,,,,,
2026-07-27 04:15:00,28420.0,zone_skip,tolerance,2026-07-21 08:00:00,28550.77,long,0.0045802617582643285,0.0025,,,,,,,,,,,,
2026-07-27 04:15:00,28420.0,zone_skip,tolerance,2026-07-24 00:00:00,28293.6,long,0.004467441400175356,0.0025,,,,,,,,,,,,
2026-07-27 04:15:00,28420.0,zone_skip,tolerance,2026-07-24 12:00:00,28329.88,long,0.003181093601525985,0.0025,,,,,,,,,,,,
2026-07-27 04:15:00,28420.0,zone_skip,tolerance,2026-07-24 20:00:00,28567.27,short,0.005155200339409416,0.0025,,,,,,,,,,,,
2026-07-27 04:15:00,28420.0,zone_skip,tolerance,2026-07-27 04:00:00,28075.02,long,0.012287791780736027,0.0025,,,,,,,,,,,,
2026-07-27 04:20:00,28427.0,zone_skip,tolerance,2026-07-21 08:00:00,28550.77,long,0.004335084482835329,0.0025,,,,,,,,,,,,
2026-07-27 04:20:00,28427.0,zone_skip,tolerance,2026-07-24 00:00:00,28293.6,long,0.004714847173919242,0.0025,,,,,,,,,,,,
2026-07-27 04:20:00,28427.0,zone_skip,tolerance,2026-07-24 12:00:00,28329.88,long,0.003428182540836706,0.0025,,,,,,,,,,,,
2026-07-27 04:20:00,28427.0,zone_skip,tolerance,2026-07-24 20:00:00,28567.27,short,0.004910164674468384,0.0025,,,,,,,,,,,,
2026-07-27 04:25:00,28409.45,zone_skip,tolerance,2026-07-21 08:00:00,28550.77,long,0.004949778937660866,0.0025,,,,,,,,,,,,
2026-07-27 04:25:00,28409.45,zone_skip,tolerance,2026-07-24 00:00:00,28293.6,long,0.004094565555461383,0.0025,,,,,,,,,,,,
2026-07-27 04:25:00,28409.45,zone_skip,tolerance,2026-07-24 12:00:00,28329.88,long,0.0028086952715648534,0.0025,,,,,,,,,,,,
2026-07-27 04:25:00,28409.45,zone_skip,tolerance,2026-07-24 20:00:00,28567.27,short,0.005524504091570518,0.0025,,,,,,,,,,,,
2026-07-27 04:25:00,28409.45,zone_skip,tolerance,2026-07-27 04:00:00,28075.02,long,0.011912012885476138,0.0025,,,,,,,,,,,,
2026-07-27 04:30:00,28447.75,zone_skip,tolerance,2026-07-21 08:00:00,28550.77,long,0.003608308987813654,0.0025,,,,,,,,,,,,
2026-07-27 04:30:00,28447.75,zone_skip,tolerance,2026-07-24 00:00:00,28293.6,long,0.0054482285746600455,0.0025,,,,,,,,,,,,
2026-07-27 04:30:00,28447.75,zone_skip,tolerance,2026-07-24 12:00:00,28329.88,long,0.004160624753793485,0.0025,,,,,,,,,,,,
2026-07-27 04:30:00,28447.75,zone_skip,tolerance,2026-07-24 20:00:00,28567.27,short,0.004183808953393182,0.0025,,,,,,,,,,,,
2026-07-27 04:35:00,28478.25,zone_skip,tolerance,2026-07-21 08:00:00,28550.77,long,0.002540036573444444,0.0025,,,,,,,,,,,,
2026-07-27 04:35:00,28478.25,zone_skip,tolerance,2026-07-22 20:00:00,28821.97,long,0.011925624792476058,0.0025,,,,,,,,,,,,
2026-07-27 04:35:00,28478.25,zone_skip,tolerance,2026-07-24 00:00:00,28293.6,long,0.006526210874544118,0.0025,,,,,,,,,,,,
2026-07-27 04:35:00,28478.25,zone_skip,tolerance,2026-07-24 12:00:00,28329.88,long,0.005237226560790197,0.0025,,,,,,,,,,,,
2026-07-27 04:35:00,28478.25,zone_skip,tolerance,2026-07-24 20:00:00,28567.27,short,0.003116153556150113,0.0025,,,,,,,,,,,,
2026-07-27 04:40:00,28461.0,zone_skip,tolerance,2026-07-21 08:00:00,28550.77,long,0.0031442234307516204,0.0025,,,,,,,,,,,,
2026-07-27 04:40:00,28461.0,zone_skip,tolerance,2026-07-24 00:00:00,28293.6,long,0.005916532360675257,0.0025,,,,,,,,,,,,
2026-07-27 04:40:00,28461.0,zone_skip,tolerance,2026-07-24 12:00:00,28329.88,long,0.004628328817488778,0.0025,,,,,,,,,,,,
2026-07-27 04:40:00,28461.0,zone_skip,tolerance,2026-07-24 20:00:00,28567.27,short,0.003719991444754799,0.0025,,,,,,,,,,,,
2026-07-27 04:45:00,28472.7,zone_skip,tolerance,2026-07-21 08:00:00,28550.77,long,0.0027344271275345534,0.0025,,,,,,,,,,,,
2026-07-27 04:45:00,28472.7,zone_skip,tolerance,2026-07-22 20:00:00,28821.97,long,0.012118186230850994,0.0025,,,,,,,,,,,,
2026-07-27 04:45:00,28472.7,zone_skip,tolerance,2026-07-24 00:00:00,28293.6,long,0.006330053439647206,0.0025,,,,,,,,,,,,
2026-07-27 04:45:00,28472.7,zone_skip,tolerance,2026-07-24 12:00:00,28329.88,long,0.0050413203303367226,0.0025,,,,,,,,,,,,
2026-07-27 04:45:00,28472.7,zone_skip,tolerance,2026-07-24 20:00:00,28567.27,short,0.0033104318333533342,0.0025,,,,,,,,,,,,
2026-07-27 04:50:00,28463.45,zone_skip,tolerance,2026-07-21 08:00:00,28550.77,long,0.0030584113843514452,0.0025,,,,,,,,,,,,
2026-07-27 04:50:00,28463.45,zone_skip,tolerance,2026-07-22 20:00:00,28821.97,long,0.012439121961475931,0.0025,,,,,,,,,,,,
2026-07-27 04:50:00,28463.45,zone_skip,tolerance,2026-07-24 00:00:00,28293.6,long,0.006003124381485643,0.0025,,,,,,,,,,,,
2026-07-27 04:50:00,28463.45,zone_skip,tolerance,2026-07-24 12:00:00,28329.88,long,0.0047148099462475555,0.0025,,,,,,,,,,,,
2026-07-27 04:50:00,28463.45,zone_skip,tolerance,2026-07-24 20:00:00,28567.27,short,0.0036342289620254127,0.0025,,,,,,,,,,,,
2026-07-27 04:55:00,28485.25,zone_skip,session,2026-07-21 08:00:00,28550.77,long,0.0022948592980154454,,,0.0,,,,,,,,,,
2026-07-27 04:55:00,28485.25,zone_skip,tolerance,2026-07-22 20:00:00,28821.97,long,0.01168275450984097,0.0025,,,,,,,,,,,,
2026-07-27 04:55:00,28485.25,zone_skip,tolerance,2026-07-24 00:00:00,28293.6,long,0.006773616648288004,0.0025,,,,,,,,,,,,
2026-07-27 04:55:00,28485.25,zone_skip,tolerance,2026-07-24 12:00:00,28329.88,long,0.005484315500100917,0.0025,,,,,,,,,,,,
2026-07-27 04:55:00,28485.25,zone_skip,tolerance,2026-07-24 20:00:00,28567.27,short,0.0028711178912090808,0.0025,,,,,,,,,,,,
2026-07-27 05:00:00,28465.75,zone_skip,tolerance,2026-07-21 08:00:00,28550.77,long,0.002977853136710514,0.0025,,,,,,,,,,,,
2026-07-27 05:00:00,28465.75,zone_skip,tolerance,2026-07-22 20:00:00,28821.97,long,0.012359321725752999,0.0025,,,,,,,,,,,,
2026-07-27 05:00:00,28465.75,zone_skip,tolerance,2026-07-24 00:00:00,28293.6,long,0.006084414850001466,0.0025,,,,,,,,,,,,
2026-07-27 05:00:00,28465.75,zone_skip,tolerance,2026-07-24 12:00:00,28329.88,long,0.0047959963120210525,0.0025,,,,,,,,,,,,
2026-07-27 05:00:00,28465.75,zone_skip,tolerance,2026-07-24 20:00:00,28567.27,short,0.0035537172435448133,0.0025,,,,,,,,,,,,
2026-07-27 05:05:00,28486.2,zone_skip,session,2026-07-21 08:00:00,28550.77,long,0.0022615852392071987,,,0.0,,,,,,,,,,
2026-07-27 05:05:00,28486.2,zone_skip,tolerance,2026-07-22 20:00:00,28821.97,long,0.011649793542911898,0.0025,,,,,,,,,,,,
2026-07-27 05:05:00,28486.2,zone_skip,tolerance,2026-07-24 00:00:00,28293.6,long,0.006807193146153271,0.0025,,,,,,,,,,,,
2026-07-27 05:05:00,28486.2,zone_skip,tolerance,2026-07-24 12:00:00,28329.88,long,0.005517848999007398,0.0025,,,,,,,,,,,,
2026-07-27 05:05:00,28486.2,zone_skip,tolerance,2026-07-24 20:00:00,28567.27,short,0.002837863050967058,0.0025,,,,,,,,,,,,
2026-07-27 05:10:00,28480.45,zone_skip,session,2026-07-21 08:00:00,28550.77,long,0.0024629808583095905,,,0.0,,,,,,,,,,
2026-07-27 05:10:00,28480.45,zone_skip,tolerance,2026-07-22 20:00:00,28821.97,long,0.011849294132219291,0.0025,,,,,,,,,,,,
2026-07-27 05:10:00,28480.45,zone_skip,tolerance,2026-07-24 00:00:00,28293.6,long,0.006603966974863651,0.0025,,,,,,,,,,,,
2026-07-27 05:10:00,28480.45,zone_skip,tolerance,2026-07-24 12:00:00,28329.88,long,0.0053148830845735915,0.0025,,,,,,,,,,,,
2026-07-27 05:10:00,28480.45,zone_skip,tolerance,2026-07-24 20:00:00,28567.27,short,0.00303914234716862,0.0025,,,,,,,,,,,,
2026-07-27 05:15:00,28495.7,zone_skip,session,2026-07-21 08:00:00,28550.77,long,0.0019288446511249856,,,0.0,,,,,,,,,,
2026-07-27 05:15:00,28495.7,zone_skip,tolerance,2026-07-22 20:00:00,28821.97,long,0.011320183873621423,0.0025,,,,,,,,,,,,
2026-07-27 05:15:00,28495.7,zone_skip,tolerance,2026-07-24 00:00:00,28293.6,long,0.007142958124805687,0.0025,,,,,,,,,,,,
2026-07-27 05:15:00,28495.7,zone_skip,tolerance,2026-07-24 12:00:00,28329.88,long,0.005853183988071948,0.0025,,,,,,,,,,,,
2026-07-27 05:15:00,28495.7,zone_skip,tolerance,2026-07-24 20:00:00,28567.27,short,0.0025053146485470856,0.0025,,,,,,,,,,,,
2026-07-27 05:20:00,28497.45,zone_skip,session,2026-07-21 08:00:00,28550.77,long,0.001867550332267736,,,0.0,,,,,,,,,,
2026-07-27 05:20:00,28497.45,zone_skip,tolerance,2026-07-22 20:00:00,28821.97,long,0.01125946630296265,0.0025,,,,,,,,,,,,
2026-07-27 05:20:00,28497.45,zone_skip,tolerance,2026-07-24 00:00:00,28293.6,long,0.007204809568241659,0.0025,,,,,,,,,,,,
2026-07-27 05:20:00,28497.45,zone_skip,tolerance,2026-07-24 12:00:00,28329.88,long,0.0059149562228996274,0.0025,,,,,,,,,,,,
2026-07-27 05:20:00,28497.45,zone_skip,session,2026-07-24 20:00:00,28567.27,short,0.0024440557323118276,,,0.0,,,,,,,,,,
2026-07-27 05:25:00,28510.2,zone_skip,session,2026-07-21 08:00:00,28550.77,long,0.0014209774377363451,,,0.0,,,,,,,,,,
2026-07-27 05:25:00,28510.2,zone_skip,tolerance,2026-07-22 20:00:00,28821.97,long,0.01081709543102017,0.0025,,,,,,,,,,,,
2026-07-27 05:25:00,28510.2,zone_skip,tolerance,2026-07-24 00:00:00,28293.6,long,0.007655441513275164,0.0025,,,,,,,,,,,,
2026-07-27 05:25:00,28510.2,zone_skip,tolerance,2026-07-24 12:00:00,28329.88,long,0.006365011076644155,0.0025,,,,,,,,,,,,
2026-07-27 05:25:00,28510.2,zone_skip,session,2026-07-24 20:00:00,28567.27,short,0.0019977407711692335,,,0.0,,,,,,,,,,
2026-07-27 05:30:00,28486.95,zone_skip,session,2026-07-21 08:00:00,28550.77,long,0.0022353162454112345,,,0.0,,,,,,,,,,
2026-07-27 05:30:00,28486.95,zone_skip,tolerance,2026-07-22 20:00:00,28821.97,long,0.011623771726915281,0.0025,,,,,,,,,,,,
2026-07-27 05:30:00,28486.95,zone_skip,tolerance,2026-07-24 00:00:00,28293.6,long,0.00683370090762583,0.0025,,,,,,,,,,,,
2026-07-27 05:30:00,28486.95,zone_skip,tolerance,2026-07-24 12:00:00,28329.88,long,0.005544322813933546,0.0025,,,,,,,,,,,,
2026-07-27 05:30:00,28486.95,zone_skip,tolerance,2026-07-24 20:00:00,28567.27,short,0.002811609229723376,0.0025,,,,,,,,,,,,
2026-07-27 05:35:00,28521.25,zone_skip,session,2026-07-21 08:00:00,28550.77,long,0.0010339475958091651,,,0.0,,,,,,,,,,
2026-07-27 05:35:00,28521.25,zone_skip,tolerance,2026-07-22 20:00:00,28821.97,long,0.01043370734200338,0.0025,,,,,,,,,,,,
2026-07-27 05:35:00,28521.25,zone_skip,tolerance,2026-07-24 00:00:00,28293.6,long,0.008045989198970843,0.0025,,,,,,,,,,,,
2026-07-27 05:35:00,28521.25,zone_skip,tolerance,2026-07-24 12:00:00,28329.88,long,0.006755058616556052,0.0025,,,,,,,,,,,,
2026-07-27 05:35:00,28521.25,zone_skip,session,2026-07-24 20:00:00,28567.27,short,0.0016109344715123438,,,0.0,,,,,,,,,,
2026-07-27 05:40:00,28518.45,zone_skip,session,2026-07-21 08:00:00,28550.77,long,0.0011320185059807391,,,0.0,,,,,,,,,,
2026-07-27 05:40:00,28518.45,zone_skip,tolerance,2026-07-22 20:00:00,28821.97,long,0.01053085545505739,0.0025,,,,,,,,,,,,
2026-07-27 05:40:00,28518.45,zone_skip,tolerance,2026-07-24 00:00:00,28293.6,long,0.007947026889473316,0.0025,,,,,,,,,,,,
2026-07-27 05:40:00,28518.45,zone_skip,tolerance,2026-07-24 12:00:00,28329.88,long,0.0066562230408317895,0.0025,,,,,,,,,,,,
2026-07-27 05:40:00,28518.45,zone_skip,session,2026-07-24 20:00:00,28567.27,short,0.0017089487374887312,,,0.0,,,,,,,,,,
2026-07-27 05:45:00,28493.75,zone_skip,session,2026-07-21 08:00:00,28550.77,long,0.001997144034994518,,,0.0,,,,,,,,,,
2026-07-27 05:45:00,28493.75,zone_skip,tolerance,2026-07-22 20:00:00,28821.97,long,0.01138784059521265,0.0025,,,,,,,,,,,,
2026-07-27 05:45:00,28493.75,zone_skip,tolerance,2026-07-24 00:00:00,28293.6,long,0.007074037944977008,0.0025,,,,,,,,,,,,
2026-07-27 05:45:00,28493.75,zone_skip,tolerance,2026-07-24 12:00:00,28329.88,long,0.005784352069263935,0.0025,,,,,,,,,,,,
2026-07-27 05:45:00,28493.75,zone_skip,tolerance,2026-07-24 20:00:00,28567.27,short,0.0025735745837806847,0.0025,,,,,,,,,,,,
2026-07-27 05:50:00,28487.25,zone_skip,session,2026-07-21 08:00:00,28550.77,long,0.0022248086478928743,,,0.0,,,,,,,,,,
2026-07-27 05:50:00,28487.25,zone_skip,tolerance,2026-07-22 20:00:00,28821.97,long,0.01161336300051666,0.0025,,,,,,,,,,,,
2026-07-27 05:50:00,28487.25,zone_skip,tolerance,2026-07-24 00:00:00,28293.6,long,0.006844304012214828,0.0025,,,,,,,,,,,,
2026-07-27 05:50:00,28487.25,zone_skip,tolerance,2026-07-24 12:00:00,28329.88,long,0.00555491233990398,0.0025,,,,,,,,,,,,
2026-07-27 05:50:00,28487.25,zone_skip,tolerance,2026-07-24 20:00:00,28567.27,short,0.0028011077012259286,0.0025,,,,,,,,,,,,
2026-07-27 05:55:00,28485.2,zone_skip,session,2026-07-21 08:00:00,28550.77,long,0.002296610564268484,,,0.0,,,,,,,,,,
2026-07-27 05:55:00,28485.2,zone_skip,tolerance,2026-07-22 20:00:00,28821.97,long,0.011684489297574053,0.0025,,,,,,,,,,,,
2026-07-27 05:55:00,28485.2,zone_skip,tolerance,2026-07-24 00:00:00,28293.6,long,0.006771849464189859,0.0025,,,,,,,,,,,,
2026-07-27 05:55:00,28485.2,zone_skip,tolerance,2026-07-24 12:00:00,28329.88,long,0.005482550579105867,0.0025,,,,,,,,,,,,
2026-07-27 05:55:00,28485.2,zone_skip,tolerance,2026-07-24 20:00:00,28567.27,short,0.002872868145958634,0.0025,,,,,,,,,,,,
2026-07-27 06:00:00,28482.45,zone_skip,session,2026-07-21 08:00:00,28550.77,long,0.0023929302081870194,,,0.0,,,,,,,,,,
2026-07-27 06:00:00,28482.45,zone_skip,tolerance,2026-07-22 20:00:00,28821.97,long,0.01177990262289498,0.0025,,,,,,,,,,,,
2026-07-27 06:00:00,28482.45,zone_skip,tolerance,2026-07-24 00:00:00,28293.6,long,0.006674654338790475,0.0025,,,,,,,,,,,,
2026-07-27 06:00:00,28482.45,zone_skip,tolerance,2026-07-24 12:00:00,28329.88,long,0.0053854799243766545,0.0025,,,,,,,,,,,,
2026-07-27 06:00:00,28482.45,zone_skip,tolerance,2026-07-24 20:00:00,28567.27,short,0.002969132157185468,0.0025,,,,,,,,,,,,
2026-07-27 06:05:00,28481.95,zone_skip,session,2026-07-21 08:00:00,28550.77,long,0.002410442870717662,,,0.0,,,,,,,,,,
2026-07-27 06:05:00,28481.95,zone_skip,tolerance,2026-07-22 20:00:00,28821.97,long,0.011797250500226057,0.0025,,,,,,,,,,,,
2026-07-27 06:05:00,28481.95,zone_skip,tolerance,2026-07-24 00:00:00,28293.6,long,0.0066569824978087696,0.0025,,,,,,,,,,,,
2026-07-27 06:05:00,28481.95,zone_skip,tolerance,2026-07-24 12:00:00,28329.88,long,0.005367830714425889,0.0025,,,,,,,,,,,,
2026-07-27 06:05:00,28481.95,zone_skip,tolerance,2026-07-24 20:00:00,28567.27,short,0.0029866347046812562,0.0025,,,,,,,,,,,,
2026-07-27 06:10:00,28514.75,zone_skip,session,2026-07-21 08:00:00,28550.77,long,0.0012616122087075212,,,0.0,,,,,,,,,,
2026-07-27 06:10:00,28514.75,zone_skip,tolerance,2026-07-22 20:00:00,28821.97,long,0.010659229747307389,0.0025,,,,,,,,,,,,
2026-07-27 06:10:00,28514.75,zone_skip,tolerance,2026-07-24 00:00:00,28293.6,long,0.007816255266208664,0.0025,,,,,,,,,,,,
2026-07-27 06:10:00,28514.75,zone_skip,tolerance,2026-07-24 12:00:00,28329.88,long,0.006525618887196097,0.0025,,,,,,,,,,,,
2026-07-27 06:10:00,28514.75,zone_skip,session,2026-07-24 20:00:00,28567.27,short,0.001838467588957588,,,0.0,,,,,,,,,,
2026-07-27 06:15:00,28518.75,zone_skip,session,2026-07-21 08:00:00,28550.77,long,0.001121510908462379,,,0.0,,,,,,,,,,
2026-07-27 06:15:00,28518.75,zone_skip,tolerance,2026-07-22 20:00:00,28821.97,long,0.010520446728658768,0.0025,,,,,,,,,,,,
2026-07-27 06:15:00,28518.75,zone_skip,tolerance,2026-07-24 00:00:00,28293.6,long,0.007957629994062312,0.0025,,,,,,,,,,,,
2026-07-27 06:15:00,28518.75,zone_skip,tolerance,2026-07-24 12:00:00,28329.88,long,0.0066668125668022235,0.0025,,,,,,,,,,,,
2026-07-27 06:15:00,28518.75,zone_skip,session,2026-07-24 20:00:00,28567.27,short,0.001698447208991284,,,0.0,,,,,,,,,,
2026-07-27 06:20:00,28497.75,zone_skip,session,2026-07-21 08:00:00,28550.77,long,0.0018570427347493759,,,0.0,,,,,,,,,,
2026-07-27 06:20:00,28497.75,zone_skip,tolerance,2026-07-22 20:00:00,28821.97,long,0.011249057576564029,0.0025,,,,,,,,,,,,
2026-07-27 06:20:00,28497.75,zone_skip,tolerance,2026-07-24 00:00:00,28293.6,long,0.007215412672830657,0.0025,,,,,,,,,,,,
2026-07-27 06:20:00,28497.75,zone_skip,tolerance,2026-07-24 12:00:00,28329.88,long,0.005925545748870061,0.0025,,,,,,,,,,,,
2026-07-27 06:20:00,28497.75,zone_skip,session,2026-07-24 20:00:00,28567.27,short,0.0024335542038143804,,,0.0,,,,,,,,,,
2026-07-27 06:25:00,28489.75,zone_skip,session,2026-07-21 08:00:00,28550.77,long,0.00213724533523966,,,0.0,,,,,,,,,,
2026-07-27 06:25:00,28489.75,zone_skip,tolerance,2026-07-22 20:00:00,28821.97,long,0.011526623613861272,0.0025,,,,,,,,,,,,
2026-07-27 06:25:00,28489.75,zone_skip,tolerance,2026-07-24 00:00:00,28293.6,long,0.006932663217123359,0.0025,,,,,,,,,,,,
2026-07-27 06:25:00,28489.75,zone_skip,tolerance,2026-07-24 12:00:00,28329.88,long,0.005643158389657809,0.0025,,,,,,,,,,,,
2026-07-27 06:25:00,28489.75,zone_skip,tolerance,2026-07-24 20:00:00,28567.27,short,0.0027135949637469886,0.0025,,,,,,,,,,,,
2026-07-27 06:30:00,28483.95,zone_skip,session,2026-07-21 08:00:00,28550.77,long,0.002340392220595091,,,0.0,,,,,,,,,,
2026-07-27 06:30:00,28483.95,zone_skip,tolerance,2026-07-22 20:00:00,28821.97,long,0.011727858990901747,0.0025,,,,,,,,,,,,
2026-07-27 06:30:00,28483.95,zone_skip,tolerance,2026-07-24 00:00:00,28293.6,long,0.006727669861735594,0.0025,,,,,,,,,,,,
2026-07-27 06:30:00,28483.95,zone_skip,tolerance,2026-07-24 12:00:00,28329.88,long,0.005438427554228952,0.0025,,,,,,,,,,,,
2026-07-27 06:30:00,28483.95,zone_skip,tolerance,2026-07-24 20:00:00,28567.27,short,0.002916624514698104,0.0025,,,,,,,,,,,,
2026-07-27 06:35:00,28481.25,zone_skip,session,2026-07-21 08:00:00,28550.77,long,0.0024349605982605877,,,0.0,,,,,,,,,,
2026-07-27 06:35:00,28481.25,zone_skip,tolerance,2026-07-22 20:00:00,28821.97,long,0.01182153752848959,0.0025,,,,,,,,,,,,
2026-07-27 06:35:00,28481.25,zone_skip,tolerance,2026-07-24 00:00:00,28293.6,long,0.006632241920434355,0.0025,,,,,,,,,,,,
2026-07-27 06:35:00,28481.25,zone_skip,tolerance,2026-07-24 12:00:00,28329.88,long,0.005343121820494791,0.0025,,,,,,,,,,,,
2026-07-27 06:35:00,28481.25,zone_skip,tolerance,2026-07-24 20:00:00,28567.27,short,0.0030111382711753847,0.0025,,,,,,,,,,,,
2026-07-27 06:40:00,28490.0,zone_skip,session,2026-07-21 08:00:00,28550.77,long,0.002128489003974339,,,0.0,,,,,,,,,,
2026-07-27 06:40:00,28490.0,zone_skip,tolerance,2026-07-22 20:00:00,28821.97,long,0.011517949675195732,0.0025,,,,,,,,,,,,
2026-07-27 06:40:00,28490.0,zone_skip,tolerance,2026-07-24 00:00:00,28293.6,long,0.006941499137614212,0.0025,,,,,,,,,,,,
2026-07-27 06:40:00,28490.0,zone_skip,tolerance,2026-07-24 12:00:00,28329.88,long,0.0056519829946331925,0.0025,,,,,,,,,,,,
2026-07-27 06:40:00,28490.0,zone_skip,tolerance,2026-07-24 20:00:00,28567.27,short,0.0027048436899990945,0.0025,,,,,,,,,,,,
2026-07-27 06:45:00,28475.25,zone_skip,tolerance,2026-07-21 08:00:00,28550.77,long,0.002645112548628301,0.0025,,,,,,,,,,,,
2026-07-27 06:45:00,28475.25,zone_skip,tolerance,2026-07-22 20:00:00,28821.97,long,0.012029712056462524,0.0025,,,,,,,,,,,,
2026-07-27 06:45:00,28475.25,zone_skip,tolerance,2026-07-24 00:00:00,28293.6,long,0.0064201798286538814,0.0025,,,,,,,,,,,,
2026-07-27 06:45:00,28475.25,zone_skip,tolerance,2026-07-24 12:00:00,28329.88,long,0.005131331301085602,0.0025,,,,,,,,,,,,
2026-07-27 06:45:00,28475.25,zone_skip,tolerance,2026-07-24 20:00:00,28567.27,short,0.003221168841124841,0.0025,,,,,,,,,,,,
2026-07-27 06:50:00,28481.0,zone_skip,session,2026-07-21 08:00:00,28550.77,long,0.002443716929525909,,,0.0,,,,,,,,,,
2026-07-27 06:50:00,28481.0,zone_skip,tolerance,2026-07-22 20:00:00,28821.97,long,0.01183021146715513,0.0025,,,,,,,,,,,,
2026-07-27 06:50:00,28481.0,zone_skip,tolerance,2026-07-24 00:00:00,28293.6,long,0.006623405999943502,0.0025,,,,,,,,,,,,
2026-07-27 06:50:00,28481.0,zone_skip,tolerance,2026-07-24 12:00:00,28329.88,long,0.005334297215519409,0.0025,,,,,,,,,,,,
2026-07-27 06:50:00,28481.0,zone_skip,tolerance,2026-07-24 20:00:00,28567.27,short,0.003019889544923279,0.0025,,,,,,,,,,,,
2026-07-27 06:55:00,28484.45,zone_skip,session,2026-07-21 08:00:00,28550.77,long,0.0023228795580644483,,,0.0,,,,,,,,,,
2026-07-27 06:55:00,28484.45,zone_skip,tolerance,2026-07-22 20:00:00,28821.97,long,0.01171051111357067,0.0025,,,,,,,,,,,,
2026-07-27 06:55:00,28484.45,zone_skip,tolerance,2026-07-24 00:00:00,28293.6,long,0.0067453417027172995,0.0025,,,,,,,,,,,,
2026-07-27 06:55:00,28484.45,zone_skip,tolerance,2026-07-24 12:00:00,28329.88,long,0.005456076764179718,0.0025,,,,,,,,,,,,
2026-07-27 06:55:00,28484.45,zone_skip,tolerance,2026-07-24 20:00:00,28567.27,short,0.0028991219672023162,0.0025,,,,,,,,,,,,
2026-07-27 07:00:00,28482.7,zone_skip,chasing,2026-07-21 08:00:00,28550.77,long,0.002384173876921698,,44.95417778206536,,,,,,,,,,,
2026-07-27 07:00:00,28482.7,zone_skip,tolerance,2026-07-22 20:00:00,28821.97,long,0.01177122868422944,0.0025,,,,,,,,,,,,
2026-07-27 07:00:00,28482.7,zone_skip,tolerance,2026-07-24 00:00:00,28293.6,long,0.0066834902592813284,0.0025,,,,,,,,,,,,
2026-07-27 07:00:00,28482.7,zone_skip,tolerance,2026-07-24 12:00:00,28329.88,long,0.005394304529352038,0.0025,,,,,,,,,,,,
2026-07-27 07:00:00,28482.7,zone_skip,tolerance,2026-07-24 20:00:00,28567.27,short,0.0029603808834375743,0.0025,,,,,,,,,,,,
2026-07-27 07:05:00,28477.75,zone_skip,tolerance,2026-07-21 08:00:00,28550.77,long,0.0025575492359750872,0.0025,,,,,,,,,,,,
2026-07-27 07:05:00,28477.75,zone_skip,tolerance,2026-07-22 20:00:00,28821.97,long,0.011942972669807135,0.0025,,,,,,,,,,,,
2026-07-27 07:05:00,28477.75,zone_skip,tolerance,2026-07-24 00:00:00,28293.6,long,0.006508539033562412,0.0025,,,,,,,,,,,,
2026-07-27 07:05:00,28477.75,zone_skip,tolerance,2026-07-24 12:00:00,28329.88,long,0.005219577350839431,0.0025,,,,,,,,,,,,
2026-07-27 07:05:00,28477.75,zone_skip,tolerance,2026-07-24 20:00:00,28567.27,short,0.0031336561036459007,0.0025,,,,,,,,,,,,
2026-07-27 07:10:00,28491.75,zone_skip,session,2026-07-21 08:00:00,28550.77,long,0.002067194685117089,,,0.0,,,,,,,,,,
2026-07-27 07:10:00,28491.75,zone_skip,tolerance,2026-07-22 20:00:00,28821.97,long,0.01145723210453696,0.0025,,,,,,,,,,,,
2026-07-27 07:10:00,28491.75,zone_skip,tolerance,2026-07-24 00:00:00,28293.6,long,0.007003350581050183,0.0025,,,,,,,,,,,,
2026-07-27 07:10:00,28491.75,zone_skip,tolerance,2026-07-24 12:00:00,28329.88,long,0.005713755229460872,0.0025,,,,,,,,,,,,
2026-07-27 07:10:00,28491.75,zone_skip,tolerance,2026-07-24 20:00:00,28567.27,short,0.0026435847737638365,0.0025,,,,,,,,,,,,
2026-07-27 07:15:00,28510.2,zone_skip,session,2026-07-21 08:00:00,28550.77,long,0.0014209774377363451,,,0.0,,,,,,,,,,
2026-07-27 07:15:00,28510.2,zone_skip,tolerance,2026-07-22 20:00:00,28821.97,long,0.01081709543102017,0.0025,,,,,,,,,,,,
2026-07-27 07:15:00,28510.2,zone_skip,tolerance,2026-07-24 00:00:00,28293.6,long,0.007655441513275164,0.0025,,,,,,,,,,,,
2026-07-27 07:15:00,28510.2,zone_skip,tolerance,2026-07-24 12:00:00,28329.88,long,0.006365011076644155,0.0025,,,,,,,,,,,,
2026-07-27 07:15:00,28510.2,zone_skip,session,2026-07-24 20:00:00,28567.27,short,0.0019977407711692335,,,0.0,,,,,,,,,,
2026-07-27 07:20:00,28496.75,zone_skip,session,2026-07-21 08:00:00,28550.77,long,0.0018920680598106614,,,0.0,,,,,,,,,,
2026-07-27 07:20:00,28496.75,zone_skip,tolerance,2026-07-22 20:00:00,28821.97,long,0.011283753331226184,0.0025,,,,,,,,,,,,
2026-07-27 07:20:00,28496.75,zone_skip,tolerance,2026-07-24 00:00:00,28293.6,long,0.0071800689908672445,0.0025,,,,,,,,,,,,
2026-07-27 07:20:00,28496.75,zone_skip,tolerance,2026-07-24 12:00:00,28329.88,long,0.00589024732896853,0.0025,,,,,,,,,,,,
2026-07-27 07:20:00,28496.75,zone_skip,chasing,2026-07-24 20:00:00,28567.27,short,0.0024685592988059565,,44.16695407778988,,,,,,,,,,,
2026-07-27 07:25:00,28490.7,zone_skip,session,2026-07-21 08:00:00,28550.77,long,0.0021039712764314134,,,0.0,,,,,,,,,,
2026-07-27 07:25:00,28490.7,zone_skip,tolerance,2026-07-22 20:00:00,28821.97,long,0.011493662646932199,0.0025,,,,,,,,,,,,
2026-07-27 07:25:00,28490.7,zone_skip,tolerance,2026-07-24 00:00:00,28293.6,long,0.006966239714988626,0.0025,,,,,,,,,,,,
2026-07-27 07:25:00,28490.7,zone_skip,tolerance,2026-07-24 12:00:00,28329.88,long,0.00567669188856429,0.0025,,,,,,,,,,,,
2026-07-27 07:25:00,28490.7,zone_skip,tolerance,2026-07-24 20:00:00,28567.27,short,0.002680340123504966,0.0025,,,,,,,,,,,,
2026-07-27 07:30:00,28512.45,zone_skip,session,2026-07-21 08:00:00,28550.77,long,0.0013421704563484525,,,0.0,,,,,,,,,,
2026-07-27 07:30:00,28512.45,zone_skip,tolerance,2026-07-22 20:00:00,28821.97,long,0.010739029983030321,0.0025,,,,,,,,,,,,
2026-07-27 07:30:00,28512.45,zone_skip,tolerance,2026-07-24 00:00:00,28293.6,long,0.007734964797692842,0.0025,,,,,,,,,,,,
2026-07-27 07:30:00,28512.45,zone_skip,tolerance,2026-07-24 12:00:00,28329.88,long,0.0064444325214226,0.0025,,,,,,,,,,,,
2026-07-27 07:30:00,28512.45,zone_skip,session,2026-07-24 20:00:00,28567.27,short,0.0019189793074381874,,,0.0,,,,,,,,,,
2026-07-27 07:35:00,28511.5,zone_skip,session,2026-07-21 08:00:00,28550.77,long,0.0013754445151566994,,,0.0,,,,,,,,,,
2026-07-27 07:35:00,28511.5,zone_skip,tolerance,2026-07-22 20:00:00,28821.97,long,0.010771990949959395,0.0025,,,,,,,,,,,,
2026-07-27 07:35:00,28511.5,zone_skip,tolerance,2026-07-24 00:00:00,28293.6,long,0.007701388299827575,0.0025,,,,,,,,,,,,
2026-07-27 07:35:00,28511.5,zone_skip,tolerance,2026-07-24 12:00:00,28329.88,long,0.00641089902251612,0.0025,,,,,,,,,,,,
2026-07-27 07:35:00,28511.5,zone_skip,session,2026-07-24 20:00:00,28567.27,short,0.00195223414768021,,,0.0,,,,,,,,,,
2026-07-27 07:40:00,28518.95,zone_skip,session,2026-07-21 08:00:00,28550.77,long,0.0011145058434500965,,,0.0,,,,,,,,,,
2026-07-27 07:40:00,28518.95,zone_skip,tolerance,2026-07-22 20:00:00,28821.97,long,0.010513507577726311,0.0025,,,,,,,,,,,,
2026-07-27 07:40:00,28518.95,zone_skip,tolerance,2026-07-24 00:00:00,28293.6,long,0.007964698730455022,0.0025,,,,,,,,,,,,
2026-07-27 07:40:00,28518.95,zone_skip,tolerance,2026-07-24 12:00:00,28329.88,long,0.006673872250782555,0.0025,,,,,,,,,,,,
2026-07-27 07:40:00,28518.95,zone_skip,session,2026-07-24 20:00:00,28567.27,short,0.0016914461899929433,,,0.0,,,,,,,,,,
2026-07-27 07:45:00,28514.7,zone_skip,session,2026-07-21 08:00:00,28550.77,long,0.00126336347496056,,,0.0,,,,,,,,,,
2026-07-27 07:45:00,28514.7,zone_skip,tolerance,2026-07-22 20:00:00,28821.97,long,0.010660964535040472,0.0025,,,,,,,,,,,,
2026-07-27 07:45:00,28514.7,zone_skip,tolerance,2026-07-24 00:00:00,28293.6,long,0.00781448808211052,0.0025,,,,,,,,,,,,
2026-07-27 07:45:00,28514.7,zone_skip,tolerance,2026-07-24 12:00:00,28329.88,long,0.006523853966201047,0.0025,,,,,,,,,,,,
2026-07-27 07:45:00,28514.7,zone_skip,session,2026-07-24 20:00:00,28567.27,short,0.0018402178437071414,,,0.0,,,,,,,,,,
2026-07-27 07:50:00,28531.0,zone_skip,session,2026-07-21 08:00:00,28550.77,long,0.0006924506764616309,,,0.0,,,,,,,,,,
2026-07-27 07:50:00,28531.0,zone_skip,tolerance,2026-07-22 20:00:00,28821.97,long,0.010095423734047365,0.0025,,,,,,,,,,,,
2026-07-27 07:50:00,28531.0,zone_skip,tolerance,2026-07-24 00:00:00,28293.6,long,0.008390590098114112,0.0025,,,,,,,,,,,,
2026-07-27 07:50:00,28531.0,zone_skip,tolerance,2026-07-24 12:00:00,28329.88,long,0.007099218210595984,0.0025,,,,,,,,,,,,
2026-07-27 07:50:00,28531.0,zone_skip,session,2026-07-24 20:00:00,28567.27,short,0.0012696347953444777,,,0.0,,,,,,,,,,
2026-07-27 07:55:00,28515.5,zone_skip,session,2026-07-21 08:00:00,28550.77,long,0.0012353432149115572,,,0.0,,,,,,,,,,
2026-07-27 07:55:00,28515.5,zone_skip,tolerance,2026-07-22 20:00:00,28821.97,long,0.010633207931310772,0.0025,,,,,,,,,,,,
2026-07-27 07:55:00,28515.5,zone_skip,tolerance,2026-07-24 00:00:00,28293.6,long,0.007842763027681223,0.0025,,,,,,,,,,,,
2026-07-27 07:55:00,28515.5,zone_skip,tolerance,2026-07-24 12:00:00,28329.88,long,0.0065520927021222464,0.0025,,,,,,,,,,,,
2026-07-27 07:55:00,28515.5,zone_skip,session,2026-07-24 20:00:00,28567.27,short,0.001812213767713906,,,0.0,,,,,,,,,,
2026-07-27 08:00:00,28514.45,zone_skip,session,2026-07-21 08:00:00,28550.77,long,0.0012721198062258814,,,0.0,,,,,,,,,,
2026-07-27 08:00:00,28514.45,zone_skip,tolerance,2026-07-22 20:00:00,28821.97,long,0.01066963847370601,0.0025,,,,,,,,,,,,
2026-07-27 08:00:00,28514.45,zone_skip,tolerance,2026-07-24 00:00:00,28293.6,long,0.007805652161619666,0.0025,,,,,,,,,,,,
2026-07-27 08:00:00,28514.45,zone_skip,tolerance,2026-07-24 12:00:00,28329.88,long,0.006515029361225663,0.0025,,,,,,,,,,,,
2026-07-27 08:00:00,28514.45,zone_skip,session,2026-07-24 20:00:00,28567.27,short,0.0018489691174550353,,,0.0,,,,,,,,,,
2026-07-27 08:05:00,28528.95,zone_skip,session,2026-07-21 08:00:00,28550.77,long,0.0007642525928372408,,,0.0,,,,,,,,,,
2026-07-27 08:05:00,28528.95,zone_skip,tolerance,2026-07-22 20:00:00,28821.97,long,0.01016655003110476,0.0025,,,,,,,,,,,,
2026-07-27 08:05:00,28528.95,zone_skip,tolerance,2026-07-24 00:00:00,28293.6,long,0.008318135550089143,0.0025,,,,,,,,,,,,
2026-07-27 08:05:00,28528.95,zone_skip,tolerance,2026-07-24 12:00:00,28329.88,long,0.0070268564497978706,0.0025,,,,,,,,,,,,
2026-07-27 08:05:00,28528.95,zone_skip,session,2026-07-24 20:00:00,28567.27,short,0.001341395240077183,,,0.0,,,,,,,,,,
2026-07-27 08:10:00,28540.75,zone_skip,session,2026-07-21 08:00:00,28550.77,long,0.0003509537571140966,,,0.0,,,,,,,,,,
2026-07-27 08:10:00,28540.75,zone_skip,tolerance,2026-07-22 20:00:00,28821.97,long,0.009757140126091352,0.0025,,,,,,,,,,,,
2026-07-27 08:10:00,28540.75,zone_skip,tolerance,2026-07-24 00:00:00,28293.6,long,0.008735190997257383,0.0025,,,,,,,,,,,,
2026-07-27 08:10:00,28540.75,zone_skip,tolerance,2026-07-24 12:00:00,28329.88,long,0.007443377804635917,0.0025,,,,,,,,,,,,
2026-07-27 08:10:00,28540.75,zone_skip,session,2026-07-24 20:00:00,28567.27,short,0.0009283351191766115,,,0.0,,,,,,,,,,
2026-07-27 08:15:00,28546.5,zone_skip,session,2026-07-21 08:00:00,28550.77,long,0.00014955813801170465,,,0.0,,,,,,,,,,
2026-07-27 08:15:00,28546.5,zone_skip,tolerance,2026-07-22 20:00:00,28821.97,long,0.009557639536783959,0.0025,,,,,,,,,,,,
2026-07-27 08:15:00,28546.5,zone_skip,tolerance,2026-07-24 00:00:00,28293.6,long,0.008938417168547002,0.0025,,,,,,,,,,,,
2026-07-27 08:15:00,28546.5,zone_skip,tolerance,2026-07-24 12:00:00,28329.88,long,0.007646343719069723,0.0025,,,,,,,,,,,,
2026-07-27 08:15:00,28546.5,zone_skip,session,2026-07-24 20:00:00,28567.27,short,0.0007270558229750493,,,0.0,,,,,,,,,,
2026-07-27 08:20:00,28548.25,zone_skip,session,2026-07-21 08:00:00,28550.77,long,8.826381915445491e-05,,,0.0,,,,,,,,,,
2026-07-27 08:20:00,28548.25,zone_skip,tolerance,2026-07-22 20:00:00,28821.97,long,0.009496921966125187,0.0025,,,,,,,,,,,,
2026-07-27 08:20:00,28548.25,zone_skip,tolerance,2026-07-24 00:00:00,28293.6,long,0.009000268611982973,0.0025,,,,,,,,,,,,
2026-07-27 08:20:00,28548.25,zone_skip,tolerance,2026-07-24 12:00:00,28329.88,long,0.0077081159538974035,0.0025,,,,,,,,,,,,
2026-07-27 08:20:00,28548.25,zone_skip,session,2026-07-24 20:00:00,28567.27,short,0.0006657969067397913,,,0.0,,,,,,,,,,
2026-07-27 08:25:00,28550.25,zone_skip,session,2026-07-21 08:00:00,28550.77,long,1.8213169031883783e-05,,,0.0,,,,,,,,,,
2026-07-27 08:25:00,28550.25,zone_skip,tolerance,2026-07-22 20:00:00,28821.97,long,0.009427530456800877,0.0025,,,,,,,,,,,,
2026-07-27 08:25:00,28550.25,zone_skip,tolerance,2026-07-24 00:00:00,28293.6,long,0.009070955975909798,0.0025,,,,,,,,,,,,
2026-07-27 08:25:00,28550.25,zone_skip,tolerance,2026-07-24 12:00:00,28329.88,long,0.007778712793700467,0.0025,,,,,,,,,,,,
2026-07-27 08:25:00,28550.25,zone_skip,session,2026-07-24 20:00:00,28567.27,short,0.0005957867167566392,,,0.0,,,,,,,,,,
2026-07-27 08:30:00,28557.75,zone_skip,session,2026-07-21 08:00:00,28550.77,long,0.00024447676892775793,,,0.0,,,,,,,,,,
2026-07-27 08:30:00,28557.75,zone_skip,tolerance,2026-07-22 20:00:00,28821.97,long,0.009167312296834712,0.0025,,,,,,,,,,,,
2026-07-27 08:30:00,28557.75,zone_skip,tolerance,2026-07-24 00:00:00,28293.6,long,0.00933603359063539,0.0025,,,,,,,,,,,,
2026-07-27 08:30:00,28557.75,zone_skip,tolerance,2026-07-24 12:00:00,28329.88,long,0.008043450942961952,0.0025,,,,,,,,,,,,
2026-07-27 08:30:00,28557.75,zone_skip,session,2026-07-24 20:00:00,28567.27,short,0.000333248504319819,,,0.0,,,,,,,,,,
2026-07-27 08:35:00,28569.95,zone_skip,session,2026-07-21 08:00:00,28550.77,long,0.0006717857346754673,,,0.0,,,,,,,,,,
2026-07-27 08:35:00,28569.95,zone_skip,tolerance,2026-07-22 20:00:00,28821.97,long,0.008744024089956393,0.0025,,,,,,,,,,,,
2026-07-27 08:35:00,28569.95,zone_skip,tolerance,2026-07-24 00:00:00,28293.6,long,0.009767226510589045,0.0025,,,,,,,,,,,,
2026-07-27 08:35:00,28569.95,zone_skip,tolerance,2026-07-24 12:00:00,28329.88,long,0.008474091665760663,0.0025,,,,,,,,,,,,
2026-07-27 08:35:00,28569.95,zone_skip,session,2026-07-24 20:00:00,28567.27,short,9.381365457743393e-05,,,0.0,,,,,,,,,,
2026-07-27 08:40:00,28558.0,zone_skip,session,2026-07-21 08:00:00,28550.77,long,0.0002532331001930793,,,0.0,,,,,,,,,,
2026-07-27 08:40:00,28558.0,zone_skip,tolerance,2026-07-22 20:00:00,28821.97,long,0.009158638358169173,0.0025,,,,,,,,,,,,
2026-07-27 08:40:00,28558.0,zone_skip,tolerance,2026-07-24 00:00:00,28293.6,long,0.009344869511126242,0.0025,,,,,,,,,,,,
2026-07-27 08:40:00,28558.0,zone_skip,tolerance,2026-07-24 12:00:00,28329.88,long,0.008052275547937335,0.0025,,,,,,,,,,,,
2026-07-27 08:40:00,28558.0,zone_skip,session,2026-07-24 20:00:00,28567.27,short,0.00032449723057192503,,,0.0,,,,,,,,,,
2026-07-27 08:45:00,28561.45,zone_skip,session,2026-07-21 08:00:00,28550.77,long,0.00037407047165453997,,,0.0,,,,,,,,,,
2026-07-27 08:45:00,28561.45,zone_skip,tolerance,2026-07-22 20:00:00,28821.97,long,0.009038938004584713,0.0025,,,,,,,,,,,,
2026-07-27 08:45:00,28561.45,zone_skip,tolerance,2026-07-24 00:00:00,28293.6,long,0.00946680521390004,0.0025,,,,,,,,,,,,
2026-07-27 08:45:00,28561.45,zone_skip,tolerance,2026-07-24 12:00:00,28329.88,long,0.008174055096597646,0.0025,,,,,,,,,,,,
2026-07-27 08:45:00,28561.45,zone_skip,session,2026-07-24 20:00:00,28567.27,short,0.00020372965285096227,,,0.0,,,,,,,,,,
2026-07-27 08:50:00,28568.5,zone_skip,session,2026-07-21 08:00:00,28550.77,long,0.0006209990133365777,,,0.0,,,,,,,,,,
2026-07-27 08:50:00,28568.5,zone_skip,tolerance,2026-07-22 20:00:00,28821.97,long,0.008794332934216543,0.0025,,,,,,,,,,,,
2026-07-27 08:50:00,28568.5,zone_skip,tolerance,2026-07-24 00:00:00,28293.6,long,0.009715978171742072,0.0025,,,,,,,,,,,,
2026-07-27 08:50:00,28568.5,zone_skip,tolerance,2026-07-24 12:00:00,28329.88,long,0.008422908956903417,0.0025,,,,,,,,,,,,
2026-07-27 08:50:00,28568.5,zone_skip,session,2026-07-24 20:00:00,28567.27,short,4.305626683962323e-05,,,0.0,,,,,,,,,,
2026-07-27 08:55:00,28566.0,zone_skip,session,2026-07-21 08:00:00,28550.77,long,0.0005334357006833638,,,0.0,,,,,,,,,,
2026-07-27 08:55:00,28566.0,zone_skip,tolerance,2026-07-22 20:00:00,28821.97,long,0.00888107232087193,0.0025,,,,,,,,,,,,
2026-07-27 08:55:00,28566.0,zone_skip,tolerance,2026-07-24 00:00:00,28293.6,long,0.009627618966833541,0.0025,,,,,,,,,,,,
2026-07-27 08:55:00,28566.0,zone_skip,tolerance,2026-07-24 12:00:00,28329.88,long,0.008334662907149588,0.0025,,,,,,,,,,,,
2026-07-27 08:55:00,28566.0,zone_skip,session,2026-07-24 20:00:00,28567.27,short,4.4456470639316835e-05,,,0.0,,,,,,,,,,
2026-07-27 09:00:00,28577.5,zone_skip,session,2026-07-21 08:00:00,28550.77,long,0.0009362269388881477,,,0.0,,,,,,,,,,
2026-07-27 09:00:00,28577.5,zone_skip,tolerance,2026-07-22 20:00:00,28821.97,long,0.008482071142257144,0.0025,,,,,,,,,,,,
2026-07-27 09:00:00,28577.5,zone_skip,tolerance,2026-07-24 00:00:00,28293.6,long,0.010034071309412782,0.0025,,,,,,,,,,,,
2026-07-27 09:00:00,28577.5,zone_skip,tolerance,2026-07-24 12:00:00,28329.88,long,0.008740594736017201,0.0025,,,,,,,,,,,,
2026-07-27 09:00:00,28577.5,zone_skip,session,2026-07-24 20:00:00,28567.27,short,0.00035810212176380743,,,0.0,,,,,,,,,,
2026-07-27 09:05:00,28594.5,zone_skip,session,2026-07-21 08:00:00,28550.77,long,0.0015316574649300023,,,0.0,,,,,,,,,,
2026-07-27 09:05:00,28594.5,zone_skip,tolerance,2026-07-22 20:00:00,28821.97,long,0.007892243313000504,0.0025,,,,,,,,,,,,
2026-07-27 09:05:00,28594.5,zone_skip,tolerance,2026-07-24 00:00:00,28293.6,long,0.01063491390279079,0.0025,,,,,,,,,,,,
2026-07-27 09:05:00,28594.5,zone_skip,tolerance,2026-07-24 12:00:00,28329.88,long,0.009340667874343237,0.0025,,,,,,,,,,,,
2026-07-27 09:05:00,28594.5,zone_skip,session,2026-07-24 20:00:00,28567.27,short,0.0009531887366205998,,,0.0,,,,,,,,,,
2026-07-27 09:10:00,28588.5,zone_skip,session,2026-07-21 08:00:00,28550.77,long,0.001321505514562289,,,0.0,,,,,,,,,,
2026-07-27 09:10:00,28588.5,zone_skip,tolerance,2026-07-22 20:00:00,28821.97,long,0.008100417840973437,0.0025,,,,,,,,,,,,
2026-07-27 09:10:00,28588.5,zone_skip,tolerance,2026-07-24 00:00:00,28293.6,long,0.010422851811010317,0.0025,,,,,,,,,,,,
2026-07-27 09:10:00,28588.5,zone_skip,tolerance,2026-07-24 12:00:00,28329.88,long,0.009128877354934048,0.0025,,,,,,,,,,,,
2026-07-27 09:10:00,28588.5,zone_skip,session,2026-07-24 20:00:00,28567.27,short,0.0007431581666711437,,,0.0,,,,,,,,,,
2026-07-27 09:15:00,28592.5,zone_skip,session,2026-07-21 08:00:00,28550.77,long,0.0014616068148074312,,,0.0,,,,,,,,,,
2026-07-27 09:15:00,28592.5,zone_skip,tolerance,2026-07-22 20:00:00,28821.97,long,0.007961634822324815,0.0025,,,,,,,,,,,,
2026-07-27 09:15:00,28592.5,zone_skip,tolerance,2026-07-24 00:00:00,28293.6,long,0.010564226538863965,0.0025,,,,,,,,,,,,
2026-07-27 09:15:00,28592.5,zone_skip,tolerance,2026-07-24 12:00:00,28329.88,long,0.009270071034540174,0.0025,,,,,,,,,,,,
2026-07-27 09:15:00,28592.5,zone_skip,session,2026-07-24 20:00:00,28567.27,short,0.0008831785466374477,,,0.0,,,,,,,,,,
2026-07-27 09:20:00,28573.0,zone_skip,session,2026-07-21 08:00:00,28550.77,long,0.0007786129761123627,,,0.0,,,,,,,,,,
2026-07-27 09:20:00,28573.0,zone_skip,tolerance,2026-07-22 20:00:00,28821.97,long,0.008638202038236844,0.0025,,,,,,,,,,,,
2026-07-27 09:20:00,28573.0,zone_skip,tolerance,2026-07-24 00:00:00,28293.6,long,0.009875024740577427,0.0025,,,,,,,,,,,,
2026-07-27 09:20:00,28573.0,zone_skip,tolerance,2026-07-24 12:00:00,28329.88,long,0.008581751846460308,0.0025,,,,,,,,,,,,
2026-07-27 09:20:00,28573.0,zone_skip,session,2026-07-24 20:00:00,28567.27,short,0.00020057919430171533,,,0.0,,,,,,,,,,
2026-07-27 09:25:00,28569.5,zone_skip,session,2026-07-21 08:00:00,28550.77,long,0.0006560243383978633,,,0.0,,,,,,,,,,
2026-07-27 09:25:00,28569.5,zone_skip,tolerance,2026-07-22 20:00:00,28821.97,long,0.008759637179554388,0.0025,,,,,,,,,,,,
2026-07-27 09:25:00,28569.5,zone_skip,tolerance,2026-07-24 00:00:00,28293.6,long,0.009751321853705483,0.0025,,,,,,,,,,,,
2026-07-27 09:25:00,28569.5,zone_skip,tolerance,2026-07-24 12:00:00,28329.88,long,0.008458207376804949,0.0025,,,,,,,,,,,,
2026-07-27 09:25:00,28569.5,zone_skip,session,2026-07-24 20:00:00,28567.27,short,7.806136183119925e-05,,,0.0,,,,,,,,,,
2026-07-27 09:30:00,28579.25,zone_skip,session,2026-07-21 08:00:00,28550.77,long,0.0009975212577453974,,,0.0,,,,,,,,,,
2026-07-27 09:30:00,28579.25,zone_skip,tolerance,2026-07-22 20:00:00,28821.97,long,0.008421353571598372,0.0025,,,,,,,,,,,,
2026-07-27 09:30:00,28579.25,zone_skip,tolerance,2026-07-24 00:00:00,28293.6,long,0.010095922752848752,0.0025,,,,,,,,,,,,
2026-07-27 09:30:00,28579.25,zone_skip,tolerance,2026-07-24 12:00:00,28329.88,long,0.008802366970844881,0.0025,,,,,,,,,,,,
2026-07-27 09:30:00,28579.25,zone_skip,session,2026-07-24 20:00:00,28567.27,short,0.00041936103799906547,,,0.0,,,,,,,,,,
2026-07-27 09:35:00,28574.5,zone_skip,session,2026-07-21 08:00:00,28550.77,long,0.0008311509637042911,,,0.0,,,,,,,,,,
2026-07-27 09:35:00,28574.5,zone_skip,tolerance,2026-07-22 20:00:00,28821.97,long,0.00858615840624361,0.0025,,,,,,,,,,,,
2026-07-27 09:35:00,28574.5,zone_skip,tolerance,2026-07-24 00:00:00,28293.6,long,0.009928040263522545,0.0025,,,,,,,,,,,,
2026-07-27 09:35:00,28574.5,zone_skip,tolerance,2026-07-24 12:00:00,28329.88,long,0.008634699476312607,0.0025,,,,,,,,,,,,
2026-07-27 09:35:00,28574.5,zone_skip,session,2026-07-24 20:00:00,28567.27,short,0.00025308683678907935,,,0.0,,,,,,,,,,
2026-07-27 09:40:00,28567.75,zone_skip,session,2026-07-21 08:00:00,28550.77,long,0.0005947300195406135,,,0.0,,,,,,,,,,
2026-07-27 09:40:00,28567.75,zone_skip,tolerance,2026-07-22 20:00:00,28821.97,long,0.008820354750213158,0.0025,,,,,,,,,,,,
2026-07-27 09:40:00,28567.75,zone_skip,tolerance,2026-07-24 00:00:00,28293.6,long,0.009689470410269511,0.0025,,,,,,,,,,,,
2026-07-27 09:40:00,28567.75,zone_skip,tolerance,2026-07-24 12:00:00,28329.88,long,0.008396435141977267,0.0025,,,,,,,,,,,,
2026-07-27 09:40:00,28567.75,zone_skip,session,2026-07-24 20:00:00,28567.27,short,1.680244559594121e-05,,,0.0,,,,,,,,,,
2026-07-27 09:45:00,28565.75,zone_skip,session,2026-07-21 08:00:00,28550.77,long,0.0005246793694180424,,,0.0,,,,,,,,,,
2026-07-27 09:45:00,28565.75,zone_skip,tolerance,2026-07-22 20:00:00,28821.97,long,0.00888974625953747,0.0025,,,,,,,,,,,,
2026-07-27 09:45:00,28565.75,zone_skip,tolerance,2026-07-24 00:00:00,28293.6,long,0.009618783046342687,0.0025,,,,,,,,,,,,
2026-07-27 09:45:00,28565.75,zone_skip,tolerance,2026-07-24 12:00:00,28329.88,long,0.008325838302174204,0.0025,,,,,,,,,,,,
2026-07-27 09:45:00,28565.75,zone_skip,session,2026-07-24 20:00:00,28567.27,short,5.3207744387210835e-05,,,0.0,,,,,,,,,,
2026-07-27 09:50:00,28560.25,zone_skip,session,2026-07-21 08:00:00,28550.77,long,0.0003320400815809718,,,0.0,,,,,,,,,,
2026-07-27 09:50:00,28560.25,zone_skip,tolerance,2026-07-22 20:00:00,28821.97,long,0.009080572910179323,0.0025,,,,,,,,,,,,
2026-07-27 09:50:00,28560.25,zone_skip,tolerance,2026-07-24 00:00:00,28293.6,long,0.00942439279554392,0.0025,,,,,,,,,,,,
2026-07-27 09:50:00,28560.25,zone_skip,tolerance,2026-07-24 12:00:00,28329.88,long,0.008131696992715782,0.0025,,,,,,,,,,,,
2026-07-27 09:50:00,28560.25,zone_skip,session,2026-07-24 20:00:00,28567.27,short,0.00024573576684087895,,,0.0,,,,,,,,,,
2026-07-27 09:55:00,28565.5,zone_skip,session,2026-07-21 08:00:00,28550.77,long,0.000515923038152721,,,0.0,,,,,,,,,,
2026-07-27 09:55:00,28565.5,zone_skip,tolerance,2026-07-22 20:00:00,28821.97,long,0.008898420198203008,0.0025,,,,,,,,,,,,
2026-07-27 09:55:00,28565.5,zone_skip,tolerance,2026-07-24 00:00:00,28293.6,long,0.009609947125851835,0.0025,,,,,,,,,,,,
2026-07-27 09:55:00,28565.5,zone_skip,tolerance,2026-07-24 12:00:00,28329.88,long,0.008317013697198823,0.0025,,,,,,,,,,,,
2026-07-27 09:55:00,28565.5,zone_skip,session,2026-07-24 20:00:00,28567.27,short,6.195901813510485e-05,,,0.0,,,,,,,,,,
2026-07-27 10:00:00,28593.75,zone_skip,session,2026-07-21 08:00:00,28550.77,long,0.0015053884711340381,,,0.0,,,,,,,,,,
2026-07-27 10:00:00,28593.75,zone_skip,tolerance,2026-07-22 20:00:00,28821.97,long,0.007918265128997121,0.0025,,,,,,,,,,,,
2026-07-27 10:00:00,28593.75,zone_skip,tolerance,2026-07-24 00:00:00,28293.6,long,0.01060840614131823,0.0025,,,,,,,,,,,,
2026-07-27 10:00:00,28593.75,zone_skip,tolerance,2026-07-24 12:00:00,28329.88,long,0.009314194059417087,0.0025,,,,,,,,,,,,
2026-07-27 10:00:00,28593.75,zone_skip,session,2026-07-24 20:00:00,28567.27,short,0.0009269349153769178,,,0.0,,,,,,,,,,
2026-07-27 10:05:00,28576.0,zone_skip,session,2026-07-21 08:00:00,28550.77,long,0.0008836889512962194,,,0.0,,,,,,,,,,
2026-07-27 10:05:00,28576.0,zone_skip,tolerance,2026-07-22 20:00:00,28821.97,long,0.008534114774250378,0.0025,,,,,,,,,,,,
2026-07-27 10:05:00,28576.0,zone_skip,tolerance,2026-07-24 00:00:00,28293.6,long,0.009981055786467663,0.0025,,,,,,,,,,,,
2026-07-27 10:05:00,28576.0,zone_skip,tolerance,2026-07-24 12:00:00,28329.88,long,0.008687647106164903,0.0025,,,,,,,,,,,,
2026-07-27 10:05:00,28576.0,zone_skip,session,2026-07-24 20:00:00,28567.27,short,0.0003055944792764434,,,0.0,,,,,,,,,,
2026-07-27 10:10:00,28597.75,zone_skip,session,2026-07-21 08:00:00,28550.77,long,0.0016454897713791803,,,0.0,,,,,,,,,,
2026-07-27 10:10:00,28597.75,zone_skip,tolerance,2026-07-22 20:00:00,28821.97,long,0.0077794821103485,0.0025,,,,,,,,,,,,
2026-07-27 10:10:00,28597.75,zone_skip,tolerance,2026-07-24 00:00:00,28293.6,long,0.010749780869171879,0.0025,,,,,,,,,,,,
2026-07-27 10:10:00,28597.75,zone_skip,tolerance,2026-07-24 12:00:00,28329.88,long,0.009455387739023213,0.0025,,,,,,,,,,,,
2026-07-27 10:10:00,28597.75,zone_skip,session,2026-07-24 20:00:00,28567.27,short,0.001066955295343222,,,0.0,,,,,,,,,,
2026-07-27 10:15:00,28589.5,zone_skip,session,2026-07-21 08:00:00,28550.77,long,0.0013565308396235745,,,0.0,,,,,,,,,,
2026-07-27 10:15:00,28589.5,zone_skip,tolerance,2026-07-22 20:00:00,28821.97,long,0.008065722086311282,0.0025,,,,,,,,,,,,
2026-07-27 10:15:00,28589.5,zone_skip,tolerance,2026-07-24 00:00:00,28293.6,long,0.010458195492973728,0.0025,,,,,,,,,,,,
2026-07-27 10:15:00,28589.5,zone_skip,tolerance,2026-07-24 12:00:00,28329.88,long,0.00916417577483558,0.0025,,,,,,,,,,,,
2026-07-27 10:15:00,28589.5,zone_skip,session,2026-07-24 20:00:00,28567.27,short,0.0007781632616627197,,,0.0,,,,,,,,,,
2026-07-27 10:20:00,28586.5,zone_skip,session,2026-07-21 08:00:00,28550.77,long,0.0012514548644397179,,,0.0,,,,,,,,,,
2026-07-27 10:20:00,28586.5,zone_skip,tolerance,2026-07-22 20:00:00,28821.97,long,0.008169809350297748,0.0025,,,,,,,,,,,,
2026-07-27 10:20:00,28586.5,zone_skip,tolerance,2026-07-24 00:00:00,28293.6,long,0.01035216444708349,0.0025,,,,,,,,,,,,
2026-07-27 10:20:00,28586.5,zone_skip,tolerance,2026-07-24 12:00:00,28329.88,long,0.009058280515130985,0.0025,,,,,,,,,,,,
2026-07-27 10:20:00,28586.5,zone_skip,session,2026-07-24 20:00:00,28567.27,short,0.0006731479766879917,,,0.0,,,,,,,,,,
2026-07-27 10:25:00,28576.0,zone_skip,session,2026-07-21 08:00:00,28550.77,long,0.0008836889512962194,,,0.0,,,,,,,,,,
2026-07-27 10:25:00,28576.0,zone_skip,tolerance,2026-07-22 20:00:00,28821.97,long,0.008534114774250378,0.0025,,,,,,,,,,,,
2026-07-27 10:25:00,28576.0,zone_skip,tolerance,2026-07-24 00:00:00,28293.6,long,0.009981055786467663,0.0025,,,,,,,,,,,,
2026-07-27 10:25:00,28576.0,zone_skip,tolerance,2026-07-24 12:00:00,28329.88,long,0.008687647106164903,0.0025,,,,,,,,,,,,
2026-07-27 10:25:00,28576.0,zone_skip,session,2026-07-24 20:00:00,28567.27,short,0.0003055944792764434,,,0.0,,,,,,,,,,
2026-07-27 10:30:00,28567.5,zone_skip,session,2026-07-21 08:00:00,28550.77,long,0.0005859736882752922,,,0.0,,,,,,,,,,
2026-07-27 10:30:00,28567.5,zone_skip,tolerance,2026-07-22 20:00:00,28821.97,long,0.008829028688878698,0.0025,,,,,,,,,,,,
2026-07-27 10:30:00,28567.5,zone_skip,tolerance,2026-07-24 00:00:00,28293.6,long,0.009680634489778659,0.0025,,,,,,,,,,,,
2026-07-27 10:30:00,28567.5,zone_skip,tolerance,2026-07-24 12:00:00,28329.88,long,0.008387610537001886,0.0025,,,,,,,,,,,,
2026-07-27 10:30:00,28567.5,zone_skip,session,2026-07-24 20:00:00,28567.27,short,8.051171848047204e-06,,,0.0,,,,,,,,,,
2026-07-27 10:35:00,28550.7,zone_skip,session,2026-07-21 08:00:00,28550.77,long,2.4517727542797958e-06,,,0.0,,,,,,,,,,
2026-07-27 10:35:00,28550.7,zone_skip,tolerance,2026-07-22 20:00:00,28821.97,long,0.009411917367202881,0.0025,,,,,,,,,,,,
2026-07-27 10:35:00,28550.7,zone_skip,tolerance,2026-07-24 00:00:00,28293.6,long,0.00908686063279336,0.0025,,,,,,,,,,,,
2026-07-27 10:35:00,28550.7,zone_skip,tolerance,2026-07-24 12:00:00,28329.88,long,0.007794597082656182,0.0025,,,,,,,,,,,,
2026-07-27 10:35:00,28550.7,zone_skip,session,2026-07-24 20:00:00,28567.27,short,0.0005800344240104045,,,0.0,,,,,,,,,,
2026-07-27 10:40:00,28567.25,zone_skip,session,2026-07-21 08:00:00,28550.77,long,0.0005772173570099707,,,0.0,,,,,,,,,,
2026-07-27 10:40:00,28567.25,zone_skip,tolerance,2026-07-22 20:00:00,28821.97,long,0.008837702627544236,0.0025,,,,,,,,,,,,
2026-07-27 10:40:00,28567.25,zone_skip,tolerance,2026-07-24 00:00:00,28293.6,long,0.009671798569287807,0.0025,,,,,,,,,,,,
2026-07-27 10:40:00,28567.25,zone_skip,tolerance,2026-07-24 12:00:00,28329.88,long,0.008378785932026503,0.0025,,,,,,,,,,,,
2026-07-27 10:40:00,28567.25,zone_skip,session,2026-07-24 20:00:00,28567.27,short,7.001018998468022e-07,,,0.0,,,,,,,,,,
2026-07-27 10:45:00,28569.95,zone_skip,session,2026-07-21 08:00:00,28550.77,long,0.0006717857346754673,,,0.0,,,,,,,,,,
2026-07-27 10:45:00,28569.95,zone_skip,tolerance,2026-07-22 20:00:00,28821.97,long,0.008744024089956393,0.0025,,,,,,,,,,,,
2026-07-27 10:45:00,28569.95,zone_skip,tolerance,2026-07-24 00:00:00,28293.6,long,0.009767226510589045,0.0025,,,,,,,,,,,,
2026-07-27 10:45:00,28569.95,zone_skip,tolerance,2026-07-24 12:00:00,28329.88,long,0.008474091665760663,0.0025,,,,,,,,,,,,
2026-07-27 10:45:00,28569.95,zone_skip,session,2026-07-24 20:00:00,28567.27,short,9.381365457743393e-05,,,0.0,,,,,,,,,,
2026-07-27 10:50:00,28550.95,zone_skip,session,2026-07-21 08:00:00,28550.77,long,6.304558511041595e-06,,,0.0,,,,,,,,,,
2026-07-27 10:50:00,28550.95,zone_skip,tolerance,2026-07-22 20:00:00,28821.97,long,0.009403243428537343,0.0025,,,,,,,,,,,,
2026-07-27 10:50:00,28550.95,zone_skip,tolerance,2026-07-24 00:00:00,28293.6,long,0.009095696553284212,0.0025,,,,,,,,,,,,
2026-07-27 10:50:00,28550.95,zone_skip,tolerance,2026-07-24 12:00:00,28329.88,long,0.007803421687631564,0.0025,,,,,,,,,,,,
2026-07-27 10:50:00,28550.95,zone_skip,session,2026-07-24 20:00:00,28567.27,short,0.0005712831502625106,,,0.0,,,,,,,,,,
2026-07-27 10:55:00,28533.0,zone_skip,session,2026-07-21 08:00:00,28550.77,long,0.0006224000263390597,,,0.0,,,,,,,,,,
2026-07-27 10:55:00,28533.0,zone_skip,tolerance,2026-07-22 20:00:00,28821.97,long,0.010026032224723055,0.0025,,,,,,,,,,,,
2026-07-27 10:55:00,28533.0,zone_skip,tolerance,2026-07-24 00:00:00,28293.6,long,0.008461277462040938,0.0025,,,,,,,,,,,,
2026-07-27 10:55:00,28533.0,zone_skip,tolerance,2026-07-24 12:00:00,28329.88,long,0.007169815050399047,0.0025,,,,,,,,,,,,
2026-07-27 10:55:00,28533.0,zone_skip,session,2026-07-24 20:00:00,28567.27,short,0.0011996246053613256,,,0.0,,,,,,,,,,
2026-07-27 11:00:00,28553.95,zone_skip,session,2026-07-21 08:00:00,28550.77,long,0.00011138053369489829,,,0.0,,,,,,,,,,
2026-07-27 11:00:00,28553.95,zone_skip,tolerance,2026-07-22 20:00:00,28821.97,long,0.009299156164550876,0.0025,,,,,,,,,,,,
2026-07-27 11:00:00,28553.95,zone_skip,tolerance,2026-07-24 00:00:00,28293.6,long,0.00920172759917445,0.0025,,,,,,,,,,,,
2026-07-27 11:00:00,28553.95,zone_skip,tolerance,2026-07-24 12:00:00,28329.88,long,0.007909316947336159,0.0025,,,,,,,,,,,,
2026-07-27 11:00:00,28553.95,zone_skip,session,2026-07-24 20:00:00,28567.27,short,0.0004662678652877824,,,0.0,,,,,,,,,,
2026-07-27 11:05:00,28558.7,zone_skip,session,2026-07-21 08:00:00,28550.77,long,0.0002777508277360047,,,0.0,,,,,,,,,,
2026-07-27 11:05:00,28558.7,zone_skip,tolerance,2026-07-22 20:00:00,28821.97,long,0.009134351329905638,0.0025,,,,,,,,,,,,
2026-07-27 11:05:00,28558.7,zone_skip,tolerance,2026-07-24 00:00:00,28293.6,long,0.009369610088500657,0.0025,,,,,,,,,,,,
2026-07-27 11:05:00,28558.7,zone_skip,tolerance,2026-07-24 12:00:00,28329.88,long,0.008076984441868433,0.0025,,,,,,,,,,,,
2026-07-27 11:05:00,28558.7,zone_skip,session,2026-07-24 20:00:00,28567.27,short,0.0002999936640777963,,,0.0,,,,,,,,,,
2026-07-27 11:10:00,28564.7,zone_skip,session,2026-07-21 08:00:00,28550.77,long,0.0004879027781037181,,,0.0,,,,,,,,,,
2026-07-27 11:10:00,28564.7,zone_skip,tolerance,2026-07-22 20:00:00,28821.97,long,0.008926176801932707,0.0025,,,,,,,,,,,,
2026-07-27 11:10:00,28564.7,zone_skip,tolerance,2026-07-24 00:00:00,28293.6,long,0.009581672180281131,0.0025,,,,,,,,,,,,
2026-07-27 11:10:00,28564.7,zone_skip,tolerance,2026-07-24 12:00:00,28329.88,long,0.008288774961277622,0.0025,,,,,,,,,,,,
2026-07-27 11:10:00,28564.7,zone_skip,session,2026-07-24 20:00:00,28567.27,short,8.996309412834019e-05,,,0.0,,,,,,,,,,
2026-07-27 11:15:00,28567.75,zone_skip,session,2026-07-21 08:00:00,28550.77,long,0.0005947300195406135,,,0.0,,,,,,,,,,
2026-07-27 11:15:00,28567.75,zone_skip,tolerance,2026-07-22 20:00:00,28821.97,long,0.008820354750213158,0.0025,,,,,,,,,,,,
2026-07-27 11:15:00,28567.75,zone_skip,tolerance,2026-07-24 00:00:00,28293.6,long,0.009689470410269511,0.0025,,,,,,,,,,,,
2026-07-27 11:15:00,28567.75,zone_skip,tolerance,2026-07-24 12:00:00,28329.88,long,0.008396435141977267,0.0025,,,,,,,,,,,,
2026-07-27 11:15:00,28567.75,zone_skip,session,2026-07-24 20:00:00,28567.27,short,1.680244559594121e-05,,,0.0,,,,,,,,,,
2026-07-27 11:20:00,28569.75,zone_skip,session,2026-07-21 08:00:00,28550.77,long,0.0006647806696631847,,,0.0,,,,,,,,,,
2026-07-27 11:20:00,28569.75,zone_skip,tolerance,2026-07-22 20:00:00,28821.97,long,0.008750963240888848,0.0025,,,,,,,,,,,,
2026-07-27 11:20:00,28569.75,zone_skip,tolerance,2026-07-24 00:00:00,28293.6,long,0.009760157774196337,0.0025,,,,,,,,,,,,
2026-07-27 11:20:00,28569.75,zone_skip,tolerance,2026-07-24 12:00:00,28329.88,long,0.00846703198178033,0.0025,,,,,,,,,,,,
2026-07-27 11:20:00,28569.75,zone_skip,session,2026-07-24 20:00:00,28567.27,short,8.681263557909326e-05,,,0.0,,,,,,,,,,
2026-07-27 11:25:00,28591.45,zone_skip,session,2026-07-21 08:00:00,28550.77,long,0.0014248302234931068,,,0.0,,,,,,,,,,
2026-07-27 11:25:00,28591.45,zone_skip,tolerance,2026-07-22 20:00:00,28821.97,long,0.007998065364720053,0.0025,,,,,,,,,,,,
2026-07-27 11:25:00,28591.45,zone_skip,tolerance,2026-07-24 00:00:00,28293.6,long,0.010527115672802408,0.0025,,,,,,,,,,,,
2026-07-27 11:25:00,28591.45,zone_skip,tolerance,2026-07-24 12:00:00,28329.88,long,0.009233007693643592,0.0025,,,,,,,,,,,,
2026-07-27 11:25:00,28591.45,zone_skip,session,2026-07-24 20:00:00,28567.27,short,0.0008464231968963184,,,0.0,,,,,,,,,,
2026-07-27 11:30:00,28578.7,zone_skip,session,2026-07-21 08:00:00,28550.77,long,0.000978257328961716,,,0.0,,,,,,,,,,
2026-07-27 11:30:00,28578.7,zone_skip,tolerance,2026-07-22 20:00:00,28821.97,long,0.008440436236662532,0.0025,,,,,,,,,,,,
2026-07-27 11:30:00,28578.7,zone_skip,tolerance,2026-07-24 00:00:00,28293.6,long,0.010076483727768901,0.0025,,,,,,,,,,,,
2026-07-27 11:30:00,28578.7,zone_skip,tolerance,2026-07-24 12:00:00,28329.88,long,0.008782952839899064,0.0025,,,,,,,,,,,,
2026-07-27 11:30:00,28578.7,zone_skip,session,2026-07-24 20:00:00,28567.27,short,0.00040010823575372414,,,0.0,,,,,,,,,,
2026-07-27 11:35:00,28592.0,zone_skip,session,2026-07-21 08:00:00,28550.77,long,0.0014440941522767883,,,0.0,,,,,,,,,,
2026-07-27 11:35:00,28592.0,zone_skip,tolerance,2026-07-22 20:00:00,28821.97,long,0.007978982699655893,0.0025,,,,,,,,,,,,
2026-07-27 11:35:00,28592.0,zone_skip,tolerance,2026-07-24 00:00:00,28293.6,long,0.010546554697882259,0.0025,,,,,,,,,,,,
2026-07-27 11:35:00,28592.0,zone_skip,tolerance,2026-07-24 12:00:00,28329.88,long,0.009252421824589407,0.0025,,,,,,,,,,,,
2026-07-27 11:35:00,28592.0,zone_skip,session,2026-07-24 20:00:00,28567.27,short,0.0008656759991416598,,,0.0,,,,,,,,,,
2026-07-27 11:40:00,28607.0,zone_skip,chasing,2026-07-21 08:00:00,28550.77,long,0.001969474028196072,,35.87673751735852,,,,,,,,,,,
2026-07-27 11:40:00,28607.0,zone_skip,tolerance,2026-07-22 20:00:00,28821.97,long,0.007458546379723563,0.0025,,,,,,,,,,,,
2026-07-27 11:40:00,28607.0,zone_skip,tolerance,2026-07-24 00:00:00,28293.6,long,0.011076709927333441,0.0025,,,,,,,,,,,,
2026-07-27 11:40:00,28607.0,zone_skip,tolerance,2026-07-24 12:00:00,28329.88,long,0.00978189812311238,0.0025,,,,,,,,,,,,
2026-07-27 11:40:00,28607.0,zone_skip,session,2026-07-24 20:00:00,28567.27,short,0.0013907524240153002,,,0.0,,,,,,,,,,
2026-07-27 11:45:00,28598.25,zone_skip,session,2026-07-21 08:00:00,28550.77,long,0.0016630024339098232,,,0.0,,,,,,,,,,
2026-07-27 11:45:00,28598.25,zone_skip,tolerance,2026-07-22 20:00:00,28821.97,long,0.007762134233017423,0.0025,,,,,,,,,,,,
2026-07-27 11:45:00,28598.25,zone_skip,tolerance,2026-07-24 00:00:00,28293.6,long,0.010767452710153586,0.0025,,,,,,,,,,,,
2026-07-27 11:45:00,28598.25,zone_skip,tolerance,2026-07-24 12:00:00,28329.88,long,0.00947303694897398,0.0025,,,,,,,,,,,,
2026-07-27 11:45:00,28598.25,zone_skip,session,2026-07-24 20:00:00,28567.27,short,0.00108445784283901,,,0.0,,,,,,,,,,
2026-07-27 11:50:00,28614.45,zone_skip,chasing,2026-07-21 08:00:00,28550.77,long,0.0022304126999026746,,34.293172515044056,,,,,,,,,,,
2026-07-27 11:50:00,28614.45,zone_skip,tolerance,2026-07-22 20:00:00,28821.97,long,0.007200063007490481,0.0025,,,,,,,,,,,,
2026-07-27 11:50:00,28614.45,zone_skip,tolerance,2026-07-24 00:00:00,28293.6,long,0.01134002035796089,0.0025,,,,,,,,,,,,
2026-07-27 11:50:00,28614.45,zone_skip,tolerance,2026-07-24 12:00:00,28329.88,long,0.010044871351378817,0.0025,,,,,,,,,,,,
2026-07-27 11:50:00,28614.45,zone_skip,session,2026-07-24 20:00:00,28567.27,short,0.001651540381702567,,,0.0,,,,,,,,,,
2026-07-27 11:55:00,28607.5,zone_skip,chasing,2026-07-21 08:00:00,28550.77,long,0.0019869866907267146,,34.293172515044056,,,,,,,,,,,
2026-07-27 11:55:00,28607.5,zone_skip,tolerance,2026-07-22 20:00:00,28821.97,long,0.007441198502392486,0.0025,,,,,,,,,,,,
2026-07-27 11:55:00,28607.5,zone_skip,tolerance,2026-07-24 00:00:00,28293.6,long,0.011094381768315148,0.0025,,,,,,,,,,,,
2026-07-27 11:55:00,28607.5,zone_skip,tolerance,2026-07-24 12:00:00,28329.88,long,0.009799547333063147,0.0025,,,,,,,,,,,,
2026-07-27 11:55:00,28607.5,zone_skip,session,2026-07-24 20:00:00,28567.27,short,0.0014082549715110882,,,0.0,,,,,,,,,,
2026-07-27 12:00:00,28600.5,zone_skip,chasing,2026-07-21 08:00:00,28550.77,long,0.0017418094152977157,,31.987416179704848,,,,,,,,,,,
2026-07-27 12:00:00,28600.5,zone_skip,tolerance,2026-07-22 20:00:00,28821.97,long,0.007684068785027573,0.0025,,,,,,,,,,,,
2026-07-27 12:00:00,28600.5,zone_skip,tolerance,2026-07-24 00:00:00,28293.6,long,0.010846975994571262,0.0025,,,,,,,,,,,,
2026-07-27 12:00:00,28600.5,zone_skip,tolerance,2026-07-24 12:00:00,28329.88,long,0.009552458393752426,0.0025,,,,,,,,,,,,
2026-07-27 12:00:00,28600.5,zone_skip,session,2026-07-24 20:00:00,28567.27,short,0.001163219306570056,,,0.0,,,,,,,,,,
2026-07-27 12:05:00,28594.75,zone_skip,session,2026-07-21 08:00:00,28550.77,long,0.0015404137961953237,,,0.0,,,,,,,,,,
2026-07-27 12:05:00,28594.75,zone_skip,tolerance,2026-07-22 20:00:00,28821.97,long,0.007883569374334966,0.0025,,,,,,,,,,,,
2026-07-27 12:05:00,28594.75,zone_skip,tolerance,2026-07-24 00:00:00,28293.6,long,0.010643749823281642,0.0025,,,,,,,,,,,,
2026-07-27 12:05:00,28594.75,zone_skip,tolerance,2026-07-24 12:00:00,28329.88,long,0.009349492479318619,0.0025,,,,,,,,,,,,
2026-07-27 12:05:00,28594.75,zone_skip,session,2026-07-24 20:00:00,28567.27,short,0.0009619400103684938,,,0.0,,,,,,,,,,
2026-07-27 12:10:00,28596.25,zone_skip,session,2026-07-21 08:00:00,28550.77,long,0.0015929517837872521,,,0.0,,,,,,,,,,
2026-07-27 12:10:00,28596.25,zone_skip,tolerance,2026-07-22 20:00:00,28821.97,long,0.007831525742341732,0.0025,,,,,,,,,,,,
2026-07-27 12:10:00,28596.25,zone_skip,tolerance,2026-07-24 00:00:00,28293.6,long,0.010696765346226761,0.0025,,,,,,,,,,,,
2026-07-27 12:10:00,28596.25,zone_skip,tolerance,2026-07-24 12:00:00,28329.88,long,0.009402440109170917,0.0025,,,,,,,,,,,,
2026-07-27 12:10:00,28596.25,zone_skip,session,2026-07-24 20:00:00,28567.27,short,0.0010144476528558578,,,0.0,,,,,,,,,,
2026-07-27 12:15:00,28598.75,zone_skip,chasing,2026-07-21 08:00:00,28550.77,long,0.001680515096440466,,29.722427355744202,,,,,,,,,,,
2026-07-27 12:15:00,28598.75,zone_skip,tolerance,2026-07-22 20:00:00,28821.97,long,0.007744786355686345,0.0025,,,,,,,,,,,,
2026-07-27 12:15:00,28598.75,zone_skip,tolerance,2026-07-24 00:00:00,28293.6,long,0.01078512455113529,0.0025,,,,,,,,,,,,
2026-07-27 12:15:00,28598.75,zone_skip,tolerance,2026-07-24 12:00:00,28329.88,long,0.009490686158924745,0.0025,,,,,,,,,,,,
2026-07-27 12:15:00,28598.75,zone_skip,session,2026-07-24 20:00:00,28567.27,short,0.001101960390334798,,,0.0,,,,,,,,,,
2026-07-27 12:20:00,28602.75,zone_skip,chasing,2026-07-21 08:00:00,28550.77,long,0.0018206163966856081,,29.722427355744202,,,,,,,,,,,
2026-07-27 12:20:00,28602.75,zone_skip,tolerance,2026-07-22 20:00:00,28821.97,long,0.007606003337037723,0.0025,,,,,,,,,,,,
2026-07-27 12:20:00,28602.75,zone_skip,tolerance,2026-07-24 00:00:00,28293.6,long,0.01092649927898894,0.0025,,,,,,,,,,,,
2026-07-27 12:20:00,28602.75,zone_skip,tolerance,2026-07-24 12:00:00,28329.88,long,0.009631879838530871,0.0025,,,,,,,,,,,,
2026-07-27 12:20:00,28602.75,zone_skip,session,2026-07-24 20:00:00,28567.27,short,0.001241980770301102,,,0.0,,,,,,,,,,
2026-07-27 12:25:00,28597.0,zone_skip,chasing,2026-07-21 08:00:00,28550.77,long,0.0016192207775832163,,29.722427355744202,,,,,,,,,,,
2026-07-27 12:25:00,28597.0,zone_skip,tolerance,2026-07-22 20:00:00,28821.97,long,0.007805503926345116,0.0025,,,,,,,,,,,,
2026-07-27 12:25:00,28597.0,zone_skip,tolerance,2026-07-24 00:00:00,28293.6,long,0.01072327310769932,0.0025,,,,,,,,,,,,
2026-07-27 12:25:00,28597.0,zone_skip,tolerance,2026-07-24 12:00:00,28329.88,long,0.009428913924097065,0.0025,,,,,,,,,,,,
2026-07-27 12:25:00,28597.0,zone_skip,session,2026-07-24 20:00:00,28567.27,short,0.0010407014740995398,,,0.0,,,,,,,,,,
2026-07-27 12:30:00,28603.7,zone_skip,chasing,2026-07-21 08:00:00,28550.77,long,0.001853890455493855,,29.626103708311643,,,,,,,,,,,
2026-07-27 12:30:00,28603.7,zone_skip,tolerance,2026-07-22 20:00:00,28821.97,long,0.007573042370108651,0.0025,,,,,,,,,,,,
2026-07-27 12:30:00,28603.7,zone_skip,tolerance,2026-07-24 00:00:00,28293.6,long,0.010960075776854207,0.0025,,,,,,,,,,,,
2026-07-27 12:30:00,28603.7,zone_skip,tolerance,2026-07-24 12:00:00,28329.88,long,0.009665413337437352,0.0025,,,,,,,,,,,,
2026-07-27 12:30:00,28603.7,zone_skip,session,2026-07-24 20:00:00,28567.27,short,0.0012752356105431247,,,0.0,,,,,,,,,,
2026-07-27 12:35:00,28608.25,zone_skip,chasing,2026-07-21 08:00:00,28550.77,long,0.002013255684522679,,29.626103708311643,,,,,,,,,,,
2026-07-27 12:35:00,28608.25,zone_skip,tolerance,2026-07-22 20:00:00,28821.97,long,0.00741517668639587,0.0025,,,,,,,,,,,,
2026-07-27 12:35:00,28608.25,zone_skip,tolerance,2026-07-24 00:00:00,28293.6,long,0.011120889529787707,0.0025,,,,,,,,,,,,
2026-07-27 12:35:00,28608.25,zone_skip,tolerance,2026-07-24 12:00:00,28329.88,long,0.009826021147989295,0.0025,,,,,,,,,,,,
2026-07-27 12:35:00,28608.25,zone_skip,session,2026-07-24 20:00:00,28567.27,short,0.0014345087927547702,,,0.0,,,,,,,,,,
2026-07-27 12:40:00,28617.5,zone_skip,chasing,2026-07-21 08:00:00,28550.77,long,0.00233723994133957,,29.626103708311643,,,,,,,,,,,
2026-07-27 12:40:00,28617.5,zone_skip,tolerance,2026-07-22 20:00:00,28821.97,long,0.007094240955770933,0.0025,,,,,,,,,,,,
2026-07-27 12:40:00,28617.5,zone_skip,tolerance,2026-07-24 00:00:00,28293.6,long,0.01144781858794927,0.0025,,,,,,,,,,,,
2026-07-27 12:40:00,28617.5,zone_skip,tolerance,2026-07-24 12:00:00,28329.88,long,0.010152531532078462,0.0025,,,,,,,,,,,,
2026-07-27 12:40:00,28617.5,zone_skip,chasing,2026-07-24 20:00:00,28567.27,short,0.0017583059214268484,,29.626103708311643,,,,,,,,,,,
2026-07-27 12:45:00,28629.5,zone_skip,tolerance,2026-07-21 08:00:00,28550.77,long,0.002757543842074997,0.0025,,,,,,,,,,,,
2026-07-27 12:45:00,28629.5,zone_skip,tolerance,2026-07-22 20:00:00,28821.97,long,0.0066778918998250695,0.0025,,,,,,,,,,,,
2026-07-27 12:45:00,28629.5,zone_skip,tolerance,2026-07-24 00:00:00,28293.6,long,0.011871942771510217,0.0025,,,,,,,,,,,,
2026-07-27 12:45:00,28629.5,zone_skip,tolerance,2026-07-24 12:00:00,28329.88,long,0.01057611257089684,0.0025,,,,,,,,,,,,
2026-07-27 12:45:00,28629.5,zone_skip,chasing,2026-07-24 20:00:00,28567.27,short,0.0021783670613257605,,28.275956547203425,,,,,,,,,,,
2026-07-27 12:50:00,28628.5,zone_skip,tolerance,2026-07-21 08:00:00,28550.77,long,0.0027225185170137115,0.0025,,,,,,,,,,,,
2026-07-27 12:50:00,28628.5,zone_skip,tolerance,2026-07-22 20:00:00,28821.97,long,0.006712587654487225,0.0025,,,,,,,,,,,,
2026-07-27 12:50:00,28628.5,zone_skip,tolerance,2026-07-24 00:00:00,28293.6,long,0.011836599089546805,0.0025,,,,,,,,,,,,
2026-07-27 12:50:00,28628.5,zone_skip,tolerance,2026-07-24 12:00:00,28329.88,long,0.010540814150995309,0.0025,,,,,,,,,,,,
2026-07-27 12:50:00,28628.5,zone_skip,chasing,2026-07-24 20:00:00,28567.27,short,0.0021433619663341844,,28.275956547203425,,,,,,,,,,,
2026-07-27 12:55:00,28617.0,zone_skip,chasing,2026-07-21 08:00:00,28550.77,long,0.0023197272788089275,,28.275956547203425,,,,,,,,,,,
2026-07-27 12:55:00,28617.0,zone_skip,tolerance,2026-07-22 20:00:00,28821.97,long,0.00711158883310201,0.0025,,,,,,,,,,,,
2026-07-27 12:55:00,28617.0,zone_skip,tolerance,2026-07-24 00:00:00,28293.6,long,0.011430146746967565,0.0025,,,,,,,,,,,,
2026-07-27 12:55:00,28617.0,zone_skip,tolerance,2026-07-24 12:00:00,28329.88,long,0.010134882322127696,0.0025,,,,,,,,,,,,
2026-07-27 12:55:00,28617.0,zone_skip,chasing,2026-07-24 20:00:00,28567.27,short,0.0017408033739310603,,28.275956547203425,,,,,,,,,,,
2026-07-27 13:00:00,28617.25,zone_skip,chasing,2026-07-21 08:00:00,28550.77,long,0.002328483610074249,,28.039162340909634,,,,,,,,,,,
2026-07-27 13:00:00,28617.25,zone_skip,tolerance,2026-07-22 20:00:00,28821.97,long,0.007102914894436472,0.0025,,,,,,,,,,,,
2026-07-27 13:00:00,28617.25,zone_skip,tolerance,2026-07-24 00:00:00,28293.6,long,0.011438982667458417,0.0025,,,,,,,,,,,,
2026-07-27 13:00:00,28617.25,zone_skip,tolerance,2026-07-24 12:00:00,28329.88,long,0.010143706927103079,0.0025,,,,,,,,,,,,
2026-07-27 13:00:00,28617.25,zone_skip,chasing,2026-07-24 20:00:00,28567.27,short,0.0017495546476789543,,28.039162340909634,,,,,,,,,,,
2026-07-27 13:05:00,28614.25,zone_skip,chasing,2026-07-21 08:00:00,28550.77,long,0.002223407634890392,,28.039162340909634,,,,,,,,,,,
2026-07-27 13:05:00,28614.25,zone_skip,tolerance,2026-07-22 20:00:00,28821.97,long,0.007207002158422938,0.0025,,,,,,,,,,,,
2026-07-27 13:05:00,28614.25,zone_skip,tolerance,2026-07-24 00:00:00,28293.6,long,0.01133295162156818,0.0025,,,,,,,,,,,,
2026-07-27 13:05:00,28614.25,zone_skip,tolerance,2026-07-24 12:00:00,28329.88,long,0.010037811667398484,0.0025,,,,,,,,,,,,
2026-07-27 13:05:00,28614.25,zone_skip,chasing,2026-07-24 20:00:00,28567.27,short,0.0016445393627042262,,28.039162340909634,,,,,,,,,,,
2026-07-27 13:10:00,28609.75,zone_skip,chasing,2026-07-21 08:00:00,28550.77,long,0.0020657936721146073,,28.039162340909634,,,,,,,,,,,
2026-07-27 13:10:00,28609.75,zone_skip,tolerance,2026-07-22 20:00:00,28821.97,long,0.007363133054402636,0.0025,,,,,,,,,,,,
2026-07-27 13:10:00,28609.75,zone_skip,tolerance,2026-07-24 00:00:00,28293.6,long,0.011173905052732825,0.0025,,,,,,,,,,,,
2026-07-27 13:10:00,28609.75,zone_skip,tolerance,2026-07-24 12:00:00,28329.88,long,0.009878968777841592,0.0025,,,,,,,,,,,,
2026-07-27 13:10:00,28609.75,zone_skip,chasing,2026-07-24 20:00:00,28567.27,short,0.0014870164352421343,,28.039162340909634,,,,,,,,,,,
2026-07-27 13:15:00,28607.75,zone_skip,chasing,2026-07-21 08:00:00,28550.77,long,0.001995743021992036,,26.500607362121684,,,,,,,,,,,
2026-07-27 13:15:00,28607.75,zone_skip,tolerance,2026-07-22 20:00:00,28821.97,long,0.007432524563726947,0.0025,,,,,,,,,,,,
2026-07-27 13:15:00,28607.75,zone_skip,tolerance,2026-07-24 00:00:00,28293.6,long,0.011103217688806,0.0025,,,,,,,,,,,,
2026-07-27 13:15:00,28607.75,zone_skip,tolerance,2026-07-24 12:00:00,28329.88,long,0.009808371938038529,0.0025,,,,,,,,,,,,
2026-07-27 13:15:00,28607.75,zone_skip,chasing,2026-07-24 20:00:00,28567.27,short,0.0014170062452589821,,26.500607362121684,,,,,,,,,,,
2026-07-27 13:20:00,28605.75,zone_skip,chasing,2026-07-21 08:00:00,28550.77,long,0.0019256923718694648,,26.500607362121684,,,,,,,,,,,
2026-07-27 13:20:00,28605.75,zone_skip,tolerance,2026-07-22 20:00:00,28821.97,long,0.007501916073051258,0.0025,,,,,,,,,,,,
2026-07-27 13:20:00,28605.75,zone_skip,tolerance,2026-07-24 00:00:00,28293.6,long,0.011032530324879176,0.0025,,,,,,,,,,,,
2026-07-27 13:20:00,28605.75,zone_skip,tolerance,2026-07-24 12:00:00,28329.88,long,0.009737775098235465,0.0025,,,,,,,,,,,,
2026-07-27 13:20:00,28605.75,zone_skip,score_ltf,2026-07-24 20:00:00,28567.27,short,0.0013469960552758302,,,,2.0,1.0,0.5,,,,,,,
2026-07-27 13:25:00,28609.0,zone_skip,chasing,2026-07-21 08:00:00,28550.77,long,0.002039524678318643,,26.500607362121684,,,,,,,,,,,
2026-07-27 13:25:00,28609.0,zone_skip,tolerance,2026-07-22 20:00:00,28821.97,long,0.007389154870399253,0.0025,,,,,,,,,,,,
2026-07-27 13:25:00,28609.0,zone_skip,tolerance,2026-07-24 00:00:00,28293.6,long,0.011147397291260266,0.0025,,,,,,,,,,,,
2026-07-27 13:25:00,28609.0,zone_skip,tolerance,2026-07-24 12:00:00,28329.88,long,0.009852494962915443,0.0025,,,,,,,,,,,,
2026-07-27 13:25:00,28609.0,zone_skip,chasing,2026-07-24 20:00:00,28567.27,short,0.0014607626139984521,,26.500607362121684,,,,,,,,,,,
2026-07-27 13:30:00,28609.75,zone_skip,chasing,2026-07-21 08:00:00,28550.77,long,0.0020657936721146073,,25.267193047172128,,,,,,,,,,,
2026-07-27 13:30:00,28609.75,zone_skip,tolerance,2026-07-22 20:00:00,28821.97,long,0.007363133054402636,0.0025,,,,,,,,,,,,
2026-07-27 13:30:00,28609.75,zone_skip,tolerance,2026-07-24 00:00:00,28293.6,long,0.011173905052732825,0.0025,,,,,,,,,,,,
2026-07-27 13:30:00,28609.75,zone_skip,tolerance,2026-07-24 12:00:00,28329.88,long,0.009878968777841592,0.0025,,,,,,,,,,,,
2026-07-27 13:30:00,28609.75,zone_skip,chasing,2026-07-24 20:00:00,28567.27,short,0.0014870164352421343,,25.267193047172128,,,,,,,,,,,
2026-07-27 13:35:00,28612.5,zone_skip,chasing,2026-07-21 08:00:00,28550.77,long,0.0021621133160331426,,25.267193047172128,,,,,,,,,,,
2026-07-27 13:35:00,28612.5,zone_skip,tolerance,2026-07-22 20:00:00,28821.97,long,0.00726771972908171,0.0025,,,,,,,,,,,,
2026-07-27 13:35:00,28612.5,zone_skip,tolerance,2026-07-24 00:00:00,28293.6,long,0.01127110017813221,0.0025,,,,,,,,,,,,
2026-07-27 13:35:00,28612.5,zone_skip,tolerance,2026-07-24 12:00:00,28329.88,long,0.009976039432570805,0.0025,,,,,,,,,,,,
2026-07-27 13:35:00,28612.5,zone_skip,chasing,2026-07-24 20:00:00,28567.27,short,0.0015832804464689682,,25.267193047172128,,,,,,,,,,,
2026-07-27 13:40:00,28617.75,zone_skip,chasing,2026-07-21 08:00:00,28550.77,long,0.0023459962726048917,,25.267193047172128,,,,,,,,,,,
2026-07-27 13:40:00,28617.75,zone_skip,tolerance,2026-07-22 20:00:00,28821.97,long,0.0070855670171053944,0.0025,,,,,,,,,,,,
2026-07-27 13:40:00,28617.75,zone_skip,tolerance,2026-07-24 00:00:00,28293.6,long,0.011456654508440123,0.0025,,,,,,,,,,,,
2026-07-27 13:40:00,28617.75,zone_skip,tolerance,2026-07-24 12:00:00,28329.88,long,0.010161356137053844,0.0025,,,,,,,,,,,,
2026-07-27 13:40:00,28617.75,zone_skip,chasing,2026-07-24 20:00:00,28567.27,short,0.0017670571951747423,,25.267193047172128,,,,,,,,,,,
2026-07-27 13:45:00,28620.25,zone_skip,chasing,2026-07-21 08:00:00,28550.77,long,0.0024335595852581055,,24.298233974215844,,,,,,,,,,,
2026-07-27 13:45:00,28620.25,zone_skip,tolerance,2026-07-22 20:00:00,28821.97,long,0.006998827630450006,0.0025,,,,,,,,,,,,
2026-07-27 13:45:00,28620.25,zone_skip,tolerance,2026-07-24 00:00:00,28293.6,long,0.011545013713348654,0.0025,,,,,,,,,,,,
2026-07-27 13:45:00,28620.25,zone_skip,tolerance,2026-07-24 12:00:00,28329.88,long,0.010249602186807674,0.0025,,,,,,,,,,,,
2026-07-27 13:45:00,28620.25,zone_skip,chasing,2026-07-24 20:00:00,28567.27,short,0.0018545699326536825,,24.298233974215844,,,,,,,,,,,
2026-07-27 13:50:00,28616.25,zone_skip,chasing,2026-07-21 08:00:00,28550.77,long,0.0022934582850129633,,24.298233974215844,,,,,,,,,,,
2026-07-27 13:50:00,28616.25,zone_skip,tolerance,2026-07-22 20:00:00,28821.97,long,0.007137610649098627,0.0025,,,,,,,,,,,,
2026-07-27 13:50:00,28616.25,zone_skip,tolerance,2026-07-24 00:00:00,28293.6,long,0.011403638985495006,0.0025,,,,,,,,,,,,
2026-07-27 13:50:00,28616.25,zone_skip,tolerance,2026-07-24 12:00:00,28329.88,long,0.010108408507201547,0.0025,,,,,,,,,,,,
2026-07-27 13:50:00,28616.25,zone_skip,chasing,2026-07-24 20:00:00,28567.27,short,0.0017145495526873784,,24.298233974215844,,,,,,,,,,,
2026-07-27 13:55:00,28612.5,zone_skip,chasing,2026-07-21 08:00:00,28550.77,long,0.0021621133160331426,,24.298233974215844,,,,,,,,,,,
2026-07-27 13:55:00,28612.5,zone_skip,tolerance,2026-07-22 20:00:00,28821.97,long,0.00726771972908171,0.0025,,,,,,,,,,,,
2026-07-27 13:55:00,28612.5,zone_skip,tolerance,2026-07-24 00:00:00,28293.6,long,0.01127110017813221,0.0025,,,,,,,,,,,,
2026-07-27 13:55:00,28612.5,zone_skip,tolerance,2026-07-24 12:00:00,28329.88,long,0.009976039432570805,0.0025,,,,,,,,,,,,
2026-07-27 13:55:00,28612.5,zone_skip,chasing,2026-07-24 20:00:00,28567.27,short,0.0015832804464689682,,24.298233974215844,,,,,,,,,,,
2026-07-27 14:00:00,28592.75,zone_skip,chasing,2026-07-21 08:00:00,28550.77,long,0.0014703631460727526,,25.78513611098716,,,,,,,,,,,
2026-07-27 14:00:00,28592.75,zone_skip,tolerance,2026-07-22 20:00:00,28821.97,long,0.007952960883659276,0.0025,,,,,,,,,,,,
2026-07-27 14:00:00,28592.75,zone_skip,tolerance,2026-07-24 00:00:00,28293.6,long,0.010573062459354817,0.0025,,,,,,,,,,,,
2026-07-27 14:00:00,28592.75,zone_skip,tolerance,2026-07-24 12:00:00,28329.88,long,0.009278895639515556,0.0025,,,,,,,,,,,,
2026-07-27 14:00:00,28592.75,enter,entry,2026-07-24 20:00:00,28567.27,short,0.0008919298203853418,,,1.2,2.0,1.0,2.0,bear,1.0,5.0,1.6,411.06319829894795,2.317567220969424,28592.75
2026-07-27 14:05:00,28585.0,bar_skip,cooldown,,,,,,,,,,,,,,,,,
2026-07-27 14:10:00,28582.75,bar_skip,cooldown,,,,,,,,,,,,,,,,,
2026-07-27 14:15:00,28572.25,bar_skip,cooldown,,,,,,,,,,,,,,,,,
2026-07-27 14:20:00,28564.5,zone_skip,score_h4,2026-07-21 08:00:00,28550.77,long,0.0004808977130914355,,,,0.0,1.0,1.0,,,,,,,
2026-07-27 14:20:00,28564.5,zone_skip,tolerance,2026-07-22 20:00:00,28821.97,long,0.008933115952865164,0.0025,,,,,,,,,,,,
2026-07-27 14:20:00,28564.5,zone_skip,tolerance,2026-07-24 00:00:00,28293.6,long,0.009574603443888422,0.0025,,,,,,,,,,,,
2026-07-27 14:20:00,28564.5,zone_skip,tolerance,2026-07-24 12:00:00,28329.88,long,0.008281715277297291,0.0025,,,,,,,,,,,,
2026-07-27 14:20:00,28564.5,enter,entry,2026-07-24 20:00:00,28567.27,short,9.696411312668086e-05,,,1.2,2.0,1.0,2.0,bear,1.0,5.0,1.6,413.64931362164725,2.3321476945470554,28564.5
2026-07-27 14:25:00,28522.2,bar_skip,cooldown,,,,,,,,,,,,,,,,,
2026-07-27 14:30:00,28533.7,bar_skip,cooldown,,,,,,,,,,,,,,,,,
2026-07-27 14:35:00,28550.0,bar_skip,cooldown,,,,,,,,,,,,,,,,,
2026-07-27 14:40:00,28538.45,zone_skip,score_h4,2026-07-21 08:00:00,28550.77,long,0.0004315120047550279,,,,0.0,1.0,0.0,,,,,,,
2026-07-27 14:40:00,28538.45,zone_skip,tolerance,2026-07-22 20:00:00,28821.97,long,0.009836940361814284,0.0025,,,,,,,,,,,,
2026-07-27 14:40:00,28538.45,zone_skip,tolerance,2026-07-24 00:00:00,28293.6,long,0.00865390052874156,0.0025,,,,,,,,,,,,
2026-07-27 14:40:00,28538.45,zone_skip,tolerance,2026-07-24 12:00:00,28329.88,long,0.00736219143886242,0.0025,,,,,,,,,,,,
2026-07-27 14:45:00,28544.75,zone_skip,score_h4,2026-07-21 08:00:00,28550.77,long,0.00021085245686895438,,,,0.0,1.0,0.0,,,,,,,
2026-07-27 14:45:00,28544.75,zone_skip,tolerance,2026-07-22 20:00:00,28821.97,long,0.009618357107442731,0.0025,,,,,,,,,,,,
2026-07-27 14:45:00,28544.75,zone_skip,tolerance,2026-07-24 00:00:00,28293.6,long,0.008876565725111031,0.0025,,,,,,,,,,,,
2026-07-27 14:45:00,28544.75,zone_skip,tolerance,2026-07-24 12:00:00,28329.88,long,0.007584571484242043,0.0025,,,,,,,,,,,,
2026-07-27 14:50:00,28530.75,zone_skip,score_h4,2026-07-21 08:00:00,28550.77,long,0.0007012070077269522,,,,0.0,1.0,0.0,,,,,,,
2026-07-27 14:50:00,28530.75,zone_skip,tolerance,2026-07-22 20:00:00,28821.97,long,0.010104097672712904,0.0025,,,,,,,,,,,,
2026-07-27 14:50:00,28530.75,zone_skip,tolerance,2026-07-24 00:00:00,28293.6,long,0.00838175417762326,0.0025,,,,,,,,,,,,
2026-07-27 14:50:00,28530.75,zone_skip,tolerance,2026-07-24 12:00:00,28329.88,long,0.007090393605620602,0.0025,,,,,,,,,,,,
2026-07-27 14:55:00,28543.75,zone_skip,score_h4,2026-07-21 08:00:00,28550.77,long,0.00024587778193023994,,,,0.0,1.0,0.0,,,,,,,
2026-07-27 14:55:00,28543.75,zone_skip,tolerance,2026-07-22 20:00:00,28821.97,long,0.009653052862104886,0.0025,,,,,,,,,,,,
2026-07-27 14:55:00,28543.75,zone_skip,tolerance,2026-07-24 00:00:00,28293.6,long,0.008841222043147618,0.0025,,,,,,,,,,,,
2026-07-27 14:55:00,28543.75,zone_skip,tolerance,2026-07-24 12:00:00,28329.88,long,0.007549273064340512,0.0025,,,,,,,,,,,,
2026-07-27 15:00:00,28561.25,zone_skip,score_h4,2026-07-21 08:00:00,28550.77,long,0.0003670654066422574,,,,0.0,1.5,0.0,,,,,,,
2026-07-27 15:00:00,28561.25,zone_skip,tolerance,2026-07-22 20:00:00,28821.97,long,0.009045877155517168,0.0025,,,,,,,,,,,,
2026-07-27 15:00:00,28561.25,zone_skip,tolerance,2026-07-24 00:00:00,28293.6,long,0.009459736477507332,0.0025,,,,,,,,,,,,
2026-07-27 15:00:00,28561.25,zone_skip,tolerance,2026-07-24 12:00:00,28329.88,long,0.008166995412617313,0.0025,,,,,,,,,,,,
2026-07-27 15:05:00,28554.7,zone_skip,score_h4,2026-07-21 08:00:00,28550.77,long,0.00013764952749086246,,,,0.0,1.5,0.0,,,,,,,
2026-07-27 15:05:00,28554.7,zone_skip,tolerance,2026-07-22 20:00:00,28821.97,long,0.00927313434855426,0.0025,,,,,,,,,,,,
2026-07-27 15:05:00,28554.7,zone_skip,tolerance,2026-07-24 00:00:00,28293.6,long,0.009228235360647008,0.0025,,,,,,,,,,,,
2026-07-27 15:05:00,28554.7,zone_skip,tolerance,2026-07-24 12:00:00,28329.88,long,0.007935790762262307,0.0025,,,,,,,,,,,,
2026-07-27 15:10:00,28507.2,zone_skip,score_h4,2026-07-21 08:00:00,28550.77,long,0.0015260534129202018,,,,0.0,1.5,0.0,,,,,,,
2026-07-27 15:10:00,28507.2,zone_skip,tolerance,2026-07-22 20:00:00,28821.97,long,0.010921182695006637,0.0025,,,,,,,,,,,,
2026-07-27 15:10:00,28507.2,zone_skip,tolerance,2026-07-24 00:00:00,28293.6,long,0.007549410467384928,0.0025,,,,,,,,,,,,
2026-07-27 15:10:00,28507.2,zone_skip,tolerance,2026-07-24 12:00:00,28329.88,long,0.00625911581693956,0.0025,,,,,,,,,,,,
2026-07-27 15:10:00,28507.2,zone_skip,chasing,2026-07-24 20:00:00,28567.27,short,0.0021027560561439613,,34.81436982648686,,,,,,,,,,,
2026-07-27 15:15:00,28511.7,zone_skip,score_h4,2026-07-21 08:00:00,28550.77,long,0.0013684394501444167,,,,0.0,1.5,0.0,,,,,,,
2026-07-27 15:15:00,28511.7,zone_skip,tolerance,2026-07-22 20:00:00,28821.97,long,0.010765051799026938,0.0025,,,,,,,,,,,,
2026-07-27 15:15:00,28511.7,zone_skip,tolerance,2026-07-24 00:00:00,28293.6,long,0.007708457036220283,0.0025,,,,,,,,,,,,
2026-07-27 15:15:00,28511.7,zone_skip,tolerance,2026-07-24 12:00:00,28329.88,long,0.006417958706496452,0.0025,,,,,,,,,,,,
2026-07-27 15:15:00,28511.7,zone_skip,chasing,2026-07-24 20:00:00,28567.27,short,0.0019452331286818694,,33.27245384962195,,,,,,,,,,,
2026-07-27 15:20:00,28507.75,zone_skip,score_h4,2026-07-21 08:00:00,28550.77,long,0.00150678948413652,,,,0.0,1.5,0.0,,,,,,,
2026-07-27 15:20:00,28507.75,zone_skip,tolerance,2026-07-22 20:00:00,28821.97,long,0.010902100029942477,0.0025,,,,,,,,,,,,
2026-07-27 15:20:00,28507.75,zone_skip,tolerance,2026-07-24 00:00:00,28293.6,long,0.007568849492464779,0.0025,,,,,,,,,,,,
2026-07-27 15:20:00,28507.75,zone_skip,tolerance,2026-07-24 12:00:00,28329.88,long,0.006278529947885377,0.0025,,,,,,,,,,,,
2026-07-27 15:20:00,28507.75,zone_skip,chasing,2026-07-24 20:00:00,28567.27,short,0.00208350325389862,,33.27245384962195,,,,,,,,,,,
2026-07-27 15:25:00,28520.7,zone_skip,score_h4,2026-07-21 08:00:00,28550.77,long,0.0010532115245928467,,,,0.0,1.5,0.0,,,,,,,
2026-07-27 15:25:00,28520.7,zone_skip,tolerance,2026-07-22 20:00:00,28821.97,long,0.01045279000706754,0.0025,,,,,,,,,,,,
2026-07-27 15:25:00,28520.7,zone_skip,tolerance,2026-07-24 00:00:00,28293.6,long,0.008026550173890992,0.0025,,,,,,,,,,,,
2026-07-27 15:25:00,28520.7,zone_skip,tolerance,2026-07-24 12:00:00,28329.88,long,0.006735644485610236,0.0025,,,,,,,,,,,,
2026-07-27 15:30:00,28522.25,zone_skip,score_h4,2026-07-21 08:00:00,28550.77,long,0.0009989222707478796,,,,0.0,1.5,0.0,,,,,,,
2026-07-27 15:30:00,28522.25,zone_skip,tolerance,2026-07-22 20:00:00,28821.97,long,0.010399011587341224,0.0025,,,,,,,,,,,,
2026-07-27 15:30:00,28522.25,zone_skip,tolerance,2026-07-24 00:00:00,28293.6,long,0.008081332880934256,0.0025,,,,,,,,,,,,
2026-07-27 15:30:00,28522.25,zone_skip,tolerance,2026-07-24 12:00:00,28329.88,long,0.006790357036457584,0.0025,,,,,,,,,,,,
2026-07-27 15:35:00,28535.5,zone_skip,score_h4,2026-07-21 08:00:00,28550.77,long,0.0005348367136858458,,,,0.0,1.5,0.0,,,,,,,
2026-07-27 15:35:00,28535.5,zone_skip,tolerance,2026-07-22 20:00:00,28821.97,long,0.009939292838067666,0.0025,,,,,,,,,,,,
2026-07-27 15:35:00,28535.5,zone_skip,tolerance,2026-07-24 00:00:00,28293.6,long,0.008549636666949467,0.0025,,,,,,,,,,,,
2026-07-27 15:35:00,28535.5,zone_skip,tolerance,2026-07-24 12:00:00,28329.88,long,0.007258061100152876,0.0025,,,,,,,,,,,,
2026-07-27 15:40:00,28541.0,zone_skip,score_h4,2026-07-21 08:00:00,28550.77,long,0.0003421974258487752,,,,0.0,1.5,0.0,,,,,,,
2026-07-27 15:40:00,28541.0,zone_skip,tolerance,2026-07-22 20:00:00,28821.97,long,0.009748466187425813,0.0025,,,,,,,,,,,,
2026-07-27 15:40:00,28541.0,zone_skip,tolerance,2026-07-24 00:00:00,28293.6,long,0.008744026917748235,0.0025,,,,,,,,,,,,
2026-07-27 15:40:00,28541.0,zone_skip,tolerance,2026-07-24 12:00:00,28329.88,long,0.0074522024096112995,0.0025,,,,,,,,,,,,
2026-07-27 15:45:00,28555.5,zone_skip,score_h4,2026-07-21 08:00:00,28550.77,long,0.00016566978753986542,,,,0.0,1.5,1.75,,,,,,,
2026-07-27 15:45:00,28555.5,zone_skip,tolerance,2026-07-22 20:00:00,28821.97,long,0.00924537774482456,0.0025,,,,,,,,,,,,
2026-07-27 15:45:00,28555.5,zone_skip,tolerance,2026-07-24 00:00:00,28293.6,long,0.009256510306217712,0.0025,,,,,,,,,,,,
2026-07-27 15:45:00,28555.5,zone_skip,tolerance,2026-07-24 12:00:00,28329.88,long,0.007964029498183508,0.0025,,,,,,,,,,,,
2026-07-27 15:50:00,28561.5,zone_skip,score_h4,2026-07-21 08:00:00,28550.77,long,0.00037582173790757877,,,,0.0,1.5,1.75,,,,,,,
2026-07-27 15:50:00,28561.5,zone_skip,tolerance,2026-07-22 20:00:00,28821.97,long,0.00903720321685163,0.0025,,,,,,,,,,,,
2026-07-27 15:50:00,28561.5,zone_skip,tolerance,2026-07-24 00:00:00,28293.6,long,0.009468572397998186,0.0025,,,,,,,,,,,,
2026-07-27 15:50:00,28561.5,zone_skip,tolerance,2026-07-24 12:00:00,28329.88,long,0.008175820017592697,0.0025,,,,,,,,,,,,
2026-07-27 15:55:00,28561.75,zone_skip,score_h4,2026-07-21 08:00:00,28550.77,long,0.00038457806917290016,,,,0.0,1.5,1.75,,,,,,,
2026-07-27 15:55:00,28561.75,zone_skip,tolerance,2026-07-22 20:00:00,28821.97,long,0.009028529278186091,0.0025,,,,,,,,,,,,
2026-07-27 15:55:00,28561.75,zone_skip,tolerance,2026-07-24 00:00:00,28293.6,long,0.009477408318489039,0.0025,,,,,,,,,,,,
2026-07-27 15:55:00,28561.75,zone_skip,tolerance,2026-07-24 12:00:00,28329.88,long,0.008184644622568078,0.0025,,,,,,,,,,,,
2026-07-27 16:00:00,28551.0,zone_skip,score_h4,2026-07-21 08:00:00,28550.77,long,8.055824764080389e-06,,,,0.0,0.0,1.0,,,,,,,
2026-07-27 16:00:00,28551.0,zone_skip,tolerance,2026-07-22 20:00:00,28821.97,long,0.00940150864080426,0.0025,,,,,,,,,,,,
2026-07-27 16:00:00,28551.0,zone_skip,tolerance,2026-07-24 00:00:00,28293.6,long,0.009097463737382357,0.0025,,,,,,,,,,,,
2026-07-27 16:00:00,28551.0,zone_skip,tolerance,2026-07-24 12:00:00,28329.88,long,0.007805186608626615,0.0025,,,,,,,,,,,,
2026-07-27 16:05:00,28527.75,zone_skip,score_h4,2026-07-21 08:00:00,28550.77,long,0.0008062829829108089,,,,0.0,0.0,0.0,,,,,,,
2026-07-27 16:05:00,28527.75,zone_skip,tolerance,2026-07-22 20:00:00,28821.97,long,0.010208184936699371,0.0025,,,,,,,,,,,,
2026-07-27 16:05:00,28527.75,zone_skip,tolerance,2026-07-24 00:00:00,28293.6,long,0.008275723131733023,0.0025,,,,,,,,,,,,
2026-07-27 16:05:00,28527.75,zone_skip,tolerance,2026-07-24 12:00:00,28329.88,long,0.006984498345916007,0.0025,,,,,,,,,,,,
2026-07-27 16:10:00,28532.0,zone_skip,score_h4,2026-07-21 08:00:00,28550.77,long,0.0006574253514003452,,,,0.0,0.0,0.0,,,,,,,
2026-07-27 16:10:00,28532.0,zone_skip,tolerance,2026-07-22 20:00:00,28821.97,long,0.01006072797938521,0.0025,,,,,,,,,,,,
2026-07-27 16:10:00,28532.0,zone_skip,tolerance,2026-07-24 00:00:00,28293.6,long,0.008425933780077525,0.0025,,,,,,,,,,,,
2026-07-27 16:10:00,28532.0,zone_skip,tolerance,2026-07-24 12:00:00,28329.88,long,0.007134516630497516,0.0025,,,,,,,,,,,,
2026-07-27 16:15:00,28511.25,zone_skip,score_h4,2026-07-21 08:00:00,28550.77,long,0.0013842008464220207,,,,0.0,0.0,0.0,,,,,,,
2026-07-27 16:15:00,28511.25,zone_skip,tolerance,2026-07-22 20:00:00,28821.97,long,0.010780664888624933,0.0025,,,,,,,,,,,,
2026-07-27 16:15:00,28511.25,zone_skip,tolerance,2026-07-24 00:00:00,28293.6,long,0.007692552379336722,0.0025,,,,,,,,,,,,
2026-07-27 16:15:00,28511.25,zone_skip,tolerance,2026-07-24 12:00:00,28329.88,long,0.006402074417540737,0.0025,,,,,,,,,,,,
2026-07-27 16:20:00,28507.75,zone_skip,score_h4,2026-07-21 08:00:00,28550.77,long,0.00150678948413652,,,,0.0,0.0,0.0,,,,,,,
2026-07-27 16:20:00,28507.75,zone_skip,tolerance,2026-07-22 20:00:00,28821.97,long,0.010902100029942477,0.0025,,,,,,,,,,,,
2026-07-27 16:20:00,28507.75,zone_skip,tolerance,2026-07-24 00:00:00,28293.6,long,0.007568849492464779,0.0025,,,,,,,,,,,,
2026-07-27 16:20:00,28507.75,zone_skip,tolerance,2026-07-24 12:00:00,28329.88,long,0.006278529947885377,0.0025,,,,,,,,,,,,
2026-07-27 16:25:00,28460.75,zone_skip,tolerance,2026-07-21 08:00:00,28550.77,long,0.0031529797620169415,0.0025,,,,,,,,,,,,
2026-07-27 16:25:00,28460.75,zone_skip,tolerance,2026-07-24 00:00:00,28293.6,long,0.005907696440184404,0.0025,,,,,,,,,,,,
2026-07-27 16:25:00,28460.75,zone_skip,tolerance,2026-07-24 12:00:00,28329.88,long,0.004619504212513395,0.0025,,,,,,,,,,,,
2026-07-27 16:25:00,28460.75,zone_skip,tolerance,2026-07-24 20:00:00,28567.27,short,0.0037287427185026933,0.0025,,,,,,,,,,,,
2026-07-27 16:30:00,28406.5,zone_skip,tolerance,2026-07-21 08:00:00,28550.77,long,0.005053103646591684,0.0025,,,,,,,,,,,,
2026-07-27 16:30:00,28406.5,zone_skip,tolerance,2026-07-24 00:00:00,28293.6,long,0.003990301693669291,0.0025,,,,,,,,,,,,
2026-07-27 16:30:00,28406.5,zone_skip,tolerance,2026-07-24 12:00:00,28329.88,long,0.0027045649328553095,0.0025,,,,,,,,,,,,
2026-07-27 16:30:00,28406.5,zone_skip,tolerance,2026-07-24 20:00:00,28567.27,short,0.005627769121795693,0.0025,,,,,,,,,,,,
2026-07-27 16:30:00,28406.5,zone_skip,tolerance,2026-07-27 04:00:00,28075.02,long,0.011806937270213862,0.0025,,,,,,,,,,,,
2026-07-27 16:35:00,28416.0,zone_skip,tolerance,2026-07-21 08:00:00,28550.77,long,0.004720363058509471,0.0025,,,,,,,,,,,,
2026-07-27 16:35:00,28416.0,zone_skip,tolerance,2026-07-24 00:00:00,28293.6,long,0.004326066672321708,0.0025,,,,,,,,,,,,
2026-07-27 16:35:00,28416.0,zone_skip,tolerance,2026-07-24 12:00:00,28329.88,long,0.003039899921919859,0.0025,,,,,,,,,,,,
2026-07-27 16:35:00,28416.0,zone_skip,tolerance,2026-07-24 20:00:00,28567.27,short,0.00529522071937572,0.0025,,,,,,,,,,,,
2026-07-27 16:35:00,28416.0,zone_skip,tolerance,2026-07-27 04:00:00,28075.02,long,0.01214531637021094,0.0025,,,,,,,,,,,,
2026-07-27 16:40:00,28324.5,zone_skip,tolerance,2026-07-21 08:00:00,28550.77,long,0.0079251803016171,0.0025,,,,,,,,,,,,
2026-07-27 16:40:00,28324.5,zone_skip,score_h4,2026-07-24 00:00:00,28293.6,long,0.001092119772669489,,,,0.0,0.0,0.0,,,,,,,
2026-07-27 16:40:00,28324.5,zone_skip,score_h4,2026-07-24 12:00:00,28329.88,long,0.00018990549907027556,,,,0.0,0.0,0.0,,,,,,,
2026-07-27 16:40:00,28324.5,zone_skip,tolerance,2026-07-24 20:00:00,28567.27,short,0.008498186911104927,0.0025,,,,,,,,,,,,
2026-07-27 16:40:00,28324.5,zone_skip,tolerance,2026-07-27 04:00:00,28075.02,long,0.008886191354449598,0.0025,,,,,,,,,,,,
2026-07-27 16:45:00,28331.5,zone_skip,tolerance,2026-07-21 08:00:00,28550.77,long,0.007680003026188101,0.0025,,,,,,,,,,,,
2026-07-27 16:45:00,28331.5,zone_skip,score_h4,2026-07-24 00:00:00,28293.6,long,0.0013395255464133747,,,,0.0,0.0,0.0,,,,,,,
2026-07-27 16:45:00,28331.5,zone_skip,score_h4,2026-07-24 12:00:00,28329.88,long,5.7183440240445116e-05,,,,0.0,0.0,0.0,,,,,,,
2026-07-27 16:45:00,28331.5,zone_skip,tolerance,2026-07-24 20:00:00,28567.27,short,0.008253151246163895,0.0025,,,,,,,,,,,,
2026-07-27 16:45:00,28331.5,zone_skip,tolerance,2026-07-27 04:00:00,28075.02,long,0.009135523322868499,0.0025,,,,,,,,,,,,
2026-07-27 16:50:00,28331.0,zone_skip,tolerance,2026-07-21 08:00:00,28550.77,long,0.007697515688718743,0.0025,,,,,,,,,,,,
2026-07-27 16:50:00,28331.0,zone_skip,score_h4,2026-07-24 00:00:00,28293.6,long,0.0013218537054316686,,,,0.0,0.0,0.0,,,,,,,
2026-07-27 16:50:00,28331.0,zone_skip,score_h4,2026-07-24 12:00:00,28329.88,long,3.953423028967935e-05,,,,0.0,0.0,0.0,,,,,,,
2026-07-27 16:50:00,28331.0,zone_skip,tolerance,2026-07-24 20:00:00,28567.27,short,0.008270653793659682,0.0025,,,,,,,,,,,,
2026-07-27 16:50:00,28331.0,zone_skip,tolerance,2026-07-27 04:00:00,28075.02,long,0.009117713896552863,0.0025,,,,,,,,,,,,
2026-07-27 16:55:00,28218.25,zone_skip,tolerance,2026-07-21 08:00:00,28550.77,long,0.01164662108937869,0.0025,,,,,,,,,,,,
2026-07-27 16:55:00,28218.25,zone_skip,tolerance,2026-07-24 00:00:00,28293.6,long,0.0026631464359430593,0.0025,,,,,,,,,,,,
2026-07-27 16:55:00,28218.25,zone_skip,tolerance,2026-07-24 12:00:00,28329.88,long,0.0039403626136080006,0.0025,,,,,,,,,,,,
2026-07-27 16:55:00,28218.25,zone_skip,tolerance,2026-07-24 20:00:00,28567.27,short,0.01221747825395988,0.0025,,,,,,,,,,,,
2026-07-27 16:55:00,28218.25,zone_skip,tolerance,2026-07-27 04:00:00,28075.02,long,0.005101688262377001,0.0025,,,,,,,,,,,,
2026-07-27 17:00:00,28190.25,zone_skip,tolerance,2026-07-24 00:00:00,28293.6,long,0.0036527695309186018,0.0025,,,,,,,,,,,,
2026-07-27 17:00:00,28190.25,zone_skip,tolerance,2026-07-24 12:00:00,28329.88,long,0.004928718370850883,0.0025,,,,,,,,,,,,
2026-07-27 17:00:00,28190.25,zone_skip,tolerance,2026-07-27 04:00:00,28075.02,long,0.0041043603887014,0.0025,,,,,,,,,,,,
2026-07-27 17:05:00,28193.25,zone_skip,tolerance,2026-07-24 00:00:00,28293.6,long,0.003546738485028365,0.0025,,,,,,,,,,,,
2026-07-27 17:05:00,28193.25,zone_skip,tolerance,2026-07-24 12:00:00,28329.88,long,0.004822823111146289,0.0025,,,,,,,,,,,,
2026-07-27 17:05:00,28193.25,zone_skip,tolerance,2026-07-27 04:00:00,28075.02,long,0.004211216946595214,0.0025,,,,,,,,,,,,
2026-07-27 17:10:00,28122.2,zone_skip,tolerance,2026-07-24 00:00:00,28293.6,long,0.006057907088528778,0.0025,,,,,,,,,,,,
2026-07-27 17:10:00,28122.2,zone_skip,tolerance,2026-07-24 12:00:00,28329.88,long,0.007330775845150078,0.0025,,,,,,,,,,,,
2026-07-27 17:10:00,28122.2,zone_skip,score_h4,2026-07-27 04:00:00,28075.02,long,0.0016804974671433997,,,,0.0,0.0,0.0,,,,,,,
2026-07-27 17:15:00,28132.5,zone_skip,tolerance,2026-07-24 00:00:00,28293.6,long,0.005693867164305658,0.0025,,,,,,,,,,,,
2026-07-27 17:15:00,28132.5,zone_skip,tolerance,2026-07-24 12:00:00,28329.88,long,0.006967202120164329,0.0025,,,,,,,,,,,,
2026-07-27 17:15:00,28132.5,zone_skip,score_h4,2026-07-27 04:00:00,28075.02,long,0.0020473716492454704,,,,0.0,0.0,0.0,,,,,,,
2026-07-27 17:20:00,28053.75,zone_skip,tolerance,2026-07-24 00:00:00,28293.6,long,0.00847718211892437,0.0025,,,,,,,,,,,,
2026-07-27 17:20:00,28053.75,zone_skip,tolerance,2026-07-24 12:00:00,28329.88,long,0.009746952687409936,0.0025,,,,,,,,,,,,
2026-07-27 17:20:00,28053.75,zone_skip,score_h4,2026-07-27 04:00:00,28075.02,long,0.0007576129954671604,,,,0.0,0.0,0.0,,,,,,,
2026-07-27 17:25:00,27956.25,zone_skip,tolerance,2026-07-24 00:00:00,28293.6,long,0.011923191110357062,0.0025,,,,,,,,,,,,
2026-07-27 17:25:00,27956.25,zone_skip,tolerance,2026-07-27 04:00:00,28075.02,long,0.004230451127016132,0.0025,,,,,,,,,,,,
2026-07-27 17:30:00,27921.5,zone_skip,tolerance,2026-07-27 04:00:00,28075.02,long,0.005468206255952816,0.0025,,,,,,,,,,,,
2026-07-27 17:35:00,27900.2,zone_skip,tolerance,2026-07-27 04:00:00,28075.02,long,0.0062268878169988735,0.0025,,,,,,,,,,,,
2026-07-27 17:40:00,27828.0,zone_skip,tolerance,2026-07-27 04:00:00,28075.02,long,0.0087985689769767,0.0025,,,,,,,,,,,,
2026-07-27 17:45:00,27934.0,zone_skip,tolerance,2026-07-27 04:00:00,28075.02,long,0.005022970598061923,0.0025,,,,,,,,,,,,
2026-07-27 17:50:00,27972.5,zone_skip,tolerance,2026-07-24 00:00:00,28293.6,long,0.011348856278451613,0.0025,,,,,,,,,,,,
2026-07-27 17:50:00,27972.5,zone_skip,tolerance,2026-07-27 04:00:00,28075.02,long,0.00365164477175797,0.0025,,,,,,,,,,,,
2026-07-27 17:55:00,28040.25,zone_skip,tolerance,2026-07-24 00:00:00,28293.6,long,0.008954321825430435,0.0025,,,,,,,,,,,,
2026-07-27 17:55:00,28040.25,zone_skip,tolerance,2026-07-24 12:00:00,28329.88,long,0.010223481356080612,0.0025,,,,,,,,,,,,
2026-07-27 17:55:00,28040.25,zone_skip,score_h4,2026-07-27 04:00:00,28075.02,long,0.0012384675059893256,,,,0.0,0.0,0.0,,,,,,,
2026-07-27 18:00:00,28031.5,zone_skip,tolerance,2026-07-24 00:00:00,28293.6,long,0.009263579042610291,0.0025,,,,,,,,,,,,
2026-07-27 18:00:00,28031.5,zone_skip,tolerance,2026-07-24 12:00:00,28329.88,long,0.010532342530219013,0.0025,,,,,,,,,,,,
2026-07-27 18:00:00,28031.5,zone_skip,score_h4,2026-07-27 04:00:00,28075.02,long,0.0015501324665129512,,,,0.0,0.0,0.0,,,,,,,
2026-07-27 18:05:00,28020.75,zone_skip,tolerance,2026-07-24 00:00:00,28293.6,long,0.009643523623716973,0.0025,,,,,,,,,,,,
2026-07-27 18:05:00,28020.75,zone_skip,tolerance,2026-07-24 12:00:00,28329.88,long,0.010911800544160476,0.0025,,,,,,,,,,,,
2026-07-27 18:05:00,28020.75,zone_skip,score_h4,2026-07-27 04:00:00,28075.02,long,0.0019330351322991198,,,,0.0,0.0,0.0,,,,,,,
2026-07-27 18:10:00,27997.25,zone_skip,tolerance,2026-07-24 00:00:00,28293.6,long,0.010474100149857161,0.0025,,,,,,,,,,,,
2026-07-27 18:10:00,27997.25,zone_skip,tolerance,2026-07-24 12:00:00,28329.88,long,0.011741313411846468,0.0025,,,,,,,,,,,,
2026-07-27 18:10:00,27997.25,zone_skip,tolerance,2026-07-27 04:00:00,28075.02,long,0.0027700781691340002,0.0025,,,,,,,,,,,,
2026-07-27 18:15:00,27976.0,zone_skip,tolerance,2026-07-24 00:00:00,28293.6,long,0.01122515339157967,0.0025,,,,,,,,,,,,
2026-07-27 18:15:00,27976.0,zone_skip,tolerance,2026-07-24 12:00:00,28329.88,long,0.012491404834754012,0.0025,,,,,,,,,,,,
2026-07-27 18:15:00,27976.0,zone_skip,tolerance,2026-07-27 04:00:00,28075.02,long,0.0035269787875485195,0.0025,,,,,,,,,,,,
2026-07-27 18:20:00,27947.25,zone_skip,tolerance,2026-07-24 00:00:00,28293.6,long,0.012241284248027772,0.0025,,,,,,,,,,,,
2026-07-27 18:20:00,27947.25,zone_skip,tolerance,2026-07-27 04:00:00,28075.02,long,0.004551020800697575,0.0025,,,,,,,,,,,,
2026-07-27 18:25:00,27942.5,zone_skip,tolerance,2026-07-24 00:00:00,28293.6,long,0.01240916673735398,0.0025,,,,,,,,,,,,
2026-07-27 18:25:00,27942.5,zone_skip,tolerance,2026-07-27 04:00:00,28075.02,long,0.004720210350696114,0.0025,,,,,,,,,,,,
2026-07-27 18:30:00,27899.0,zone_skip,tolerance,2026-07-27 04:00:00,28075.02,long,0.006269630440156425,0.0025,,,,,,,,,,,,
2026-07-27 18:35:00,27885.75,zone_skip,tolerance,2026-07-27 04:00:00,28075.02,long,0.006741580237520773,0.0025,,,,,,,,,,,,
2026-07-27 18:40:00,27910.5,zone_skip,tolerance,2026-07-27 04:00:00,28075.02,long,0.0058600136348968025,0.0025,,,,,,,,,,,,
2026-07-27 18:45:00,27882.0,zone_skip,tolerance,2026-07-27 04:00:00,28075.02,long,0.00687515093488804,0.0025,,,,,,,,,,,,
2026-07-27 18:50:00,27892.0,zone_skip,tolerance,2026-07-27 04:00:00,28075.02,long,0.006518962408575325,0.0025,,,,,,,,,,,,
2026-07-27 18:55:00,27934.0,zone_skip,tolerance,2026-07-27 04:00:00,28075.02,long,0.005022970598061923,0.0025,,,,,,,,,,,,
2026-07-27 19:00:00,27991.0,zone_skip,tolerance,2026-07-24 00:00:00,28293.6,long,0.010694998162128487,0.0025,,,,,,,,,,,,
2026-07-27 19:00:00,27991.0,zone_skip,tolerance,2026-07-24 12:00:00,28329.88,long,0.011961928536231039,0.0025,,,,,,,,,,,,
2026-07-27 19:00:00,27991.0,zone_skip,tolerance,2026-07-27 04:00:00,28075.02,long,0.002992695998079447,0.0025,,,,,,,,,,,,
2026-07-27 19:05:00,27996.0,zone_skip,tolerance,2026-07-24 00:00:00,28293.6,long,0.010518279752311425,0.0025,,,,,,,,,,,,
2026-07-27 19:05:00,27996.0,zone_skip,tolerance,2026-07-24 12:00:00,28329.88,long,0.011785436436723381,0.0025,,,,,,,,,,,,
2026-07-27 19:05:00,27996.0,zone_skip,tolerance,2026-07-27 04:00:00,28075.02,long,0.0028146017349230893,0.0025,,,,,,,,,,,,
2026-07-27 19:10:00,27950.25,zone_skip,tolerance,2026-07-24 00:00:00,28293.6,long,0.012135253202137535,0.0025,,,,,,,,,,,,
2026-07-27 19:10:00,27950.25,zone_skip,tolerance,2026-07-27 04:00:00,28075.02,long,0.00444416424280376,0.0025,,,,,,,,,,,,
2026-07-27 19:15:00,27935.5,zone_skip,tolerance,2026-07-27 04:00:00,28075.02,long,0.004969542319115015,0.0025,,,,,,,,,,,,
2026-07-27 19:20:00,27966.5,zone_skip,tolerance,2026-07-24 00:00:00,28293.6,long,0.011560918370232086,0.0025,,,,,,,,,,,,
2026-07-27 19:20:00,27966.5,zone_skip,tolerance,2026-07-27 04:00:00,28075.02,long,0.003865357887545599,0.0025,,,,,,,,,,,,
2026-07-27 19:25:00,28025.0,zone_skip,tolerance,2026-07-24 00:00:00,28293.6,long,0.009493312975372472,0.0025,,,,,,,,,,,,
2026-07-27 19:25:00,28025.0,zone_skip,tolerance,2026-07-24 12:00:00,28329.88,long,0.010761782259578967,0.0025,,,,,,,,,,,,
2026-07-27 19:25:00,28025.0,zone_skip,score_h4,2026-07-27 04:00:00,28075.02,long,0.001781655008616216,,,,0.0,0.0,1.75,,,,,,,
2026-07-27 19:30:00,28021.5,zone_skip,tolerance,2026-07-24 00:00:00,28293.6,long,0.009617015862244414,0.0025,,,,,,,,,,,,
2026-07-27 19:30:00,28021.5,zone_skip,tolerance,2026-07-24 12:00:00,28329.88,long,0.010885326729234328,0.0025,,,,,,,,,,,,
2026-07-27 19:30:00,28021.5,zone_skip,score_h4,2026-07-27 04:00:00,28075.02,long,0.0019063209928256663,,,,0.0,0.0,1.75,,,,,,,
2026-07-27 19:35:00,28042.0,zone_skip,tolerance,2026-07-24 00:00:00,28293.6,long,0.008892470381994463,0.0025,,,,,,,,,,,,
2026-07-27 19:35:00,28042.0,zone_skip,tolerance,2026-07-24 12:00:00,28329.88,long,0.010161709121252931,0.0025,,,,,,,,,,,,
2026-07-27 19:35:00,28042.0,zone_skip,score_h4,2026-07-27 04:00:00,28075.02,long,0.0011761345138846006,,,,0.0,0.0,1.75,,,,,,,
2026-07-27 19:40:00,28004.75,zone_skip,tolerance,2026-07-24 00:00:00,28293.6,long,0.01020902253513157,0.0025,,,,,,,,,,,,
2026-07-27 19:40:00,28004.75,zone_skip,tolerance,2026-07-24 12:00:00,28329.88,long,0.01147657526258498,0.0025,,,,,,,,,,,,
2026-07-27 19:40:00,28004.75,zone_skip,tolerance,2026-07-27 04:00:00,28075.02,long,0.0025029367743994637,0.0025,,,,,,,,,,,,
2026-07-27 19:45:00,27988.5,zone_skip,tolerance,2026-07-24 00:00:00,28293.6,long,0.010783357367037017,0.0025,,,,,,,,,,,,
2026-07-27 19:45:00,27988.5,zone_skip,tolerance,2026-07-24 12:00:00,28329.88,long,0.012050174585984869,0.0025,,,,,,,,,,,,
2026-07-27 19:45:00,27988.5,zone_skip,tolerance,2026-07-27 04:00:00,28075.02,long,0.003081743129657626,0.0025,,,,,,,,,,,,
2026-07-27 19:50:00,27930.5,zone_skip,tolerance,2026-07-27 04:00:00,28075.02,long,0.005147636582271372,0.0025,,,,,,,,,,,,
2026-07-27 19:55:00,27918.5,zone_skip,tolerance,2026-07-27 04:00:00,28075.02,long,0.005575062813846631,0.0025,,,,,,,,,,,,
2026-07-27 20:00:00,27878.0,zone_skip,tolerance,2026-07-27 04:00:00,28075.02,long,0.007017626345413127,0.0025,,,,,,,,,,,,
2026-07-27 20:05:00,27888.0,zone_skip,tolerance,2026-07-27 04:00:00,28075.02,long,0.006661437819100412,0.0025,,,,,,,,,,,,
2026-07-27 20:10:00,27906.5,zone_skip,tolerance,2026-07-27 04:00:00,28075.02,long,0.006002489045421889,0.0025,,,,,,,,,,,,
2026-07-27 20:15:00,27873.25,zone_skip,tolerance,2026-07-27 04:00:00,28075.02,long,0.007186815895411666,0.0025,,,,,,,,,,,,
2026-07-27 20:20:00,27882.5,zone_skip,tolerance,2026-07-27 04:00:00,28075.02,long,0.006857341508572405,0.0025,,,,,,,,,,,,
2026-07-27 20:25:00,27870.0,zone_skip,tolerance,2026-07-27 04:00:00,28075.02,long,0.007302577166463298,0.0025,,,,,,,,,,,,
2026-07-27 20:30:00,27931.0,zone_skip,tolerance,2026-07-27 04:00:00,28075.02,long,0.005129827155955737,0.0025,,,,,,,,,,,,
2026-07-27 20:35:00,27903.5,zone_skip,tolerance,2026-07-27 04:00:00,28075.02,long,0.006109345603315703,0.0025,,,,,,,,,,,,
2026-07-27 20:40:00,27906.75,zone_skip,tolerance,2026-07-27 04:00:00,28075.02,long,0.005993584332264071,0.0025,,,,,,,,,,,,
2026-07-27 20:45:00,27904.5,zone_skip,tolerance,2026-07-27 04:00:00,28075.02,long,0.006073726750684432,0.0025,,,,,,,,,,,,
2026-07-27 20:50:00,27955.75,zone_skip,tolerance,2026-07-24 00:00:00,28293.6,long,0.011940862951338768,0.0025,,,,,,,,,,,,
2026-07-27 20:50:00,27955.75,zone_skip,tolerance,2026-07-27 04:00:00,28075.02,long,0.004248260553331767,0.0025,,,,,,,,,,,,
2026-07-27 20:55:00,27976.0,zone_skip,tolerance,2026-07-24 00:00:00,28293.6,long,0.01122515339157967,0.0025,,,,,,,,,,,,
2026-07-27 20:55:00,27976.0,zone_skip,tolerance,2026-07-24 12:00:00,28329.88,long,0.012491404834754012,0.0025,,,,,,,,,,,,
2026-07-27 20:55:00,27976.0,zone_skip,tolerance,2026-07-27 04:00:00,28075.02,long,0.0035269787875485195,0.0025,,,,,,,,,,,,
2026-07-27 21:00:00,27964.25,zone_skip,tolerance,2026-07-24 00:00:00,28293.6,long,0.011640441654649765,0.0025,,,,,,,,,,,,
2026-07-27 21:00:00,27964.25,zone_skip,tolerance,2026-07-27 04:00:00,28075.02,long,0.003945500305965959,0.0025,,,,,,,,,,,,
2026-07-27 21:05:00,27969.25,zone_skip,tolerance,2026-07-24 00:00:00,28293.6,long,0.011463723244832703,0.0025,,,,,,,,,,,,
2026-07-27 21:05:00,27969.25,zone_skip,tolerance,2026-07-27 04:00:00,28075.02,long,0.0037674060428096023,0.0025,,,,,,,,,,,,
2026-07-27 21:10:00,27972.5,zone_skip,tolerance,2026-07-24 00:00:00,28293.6,long,0.011348856278451613,0.0025,,,,,,,,,,,,
2026-07-27 21:10:00,27972.5,zone_skip,tolerance,2026-07-27 04:00:00,28075.02,long,0.00365164477175797,0.0025,,,,,,,,,,,,
2026-07-27 21:15:00,27934.5,zone_skip,tolerance,2026-07-27 04:00:00,28075.02,long,0.005005161171746287,0.0025,,,,,,,,,,,,
2026-07-27 21:20:00,27951.0,zone_skip,tolerance,2026-07-24 00:00:00,28293.6,long,0.012108745440664976,0.0025,,,,,,,,,,,,
2026-07-27 21:20:00,27951.0,zone_skip,tolerance,2026-07-27 04:00:00,28075.02,long,0.004417450103330307,0.0025,,,,,,,,,,,,
2026-07-27 21:25:00,27953.5,zone_skip,tolerance,2026-07-24 00:00:00,28293.6,long,0.012020386235756445,0.0025,,,,,,,,,,,,
2026-07-27 21:25:00,27953.5,zone_skip,tolerance,2026-07-27 04:00:00,28075.02,long,0.004328402971752128,0.0025,,,,,,,,,,,,
2026-07-27 21:30:00,27912.25,zone_skip,tolerance,2026-07-27 04:00:00,28075.02,long,0.005797680642792078,0.0025,,,,,,,,,,,,
2026-07-27 21:35:00,27904.0,zone_skip,tolerance,2026-07-27 04:00:00,28075.02,long,0.006091536177000067,0.0025,,,,,,,,,,,,
2026-07-27 21:40:00,27953.75,zone_skip,tolerance,2026-07-24 00:00:00,28293.6,long,0.012011550315265592,0.0025,,,,,,,,,,,,
2026-07-27 21:40:00,27953.75,zone_skip,tolerance,2026-07-27 04:00:00,28075.02,long,0.004319498258594311,0.0025,,,,,,,,,,,,
2026-07-27 21:45:00,27945.0,zone_skip,tolerance,2026-07-24 00:00:00,28293.6,long,0.012320807532445448,0.0025,,,,,,,,,,,,
2026-07-27 21:45:00,27945.0,zone_skip,tolerance,2026-07-27 04:00:00,28075.02,long,0.004631163219117936,0.0025,,,,,,,,,,,,
2026-07-27 21:50:00,28023.0,zone_skip,tolerance,2026-07-24 00:00:00,28293.6,long,0.009564000339299297,0.0025,,,,,,,,,,,,
2026-07-27 21:50:00,28023.0,zone_skip,tolerance,2026-07-24 12:00:00,28329.88,long,0.01083237909938203,0.0025,,,,,,,,,,,,
2026-07-27 21:50:00,28023.0,zone_skip,session,2026-07-27 04:00:00,28075.02,long,0.001852892713878759,,,0.0,,,,,,,,,,
2026-07-27 21:55:00,28060.0,zone_skip,tolerance,2026-07-24 00:00:00,28293.6,long,0.008256284106653043,0.0025,,,,,,,,,,,,
2026-07-27 21:55:00,28060.0,zone_skip,tolerance,2026-07-24 12:00:00,28329.88,long,0.009526337563025363,0.0025,,,,,,,,,,,,
2026-07-27 21:55:00,28060.0,zone_skip,session,2026-07-27 04:00:00,28075.02,long,0.0005349951665217134,,,0.0,,,,,,,,,,
2026-07-27 22:00:00,28043.87,zone_skip,tolerance,2026-07-24 00:00:00,28293.6,long,0.008826377696722919,0.0025,,,,,,,,,,,,
2026-07-27 22:00:00,28043.87,zone_skip,tolerance,2026-07-24 12:00:00,28329.88,long,0.010095701076037104,0.0025,,,,,,,,,,,,
2026-07-27 22:00:00,28043.87,zone_skip,session,2026-07-27 04:00:00,28075.02,long,0.001109527259464159,,,0.0,,,,,,,,,,
2026-07-27 22:05:00,28086.25,zone_skip,tolerance,2026-07-24 00:00:00,28293.6,long,0.007328512455113473,0.0025,,,,,,,,,,,,
2026-07-27 22:05:00,28086.25,zone_skip,tolerance,2026-07-24 12:00:00,28329.88,long,0.008599754040610162,0.0025,,,,,,,,,,,,
2026-07-27 22:05:00,28086.25,zone_skip,session,2026-07-27 04:00:00,28075.02,long,0.0003999997150491634,,,0.0,,,,,,,,,,
2026-07-27 22:10:00,28072.75,zone_skip,tolerance,2026-07-24 00:00:00,28293.6,long,0.007805652161619538,0.0025,,,,,,,,,,,,
2026-07-27 22:10:00,28072.75,zone_skip,tolerance,2026-07-24 12:00:00,28329.88,long,0.009076282709280837,0.0025,,,,,,,,,,,,
2026-07-27 22:10:00,28072.75,zone_skip,session,2026-07-27 04:00:00,28075.02,long,8.085479547300185e-05,,,0.0,,,,,,,,,,
2026-07-27 22:15:00,28084.75,zone_skip,tolerance,2026-07-24 00:00:00,28293.6,long,0.007381527978058591,0.0025,,,,,,,,,,,,
2026-07-27 22:15:00,28084.75,zone_skip,tolerance,2026-07-24 12:00:00,28329.88,long,0.008652701670462459,0.0025,,,,,,,,,,,,
2026-07-27 22:15:00,28084.75,zone_skip,session,2026-07-27 04:00:00,28075.02,long,0.00034657143610225614,,,0.0,,,,,,,,,,
2026-07-27 22:20:00,28096.5,zone_skip,tolerance,2026-07-24 00:00:00,28293.6,long,0.006966239714988497,0.0025,,,,,,,,,,,,
2026-07-27 22:20:00,28096.5,zone_skip,tolerance,2026-07-24 12:00:00,28329.88,long,0.008237945236619464,0.0025,,,,,,,,,,,,
2026-07-27 22:20:00,28096.5,zone_skip,session,2026-07-27 04:00:00,28075.02,long,0.0007650929545196962,,,0.0,,,,,,,,,,
2026-07-27 22:25:00,28115.0,zone_skip,tolerance,2026-07-24 00:00:00,28293.6,long,0.006312381598665371,0.0025,,,,,,,,,,,,
2026-07-27 22:25:00,28115.0,zone_skip,tolerance,2026-07-24 12:00:00,28329.88,long,0.00758492446844113,0.0025,,,,,,,,,,,,
2026-07-27 22:25:00,28115.0,zone_skip,session,2026-07-27 04:00:00,28075.02,long,0.001424041728198219,,,0.0,,,,,,,,,,
2026-07-27 22:30:00,28104.75,zone_skip,tolerance,2026-07-24 00:00:00,28293.6,long,0.006674654338790347,0.0025,,,,,,,,,,,,
2026-07-27 22:30:00,28104.75,zone_skip,tolerance,2026-07-24 12:00:00,28329.88,long,0.007946733272431828,0.0025,,,,,,,,,,,,
2026-07-27 22:30:00,28104.75,zone_skip,session,2026-07-27 04:00:00,28075.02,long,0.0010589484887276862,,,0.0,,,,,,,,,,
2026-07-27 22:35:00,28056.0,zone_skip,tolerance,2026-07-24 00:00:00,28293.6,long,0.008397658834506692,0.0025,,,,,,,,,,,,
2026-07-27 22:35:00,28056.0,zone_skip,tolerance,2026-07-24 12:00:00,28329.88,long,0.00966753124263149,0.0025,,,,,,,,,,,,
2026-07-27 22:35:00,28056.0,zone_skip,session,2026-07-27 04:00:00,28075.02,long,0.0006774705770467995,,,0.0,,,,,,,,,,
2026-07-27 22:40:00,28048.0,zone_skip,tolerance,2026-07-24 00:00:00,28293.6,long,0.00868040829021399,0.0025,,,,,,,,,,,,
2026-07-27 22:40:00,28048.0,zone_skip,tolerance,2026-07-24 12:00:00,28329.88,long,0.009949918601843742,0.0025,,,,,,,,,,,,
2026-07-27 22:40:00,28048.0,zone_skip,session,2026-07-27 04:00:00,28075.02,long,0.0009624213980969715,,,0.0,,,,,,,,,,
2026-07-27 22:45:00,28056.25,zone_skip,tolerance,2026-07-24 00:00:00,28293.6,long,0.00838882291401584,0.0025,,,,,,,,,,,,
2026-07-27 22:45:00,28056.25,zone_skip,tolerance,2026-07-24 12:00:00,28329.88,long,0.009658706637656108,0.0025,,,,,,,,,,,,
2026-07-27 22:45:00,28056.25,zone_skip,session,2026-07-27 04:00:00,28075.02,long,0.0006685658638889816,,,0.0,,,,,,,,,,
2026-07-27 22:50:00,28050.0,zone_skip,tolerance,2026-07-24 00:00:00,28293.6,long,0.008609720926287166,0.0025,,,,,,,,,,,,
2026-07-27 22:50:00,28050.0,zone_skip,tolerance,2026-07-24 12:00:00,28329.88,long,0.009879321762040679,0.0025,,,,,,,,,,,,
2026-07-27 22:50:00,28050.0,zone_skip,session,2026-07-27 04:00:00,28075.02,long,0.0008911836928344284,,,0.0,,,,,,,,,,
2026-07-27 22:55:00,28064.0,zone_skip,tolerance,2026-07-24 00:00:00,28293.6,long,0.008114909378799395,0.0025,,,,,,,,,,,,
2026-07-27 22:55:00,28064.0,zone_skip,tolerance,2026-07-24 12:00:00,28329.88,long,0.009385143883419239,0.0025,,,,,,,,,,,,
2026-07-27 22:55:00,28064.0,zone_skip,session,2026-07-27 04:00:00,28075.02,long,0.00039251975599662747,,,0.0,,,,,,,,,,
2026-07-27 23:00:00,28068.25,zone_skip,tolerance,2026-07-24 00:00:00,28293.6,long,0.007964698730454894,0.0025,,,,,,,,,,,,
2026-07-27 23:00:00,28068.25,zone_skip,tolerance,2026-07-24 12:00:00,28329.88,long,0.00923512559883773,0.0025,,,,,,,,,,,,
2026-07-27 23:00:00,28068.25,zone_skip,session,2026-07-27 04:00:00,28075.02,long,0.0002411396323137236,,,0.0,,,,,,,,,,
2026-07-27 23:05:00,28068.0,zone_skip,tolerance,2026-07-24 00:00:00,28293.6,long,0.007973534650945746,0.0025,,,,,,,,,,,,
2026-07-27 23:05:00,28068.0,zone_skip,tolerance,2026-07-24 12:00:00,28329.88,long,0.009243950203813113,0.0025,,,,,,,,,,,,
2026-07-27 23:05:00,28068.0,zone_skip,session,2026-07-27 04:00:00,28075.02,long,0.0002500443454715415,,,0.0,,,,,,,,,,
2026-07-27 23:10:00,28062.25,zone_skip,tolerance,2026-07-24 00:00:00,28293.6,long,0.008176760822235367,0.0025,,,,,,,,,,,,
2026-07-27 23:10:00,28062.25,zone_skip,tolerance,2026-07-24 12:00:00,28329.88,long,0.009446916118246919,0.0025,,,,,,,,,,,,
2026-07-27 23:10:00,28062.25,zone_skip,session,2026-07-27 04:00:00,28075.02,long,0.0004548527481013526,,,0.0,,,,,,,,,,
2026-07-27 23:15:00,28058.75,zone_skip,tolerance,2026-07-24 00:00:00,28293.6,long,0.008300463709107309,0.0025,,,,,,,,,,,,
2026-07-27 23:15:00,28058.75,zone_skip,tolerance,2026-07-24 12:00:00,28329.88,long,0.009570460587902278,0.0025,,,,,,,,,,,,
2026-07-27 23:15:00,28058.75,zone_skip,session,2026-07-27 04:00:00,28075.02,long,0.0005795187323108028,,,0.0,,,,,,,,,,
2026-07-27 23:20:00,28056.0,zone_skip,tolerance,2026-07-24 00:00:00,28293.6,long,0.008397658834506692,0.0025,,,,,,,,,,,,
2026-07-27 23:20:00,28056.0,zone_skip,tolerance,2026-07-24 12:00:00,28329.88,long,0.00966753124263149,0.0025,,,,,,,,,,,,
2026-07-27 23:20:00,28056.0,zone_skip,session,2026-07-27 04:00:00,28075.02,long,0.0006774705770467995,,,0.0,,,,,,,,,,
2026-07-27 23:25:00,28065.75,zone_skip,tolerance,2026-07-24 00:00:00,28293.6,long,0.008053057935363423,0.0025,,,,,,,,,,,,
2026-07-27 23:25:00,28065.75,zone_skip,tolerance,2026-07-24 12:00:00,28329.88,long,0.009323371648591558,0.0025,,,,,,,,,,,,
2026-07-27 23:25:00,28065.75,zone_skip,session,2026-07-27 04:00:00,28075.02,long,0.00033018676389190237,,,0.0,,,,,,,,,,
2026-07-27 23:30:00,28089.5,zone_skip,tolerance,2026-07-24 00:00:00,28293.6,long,0.007213645488732383,0.0025,,,,,,,,,,,,
2026-07-27 23:30:00,28089.5,zone_skip,tolerance,2026-07-24 12:00:00,28329.88,long,0.008485034175930184,0.0025,,,,,,,,,,,,
2026-07-27 23:30:00,28089.5,zone_skip,session,2026-07-27 04:00:00,28075.02,long,0.0005157609861007957,,,0.0,,,,,,,,,,
2026-07-27 23:35:00,28090.75,zone_skip,tolerance,2026-07-24 00:00:00,28293.6,long,0.007169465886278118,0.0025,,,,,,,,,,,,
2026-07-27 23:35:00,28090.75,zone_skip,tolerance,2026-07-24 12:00:00,28329.88,long,0.00844091115105327,0.0025,,,,,,,,,,,,
2026-07-27 23:35:00,28090.75,zone_skip,session,2026-07-27 04:00:00,28075.02,long,0.0005602845518898851,,,0.0,,,,,,,,,,
2026-07-27 23:40:00,28079.25,zone_skip,tolerance,2026-07-24 00:00:00,28293.6,long,0.0075759182288573585,0.0025,,,,,,,,,,,,
2026-07-27 23:40:00,28079.25,zone_skip,tolerance,2026-07-24 12:00:00,28329.88,long,0.008846842979920883,0.0025,,,,,,,,,,,,
2026-07-27 23:40:00,28079.25,zone_skip,session,2026-07-27 04:00:00,28075.02,long,0.0001506677466302629,,,0.0,,,,,,,,,,
2026-07-27 23:45:00,28066.0,zone_skip,tolerance,2026-07-24 00:00:00,28293.6,long,0.00804422201487257,0.0025,,,,,,,,,,,,
2026-07-27 23:45:00,28066.0,zone_skip,tolerance,2026-07-24 12:00:00,28329.88,long,0.009314547043616176,0.0025,,,,,,,,,,,,
2026-07-27 23:45:00,28066.0,zone_skip,session,2026-07-27 04:00:00,28075.02,long,0.00032128205073408446,,,0.0,,,,,,,,,,
2026-07-27 23:50:00,28065.25,zone_skip,tolerance,2026-07-24 00:00:00,28293.6,long,0.00807072977634513,0.0025,,,,,,,,,,,,
2026-07-27 23:50:00,28065.25,zone_skip,tolerance,2026-07-24 12:00:00,28329.88,long,0.009341020858542324,0.0025,,,,,,,,,,,,
2026-07-27 23:50:00,28065.25,zone_skip,session,2026-07-27 04:00:00,28075.02,long,0.0003479961902075381,,,0.0,,,,,,,,,,
2026-07-27 23:55:00,28081.55,zone_skip,tolerance,2026-07-24 00:00:00,28293.6,long,0.007494627760341536,0.0025,,,,,,,,,,,,
2026-07-27 23:55:00,28081.55,zone_skip,tolerance,2026-07-24 12:00:00,28329.88,long,0.008765656614147386,0.0025,,,,,,,,,,,,
2026-07-27 23:55:00,28081.55,zone_skip,session,2026-07-27 04:00:00,28075.02,long,0.00023259110768216143,,,0.0,,,,,,,,,,
2026-07-28 01:00:00,28063.55,zone_skip,tolerance,2026-07-24 00:00:00,28293.6,long,0.008130814035682957,0.0025,,,,,,,,,,,,
2026-07-28 01:00:00,28063.55,zone_skip,tolerance,2026-07-24 12:00:00,28329.88,long,0.009401028172374953,0.0025,,,,,,,,,,,,
2026-07-28 01:00:00,28063.55,zone_skip,session,2026-07-27 04:00:00,28075.02,long,0.0004085482396807256,,,0.0,,,,,,,,,,
2026-07-28 01:00:00,28063.55,zone_skip,tolerance,2026-07-28 00:00:00,27809.75,long,0.009126295633725556,0.0025,,,,,,,,,,,,
2026-07-28 01:05:00,28050.05,zone_skip,tolerance,2026-07-24 00:00:00,28293.6,long,0.008607953742189022,0.0025,,,,,,,,,,,,
2026-07-28 01:05:00,28050.05,zone_skip,tolerance,2026-07-24 12:00:00,28329.88,long,0.009877556841045628,0.0025,,,,,,,,,,,,
2026-07-28 01:05:00,28050.05,zone_skip,session,2026-07-27 04:00:00,28075.02,long,0.0008894027502028908,,,0.0,,,,,,,,,,
2026-07-28 01:05:00,28050.05,zone_skip,tolerance,2026-07-28 00:00:00,27809.75,long,0.008640854376612493,0.0025,,,,,,,,,,,,
2026-07-28 01:10:00,28031.55,zone_skip,tolerance,2026-07-24 00:00:00,28293.6,long,0.009261811858512147,0.0025,,,,,,,,,,,,
2026-07-28 01:10:00,28031.55,zone_skip,tolerance,2026-07-24 12:00:00,28329.88,long,0.010530577609223962,0.0025,,,,,,,,,,,,
2026-07-28 01:10:00,28031.55,zone_skip,session,2026-07-27 04:00:00,28075.02,long,0.0015483515238814136,,,0.0,,,,,,,,,,
2026-07-28 01:10:00,28031.55,zone_skip,tolerance,2026-07-28 00:00:00,27809.75,long,0.007975620061309406,0.0025,,,,,,,,,,,,
2026-07-28 01:15:00,28031.05,zone_skip,tolerance,2026-07-24 00:00:00,28293.6,long,0.009279483699493853,0.0025,,,,,,,,,,,,
2026-07-28 01:15:00,28031.05,zone_skip,tolerance,2026-07-24 12:00:00,28329.88,long,0.010548226819174727,0.0025,,,,,,,,,,,,
2026-07-28 01:15:00,28031.05,zone_skip,session,2026-07-27 04:00:00,28075.02,long,0.0015661609501970493,,,0.0,,,,,,,,,,
2026-07-28 01:15:00,28031.05,zone_skip,tolerance,2026-07-28 00:00:00,27809.75,long,0.007957640755490405,0.0025,,,,,,,,,,,,
2026-07-28 01:20:00,28022.1,zone_skip,tolerance,2026-07-24 00:00:00,28293.6,long,0.009595809653066419,0.0025,,,,,,,,,,,,
2026-07-28 01:20:00,28022.1,zone_skip,tolerance,2026-07-24 12:00:00,28329.88,long,0.01086414767729346,0.0025,,,,,,,,,,,,
2026-07-28 01:20:00,28022.1,zone_skip,session,2026-07-27 04:00:00,28075.02,long,0.0018849496812469552,,,0.0,,,,,,,,,,
2026-07-28 01:20:00,28022.1,zone_skip,tolerance,2026-07-28 00:00:00,27809.75,long,0.007635811181330237,0.0025,,,,,,,,,,,,
2026-07-28 01:25:00,28001.85,zone_skip,tolerance,2026-07-24 00:00:00,28293.6,long,0.010311519212825516,0.0025,,,,,,,,,,,,
2026-07-28 01:25:00,28001.85,zone_skip,tolerance,2026-07-24 12:00:00,28329.88,long,0.011578940680299474,0.0025,,,,,,,,,,,,
2026-07-28 01:25:00,28001.85,zone_skip,tolerance,2026-07-27 04:00:00,28075.02,long,0.002606231447030203,0.0025,,,,,,,,,,,,
2026-07-28 01:25:00,28001.85,zone_skip,tolerance,2026-07-28 00:00:00,27809.75,long,0.006907649295660642,0.0025,,,,,,,,,,,,
2026-07-28 01:30:00,28018.85,zone_skip,tolerance,2026-07-24 00:00:00,28293.6,long,0.009710676619447509,0.0025,,,,,,,,,,,,
2026-07-28 01:30:00,28018.85,zone_skip,tolerance,2026-07-24 12:00:00,28329.88,long,0.010978867541973438,0.0025,,,,,,,,,,,,
2026-07-28 01:30:00,28018.85,zone_skip,session,2026-07-27 04:00:00,28075.02,long,0.0020007109522985874,,,0.0,,,,,,,,,,
2026-07-28 01:30:00,28018.85,zone_skip,tolerance,2026-07-28 00:00:00,27809.75,long,0.007518945693506722,0.0025,,,,,,,,,,,,
2026-07-28 01:35:00,28017.3,zone_skip,tolerance,2026-07-24 00:00:00,28293.6,long,0.00976545932649077,0.0025,,,,,,,,,,,,
2026-07-28 01:35:00,28017.3,zone_skip,tolerance,2026-07-24 12:00:00,28329.88,long,0.011033580092820787,0.0025,,,,,,,,,,,,
2026-07-28 01:35:00,28017.3,zone_skip,session,2026-07-27 04:00:00,28075.02,long,0.0020559201738770323,,,0.0,,,,,,,,,,
2026-07-28 01:35:00,28017.3,zone_skip,tolerance,2026-07-28 00:00:00,27809.75,long,0.00746320984546784,0.0025,,,,,,,,,,,,
2026-07-28 01:40:00,28005.8,zone_skip,tolerance,2026-07-24 00:00:00,28293.6,long,0.010171911669070012,0.0025,,,,,,,,,,,,
2026-07-28 01:40:00,28005.8,zone_skip,tolerance,2026-07-24 12:00:00,28329.88,long,0.011439511921688399,0.0025,,,,,,,,,,,,
2026-07-28 01:40:00,28005.8,zone_skip,session,2026-07-27 04:00:00,28075.02,long,0.0024655369791366545,,,0.0,,,,,,,,,,
2026-07-28 01:40:00,28005.8,zone_skip,tolerance,2026-07-28 00:00:00,27809.75,long,0.007049685811630787,0.0025,,,,,,,,,,,,
2026-07-28 01:45:00,28011.3,zone_skip,tolerance,2026-07-24 00:00:00,28293.6,long,0.009977521418271245,0.0025,,,,,,,,,,,,
2026-07-28 01:45:00,28011.3,zone_skip,tolerance,2026-07-24 12:00:00,28329.88,long,0.011245370612229976,0.0025,,,,,,,,,,,,
2026-07-28 01:45:00,28011.3,zone_skip,session,2026-07-27 04:00:00,28075.02,long,0.0022696332896646612,,,0.0,,,,,,,,,,
2026-07-28 01:45:00,28011.3,zone_skip,tolerance,2026-07-28 00:00:00,27809.75,long,0.007247458175639813,0.0025,,,,,,,,,,,,
2026-07-28 01:50:00,28009.1,zone_skip,tolerance,2026-07-24 00:00:00,28293.6,long,0.010055277518590778,0.0025,,,,,,,,,,,,
2026-07-28 01:50:00,28009.1,zone_skip,tolerance,2026-07-24 12:00:00,28329.88,long,0.01132302713601337,0.0025,,,,,,,,,,,,
2026-07-28 01:50:00,28009.1,zone_skip,session,2026-07-27 04:00:00,28075.02,long,0.002347994765453485,,,0.0,,,,,,,,,,
2026-07-28 01:50:00,28009.1,zone_skip,tolerance,2026-07-28 00:00:00,27809.75,long,0.007168349230036176,0.0025,,,,,,,,,,,,
2026-07-28 01:55:00,28005.55,zone_skip,tolerance,2026-07-24 00:00:00,28293.6,long,0.010180747589560864,0.0025,,,,,,,,,,,,
2026-07-28 01:55:00,28005.55,zone_skip,tolerance,2026-07-24 12:00:00,28329.88,long,0.011448336526663782,0.0025,,,,,,,,,,,,
2026-07-28 01:55:00,28005.55,zone_skip,session,2026-07-27 04:00:00,28075.02,long,0.0024744416922944726,,,0.0,,,,,,,,,,
2026-07-28 01:55:00,28005.55,zone_skip,tolerance,2026-07-28 00:00:00,27809.75,long,0.007040696158721285,0.0025,,,,,,,,,,,,
2026-07-28 02:00:00,27984.1,zone_skip,tolerance,2026-07-24 00:00:00,28293.6,long,0.010938869567676084,0.0025,,,,,,,,,,,,
2026-07-28 02:00:00,27984.1,zone_skip,tolerance,2026-07-24 12:00:00,28329.88,long,0.012205487633551658,0.0025,,,,,,,,,,,,
2026-07-28 02:00:00,27984.1,zone_skip,tolerance,2026-07-27 04:00:00,28075.02,long,0.003238466081235272,0.0025,,,,,,,,,,,,
2026-07-28 02:00:00,27984.1,zone_skip,tolerance,2026-07-28 00:00:00,27809.75,long,0.00626938393908606,0.0025,,,,,,,,,,,,
2026-07-28 02:05:00,28002.8,zone_skip,tolerance,2026-07-24 00:00:00,28293.6,long,0.010277942714960249,0.0025,,,,,,,,,,,,
2026-07-28 02:05:00,28002.8,zone_skip,tolerance,2026-07-24 12:00:00,28329.88,long,0.011545407181392993,0.0025,,,,,,,,,,,,
2026-07-28 02:05:00,28002.8,zone_skip,tolerance,2026-07-27 04:00:00,28075.02,long,0.002572393537030469,0.0025,,,,,,,,,,,,
2026-07-28 02:05:00,28002.8,zone_skip,tolerance,2026-07-28 00:00:00,27809.75,long,0.006941809976716773,0.0025,,,,,,,,,,,,
2026-07-28 02:10:00,28003.05,zone_skip,tolerance,2026-07-24 00:00:00,28293.6,long,0.010269106794469395,0.0025,,,,,,,,,,,,
2026-07-28 02:10:00,28003.05,zone_skip,tolerance,2026-07-24 12:00:00,28329.88,long,0.01153658257641761,0.0025,,,,,,,,,,,,
2026-07-28 02:10:00,28003.05,zone_skip,tolerance,2026-07-27 04:00:00,28075.02,long,0.002563488823872651,0.0025,,,,,,,,,,,,
2026-07-28 02:10:00,28003.05,zone_skip,tolerance,2026-07-28 00:00:00,27809.75,long,0.0069507996296262736,0.0025,,,,,,,,,,,,
2026-07-28 02:15:00,28018.1,zone_skip,tolerance,2026-07-24 00:00:00,28293.6,long,0.009737184380920067,0.0025,,,,,,,,,,,,
2026-07-28 02:15:00,28018.1,zone_skip,tolerance,2026-07-24 12:00:00,28329.88,long,0.011005341356899586,0.0025,,,,,,,,,,,,
2026-07-28 02:15:00,28018.1,zone_skip,session,2026-07-27 04:00:00,28075.02,long,0.002027425091772041,,,0.0,,,,,,,,,,
2026-07-28 02:15:00,28018.1,zone_skip,tolerance,2026-07-28 00:00:00,27809.75,long,0.0074919767347782175,0.0025,,,,,,,,,,,,
2026-07-28 02:20:00,28020.05,zone_skip,tolerance,2026-07-24 00:00:00,28293.6,long,0.009668264201091388,0.0025,,,,,,,,,,,,
2026-07-28 02:20:00,28020.05,zone_skip,tolerance,2026-07-24 12:00:00,28329.88,long,0.010936509438091574,0.0025,,,,,,,,,,,,
2026-07-28 02:20:00,28020.05,zone_skip,session,2026-07-27 04:00:00,28075.02,long,0.0019579683291410356,,,0.0,,,,,,,,,,
2026-07-28 02:20:00,28020.05,zone_skip,tolerance,2026-07-28 00:00:00,27809.75,long,0.007562096027472353,0.0025,,,,,,,,,,,,
2026-07-28 02:25:00,28034.8,zone_skip,tolerance,2026-07-24 00:00:00,28293.6,long,0.009146944892131057,0.0025,,,,,,,,,,,,
2026-07-28 02:25:00,28034.8,zone_skip,tolerance,2026-07-24 12:00:00,28329.88,long,0.010415857744543984,0.0025,,,,,,,,,,,,
2026-07-28 02:25:00,28034.8,zone_skip,session,2026-07-27 04:00:00,28075.02,long,0.0014325902528297813,,,0.0,,,,,,,,,,
2026-07-28 02:25:00,28034.8,zone_skip,tolerance,2026-07-28 00:00:00,27809.75,long,0.008092485549132921,0.0025,,,,,,,,,,,,
2026-07-28 02:30:00,28027.8,zone_skip,tolerance,2026-07-24 00:00:00,28293.6,long,0.009394350665874943,0.0025,,,,,,,,,,,,
2026-07-28 02:30:00,28027.8,zone_skip,tolerance,2026-07-24 12:00:00,28329.88,long,0.010662946683854705,0.0025,,,,,,,,,,,,
2026-07-28 02:30:00,28027.8,zone_skip,session,2026-07-27 04:00:00,28075.02,long,0.0016819222212486817,,,0.0,,,,,,,,,,
2026-07-28 02:30:00,28027.8,zone_skip,tolerance,2026-07-28 00:00:00,27809.75,long,0.00784077526766689,0.0025,,,,,,,,,,,,
2026-07-28 02:35:00,28016.6,zone_skip,tolerance,2026-07-24 00:00:00,28293.6,long,0.009790199903865185,0.0025,,,,,,,,,,,,
2026-07-28 02:35:00,28016.6,zone_skip,tolerance,2026-07-24 12:00:00,28329.88,long,0.011058288986751885,0.0025,,,,,,,,,,,,
2026-07-28 02:35:00,28016.6,zone_skip,session,2026-07-27 04:00:00,28075.02,long,0.0020808533707189483,,,0.0,,,,,,,,,,
2026-07-28 02:35:00,28016.6,zone_skip,tolerance,2026-07-28 00:00:00,27809.75,long,0.007438038817321211,0.0025,,,,,,,,,,,,
2026-07-28 02:40:00,28005.35,zone_skip,tolerance,2026-07-24 00:00:00,28293.6,long,0.010187816325953574,0.0025,,,,,,,,,,,,
2026-07-28 02:40:00,28005.35,zone_skip,tolerance,2026-07-24 12:00:00,28329.88,long,0.011455396210644113,0.0025,,,,,,,,,,,,
2026-07-28 02:40:00,28005.35,zone_skip,chasing,2026-07-27 04:00:00,28075.02,long,0.002481565462820753,,45.93844134122364,,,,,,,,,,,
2026-07-28 02:40:00,28005.35,zone_skip,tolerance,2026-07-28 00:00:00,27809.75,long,0.0070335044363936585,0.0025,,,,,,,,,,,,
2026-07-28 02:45:00,28003.1,zone_skip,tolerance,2026-07-24 00:00:00,28293.6,long,0.01026733961037125,0.0025,,,,,,,,,,,,
2026-07-28 02:45:00,28003.1,zone_skip,tolerance,2026-07-24 12:00:00,28329.88,long,0.01153481765542256,0.0025,,,,,,,,,,,,
2026-07-28 02:45:00,28003.1,zone_skip,tolerance,2026-07-27 04:00:00,28075.02,long,0.002561707881241114,0.0025,,,,,,,,,,,,
2026-07-28 02:45:00,28003.1,zone_skip,tolerance,2026-07-28 00:00:00,27809.75,long,0.006952597560208148,0.0025,,,,,,,,,,,,
2026-07-28 02:50:00,28045.3,zone_skip,tolerance,2026-07-24 00:00:00,28293.6,long,0.00877583623151523,0.0025,,,,,,,,,,,,
2026-07-28 02:50:00,28045.3,zone_skip,tolerance,2026-07-24 12:00:00,28329.88,long,0.010045224335577904,0.0025,,,,,,,,,,,,
2026-07-28 02:50:00,28045.3,zone_skip,session,2026-07-27 04:00:00,28075.02,long,0.0010585923002014305,,,0.0,,,,,,,,,,
2026-07-28 02:50:00,28045.3,zone_skip,tolerance,2026-07-28 00:00:00,27809.75,long,0.008470050971331971,0.0025,,,,,,,,,,,,
2026-07-28 02:55:00,28036.05,zone_skip,tolerance,2026-07-24 00:00:00,28293.6,long,0.009102765289676792,0.0025,,,,,,,,,,,,
2026-07-28 02:55:00,28036.05,zone_skip,tolerance,2026-07-24 12:00:00,28329.88,long,0.01037173471966707,0.0025,,,,,,,,,,,,
2026-07-28 02:55:00,28036.05,zone_skip,session,2026-07-27 04:00:00,28075.02,long,0.0013880666870406918,,,0.0,,,,,,,,,,
2026-07-28 02:55:00,28036.05,zone_skip,tolerance,2026-07-28 00:00:00,27809.75,long,0.008137433813680428,0.0025,,,,,,,,,,,,
2026-07-28 03:00:00,28057.55,zone_skip,tolerance,2026-07-24 00:00:00,28293.6,long,0.00834287612746343,0.0025,,,,,,,,,,,,
2026-07-28 03:00:00,28057.55,zone_skip,tolerance,2026-07-24 12:00:00,28329.88,long,0.009612818691784143,0.0025,,,,,,,,,,,,
2026-07-28 03:00:00,28057.55,zone_skip,session,2026-07-27 04:00:00,28075.02,long,0.0006222613554683546,,,0.0,,,,,,,,,,
2026-07-28 03:00:00,28057.55,zone_skip,tolerance,2026-07-28 00:00:00,27809.75,long,0.008910543963897528,0.0025,,,,,,,,,,,,
2026-07-28 03:05:00,28014.3,zone_skip,tolerance,2026-07-24 00:00:00,28293.6,long,0.009871490372381008,0.0025,,,,,,,,,,,,
2026-07-28 03:05:00,28014.3,zone_skip,tolerance,2026-07-24 12:00:00,28329.88,long,0.011139475352525382,0.0025,,,,,,,,,,,,
2026-07-28 03:05:00,28014.3,zone_skip,session,2026-07-27 04:00:00,28075.02,long,0.002162776731770847,,,0.0,,,,,,,,,,
2026-07-28 03:05:00,28014.3,zone_skip,tolerance,2026-07-28 00:00:00,27809.75,long,0.007355334010553827,0.0025,,,,,,,,,,,,
2026-07-28 03:10:00,27984.3,zone_skip,tolerance,2026-07-24 00:00:00,28293.6,long,0.010931800831283374,0.0025,,,,,,,,,,,,
2026-07-28 03:10:00,27984.3,zone_skip,tolerance,2026-07-24 12:00:00,28329.88,long,0.012198427949571327,0.0025,,,,,,,,,,,,
2026-07-28 03:10:00,27984.3,zone_skip,tolerance,2026-07-27 04:00:00,28075.02,long,0.003231342310708992,0.0025,,,,,,,,,,,,
2026-07-28 03:10:00,27984.3,zone_skip,tolerance,2026-07-28 00:00:00,27809.75,long,0.006276575661413686,0.0025,,,,,,,,,,,,
2026-07-28 03:15:00,27988.05,zone_skip,tolerance,2026-07-24 00:00:00,28293.6,long,0.01079926202392058,0.0025,,,,,,,,,,,,
2026-07-28 03:15:00,27988.05,zone_skip,tolerance,2026-07-24 12:00:00,28329.88,long,0.012066058874940583,0.0025,,,,,,,,,,,,
2026-07-28 03:15:00,27988.05,zone_skip,tolerance,2026-07-27 04:00:00,28075.02,long,0.003097771613341724,0.0025,,,,,,,,,,,,
2026-07-28 03:15:00,27988.05,zone_skip,tolerance,2026-07-28 00:00:00,27809.75,long,0.006411420455056204,0.0025,,,,,,,,,,,,
2026-07-28 03:20:00,27963.8,zone_skip,tolerance,2026-07-24 00:00:00,28293.6,long,0.011656346311533325,0.0025,,,,,,,,,,,,
2026-07-28 03:20:00,27963.8,zone_skip,tolerance,2026-07-27 04:00:00,28075.02,long,0.003961528789650058,0.0025,,,,,,,,,,,,
2026-07-28 03:20:00,27963.8,zone_skip,tolerance,2026-07-28 00:00:00,27809.75,long,0.005539424122834591,0.0025,,,,,,,,,,,,
2026-07-28 03:25:00,27977.35,zone_skip,tolerance,2026-07-24 00:00:00,28293.6,long,0.011177439420929115,0.0025,,,,,,,,,,,,
2026-07-28 03:25:00,27977.35,zone_skip,tolerance,2026-07-24 12:00:00,28329.88,long,0.012443751967886996,0.0025,,,,,,,,,,,,
2026-07-28 03:25:00,27977.35,zone_skip,tolerance,2026-07-27 04:00:00,28075.02,long,0.003478893336496355,0.0025,,,,,,,,,,,,
2026-07-28 03:25:00,27977.35,zone_skip,tolerance,2026-07-28 00:00:00,27809.75,long,0.006026663310529528,0.0025,,,,,,,,,,,,
2026-07-28 03:30:00,27992.3,zone_skip,tolerance,2026-07-24 00:00:00,28293.6,long,0.010649051375576077,0.0025,,,,,,,,,,,,
2026-07-28 03:30:00,27992.3,zone_skip,tolerance,2026-07-24 12:00:00,28329.88,long,0.011916040590359075,0.0025,,,,,,,,,,,,
2026-07-28 03:30:00,27992.3,zone_skip,tolerance,2026-07-27 04:00:00,28075.02,long,0.00294639148965882,0.0025,,,,,,,,,,,,
2026-07-28 03:30:00,27992.3,zone_skip,tolerance,2026-07-28 00:00:00,27809.75,long,0.006564244554517724,0.0025,,,,,,,,,,,,
2026-07-28 03:35:00,27993.05,zone_skip,tolerance,2026-07-24 00:00:00,28293.6,long,0.010622543614103518,0.0025,,,,,,,,,,,,
2026-07-28 03:35:00,27993.05,zone_skip,tolerance,2026-07-24 12:00:00,28329.88,long,0.011889566775432925,0.0025,,,,,,,,,,,,
2026-07-28 03:35:00,27993.05,zone_skip,tolerance,2026-07-27 04:00:00,28075.02,long,0.0029196773501853662,0.0025,,,,,,,,,,,,
2026-07-28 03:35:00,27993.05,zone_skip,tolerance,2026-07-28 00:00:00,27809.75,long,0.006591213513246227,0.0025,,,,,,,,,,,,
2026-07-28 03:40:00,27993.8,zone_skip,tolerance,2026-07-24 00:00:00,28293.6,long,0.010596035852630959,0.0025,,,,,,,,,,,,
2026-07-28 03:40:00,27993.8,zone_skip,tolerance,2026-07-24 12:00:00,28329.88,long,0.011863092960506777,0.0025,,,,,,,,,,,,
2026-07-28 03:40:00,27993.8,zone_skip,tolerance,2026-07-27 04:00:00,28075.02,long,0.002892963210711913,0.0025,,,,,,,,,,,,
2026-07-28 03:40:00,27993.8,zone_skip,tolerance,2026-07-28 00:00:00,27809.75,long,0.006618182471974731,0.0025,,,,,,,,,,,,
2026-07-28 03:45:00,27950.8,zone_skip,tolerance,2026-07-24 00:00:00,28293.6,long,0.012115814177057684,0.0025,,,,,,,,,,,,
2026-07-28 03:45:00,27950.8,zone_skip,tolerance,2026-07-27 04:00:00,28075.02,long,0.004424573873856587,0.0025,,,,,,,,,,,,
2026-07-28 03:45:00,27950.8,zone_skip,tolerance,2026-07-28 00:00:00,27809.75,long,0.005071962171540531,0.0025,,,,,,,,,,,,
2026-07-28 03:50:00,27944.35,zone_skip,tolerance,2026-07-24 00:00:00,28293.6,long,0.012343780925721718,0.0025,,,,,,,,,,,,
2026-07-28 03:50:00,27944.35,zone_skip,tolerance,2026-07-27 04:00:00,28075.02,long,0.004654315473328314,0.0025,,,,,,,,,,,,
2026-07-28 03:50:00,27944.35,zone_skip,tolerance,2026-07-28 00:00:00,27809.75,long,0.0048400291264753745,0.0025,,,,,,,,,,,,
2026-07-28 03:55:00,27944.3,zone_skip,tolerance,2026-07-24 00:00:00,28293.6,long,0.012345548109819863,0.0025,,,,,,,,,,,,
2026-07-28 03:55:00,27944.3,zone_skip,tolerance,2026-07-27 04:00:00,28075.02,long,0.004656096415959852,0.0025,,,,,,,,,,,,
2026-07-28 03:55:00,27944.3,zone_skip,tolerance,2026-07-28 00:00:00,27809.75,long,0.0048382311958935,0.0025,,,,,,,,,,,,
2026-07-28 04:00:00,27915.05,zone_skip,tolerance,2026-07-27 04:00:00,28075.02,long,0.005697947855424543,0.0025,,,,,,,,,,,,
2026-07-28 04:00:00,27915.05,zone_skip,tolerance,2026-07-28 00:00:00,27809.75,long,0.003786441805481864,0.0025,,,,,,,,,,,,
2026-07-28 04:05:00,27879.05,zone_skip,tolerance,2026-07-27 04:00:00,28075.02,long,0.006980226550150318,0.0025,,,,,,,,,,,,
2026-07-28 04:05:00,27879.05,zone_skip,session,2026-07-28 00:00:00,27809.75,long,0.0024919317865136964,,,0.0,,,,,,,,,,
2026-07-28 04:10:00,27866.1,zone_skip,tolerance,2026-07-27 04:00:00,28075.02,long,0.007441490691725309,0.0025,,,,,,,,,,,,
2026-07-28 04:10:00,27866.1,zone_skip,session,2026-07-28 00:00:00,27809.75,long,0.00202626776580151,,,0.0,,,,,,,,,,
2026-07-28 04:15:00,27875.6,zone_skip,tolerance,2026-07-27 04:00:00,28075.02,long,0.00710311159172823,0.0025,,,,,,,,,,,,
2026-07-28 04:15:00,27875.6,zone_skip,session,2026-07-28 00:00:00,27809.75,long,0.0023678745763625543,,,0.0,,,,,,,,,,
2026-07-28 04:20:00,27877.55,zone_skip,tolerance,2026-07-27 04:00:00,28075.02,long,0.007033654829097224,0.0025,,,,,,,,,,,,
2026-07-28 04:20:00,27877.55,zone_skip,session,2026-07-28 00:00:00,27809.75,long,0.0024379938690566897,,,0.0,,,,,,,,,,
2026-07-28 04:25:00,27932.3,zone_skip,tolerance,2026-07-27 04:00:00,28075.02,long,0.00508352264753511,0.0025,,,,,,,,,,,,
2026-07-28 04:25:00,27932.3,zone_skip,tolerance,2026-07-28 00:00:00,27809.75,long,0.004406727856237445,0.0025,,,,,,,,,,,,
2026-07-28 04:30:00,27962.35,zone_skip,tolerance,2026-07-24 00:00:00,28293.6,long,0.011707594650380298,0.0025,,,,,,,,,,,,
2026-07-28 04:30:00,27962.35,zone_skip,tolerance,2026-07-27 04:00:00,28075.02,long,0.004013176125965428,0.0025,,,,,,,,,,,,
2026-07-28 04:30:00,27962.35,zone_skip,tolerance,2026-07-28 00:00:00,27809.75,long,0.005487284135959458,0.0025,,,,,,,,,,,,
2026-07-28 04:35:00,27937.8,zone_skip,tolerance,2026-07-27 04:00:00,28075.02,long,0.0048876189580631165,0.0025,,,,,,,,,,,,
2026-07-28 04:35:00,27937.8,zone_skip,tolerance,2026-07-28 00:00:00,27809.75,long,0.0046045002202464705,0.0025,,,,,,,,,,,,
2026-07-28 04:40:00,27952.6,zone_skip,tolerance,2026-07-24 00:00:00,28293.6,long,0.012052195549523567,0.0025,,,,,,,,,,,,
2026-07-28 04:40:00,27952.6,zone_skip,tolerance,2026-07-27 04:00:00,28075.02,long,0.004360459939120325,0.0025,,,,,,,,,,,,
2026-07-28 04:40:00,27952.6,zone_skip,tolerance,2026-07-28 00:00:00,27809.75,long,0.005136687672488913,0.0025,,,,,,,,,,,,
2026-07-28 04:45:00,27954.3,zone_skip,tolerance,2026-07-24 00:00:00,28293.6,long,0.011992111290185741,0.0025,,,,,,,,,,,,
2026-07-28 04:45:00,27954.3,zone_skip,tolerance,2026-07-27 04:00:00,28075.02,long,0.004299907889647137,0.0025,,,,,,,,,,,,
2026-07-28 04:45:00,27954.3,zone_skip,tolerance,2026-07-28 00:00:00,27809.75,long,0.005197817312273547,0.0025,,,,,,,,,,,,
2026-07-28 04:50:00,27896.05,zone_skip,tolerance,2026-07-27 04:00:00,28075.02,long,0.006374706055418702,0.0025,,,,,,,,,,,,
2026-07-28 04:50:00,27896.05,zone_skip,tolerance,2026-07-28 00:00:00,27809.75,long,0.0031032281843597757,0.0025,,,,,,,,,,,,
2026-07-28 04:55:00,27893.8,zone_skip,tolerance,2026-07-27 04:00:00,28075.02,long,0.006454848473839063,0.0025,,,,,,,,,,,,
2026-07-28 04:55:00,27893.8,zone_skip,tolerance,2026-07-28 00:00:00,27809.75,long,0.0030223213081742653,0.0025,,,,,,,,,,,,
2026-07-28 05:00:00,27861.1,zone_skip,tolerance,2026-07-27 04:00:00,28075.02,long,0.007619584954881666,0.0025,,,,,,,,,,,,
2026-07-28 05:00:00,27861.1,zone_skip,session,2026-07-28 00:00:00,27809.75,long,0.0018464747076114868,,,0.0,,,,,,,,,,
2026-07-28 05:05:00,27869.3,zone_skip,tolerance,2026-07-27 04:00:00,28075.02,long,0.007327510363305215,0.0025,,,,,,,,,,,,
2026-07-28 05:05:00,27869.3,zone_skip,session,2026-07-28 00:00:00,27809.75,long,0.002141335323043151,,,0.0,,,,,,,,,,
2026-07-28 05:10:00,27869.05,zone_skip,tolerance,2026-07-27 04:00:00,28075.02,long,0.007336415076463032,0.0025,,,,,,,,,,,,
2026-07-28 05:10:00,27869.05,zone_skip,session,2026-07-28 00:00:00,27809.75,long,0.00213234567013365,,,0.0,,,,,,,,,,
2026-07-28 05:15:00,27885.1,zone_skip,tolerance,2026-07-27 04:00:00,28075.02,long,0.0067647324917311505,0.0025,,,,,,,,,,,,
2026-07-28 05:15:00,27885.1,zone_skip,tolerance,2026-07-28 00:00:00,27809.75,long,0.0027094813869235988,0.0025,,,,,,,,,,,,
2026-07-28 05:20:00,27894.6,zone_skip,tolerance,2026-07-27 04:00:00,28075.02,long,0.0064263533917340715,0.0025,,,,,,,,,,,,
2026-07-28 05:20:00,27894.6,zone_skip,tolerance,2026-07-28 00:00:00,27809.75,long,0.0030510881974846428,0.0025,,,,,,,,,,,,
2026-07-28 05:25:00,27860.6,zone_skip,tolerance,2026-07-27 04:00:00,28075.02,long,0.0076373943811973025,0.0025,,,,,,,,,,,,
2026-07-28 05:25:00,27860.6,zone_skip,session,2026-07-28 00:00:00,27809.75,long,0.0018284954017924846,,,0.0,,,,,,,,,,
2026-07-28 05:30:00,27843.35,zone_skip,tolerance,2026-07-27 04:00:00,28075.02,long,0.008251819589086737,0.0025,,,,,,,,,,,,
2026-07-28 05:30:00,27843.35,zone_skip,session,2026-07-28 00:00:00,27809.75,long,0.0012082093510369042,,,0.0,,,,,,,,,,
2026-07-28 05:35:00,27850.8,zone_skip,tolerance,2026-07-27 04:00:00,28075.02,long,0.007986459136983736,0.0025,,,,,,,,,,,,
2026-07-28 05:35:00,27850.8,zone_skip,session,2026-07-28 00:00:00,27809.75,long,0.001476101007740065,,,0.0,,,,,,,,,,
2026-07-28 05:40:00,27844.35,zone_skip,tolerance,2026-07-27 04:00:00,28075.02,long,0.008216200736455464,0.0025,,,,,,,,,,,,
2026-07-28 05:40:00,27844.35,zone_skip,session,2026-07-28 00:00:00,27809.75,long,0.0012441679626749088,,,0.0,,,,,,,,,,
2026-07-28 05:45:00,27845.8,zone_skip,tolerance,2026-07-27 04:00:00,28075.02,long,0.008164553400140094,0.0025,,,,,,,,,,,,
2026-07-28 05:45:00,27845.8,zone_skip,session,2026-07-28 00:00:00,27809.75,long,0.0012963079495500417,,,0.0,,,,,,,,,,
2026-07-28 05:50:00,27865.35,zone_skip,tolerance,2026-07-27 04:00:00,28075.02,long,0.007468204831198763,0.0025,,,,,,,,,,,,
2026-07-28 05:50:00,27865.35,zone_skip,session,2026-07-28 00:00:00,27809.75,long,0.0019992988070730066,,,0.0,,,,,,,,,,
2026-07-28 05:55:00,27865.6,zone_skip,tolerance,2026-07-27 04:00:00,28075.02,long,0.0074593001180409445,0.0025,,,,,,,,,,,,
2026-07-28 05:55:00,27865.6,zone_skip,session,2026-07-28 00:00:00,27809.75,long,0.002008288459982508,,,0.0,,,,,,,,,,
2026-07-28 06:00:00,27837.05,zone_skip,tolerance,2026-07-27 04:00:00,28075.02,long,0.00847621836066372,0.0025,,,,,,,,,,,,
2026-07-28 06:00:00,27837.05,zone_skip,session,2026-07-28 00:00:00,27809.75,long,0.000981670097717501,,,0.0,,,,,,,,,,
2026-07-28 06:05:00,27817.1,zone_skip,tolerance,2026-07-27 04:00:00,28075.02,long,0.009186814470657613,0.0025,,,,,,,,,,,,
2026-07-28 06:05:00,27817.1,zone_skip,session,2026-07-28 00:00:00,27809.75,long,0.0002642957955392819,,,0.0,,,,,,,,,,
2026-07-28 06:10:00,27841.1,zone_skip,tolerance,2026-07-27 04:00:00,28075.02,long,0.008331962007507097,0.0025,,,,,,,,,,,,
2026-07-28 06:10:00,27841.1,zone_skip,session,2026-07-28 00:00:00,27809.75,long,0.0011273024748513936,,,0.0,,,,,,,,,,
2026-07-28 06:15:00,27896.35,zone_skip,tolerance,2026-07-27 04:00:00,28075.02,long,0.006364020399629346,0.0025,,,,,,,,,,,,
2026-07-28 06:15:00,27896.35,zone_skip,tolerance,2026-07-28 00:00:00,27809.75,long,0.003114015767851151,0.0025,,,,,,,,,,,,
2026-07-28 06:20:00,27907.1,zone_skip,tolerance,2026-07-27 04:00:00,28075.02,long,0.005981117733843177,0.0025,,,,,,,,,,,,
2026-07-28 06:20:00,27907.1,zone_skip,tolerance,2026-07-28 00:00:00,27809.75,long,0.003500570842959701,0.0025,,,,,,,,,,,,
2026-07-28 06:25:00,27859.55,zone_skip,tolerance,2026-07-27 04:00:00,28075.02,long,0.007674794176460112,0.0025,,,,,,,,,,,,
2026-07-28 06:25:00,27859.55,zone_skip,session,2026-07-28 00:00:00,27809.75,long,0.0017907388595726056,,,0.0,,,,,,,,,,
2026-07-28 06:30:00,27885.8,zone_skip,tolerance,2026-07-27 04:00:00,28075.02,long,0.006739799294889235,0.0025,,,,,,,,,,,,
2026-07-28 06:30:00,27885.8,zone_skip,tolerance,2026-07-28 00:00:00,27809.75,long,0.002734652415070228,0.0025,,,,,,,,,,,,
2026-07-28 06:35:00,27914.3,zone_skip,tolerance,2026-07-27 04:00:00,28075.02,long,0.005724661994897997,0.0025,,,,,,,,,,,,
2026-07-28 06:35:00,27914.3,zone_skip,tolerance,2026-07-28 00:00:00,27809.75,long,0.003759472846753361,0.0025,,,,,,,,,,,,
2026-07-28 06:40:00,27930.1,zone_skip,tolerance,2026-07-27 04:00:00,28075.02,long,0.005161884123323933,0.0025,,,,,,,,,,,,
2026-07-28 06:40:00,27930.1,zone_skip,tolerance,2026-07-28 00:00:00,27809.75,long,0.004327618910633808,0.0025,,,,,,,,,,,,
2026-07-28 06:45:00,27932.6,zone_skip,tolerance,2026-07-27 04:00:00,28075.02,long,0.005072836991745755,0.0025,,,,,,,,,,,,
2026-07-28 06:45:00,27932.6,zone_skip,tolerance,2026-07-28 00:00:00,27809.75,long,0.00441751543972882,0.0025,,,,,,,,,,,,
2026-07-28 06:50:00,27920.05,zone_skip,tolerance,2026-07-27 04:00:00,28075.02,long,0.005519853592268186,0.0025,,,,,,,,,,,,
2026-07-28 06:50:00,27920.05,zone_skip,tolerance,2026-07-28 00:00:00,27809.75,long,0.003966234863671887,0.0025,,,,,,,,,,,,
2026-07-28 06:55:00,27921.55,zone_skip,tolerance,2026-07-27 04:00:00,28075.02,long,0.005466425313321278,0.0025,,,,,,,,,,,,
2026-07-28 06:55:00,27921.55,zone_skip,tolerance,2026-07-28 00:00:00,27809.75,long,0.004020172781128895,0.0025,,,,,,,,,,,,
2026-07-28 07:00:00,27906.55,zone_skip,tolerance,2026-07-27 04:00:00,28075.02,long,0.006000708102790351,0.0025,,,,,,,,,,,,
2026-07-28 07:00:00,27906.55,zone_skip,tolerance,2026-07-28 00:00:00,27809.75,long,0.0034807936065588247,0.0025,,,,,,,,,,,,
2026-07-28 07:05:00,27880.05,zone_skip,tolerance,2026-07-27 04:00:00,28075.02,long,0.006944607697519046,0.0025,,,,,,,,,,,,
2026-07-28 07:05:00,27880.05,zone_skip,tolerance,2026-07-28 00:00:00,27809.75,long,0.0025278903981517014,0.0025,,,,,,,,,,,,
2026-07-28 07:10:00,27858.35,zone_skip,tolerance,2026-07-27 04:00:00,28075.02,long,0.007717536799617663,0.0025,,,,,,,,,,,,
2026-07-28 07:10:00,27858.35,zone_skip,session,2026-07-28 00:00:00,27809.75,long,0.001747588525606974,,,0.0,,,,,,,,,,
2026-07-28 07:15:00,27885.8,zone_skip,tolerance,2026-07-27 04:00:00,28075.02,long,0.006739799294889235,0.0025,,,,,,,,,,,,
2026-07-28 07:15:00,27885.8,zone_skip,tolerance,2026-07-28 00:00:00,27809.75,long,0.002734652415070228,0.0025,,,,,,,,,,,,
2026-07-28 07:20:00,27849.55,zone_skip,tolerance,2026-07-27 04:00:00,28075.02,long,0.008030982702772827,0.0025,,,,,,,,,,,,
2026-07-28 07:20:00,27849.55,zone_skip,session,2026-07-28 00:00:00,27809.75,long,0.0014311527431925591,,,0.0,,,,,,,,,,
2026-07-28 07:25:00,27846.35,zone_skip,tolerance,2026-07-27 04:00:00,28075.02,long,0.008144963031192921,0.0025,,,,,,,,,,,,
2026-07-28 07:25:00,27846.35,zone_skip,session,2026-07-28 00:00:00,27809.75,long,0.0013160851859509181,,,0.0,,,,,,,,,,
2026-07-28 07:30:00,27845.35,zone_skip,tolerance,2026-07-27 04:00:00,28075.02,long,0.008180581883824192,0.0025,,,,,,,,,,,,
2026-07-28 07:30:00,27845.35,zone_skip,session,2026-07-28 00:00:00,27809.75,long,0.0012801265743129136,,,0.0,,,,,,,,,,
2026-07-28 07:35:00,27850.8,zone_skip,tolerance,2026-07-27 04:00:00,28075.02,long,0.007986459136983736,0.0025,,,,,,,,,,,,
2026-07-28 07:35:00,27850.8,zone_skip,session,2026-07-28 00:00:00,27809.75,long,0.001476101007740065,,,0.0,,,,,,,,,,
2026-07-28 07:40:00,27848.05,zone_skip,tolerance,2026-07-27 04:00:00,28075.02,long,0.008084410981719733,0.0025,,,,,,,,,,,,
2026-07-28 07:40:00,27848.05,zone_skip,session,2026-07-28 00:00:00,27809.75,long,0.0013772148257355523,,,0.0,,,,,,,,,,
2026-07-28 07:45:00,27848.3,zone_skip,tolerance,2026-07-27 04:00:00,28075.02,long,0.008075506268561915,0.0025,,,,,,,,,,,,
2026-07-28 07:45:00,27848.3,zone_skip,session,2026-07-28 00:00:00,27809.75,long,0.0013862044786450533,,,0.0,,,,,,,,,,
2026-07-28 07:50:00,27836.1,zone_skip,tolerance,2026-07-27 04:00:00,28075.02,long,0.008510056270663454,0.0025,,,,,,,,,,,,
2026-07-28 07:50:00,27836.1,zone_skip,session,2026-07-28 00:00:00,27809.75,long,0.0009475094166613704,,,0.0,,,,,,,,,,
2026-07-28 07:55:00,27829.1,zone_skip,tolerance,2026-07-27 04:00:00,28075.02,long,0.008759388239082355,0.0025,,,,,,,,,,,,
2026-07-28 07:55:00,27829.1,zone_skip,session,2026-07-28 00:00:00,27809.75,long,0.0006957991351953378,,,0.0,,,,,,,,,,
2026-07-28 08:00:00,27846.1,zone_skip,tolerance,2026-07-27 04:00:00,28075.02,long,0.00815386774435074,0.0025,,,,,,,,,,,,
2026-07-28 08:00:00,27846.1,zone_skip,session,2026-07-28 00:00:00,27809.75,long,0.0013070955330414169,,,0.0,,,,,,,,,,
2026-07-28 08:05:00,27846.55,zone_skip,tolerance,2026-07-27 04:00:00,28075.02,long,0.00813783926066664,0.0025,,,,,,,,,,,,
2026-07-28 08:05:00,27846.55,zone_skip,session,2026-07-28 00:00:00,27809.75,long,0.0013232769082785452,,,0.0,,,,,,,,,,
2026-07-28 08:10:00,27819.8,zone_skip,tolerance,2026-07-27 04:00:00,28075.02,long,0.009090643568553153,0.0025,,,,,,,,,,,,
2026-07-28 08:10:00,27819.8,zone_skip,session,2026-07-28 00:00:00,27809.75,long,0.00036138404696192065,,,0.0,,,,,,,,,,
2026-07-28 08:15:00,27812.6,zone_skip,tolerance,2026-07-27 04:00:00,28075.02,long,0.009347099307498335,0.0025,,,,,,,,,,,,
2026-07-28 08:15:00,27812.6,zone_skip,session,2026-07-28 00:00:00,27809.75,long,0.00010248204316826094,,,0.0,,,,,,,,,,
2026-07-28 08:20:00,27805.8,zone_skip,tolerance,2026-07-27 04:00:00,28075.02,long,0.009589307505390955,0.0025,,,,,,,,,,,,
2026-07-28 08:20:00,27805.8,zone_skip,session,2026-07-28 00:00:00,27809.75,long,0.00014203651597014455,,,0.0,,,,,,,,,,
2026-07-28 08:25:00,27792.55,zone_skip,tolerance,2026-07-27 04:00:00,28075.02,long,0.010061257302755302,0.0025,,,,,,,,,,,,
2026-07-28 08:25:00,27792.55,zone_skip,session,2026-07-28 00:00:00,27809.75,long,0.0006184881201737062,,,0.0,,,,,,,,,,
2026-07-28 08:30:00,27761.85,zone_skip,tolerance,2026-07-27 04:00:00,28075.02,long,0.011154756078535362,0.0025,,,,,,,,,,,,
2026-07-28 08:30:00,27761.85,zone_skip,session,2026-07-28 00:00:00,27809.75,long,0.0017224174974604753,,,0.0,,,,,,,,,,
2026-07-28 08:35:00,27773.1,zone_skip,tolerance,2026-07-27 04:00:00,28075.02,long,0.01075404398643356,0.0025,,,,,,,,,,,,
2026-07-28 08:35:00,27773.1,zone_skip,session,2026-07-28 00:00:00,27809.75,long,0.001317883116532923,,,0.0,,,,,,,,,,
2026-07-28 08:40:00,27770.55,zone_skip,tolerance,2026-07-27 04:00:00,28075.02,long,0.010844872060643275,0.0025,,,,,,,,,,,,
2026-07-28 08:40:00,27770.55,zone_skip,session,2026-07-28 00:00:00,27809.75,long,0.0014095775762098088,,,0.0,,,,,,,,,,
2026-07-28 08:45:00,27784.05,zone_skip,tolerance,2026-07-27 04:00:00,28075.02,long,0.01036401755012111,0.0025,,,,,,,,,,,,
2026-07-28 08:45:00,27784.05,zone_skip,session,2026-07-28 00:00:00,27809.75,long,0.0009241363190967459,,,0.0,,,,,,,,,,
2026-07-28 08:50:00,27771.3,zone_skip,tolerance,2026-07-27 04:00:00,28075.02,long,0.010818157921169821,0.0025,,,,,,,,,,,,
2026-07-28 08:50:00,27771.3,zone_skip,session,2026-07-28 00:00:00,27809.75,long,0.0013826086174813053,,,0.0,,,,,,,,,,
2026-07-28 08:55:00,27753.8,zone_skip,tolerance,2026-07-27 04:00:00,28075.02,long,0.011441487842217072,0.0025,,,,,,,,,,,,
2026-07-28 08:55:00,27753.8,zone_skip,session,2026-07-28 00:00:00,27809.75,long,0.0020118843211463866,,,0.0,,,,,,,,,,
2026-07-28 09:00:00,27735.85,zone_skip,tolerance,2026-07-27 04:00:00,28075.02,long,0.012080846246948423,0.0025,,,,,,,,,,,,
2026-07-28 09:00:00,27735.85,zone_skip,tolerance,2026-07-28 00:00:00,27809.75,long,0.0026573414000485964,0.0025,,,,,,,,,,,,
2026-07-28 09:05:00,27730.85,zone_skip,tolerance,2026-07-27 04:00:00,28075.02,long,0.012258940510104779,0.0025,,,,,,,,,,,,
2026-07-28 09:05:00,27730.85,zone_skip,tolerance,2026-07-28 00:00:00,27809.75,long,0.0028371344582386196,0.0025,,,,,,,,,,,,
2026-07-28 09:10:00,27718.1,zone_skip,tolerance,2026-07-28 00:00:00,27809.75,long,0.003295606756623179,0.0025,,,,,,,,,,,,
2026-07-28 09:15:00,27732.55,zone_skip,tolerance,2026-07-27 04:00:00,28075.02,long,0.012198388460631593,0.0025,,,,,,,,,,,,
2026-07-28 09:15:00,27732.55,zone_skip,tolerance,2026-07-28 00:00:00,27809.75,long,0.0027760048184539855,0.0025,,,,,,,,,,,,
2026-07-28 09:20:00,27739.05,zone_skip,tolerance,2026-07-27 04:00:00,28075.02,long,0.011966865918528326,0.0025,,,,,,,,,,,,
2026-07-28 09:20:00,27739.05,zone_skip,tolerance,2026-07-28 00:00:00,27809.75,long,0.0025422738428069556,0.0025,,,,,,,,,,,,
2026-07-28 09:25:00,27775.35,zone_skip,tolerance,2026-07-27 04:00:00,28075.02,long,0.010673901568013199,0.0025,,,,,,,,,,,,
2026-07-28 09:25:00,27775.35,zone_skip,session,2026-07-28 00:00:00,27809.75,long,0.0012369762403474124,,,0.0,,,,,,,,,,
2026-07-28 09:30:00,27779.05,zone_skip,tolerance,2026-07-27 04:00:00,28075.02,long,0.010542111813277468,0.0025,,,,,,,,,,,,
2026-07-28 09:30:00,27779.05,zone_skip,session,2026-07-28 00:00:00,27809.75,long,0.0011039293772867691,,,0.0,,,,,,,,,,
2026-07-28 09:35:00,27797.3,zone_skip,tolerance,2026-07-27 04:00:00,28075.02,long,0.009892067752756762,0.0025,,,,,,,,,,,,
2026-07-28 09:35:00,27797.3,zone_skip,session,2026-07-28 00:00:00,27809.75,long,0.00044768471489318415,,,0.0,,,,,,,,,,
2026-07-28 09:40:00,27791.35,zone_skip,tolerance,2026-07-27 04:00:00,28075.02,long,0.010103999925912854,0.0025,,,,,,,,,,,,
2026-07-28 09:40:00,27791.35,zone_skip,session,2026-07-28 00:00:00,27809.75,long,0.000661638454139338,,,0.0,,,,,,,,,,
2026-07-28 09:45:00,27782.05,zone_skip,tolerance,2026-07-27 04:00:00,28075.02,long,0.010435255255383653,0.0025,,,,,,,,,,,,
2026-07-28 09:45:00,27782.05,zone_skip,session,2026-07-28 00:00:00,27809.75,long,0.0009960535423727552,,,0.0,,,,,,,,,,
2026-07-28 09:50:00,27799.6,zone_skip,tolerance,2026-07-27 04:00:00,28075.02,long,0.009810144391704865,0.0025,,,,,,,,,,,,
2026-07-28 09:50:00,27799.6,zone_skip,session,2026-07-28 00:00:00,27809.75,long,0.0003649799081257996,,,0.0,,,,,,,,,,
2026-07-28 09:55:00,27819.6,zone_skip,tolerance,2026-07-27 04:00:00,28075.02,long,0.009097767339079434,0.0025,,,,,,,,,,,,
2026-07-28 09:55:00,27819.6,zone_skip,session,2026-07-28 00:00:00,27809.75,long,0.00035419232463429354,,,0.0,,,,,,,,,,
2026-07-28 10:00:00,27821.55,zone_skip,tolerance,2026-07-27 04:00:00,28075.02,long,0.009028310576448428,0.0025,,,,,,,,,,,,
2026-07-28 10:00:00,27821.55,zone_skip,session,2026-07-28 00:00:00,27809.75,long,0.0004243116173284288,,,0.0,,,,,,,,,,
2026-07-28 10:05:00,27845.8,zone_skip,tolerance,2026-07-27 04:00:00,28075.02,long,0.008164553400140094,0.0025,,,,,,,,,,,,
2026-07-28 10:05:00,27845.8,zone_skip,session,2026-07-28 00:00:00,27809.75,long,0.0012963079495500417,,,0.0,,,,,,,,,,
2026-07-28 10:10:00,27845.3,zone_skip,tolerance,2026-07-27 04:00:00,28075.02,long,0.00818236282645573,0.0025,,,,,,,,,,,,
2026-07-28 10:10:00,27845.3,zone_skip,session,2026-07-28 00:00:00,27809.75,long,0.0012783286437310394,,,0.0,,,,,,,,,,
2026-07-28 10:15:00,27842.85,zone_skip,tolerance,2026-07-27 04:00:00,28075.02,long,0.008269629015402371,0.0025,,,,,,,,,,,,
2026-07-28 10:15:00,27842.85,zone_skip,session,2026-07-28 00:00:00,27809.75,long,0.0011902300452179017,,,0.0,,,,,,,,,,
2026-07-28 10:20:00,27828.3,zone_skip,tolerance,2026-07-27 04:00:00,28075.02,long,0.008787883321187346,0.0025,,,,,,,,,,,,
2026-07-28 10:20:00,27828.3,zone_skip,session,2026-07-28 00:00:00,27809.75,long,0.0006670322458849602,,,0.0,,,,,,,,,,
2026-07-28 10:25:00,27816.05,zone_skip,tolerance,2026-07-27 04:00:00,28075.02,long,0.009224214265920423,0.0025,,,,,,,,,,,,
2026-07-28 10:25:00,27816.05,zone_skip,session,2026-07-28 00:00:00,27809.75,long,0.00022653925331940318,,,0.0,,,,,,,,,,
2026-07-28 10:30:00,27814.55,zone_skip,tolerance,2026-07-27 04:00:00,28075.02,long,0.00927764254486733,0.0025,,,,,,,,,,,,
2026-07-28 10:30:00,27814.55,zone_skip,session,2026-07-28 00:00:00,27809.75,long,0.0001726013358623962,,,0.0,,,,,,,,,,
2026-07-28 10:35:00,27824.3,zone_skip,tolerance,2026-07-27 04:00:00,28075.02,long,0.008930358731712431,0.0025,,,,,,,,,,,,
2026-07-28 10:35:00,27824.3,zone_skip,session,2026-07-28 00:00:00,27809.75,long,0.0005231977993329416,,,0.0,,,,,,,,,,
2026-07-28 10:40:00,27813.1,zone_skip,tolerance,2026-07-27 04:00:00,28075.02,long,0.009329289881182699,0.0025,,,,,,,,,,,,
2026-07-28 10:40:00,27813.1,zone_skip,session,2026-07-28 00:00:00,27809.75,long,0.00012046134898726328,,,0.0,,,,,,,,,,
2026-07-28 10:45:00,27793.35,zone_skip,tolerance,2026-07-27 04:00:00,28075.02,long,0.010032762220650311,0.0025,,,,,,,,,,,,
2026-07-28 10:45:00,27793.35,zone_skip,session,2026-07-28 00:00:00,27809.75,long,0.0005897212308633286,,,0.0,,,,,,,,,,
2026-07-28 10:50:00,27818.3,zone_skip,tolerance,2026-07-27 04:00:00,28075.02,long,0.009144071847500062,0.0025,,,,,,,,,,,,
2026-07-28 10:50:00,27818.3,zone_skip,session,2026-07-28 00:00:00,27809.75,long,0.00030744612950491364,,,0.0,,,,,,,,,,
2026-07-28 10:55:00,27806.05,zone_skip,tolerance,2026-07-27 04:00:00,28075.02,long,0.009580402792233137,0.0025,,,,,,,,,,,,
2026-07-28 10:55:00,27806.05,zone_skip,session,2026-07-28 00:00:00,27809.75,long,0.0001330468630606434,,,0.0,,,,,,,,,,
2026-07-28 11:00:00,27800.3,zone_skip,tolerance,2026-07-27 04:00:00,28075.02,long,0.009785211194862947,0.0025,,,,,,,,,,,,
2026-07-28 11:00:00,27800.3,zone_skip,session,2026-07-28 00:00:00,27809.75,long,0.0003398088799791702,,,0.0,,,,,,,,,,
2026-07-28 11:05:00,27771.8,zone_skip,tolerance,2026-07-27 04:00:00,28075.02,long,0.010800348494854185,0.0025,,,,,,,,,,,,
2026-07-28 11:05:00,27771.8,zone_skip,session,2026-07-28 00:00:00,27809.75,long,0.001364629311662303,,,0.0,,,,,,,,,,
2026-07-28 11:10:00,27762.3,zone_skip,tolerance,2026-07-27 04:00:00,28075.02,long,0.011138727594851265,0.0025,,,,,,,,,,,,
2026-07-28 11:10:00,27762.3,zone_skip,session,2026-07-28 00:00:00,27809.75,long,0.0017062361222233472,,,0.0,,,,,,,,,,
2026-07-28 11:15:00,27834.55,zone_skip,tolerance,2026-07-27 04:00:00,28075.02,long,0.008565265492241899,0.0025,,,,,,,,,,,,
2026-07-28 11:15:00,27834.55,zone_skip,session,2026-07-28 00:00:00,27809.75,long,0.0008917735686224894,,,0.0,,,,,,,,,,
2026-07-28 11:20:00,27874.6,zone_skip,tolerance,2026-07-27 04:00:00,28075.02,long,0.007138730444359502,0.0025,,,,,,,,,,,,
2026-07-28 11:20:00,27874.6,zone_skip,session,2026-07-28 00:00:00,27809.75,long,0.0023319159647245498,,,0.0,,,,,,,,,,
2026-07-28 11:25:00,27875.55,zone_skip,tolerance,2026-07-27 04:00:00,28075.02,long,0.007104892534359767,0.0025,,,,,,,,,,,,
2026-07-28 11:25:00,27875.55,zone_skip,session,2026-07-28 00:00:00,27809.75,long,0.00236607664578068,,,0.0,,,,,,,,,,
2026-07-28 11:30:00,27881.85,zone_skip,tolerance,2026-07-27 04:00:00,28075.02,long,0.006880493762782783,0.0025,,,,,,,,,,,,
2026-07-28 11:30:00,27881.85,zone_skip,tolerance,2026-07-28 00:00:00,27809.75,long,0.0025926158991000834,0.0025,,,,,,,,,,,,
2026-07-28 11:35:00,27887.35,zone_skip,tolerance,2026-07-27 04:00:00,28075.02,long,0.0066845900733107895,0.0025,,,,,,,,,,,,
2026-07-28 11:35:00,27887.35,zone_skip,tolerance,2026-07-28 00:00:00,27809.75,long,0.002790388263109109,0.0025,,,,,,,,,,,,
2026-07-28 11:40:00,27910.55,zone_skip,tolerance,2026-07-27 04:00:00,28075.02,long,0.005858232692265265,0.0025,,,,,,,,,,,,
2026-07-28 11:40:00,27910.55,zone_skip,tolerance,2026-07-28 00:00:00,27809.75,long,0.0036246280531108434,0.0025,,,,,,,,,,,,
2026-07-28 11:45:00,27893.05,zone_skip,tolerance,2026-07-27 04:00:00,28075.02,long,0.006481562613312516,0.0025,,,,,,,,,,,,
2026-07-28 11:45:00,27893.05,zone_skip,tolerance,2026-07-28 00:00:00,27809.75,long,0.0029953523494457616,0.0025,,,,,,,,,,,,
2026-07-28 11:50:00,27881.05,zone_skip,tolerance,2026-07-27 04:00:00,28075.02,long,0.006908988844887774,0.0025,,,,,,,,,,,,
2026-07-28 11:50:00,27881.05,zone_skip,tolerance,2026-07-28 00:00:00,27809.75,long,0.002563849009789706,0.0025,,,,,,,,,,,,
2026-07-28 11:55:00,27866.85,zone_skip,tolerance,2026-07-27 04:00:00,28075.02,long,0.007414776552251856,0.0025,,,,,,,,,,,,
2026-07-28 11:55:00,27866.85,zone_skip,session,2026-07-28 00:00:00,27809.75,long,0.0020532367245300136,,,0.0,,,,,,,,,,
2026-07-28 12:00:00,27867.3,zone_skip,tolerance,2026-07-27 04:00:00,28075.02,long,0.0073987480685677575,0.0025,,,,,,,,,,,,
2026-07-28 12:00:00,27867.3,zone_skip,session,2026-07-28 00:00:00,27809.75,long,0.002069418099767142,,,0.0,,,,,,,,,,
2026-07-28 12:05:00,27876.55,zone_skip,tolerance,2026-07-27 04:00:00,28075.02,long,0.007069273681728496,0.0025,,,,,,,,,,,,
2026-07-28 12:05:00,27876.55,zone_skip,session,2026-07-28 00:00:00,27809.75,long,0.0024020352574186847,,,0.0,,,,,,,,,,
2026-07-28 12:10:00,27862.1,zone_skip,tolerance,2026-07-27 04:00:00,28075.02,long,0.007583966102250395,0.0025,,,,,,,,,,,,
2026-07-28 12:10:00,27862.1,zone_skip,session,2026-07-28 00:00:00,27809.75,long,0.0018824333192494914,,,0.0,,,,,,,,,,
2026-07-28 12:15:00,27875.35,zone_skip,tolerance,2026-07-27 04:00:00,28075.02,long,0.0071120163048860475,0.0025,,,,,,,,,,,,
2026-07-28 12:15:00,27875.35,zone_skip,session,2026-07-28 00:00:00,27809.75,long,0.002358884923453053,,,0.0,,,,,,,,,,
2026-07-28 12:20:00,27877.05,zone_skip,tolerance,2026-07-27 04:00:00,28075.02,long,0.0070514642554128605,0.0025,,,,,,,,,,,,
2026-07-28 12:20:00,27877.05,zone_skip,session,2026-07-28 00:00:00,27809.75,long,0.0024200145632376872,,,0.0,,,,,,,,,,
2026-07-28 12:25:00,27886.3,zone_skip,tolerance,2026-07-27 04:00:00,28075.02,long,0.006721989868573599,0.0025,,,,,,,,,,,,
2026-07-28 12:25:00,27886.3,zone_skip,tolerance,2026-07-28 00:00:00,27809.75,long,0.0027526317208892304,0.0025,,,,,,,,,,,,
2026-07-28 12:30:00,27857.1,zone_skip,tolerance,2026-07-27 04:00:00,28075.02,long,0.007762060365406753,0.0025,,,,,,,,,,,,
2026-07-28 12:30:00,27857.1,zone_skip,session,2026-07-28 00:00:00,27809.75,long,0.0017026402610594682,,,0.0,,,,,,,,,,
2026-07-28 12:35:00,27851.35,zone_skip,tolerance,2026-07-27 04:00:00,28075.02,long,0.007966868768036563,0.0025,,,,,,,,,,,,
2026-07-28 12:35:00,27851.35,zone_skip,session,2026-07-28 00:00:00,27809.75,long,0.0014958782441409414,,,0.0,,,,,,,,,,
2026-07-28 12:40:00,27845.6,zone_skip,tolerance,2026-07-27 04:00:00,28075.02,long,0.008171677170666376,0.0025,,,,,,,,,,,,
2026-07-28 12:40:00,27845.6,zone_skip,session,2026-07-28 00:00:00,27809.75,long,0.0012891162272224146,,,0.0,,,,,,,,,,
2026-07-28 12:45:00,27846.35,zone_skip,tolerance,2026-07-27 04:00:00,28075.02,long,0.008144963031192921,0.0025,,,,,,,,,,,,
2026-07-28 12:45:00,27846.35,zone_skip,session,2026-07-28 00:00:00,27809.75,long,0.0013160851859509181,,,0.0,,,,,,,,,,
2026-07-28 12:50:00,27836.6,zone_skip,tolerance,2026-07-27 04:00:00,28075.02,long,0.008492246844347818,0.0025,,,,,,,,,,,,
2026-07-28 12:50:00,27836.6,zone_skip,session,2026-07-28 00:00:00,27809.75,long,0.0009654887224803728,,,0.0,,,,,,,,,,
2026-07-28 12:55:00,27829.85,zone_skip,tolerance,2026-07-27 04:00:00,28075.02,long,0.0087326740996089,0.0025,,,,,,,,,,,,
2026-07-28 12:55:00,27829.85,zone_skip,session,2026-07-28 00:00:00,27809.75,long,0.0007227680939238413,,,0.0,,,,,,,,,,
2026-07-28 13:00:00,27835.35,zone_skip,tolerance,2026-07-27 04:00:00,28075.02,long,0.008536770410136908,0.0025,,,,,,,,,,,,
2026-07-28 13:00:00,27835.35,zone_skip,score_h4,2026-07-28 00:00:00,27809.75,long,0.0009205404579328668,,,,0.0,0.0,1.0,,,,,,,
2026-07-28 13:05:00,27834.6,zone_skip,tolerance,2026-07-27 04:00:00,28075.02,long,0.008563484549610362,0.0025,,,,,,,,,,,,
2026-07-28 13:05:00,27834.6,zone_skip,score_h4,2026-07-28 00:00:00,27809.75,long,0.0008935714992043634,,,,0.0,0.0,1.0,,,,,,,
2026-07-28 13:10:00,27825.35,zone_skip,tolerance,2026-07-27 04:00:00,28075.02,long,0.008892958936449622,0.0025,,,,,,,,,,,,
2026-07-28 13:10:00,27825.35,zone_skip,score_h4,2026-07-28 00:00:00,27809.75,long,0.0005609543415528203,,,,0.0,0.0,1.0,,,,,,,
2026-07-28 13:15:00,27841.1,zone_skip,tolerance,2026-07-27 04:00:00,28075.02,long,0.008331962007507097,0.0025,,,,,,,,,,,,
2026-07-28 13:15:00,27841.1,zone_skip,score_h4,2026-07-28 00:00:00,27809.75,long,0.0011273024748513936,,,,0.0,0.0,1.0,,,,,,,
2026-07-28 13:20:00,27819.6,zone_skip,tolerance,2026-07-27 04:00:00,28075.02,long,0.009097767339079434,0.0025,,,,,,,,,,,,
2026-07-28 13:20:00,27819.6,zone_skip,score_h4,2026-07-28 00:00:00,27809.75,long,0.00035419232463429354,,,,0.0,0.0,1.0,,,,,,,
2026-07-28 13:25:00,27841.1,zone_skip,tolerance,2026-07-27 04:00:00,28075.02,long,0.008331962007507097,0.0025,,,,,,,,,,,,
2026-07-28 13:25:00,27841.1,zone_skip,score_h4,2026-07-28 00:00:00,27809.75,long,0.0011273024748513936,,,,0.0,0.0,1.0,,,,,,,
2026-07-28 13:30:00,27821.35,zone_skip,tolerance,2026-07-27 04:00:00,28075.02,long,0.00903543434697471,0.0025,,,,,,,,,,,,
2026-07-28 13:30:00,27821.35,zone_skip,score_h4,2026-07-28 00:00:00,27809.75,long,0.0004171198950008017,,,,0.0,0.0,1.0,,,,,,,
2026-07-28 13:35:00,27796.55,zone_skip,tolerance,2026-07-27 04:00:00,28075.02,long,0.009918781892230217,0.0025,,,,,,,,,,,,
2026-07-28 13:35:00,27796.55,zone_skip,score_h4,2026-07-28 00:00:00,27809.75,long,0.00047465367362168763,,,,0.0,0.0,0.0,,,,,,,
2026-07-28 13:40:00,27805.6,zone_skip,tolerance,2026-07-27 04:00:00,28075.02,long,0.009596431275917234,0.0025,,,,,,,,,,,,
2026-07-28 13:40:00,27805.6,zone_skip,score_h4,2026-07-28 00:00:00,27809.75,long,0.00014922823829777165,,,,0.0,0.0,0.0,,,,,,,
2026-07-28 13:45:00,27804.3,zone_skip,tolerance,2026-07-27 04:00:00,28075.02,long,0.009642735784337862,0.0025,,,,,,,,,,,,
2026-07-28 13:45:00,27804.3,zone_skip,score_h4,2026-07-28 00:00:00,27809.75,long,0.00019597443342715155,,,,0.0,0.0,0.0,,,,,,,
2026-07-28 13:50:00,27823.8,zone_skip,tolerance,2026-07-27 04:00:00,28075.02,long,0.008948168158028067,0.0025,,,,,,,,,,,,
2026-07-28 13:50:00,27823.8,zone_skip,score_h4,2026-07-28 00:00:00,27809.75,long,0.0005052184935139392,,,,0.0,0.0,0.0,,,,,,,
2026-07-28 13:55:00,27816.85,zone_skip,tolerance,2026-07-27 04:00:00,28075.02,long,0.00919571918381543,0.0025,,,,,,,,,,,,
2026-07-28 13:55:00,27816.85,zone_skip,score_h4,2026-07-28 00:00:00,27809.75,long,0.0002553061426297807,,,,0.0,0.0,0.0,,,,,,,
2026-07-28 14:00:00,27766.3,zone_skip,tolerance,2026-07-27 04:00:00,28075.02,long,0.010996252184326179,0.0025,,,,,,,,,,,,
2026-07-28 14:00:00,27766.3,zone_skip,score_h4,2026-07-28 00:00:00,27809.75,long,0.0015624016756713285,,,,0.0,0.0,0.0,,,,,,,
2026-07-28 14:05:00,27763.55,zone_skip,tolerance,2026-07-27 04:00:00,28075.02,long,0.011094204029062176,0.0025,,,,,,,,,,,,
2026-07-28 14:05:00,27763.55,zone_skip,score_h4,2026-07-28 00:00:00,27809.75,long,0.0016612878576758414,,,,0.0,0.0,0.0,,,,,,,
2026-07-28 14:10:00,27742.8,zone_skip,tolerance,2026-07-27 04:00:00,28075.02,long,0.011833295221161059,0.0025,,,,,,,,,,,,
2026-07-28 14:10:00,27742.8,zone_skip,score_h4,2026-07-28 00:00:00,27809.75,long,0.002407429049164438,,,,0.0,0.0,0.0,,,,,,,
2026-07-28 14:15:00,27819.3,zone_skip,tolerance,2026-07-27 04:00:00,28075.02,long,0.00910845299486879,0.0025,,,,,,,,,,,,
2026-07-28 14:15:00,27819.3,zone_skip,score_h4,2026-07-28 00:00:00,27809.75,long,0.0003434047411429183,,,,0.0,0.0,1.5,,,,,,,
2026-07-28 14:20:00,27790.1,zone_skip,tolerance,2026-07-27 04:00:00,28075.02,long,0.010148523491701943,0.0025,,,,,,,,,,,,
2026-07-28 14:20:00,27790.1,zone_skip,score_h4,2026-07-28 00:00:00,27809.75,long,0.0007065867186868438,,,,0.0,0.0,0.0,,,,,,,
2026-07-28 14:25:00,27756.35,zone_skip,tolerance,2026-07-27 04:00:00,28075.02,long,0.011350659768007356,0.0025,,,,,,,,,,,,
2026-07-28 14:25:00,27756.35,zone_skip,score_h4,2026-07-28 00:00:00,27809.75,long,0.001920189861469501,,,,0.0,0.0,0.0,,,,,,,
2026-07-28 14:30:00,27749.85,zone_skip,tolerance,2026-07-27 04:00:00,28075.02,long,0.011582182310110621,0.0025,,,,,,,,,,,,
2026-07-28 14:30:00,27749.85,zone_skip,score_h4,2026-07-28 00:00:00,27809.75,long,0.002153920837116531,,,,0.0,0.0,0.0,,,,,,,
2026-07-28 14:35:00,27746.3,zone_skip,tolerance,2026-07-27 04:00:00,28075.02,long,0.01170862923695161,0.0025,,,,,,,,,,,,
2026-07-28 14:35:00,27746.3,zone_skip,score_h4,2026-07-28 00:00:00,27809.75,long,0.0022815739084314215,,,,0.0,0.0,0.0,,,,,,,
2026-07-28 14:40:00,27731.6,zone_skip,tolerance,2026-07-27 04:00:00,28075.02,long,0.012232226370631327,0.0025,,,,,,,,,,,,
2026-07-28 14:40:00,27731.6,zone_skip,tolerance,2026-07-28 00:00:00,27809.75,long,0.0028101654995101163,0.0025,,,,,,,,,,,,
2026-07-28 14:45:00,27782.85,zone_skip,tolerance,2026-07-27 04:00:00,28075.02,long,0.010406760173278662,0.0025,,,,,,,,,,,,
2026-07-28 14:45:00,27782.85,zone_skip,score_h4,2026-07-28 00:00:00,27809.75,long,0.0009672866530623775,,,,0.0,0.0,0.0,,,,,,,
2026-07-28 14:50:00,27791.85,zone_skip,tolerance,2026-07-27 04:00:00,28075.02,long,0.010086190499597218,0.0025,,,,,,,,,,,,
2026-07-28 14:50:00,27791.85,zone_skip,score_h4,2026-07-28 00:00:00,27809.75,long,0.0006436591483203357,,,,0.0,0.0,1.0,,,,,,,
2026-07-28 14:55:00,27836.6,zone_skip,tolerance,2026-07-27 04:00:00,28075.02,long,0.008492246844347818,0.0025,,,,,,,,,,,,
2026-07-28 14:55:00,27836.6,zone_skip,score_h4,2026-07-28 00:00:00,27809.75,long,0.0009654887224803728,,,,0.0,0.0,1.75,,,,,,,
2026-07-28 15:00:00,27856.35,zone_skip,tolerance,2026-07-27 04:00:00,28075.02,long,0.007788774504880206,0.0025,,,,,,,,,,,,
2026-07-28 15:00:00,27856.35,zone_skip,score_h4,2026-07-28 00:00:00,27809.75,long,0.0016756713023309646,,,,0.0,0.0,1.75,,,,,,,
2026-07-28 15:05:00,27852.05,zone_skip,tolerance,2026-07-27 04:00:00,28075.02,long,0.007941935571194648,0.0025,,,,,,,,,,,,
2026-07-28 15:05:00,27852.05,zone_skip,score_h4,2026-07-28 00:00:00,27809.75,long,0.0015210492722875708,,,,0.0,0.0,1.75,,,,,,,
2026-07-28 15:10:00,27836.55,zone_skip,tolerance,2026-07-27 04:00:00,28075.02,long,0.008494027786979356,0.0025,,,,,,,,,,,,
2026-07-28 15:10:00,27836.55,zone_skip,score_h4,2026-07-28 00:00:00,27809.75,long,0.0009636907918984986,,,,0.0,0.0,1.75,,,,,,,
2026-07-28 15:15:00,27842.05,zone_skip,tolerance,2026-07-27 04:00:00,28075.02,long,0.008298124097507362,0.0025,,,,,,,,,,,,
2026-07-28 15:15:00,27842.05,zone_skip,score_h4,2026-07-28 00:00:00,27809.75,long,0.0011614631559075243,,,,0.0,0.0,1.75,,,,,,,
2026-07-28 15:20:00,27847.35,zone_skip,tolerance,2026-07-27 04:00:00,28075.02,long,0.008109344178561649,0.0025,,,,,,,,,,,,
2026-07-28 15:20:00,27847.35,zone_skip,score_h4,2026-07-28 00:00:00,27809.75,long,0.0013520437975889227,,,,0.0,0.0,1.75,,,,,,,
2026-07-28 15:25:00,27882.8,zone_skip,tolerance,2026-07-27 04:00:00,28075.02,long,0.006846655852783049,0.0025,,,,,,,,,,,,
2026-07-28 15:25:00,27882.8,zone_skip,tolerance,2026-07-28 00:00:00,27809.75,long,0.002626776580156214,0.0025,,,,,,,,,,,,
2026-07-28 15:30:00,27852.6,zone_skip,tolerance,2026-07-27 04:00:00,28075.02,long,0.007922345202247475,0.0025,,,,,,,,,,,,
2026-07-28 15:30:00,27852.6,zone_skip,score_h4,2026-07-28 00:00:00,27809.75,long,0.0015408265086884472,,,,0.0,0.0,2.5,,,,,,,
2026-07-28 15:35:00,27838.05,zone_skip,tolerance,2026-07-27 04:00:00,28075.02,long,0.00844059950803245,0.0025,,,,,,,,,,,,
2026-07-28 15:35:00,27838.05,zone_skip,score_h4,2026-07-28 00:00:00,27809.75,long,0.0010176287093555056,,,,0.0,0.0,2.0,,,,,,,
2026-07-28 15:40:00,27883.1,zone_skip,tolerance,2026-07-27 04:00:00,28075.02,long,0.006835970196993693,0.0025,,,,,,,,,,,,
2026-07-28 15:40:00,27883.1,zone_skip,tolerance,2026-07-28 00:00:00,27809.75,long,0.002637564163647589,0.0025,,,,,,,,,,,,
2026-07-28 15:45:00,27880.1,zone_skip,tolerance,2026-07-27 04:00:00,28075.02,long,0.0069428267548875084,0.0025,,,,,,,,,,,,
2026-07-28 15:45:00,27880.1,zone_skip,tolerance,2026-07-28 00:00:00,27809.75,long,0.002529688328733575,0.0025,,,,,,,,,,,,
2026-07-28 15:50:00,27881.85,zone_skip,tolerance,2026-07-27 04:00:00,28075.02,long,0.006880493762782783,0.0025,,,,,,,,,,,,
2026-07-28 15:50:00,27881.85,zone_skip,tolerance,2026-07-28 00:00:00,27809.75,long,0.0025926158991000834,0.0025,,,,,,,,,,,,
2026-07-28 15:55:00,27866.85,zone_skip,tolerance,2026-07-27 04:00:00,28075.02,long,0.007414776552251856,0.0025,,,,,,,,,,,,
2026-07-28 15:55:00,27866.85,zone_skip,score_h4,2026-07-28 00:00:00,27809.75,long,0.0020532367245300136,,,,0.0,0.0,2.5,,,,,,,
2026-07-28 16:00:00,27851.1,zone_skip,tolerance,2026-07-27 04:00:00,28075.02,long,0.007975773481194381,0.0025,,,,,,,,,,,,
2026-07-28 16:00:00,27851.1,zone_skip,score_h4,2026-07-28 00:00:00,27809.75,long,0.0014868885912314401,,,,0.0,0.0,2.0,,,,,,,
2026-07-28 16:05:00,27890.35,zone_skip,tolerance,2026-07-27 04:00:00,28075.02,long,0.006577733515416975,0.0025,,,,,,,,,,,,
2026-07-28 16:05:00,27890.35,zone_skip,tolerance,2026-07-28 00:00:00,27809.75,long,0.002898264098023123,0.0025,,,,,,,,,,,,
2026-07-28 16:10:00,27874.6,zone_skip,tolerance,2026-07-27 04:00:00,28075.02,long,0.007138730444359502,0.0025,,,,,,,,,,,,
2026-07-28 16:10:00,27874.6,zone_skip,score_h4,2026-07-28 00:00:00,27809.75,long,0.0023319159647245498,,,,0.0,0.0,2.5,,,,,,,
2026-07-28 16:15:00,27887.1,zone_skip,tolerance,2026-07-27 04:00:00,28075.02,long,0.006693494786468608,0.0025,,,,,,,,,,,,
2026-07-28 16:15:00,27887.1,zone_skip,tolerance,2026-07-28 00:00:00,27809.75,long,0.002781398610199608,0.0025,,,,,,,,,,,,
2026-07-28 16:20:00,27871.6,zone_skip,tolerance,2026-07-27 04:00:00,28075.02,long,0.007245587002253316,0.0025,,,,,,,,,,,,
2026-07-28 16:20:00,27871.6,zone_skip,score_h4,2026-07-28 00:00:00,27809.75,long,0.0022240401298105356,,,,0.0,0.0,2.0,,,,,,,
2026-07-28 16:25:00,27825.6,zone_skip,tolerance,2026-07-27 04:00:00,28075.02,long,0.008884054223291804,0.0025,,,,,,,,,,,,
2026-07-28 16:25:00,27825.6,zone_skip,score_h4,2026-07-28 00:00:00,27809.75,long,0.0005699439944623215,,,,0.0,0.0,1.0,,,,,,,
2026-07-28 16:30:00,27749.6,zone_skip,tolerance,2026-07-27 04:00:00,28075.02,long,0.01159108702326844,0.0025,,,,,,,,,,,,
2026-07-28 16:30:00,27749.6,zone_skip,score_h4,2026-07-28 00:00:00,27809.75,long,0.0021629104900260324,,,,0.0,0.0,1.0,,,,,,,
2026-07-28 16:35:00,27664.6,zone_skip,tolerance,2026-07-28 00:00:00,27809.75,long,0.005219392479256429,0.0025,,,,,,,,,,,,
2026-07-28 16:40:00,27622.35,zone_skip,tolerance,2026-07-28 00:00:00,27809.75,long,0.0067386438209621246,0.0025,,,,,,,,,,,,
2026-07-28 16:45:00,27627.3,zone_skip,tolerance,2026-07-28 00:00:00,27809.75,long,0.0065606486933539754,0.0025,,,,,,,,,,,,
2026-07-28 16:50:00,27570.1,zone_skip,tolerance,2026-07-28 00:00:00,27809.75,long,0.008617481279047868,0.0025,,,,,,,,,,,,
2026-07-28 16:55:00,27536.8,zone_skip,tolerance,2026-07-28 00:00:00,27809.75,long,0.009814903046593397,0.0025,,,,,,,,,,,,
2026-07-28 17:00:00,27587.85,zone_skip,tolerance,2026-07-28 00:00:00,27809.75,long,0.007979215922473285,0.0025,,,,,,,,,,,,
2026-07-28 17:05:00,27547.85,zone_skip,tolerance,2026-07-28 00:00:00,27809.75,long,0.009417560387993473,0.0025,,,,,,,,,,,,
2026-07-28 17:10:00,27503.1,zone_skip,tolerance,2026-07-28 00:00:00,27809.75,long,0.01102670825879418,0.0025,,,,,,,,,,,,
2026-07-28 17:15:00,27487.6,zone_skip,tolerance,2026-07-28 00:00:00,27809.75,long,0.011584066739183253,0.0025,,,,,,,,,,,,
2026-07-28 17:20:00,27550.35,zone_skip,tolerance,2026-07-28 00:00:00,27809.75,long,0.009327663858898461,0.0025,,,,,,,,,,,,
2026-07-28 17:25:00,27579.35,zone_skip,tolerance,2026-07-28 00:00:00,27809.75,long,0.008284864121396325,0.0025,,,,,,,,,,,,
2026-07-28 17:30:00,27552.1,zone_skip,tolerance,2026-07-28 00:00:00,27809.75,long,0.009264736288531953,0.0025,,,,,,,,,,,,
2026-07-28 17:35:00,27595.6,zone_skip,tolerance,2026-07-28 00:00:00,27809.75,long,0.007700536682278749,0.0025,,,,,,,,,,,,
2026-07-28 17:40:00,27645.35,zone_skip,tolerance,2026-07-28 00:00:00,27809.75,long,0.005911595753288018,0.0025,,,,,,,,,,,,
2026-07-28 17:45:00,27723.85,zone_skip,tolerance,2026-07-28 00:00:00,27809.75,long,0.0030888447397046524,0.0025,,,,,,,,,,,,
2026-07-28 17:50:00,27724.6,zone_skip,tolerance,2026-07-27 04:00:00,28075.02,long,0.012481558339050226,0.0025,,,,,,,,,,,,
2026-07-28 17:50:00,27724.6,zone_skip,tolerance,2026-07-28 00:00:00,27809.75,long,0.0030618757809761487,0.0025,,,,,,,,,,,,
2026-07-28 17:55:00,27674.85,zone_skip,tolerance,2026-07-28 00:00:00,27809.75,long,0.00485081670996688,0.0025,,,,,,,,,,,,
2026-07-28 18:00:00,27653.85,zone_skip,tolerance,2026-07-28 00:00:00,27809.75,long,0.005605947554364978,0.0025,,,,,,,,,,,,
2026-07-28 18:05:00,27697.1,zone_skip,tolerance,2026-07-28 00:00:00,27809.75,long,0.004050737601021277,0.0025,,,,,,,,,,,,
2026-07-28 18:10:00,27726.6,zone_skip,tolerance,2026-07-27 04:00:00,28075.02,long,0.012410320633787683,0.0025,,,,,,,,,,,,
2026-07-28 18:10:00,27726.6,zone_skip,tolerance,2026-07-28 00:00:00,27809.75,long,0.0029899585577001396,0.0025,,,,,,,,,,,,
2026-07-28 18:15:00,27789.1,zone_skip,tolerance,2026-07-27 04:00:00,28075.02,long,0.010184142344333215,0.0025,,,,,,,,,,,,
2026-07-28 18:15:00,27789.1,zone_skip,score_h4,2026-07-28 00:00:00,27809.75,long,0.0007425453303248485,,,,0.0,1.5,2.0,,,,,,,
2026-07-28 18:20:00,27847.6,zone_skip,tolerance,2026-07-27 04:00:00,28075.02,long,0.008100439465403833,0.0025,,,,,,,,,,,,
2026-07-28 18:20:00,27847.6,zone_skip,score_h4,2026-07-28 00:00:00,27809.75,long,0.001361033450498424,,,,0.0,1.5,2.0,,,,,,,
2026-07-28 18:25:00,27838.6,zone_skip,tolerance,2026-07-27 04:00:00,28075.02,long,0.008421009139085275,0.0025,,,,,,,,,,,,
2026-07-28 18:25:00,27838.6,zone_skip,score_h4,2026-07-28 00:00:00,27809.75,long,0.001037405945756382,,,,0.0,1.5,2.0,,,,,,,
2026-07-28 18:30:00,27851.6,zone_skip,tolerance,2026-07-27 04:00:00,28075.02,long,0.007957964054878745,0.0025,,,,,,,,,,,,
2026-07-28 18:30:00,27851.6,zone_skip,score_h4,2026-07-28 00:00:00,27809.75,long,0.0015048678970504426,,,,0.0,1.5,2.0,,,,,,,
2026-07-28 18:35:00,27878.85,zone_skip,tolerance,2026-07-27 04:00:00,28075.02,long,0.006987350320676598,0.0025,,,,,,,,,,,,
2026-07-28 18:35:00,27878.85,zone_skip,score_h4,2026-07-28 00:00:00,27809.75,long,0.0024847400641860693,,,,0.0,1.5,2.0,,,,,,,
2026-07-28 18:40:00,27904.6,zone_skip,tolerance,2026-07-27 04:00:00,28075.02,long,0.006070164865421356,0.0025,,,,,,,,,,,,
2026-07-28 18:40:00,27904.6,zone_skip,tolerance,2026-07-28 00:00:00,27809.75,long,0.0034106743138646893,0.0025,,,,,,,,,,,,
2026-07-28 18:45:00,27917.85,zone_skip,tolerance,2026-07-27 04:00:00,28075.02,long,0.005598215068057009,0.0025,,,,,,,,,,,,
2026-07-28 18:45:00,27917.85,zone_skip,tolerance,2026-07-28 00:00:00,27809.75,long,0.003887125918068251,0.0025,,,,,,,,,,,,
2026-07-28 18:50:00,27906.1,zone_skip,tolerance,2026-07-27 04:00:00,28075.02,long,0.006016736586474449,0.0025,,,,,,,,,,,,
2026-07-28 18:50:00,27906.1,zone_skip,tolerance,2026-07-28 00:00:00,27809.75,long,0.0034646122313216963,0.0025,,,,,,,,,,,,
2026-07-28 18:55:00,27920.85,zone_skip,tolerance,2026-07-27 04:00:00,28075.02,long,0.005491358510163195,0.0025,,,,,,,,,,,,
2026-07-28 18:55:00,27920.85,zone_skip,tolerance,2026-07-28 00:00:00,27809.75,long,0.003995001752982265,0.0025,,,,,,,,,,,,
2026-07-28 19:00:00,27923.85,zone_skip,tolerance,2026-07-27 04:00:00,28075.02,long,0.00538450195226938,0.0025,,,,,,,,,,,,
2026-07-28 19:00:00,27923.85,zone_skip,tolerance,2026-07-28 00:00:00,27809.75,long,0.004102877587896279,0.0025,,,,,,,,,,,,
2026-07-28 19:05:00,27880.85,zone_skip,tolerance,2026-07-27 04:00:00,28075.02,long,0.006916112615414054,0.0025,,,,,,,,,,,,
2026-07-28 19:05:00,27880.85,zone_skip,tolerance,2026-07-28 00:00:00,27809.75,long,0.002556657287462079,0.0025,,,,,,,,,,,,
2026-07-28 19:10:00,27880.85,zone_skip,tolerance,2026-07-27 04:00:00,28075.02,long,0.006916112615414054,0.0025,,,,,,,,,,,,
2026-07-28 19:10:00,27880.85,zone_skip,tolerance,2026-07-28 00:00:00,27809.75,long,0.002556657287462079,0.0025,,,,,,,,,,,,
2026-07-28 19:15:00,27903.1,zone_skip,tolerance,2026-07-27 04:00:00,28075.02,long,0.006123593144368264,0.0025,,,,,,,,,,,,
2026-07-28 19:15:00,27903.1,zone_skip,tolerance,2026-07-28 00:00:00,27809.75,long,0.003356736396407682,0.0025,,,,,,,,,,,,
2026-07-28 19:20:00,27871.85,zone_skip,tolerance,2026-07-27 04:00:00,28075.02,long,0.007236682289095498,0.0025,,,,,,,,,,,,
2026-07-28 19:20:00,27871.85,zone_skip,score_h4,2026-07-28 00:00:00,27809.75,long,0.002233029782720037,,,,0.0,1.5,2.0,,,,,,,
2026-07-28 19:25:00,27867.1,zone_skip,tolerance,2026-07-27 04:00:00,28075.02,long,0.007405871839094038,0.0025,,,,,,,,,,,,
2026-07-28 19:25:00,27867.1,zone_skip,score_h4,2026-07-28 00:00:00,27809.75,long,0.002062226377439515,,,,0.0,1.5,2.0,,,,,,,
2026-07-28 19:30:00,27848.6,zone_skip,tolerance,2026-07-27 04:00:00,28075.02,long,0.00806482061277256,0.0025,,,,,,,,,,,,
2026-07-28 19:30:00,27848.6,zone_skip,score_h4,2026-07-28 00:00:00,27809.75,long,0.0013969920621364285,,,,0.0,1.5,2.0,,,,,,,
2026-07-28 19:35:00,27896.6,zone_skip,tolerance,2026-07-27 04:00:00,28075.02,long,0.006355115686471529,0.0025,,,,,,,,,,,,
2026-07-28 19:35:00,27896.6,zone_skip,tolerance,2026-07-28 00:00:00,27809.75,long,0.003123005420760652,0.0025,,,,,,,,,,,,
2026-07-28 19:40:00,27905.85,zone_skip,tolerance,2026-07-27 04:00:00,28075.02,long,0.006025641299632267,0.0025,,,,,,,,,,,,
2026-07-28 19:40:00,27905.85,zone_skip,tolerance,2026-07-28 00:00:00,27809.75,long,0.003455622578412195,0.0025,,,,,,,,,,,,
2026-07-28 19:45:00,27889.35,zone_skip,tolerance,2026-07-27 04:00:00,28075.02,long,0.006613352368048247,0.0025,,,,,,,,,,,,
2026-07-28 19:45:00,27889.35,zone_skip,tolerance,2026-07-28 00:00:00,27809.75,long,0.0028623054863851183,0.0025,,,,,,,,,,,,
2026-07-28 19:50:00,27941.85,zone_skip,tolerance,2026-07-24 00:00:00,28293.6,long,0.01243214013063025,0.0025,,,,,,,,,,,,
2026-07-28 19:50:00,27941.85,zone_skip,tolerance,2026-07-27 04:00:00,28075.02,long,0.004743362604906493,0.0025,,,,,,,,,,,,
2026-07-28 19:50:00,27941.85,zone_skip,tolerance,2026-07-28 00:00:00,27809.75,long,0.004750132597380363,0.0025,,,,,,,,,,,,
2026-07-28 19:55:00,27930.35,zone_skip,tolerance,2026-07-27 04:00:00,28075.02,long,0.005152979410166115,0.0025,,,,,,,,,,,,
2026-07-28 19:55:00,27930.35,zone_skip,tolerance,2026-07-28 00:00:00,27809.75,long,0.004336608563543309,0.0025,,,,,,,,,,,,
2026-07-28 20:00:00,27893.85,zone_skip,tolerance,2026-07-27 04:00:00,28075.02,long,0.006453067531207525,0.0025,,,,,,,,,,,,
2026-07-28 20:00:00,27893.85,zone_skip,tolerance,2026-07-28 00:00:00,27809.75,long,0.0030241192387561395,0.0025,,,,,,,,,,,,
2026-07-28 20:05:00,27859.85,zone_skip,tolerance,2026-07-27 04:00:00,28075.02,long,0.007664108520670756,0.0025,,,,,,,,,,,,
2026-07-28 20:05:00,27859.85,zone_skip,score_h4,2026-07-28 00:00:00,27809.75,long,0.001801526443063981,,,,0.0,0.0,1.0,,,,,,,
2026-07-28 20:10:00,27861.6,zone_skip,tolerance,2026-07-27 04:00:00,28075.02,long,0.007601775528566031,0.0025,,,,,,,,,,,,
2026-07-28 20:10:00,27861.6,zone_skip,score_h4,2026-07-28 00:00:00,27809.75,long,0.0018644540134304891,,,,0.0,0.0,1.0,,,,,,,
2026-07-28 20:15:00,27866.35,zone_skip,tolerance,2026-07-27 04:00:00,28075.02,long,0.007432585978567491,0.0025,,,,,,,,,,,,
2026-07-28 20:15:00,27866.35,zone_skip,score_h4,2026-07-28 00:00:00,27809.75,long,0.002035257418711011,,,,0.0,0.0,1.0,,,,,,,
2026-07-28 20:20:00,27860.85,zone_skip,tolerance,2026-07-27 04:00:00,28075.02,long,0.007628489668039484,0.0025,,,,,,,,,,,,
2026-07-28 20:20:00,27860.85,zone_skip,score_h4,2026-07-28 00:00:00,27809.75,long,0.0018374850547019856,,,,0.0,0.0,1.0,,,,,,,
2026-07-28 20:25:00,27869.6,zone_skip,tolerance,2026-07-27 04:00:00,28075.02,long,0.007316824707515859,0.0025,,,,,,,,,,,,
2026-07-28 20:25:00,27869.6,zone_skip,score_h4,2026-07-28 00:00:00,27809.75,long,0.0021521229065345265,,,,0.0,0.0,2.0,,,,,,,
2026-07-28 20:30:00,27895.1,zone_skip,tolerance,2026-07-27 04:00:00,28075.02,long,0.006408543965418435,0.0025,,,,,,,,,,,,
2026-07-28 20:30:00,27895.1,zone_skip,tolerance,2026-07-28 00:00:00,27809.75,long,0.0030690675033036453,0.0025,,,,,,,,,,,,
2026-07-28 20:35:00,27867.35,zone_skip,tolerance,2026-07-27 04:00:00,28075.02,long,0.00739696712593622,0.0025,,,,,,,,,,,,
2026-07-28 20:35:00,27867.35,zone_skip,score_h4,2026-07-28 00:00:00,27809.75,long,0.0020712160303490157,,,,0.0,0.0,1.0,,,,,,,
2026-07-28 20:40:00,27827.6,zone_skip,tolerance,2026-07-27 04:00:00,28075.02,long,0.008812816518029261,0.0025,,,,,,,,,,,,
2026-07-28 20:40:00,27827.6,zone_skip,score_h4,2026-07-28 00:00:00,27809.75,long,0.0006418612177383308,,,,0.0,0.0,1.0,,,,,,,
2026-07-28 20:45:00,27852.85,zone_skip,tolerance,2026-07-27 04:00:00,28075.02,long,0.007913440489089657,0.0025,,,,,,,,,,,,
2026-07-28 20:45:00,27852.85,zone_skip,score_h4,2026-07-28 00:00:00,27809.75,long,0.0015498161615979484,,,,0.0,0.0,1.0,,,,,,,
2026-07-28 20:50:00,27814.1,zone_skip,tolerance,2026-07-27 04:00:00,28075.02,long,0.009293671028551427,0.0025,,,,,,,,,,,,
2026-07-28 20:50:00,27814.1,zone_skip,score_h4,2026-07-28 00:00:00,27809.75,long,0.00015641996062526792,,,,0.0,0.0,1.0,,,,,,,
2026-07-28 20:55:00,27845.85,zone_skip,tolerance,2026-07-27 04:00:00,28075.02,long,0.008162772457508558,0.0025,,,,,,,,,,,,
2026-07-28 20:55:00,27845.85,zone_skip,score_h4,2026-07-28 00:00:00,27809.75,long,0.0012981058801319158,,,,0.0,0.0,1.0,,,,,,,
2026-07-28 21:00:00,27842.1,zone_skip,tolerance,2026-07-27 04:00:00,28075.02,long,0.008296343154875825,0.0025,,,,,,,,,,,,
2026-07-28 21:00:00,27842.1,zone_skip,session,2026-07-28 00:00:00,27809.75,long,0.0011632610864893984,,,0.0,,,,,,,,,,
2026-07-28 21:05:00,27817.6,zone_skip,tolerance,2026-07-27 04:00:00,28075.02,long,0.009169005044341977,0.0025,,,,,,,,,,,,
2026-07-28 21:05:00,27817.6,zone_skip,session,2026-07-28 00:00:00,27809.75,long,0.00028227510135828425,,,0.0,,,,,,,,,,
2026-07-28 21:10:00,27790.35,zone_skip,tolerance,2026-07-27 04:00:00,28075.02,long,0.010139618778544125,0.0025,,,,,,,,,,,,
2026-07-28 21:10:00,27790.35,zone_skip,session,2026-07-28 00:00:00,27809.75,long,0.0006975970657773427,,,0.0,,,,,,,,,,
2026-07-28 21:15:00,27802.35,zone_skip,tolerance,2026-07-27 04:00:00,28075.02,long,0.009712192546968867,0.0025,,,,,,,,,,,,
2026-07-28 21:15:00,27802.35,zone_skip,session,2026-07-28 00:00:00,27809.75,long,0.0002660937261212868,,,0.0,,,,,,,,,,
2026-07-28 21:20:00,27799.6,zone_skip,tolerance,2026-07-27 04:00:00,28075.02,long,0.009810144391704865,0.0025,,,,,,,,,,,,
2026-07-28 21:20:00,27799.6,zone_skip,session,2026-07-28 00:00:00,27809.75,long,0.0003649799081257996,,,0.0,,,,,,,,,,
2026-07-28 21:25:00,27799.6,zone_skip,tolerance,2026-07-27 04:00:00,28075.02,long,0.009810144391704865,0.0025,,,,,,,,,,,,
2026-07-28 21:25:00,27799.6,zone_skip,session,2026-07-28 00:00:00,27809.75,long,0.0003649799081257996,,,0.0,,,,,,,,,,
2026-07-28 21:30:00,27820.35,zone_skip,tolerance,2026-07-27 04:00:00,28075.02,long,0.00907105319960598,0.0025,,,,,,,,,,,,
2026-07-28 21:30:00,27820.35,zone_skip,session,2026-07-28 00:00:00,27809.75,long,0.000381161283362797,,,0.0,,,,,,,,,,
2026-07-28 21:35:00,27805.6,zone_skip,tolerance,2026-07-27 04:00:00,28075.02,long,0.009596431275917234,0.0025,,,,,,,,,,,,
2026-07-28 21:35:00,27805.6,zone_skip,session,2026-07-28 00:00:00,27809.75,long,0.00014922823829777165,,,0.0,,,,,,,,,,
2026-07-28 21:40:00,27811.1,zone_skip,tolerance,2026-07-27 04:00:00,28075.02,long,0.009400527586445242,0.0025,,,,,,,,,,,,
2026-07-28 21:40:00,27811.1,zone_skip,session,2026-07-28 00:00:00,27809.75,long,4.854412571125396e-05,,,0.0,,,,,,,,,,
2026-07-28 21:45:00,27828.35,zone_skip,tolerance,2026-07-27 04:00:00,28075.02,long,0.008786102378555809,0.0025,,,,,,,,,,,,
2026-07-28 21:45:00,27828.35,zone_skip,session,2026-07-28 00:00:00,27809.75,long,0.0006688301764668342,,,0.0,,,,,,,,,,
2026-07-28 21:50:00,27825.35,zone_skip,tolerance,2026-07-27 04:00:00,28075.02,long,0.008892958936449622,0.0025,,,,,,,,,,,,
2026-07-28 21:50:00,27825.35,zone_skip,session,2026-07-28 00:00:00,27809.75,long,0.0005609543415528203,,,0.0,,,,,,,,,,
2026-07-28 21:55:00,27846.35,zone_skip,tolerance,2026-07-27 04:00:00,28075.02,long,0.008144963031192921,0.0025,,,,,,,,,,,,
2026-07-28 21:55:00,27846.35,zone_skip,session,2026-07-28 00:00:00,27809.75,long,0.0013160851859509181,,,0.0,,,,,,,,,,
2026-07-28 22:00:00,27889.35,zone_skip,tolerance,2026-07-27 04:00:00,28075.02,long,0.006613352368048247,0.0025,,,,,,,,,,,,
2026-07-28 22:00:00,27889.35,zone_skip,tolerance,2026-07-28 00:00:00,27809.75,long,0.0028623054863851183,0.0025,,,,,,,,,,,,
2026-07-28 22:05:00,27851.85,zone_skip,tolerance,2026-07-27 04:00:00,28075.02,long,0.007949059341720927,0.0025,,,,,,,,,,,,
2026-07-28 22:05:00,27851.85,zone_skip,session,2026-07-28 00:00:00,27809.75,long,0.0015138575499599437,,,0.0,,,,,,,,,,
2026-07-28 22:10:00,27860.85,zone_skip,tolerance,2026-07-27 04:00:00,28075.02,long,0.007628489668039484,0.0025,,,,,,,,,,,,
2026-07-28 22:10:00,27860.85,zone_skip,session,2026-07-28 00:00:00,27809.75,long,0.0018374850547019856,,,0.0,,,,,,,,,,
2026-07-28 22:15:00,27862.85,zone_skip,tolerance,2026-07-27 04:00:00,28075.02,long,0.007557251962776942,0.0025,,,,,,,,,,,,
2026-07-28 22:15:00,27862.85,zone_skip,session,2026-07-28 00:00:00,27809.75,long,0.001909402277977995,,,0.0,,,,,,,,,,
2026-07-28 22:20:00,27890.6,zone_skip,tolerance,2026-07-27 04:00:00,28075.02,long,0.006568828802259157,0.0025,,,,,,,,,,,,
2026-07-28 22:20:00,27890.6,zone_skip,tolerance,2026-07-28 00:00:00,27809.75,long,0.002907253750932624,0.0025,,,,,,,,,,,,
2026-07-28 22:25:00,27891.15,zone_skip,tolerance,2026-07-27 04:00:00,28075.02,long,0.006549238433311854,0.0025,,,,,,,,,,,,
2026-07-28 22:25:00,27891.15,zone_skip,tolerance,2026-07-28 00:00:00,27809.75,long,0.0029270309873336313,0.0025,,,,,,,,,,,,
2026-07-28 22:30:00,27873.6,zone_skip,tolerance,2026-07-27 04:00:00,28075.02,long,0.007174349296990773,0.0025,,,,,,,,,,,,
2026-07-28 22:30:00,27873.6,zone_skip,session,2026-07-28 00:00:00,27809.75,long,0.002295957353086545,,,0.0,,,,,,,,,,
2026-07-28 22:35:00,27820.85,zone_skip,tolerance,2026-07-27 04:00:00,28075.02,long,0.009053243773290344,0.0025,,,,,,,,,,,,
2026-07-28 22:35:00,27820.85,zone_skip,session,2026-07-28 00:00:00,27809.75,long,0.00039914058918179935,,,0.0,,,,,,,,,,
2026-07-28 22:40:00,27827.35,zone_skip,tolerance,2026-07-27 04:00:00,28075.02,long,0.00882172123118708,0.0025,,,,,,,,,,,,
2026-07-28 22:40:00,27827.35,zone_skip,session,2026-07-28 00:00:00,27809.75,long,0.0006328715648288297,,,0.0,,,,,,,,,,
2026-07-28 22:45:00,27826.1,zone_skip,tolerance,2026-07-27 04:00:00,28075.02,long,0.00886624479697617,0.0025,,,,,,,,,,,,
2026-07-28 22:45:00,27826.1,zone_skip,session,2026-07-28 00:00:00,27809.75,long,0.0005879233002813239,,,0.0,,,,,,,,,,
2026-07-28 22:50:00,27855.35,zone_skip,tolerance,2026-07-27 04:00:00,28075.02,long,0.007824393357511478,0.0025,,,,,,,,,,,,
2026-07-28 22:50:00,27855.35,zone_skip,session,2026-07-28 00:00:00,27809.75,long,0.00163971269069296,,,0.0,,,,,,,,,,
2026-07-28 22:55:00,27794.47,zone_skip,tolerance,2026-07-27 04:00:00,28075.02,long,0.009992869105703194,0.0025,,,,,,,,,,,,
2026-07-28 22:55:00,27794.47,zone_skip,session,2026-07-28 00:00:00,27809.75,long,0.0005494475858286693,,,0.0,,,,,,,,,,
2026-07-28 23:00:00,27790.3,zone_skip,tolerance,2026-07-27 04:00:00,28075.02,long,0.010141399721175663,0.0025,,,,,,,,,,,,
2026-07-28 23:00:00,27790.3,zone_skip,session,2026-07-28 00:00:00,27809.75,long,0.0006993949963592167,,,0.0,,,,,,,,,,
2026-07-28 23:05:00,27779.55,zone_skip,tolerance,2026-07-27 04:00:00,28075.02,long,0.010524302386961832,0.0025,,,,,,,,,,,,
2026-07-28 23:05:00,27779.55,zone_skip,session,2026-07-28 00:00:00,27809.75,long,0.0010859500714677668,,,0.0,,,,,,,,,,
2026-07-28 23:10:00,27792.1,zone_skip,tolerance,2026-07-27 04:00:00,28075.02,long,0.0100772857864394,0.0025,,,,,,,,,,,,
2026-07-28 23:10:00,27792.1,zone_skip,session,2026-07-28 00:00:00,27809.75,long,0.0006346694954108346,,,0.0,,,,,,,,,,
2026-07-28 23:15:00,27821.6,zone_skip,tolerance,2026-07-27 04:00:00,28075.02,long,0.009026529633816891,0.0025,,,,,,,,,,,,
2026-07-28 23:15:00,27821.6,zone_skip,session,2026-07-28 00:00:00,27809.75,long,0.00042610954791030283,,,0.0,,,,,,,,,,
2026-07-28 23:20:00,27833.1,zone_skip,tolerance,2026-07-27 04:00:00,28075.02,long,0.008616912828557269,0.0025,,,,,,,,,,,,
2026-07-28 23:20:00,27833.1,zone_skip,session,2026-07-28 00:00:00,27809.75,long,0.0008396335817473565,,,0.0,,,,,,,,,,
2026-07-28 23:25:00,27850.35,zone_skip,tolerance,2026-07-27 04:00:00,28075.02,long,0.008002487620667836,0.0025,,,,,,,,,,,,
2026-07-28 23:25:00,27850.35,zone_skip,session,2026-07-28 00:00:00,27809.75,long,0.0014599196325029368,,,0.0,,,,,,,,,,
2026-07-28 23:30:00,27839.35,zone_skip,tolerance,2026-07-27 04:00:00,28075.02,long,0.008394294999611822,0.0025,,,,,,,,,,,,
2026-07-28 23:30:00,27839.35,zone_skip,session,2026-07-28 00:00:00,27809.75,long,0.0010643749044848855,,,0.0,,,,,,,,,,
2026-07-28 23:35:00,27821.35,zone_skip,tolerance,2026-07-27 04:00:00,28075.02,long,0.00903543434697471,0.0025,,,,,,,,,,,,
2026-07-28 23:35:00,27821.35,zone_skip,session,2026-07-28 00:00:00,27809.75,long,0.0004171198950008017,,,0.0,,,,,,,,,,
2026-07-28 23:40:00,27821.35,zone_skip,tolerance,2026-07-27 04:00:00,28075.02,long,0.00903543434697471,0.0025,,,,,,,,,,,,
2026-07-28 23:40:00,27821.35,zone_skip,session,2026-07-28 00:00:00,27809.75,long,0.0004171198950008017,,,0.0,,,,,,,,,,
2026-07-28 23:45:00,27827.35,zone_skip,tolerance,2026-07-27 04:00:00,28075.02,long,0.00882172123118708,0.0025,,,,,,,,,,,,
2026-07-28 23:45:00,27827.35,zone_skip,session,2026-07-28 00:00:00,27809.75,long,0.0006328715648288297,,,0.0,,,,,,,,,,
2026-07-28 23:50:00,27823.85,zone_skip,tolerance,2026-07-27 04:00:00,28075.02,long,0.00894638721539653,0.0025,,,,,,,,,,,,
2026-07-28 23:50:00,27823.85,zone_skip,session,2026-07-28 00:00:00,27809.75,long,0.0005070164240958134,,,0.0,,,,,,,,,,
2026-07-28 23:55:00,27831.4,zone_skip,tolerance,2026-07-27 04:00:00,28075.02,long,0.008677464878030327,0.0025,,,,,,,,,,,,
2026-07-28 23:55:00,27831.4,zone_skip,session,2026-07-28 00:00:00,27809.75,long,0.0007785039419628531,,,0.0,,,,,,,,,,
2026-07-29 01:00:00,27871.55,zone_skip,tolerance,2026-07-27 04:00:00,28075.02,long,0.007247367944884854,0.0025,,,,,,,,,,,,
2026-07-29 01:00:00,27871.55,zone_skip,session,2026-07-28 00:00:00,27809.75,long,0.0022222421992286615,,,0.0,,,,,,,,,,
2026-07-29 01:05:00,27876.6,zone_skip,tolerance,2026-07-27 04:00:00,28075.02,long,0.007067492739096958,0.0025,,,,,,,,,,,,
2026-07-29 01:05:00,27876.6,zone_skip,session,2026-07-28 00:00:00,27809.75,long,0.002403833188000559,,,0.0,,,,,,,,,,
2026-07-29 01:10:00,27848.3,zone_skip,tolerance,2026-07-27 04:00:00,28075.02,long,0.008075506268561915,0.0025,,,,,,,,,,,,
2026-07-29 01:10:00,27848.3,zone_skip,session,2026-07-28 00:00:00,27809.75,long,0.0013862044786450533,,,0.0,,,,,,,,,,
2026-07-29 01:15:00,27812.3,zone_skip,tolerance,2026-07-27 04:00:00,28075.02,long,0.00935778496328769,0.0025,,,,,,,,,,,,
2026-07-29 01:15:00,27812.3,zone_skip,session,2026-07-28 00:00:00,27809.75,long,9.169445967688571e-05,,,0.0,,,,,,,,,,
2026-07-29 01:15:00,27812.3,zone_skip,tolerance,2026-07-29 00:00:00,27477.6,long,0.012180830931376858,0.0025,,,,,,,,,,,,
2026-07-29 01:20:00,27794.05,zone_skip,tolerance,2026-07-27 04:00:00,28075.02,long,0.010007829023808396,0.0025,,,,,,,,,,,,
2026-07-29 01:20:00,27794.05,zone_skip,session,2026-07-28 00:00:00,27809.75,long,0.0005645502027166993,,,0.0,,,,,,,,,,
2026-07-29 01:20:00,27794.05,zone_skip,tolerance,2026-07-29 00:00:00,27477.6,long,0.01151665356508577,0.0025,,,,,,,,,,,,
2026-07-29 01:25:00,27817.8,zone_skip,tolerance,2026-07-27 04:00:00,28075.02,long,0.009161881273815696,0.0025,,,,,,,,,,,,
2026-07-29 01:25:00,27817.8,zone_skip,session,2026-07-28 00:00:00,27809.75,long,0.0002894668236859113,,,0.0,,,,,,,,,,
2026-07-29 01:25:00,27817.8,zone_skip,tolerance,2026-07-29 00:00:00,27477.6,long,0.012380993973272802,0.0025,,,,,,,,,,,,
2026-07-29 01:30:00,27769.3,zone_skip,tolerance,2026-07-27 04:00:00,28075.02,long,0.010889395626432364,0.0025,,,,,,,,,,,,
2026-07-29 01:30:00,27769.3,zone_skip,session,2026-07-28 00:00:00,27809.75,long,0.0014545258407573146,,,0.0,,,,,,,,,,
2026-07-29 01:30:00,27769.3,zone_skip,tolerance,2026-07-29 00:00:00,27477.6,long,0.01061591987655402,0.0025,,,,,,,,,,,,
2026-07-29 01:35:00,27737.05,zone_skip,tolerance,2026-07-27 04:00:00,28075.02,long,0.012038103623790871,0.0025,,,,,,,,,,,,
2026-07-29 01:35:00,27737.05,zone_skip,tolerance,2026-07-28 00:00:00,27809.75,long,0.0026141910660829647,0.0025,,,,,,,,,,,,
2026-07-29 01:35:00,27737.05,zone_skip,tolerance,2026-07-29 00:00:00,27477.6,long,0.009442236585436891,0.0025,,,,,,,,,,,,
2026-07-29 01:40:00,27738.05,zone_skip,tolerance,2026-07-27 04:00:00,28075.02,long,0.012002484771159599,0.0025,,,,,,,,,,,,
2026-07-29 01:40:00,27738.05,zone_skip,tolerance,2026-07-28 00:00:00,27809.75,long,0.00257823245444496,0.0025,,,,,,,,,,,,
2026-07-29 01:40:00,27738.05,zone_skip,tolerance,2026-07-29 00:00:00,27477.6,long,0.009478629865781608,0.0025,,,,,,,,,,,,
2026-07-29 01:45:00,27700.8,zone_skip,tolerance,2026-07-28 00:00:00,27809.75,long,0.003917690737960633,0.0025,,,,,,,,,,,,
2026-07-29 01:45:00,27700.8,zone_skip,tolerance,2026-07-29 00:00:00,27477.6,long,0.008122980172940894,0.0025,,,,,,,,,,,,
2026-07-29 01:50:00,27666.8,zone_skip,tolerance,2026-07-28 00:00:00,27809.75,long,0.005140283533652792,0.0025,,,,,,,,,,,,
2026-07-29 01:50:00,27666.8,zone_skip,tolerance,2026-07-29 00:00:00,27477.6,long,0.006885608641220512,0.0025,,,,,,,,,,,,
2026-07-29 01:55:00,27634.05,zone_skip,tolerance,2026-07-28 00:00:00,27809.75,long,0.006317928064797445,0.0025,,,,,,,,,,,,
2026-07-29 01:55:00,27634.05,zone_skip,tolerance,2026-07-29 00:00:00,27477.6,long,0.005693728709931025,0.0025,,,,,,,,,,,,
2026-07-29 02:00:00,27660.8,zone_skip,tolerance,2026-07-28 00:00:00,27809.75,long,0.00535603520348082,0.0025,,,,,,,,,,,,
2026-07-29 02:00:00,27660.8,zone_skip,tolerance,2026-07-29 00:00:00,27477.6,long,0.006667248959152209,0.0025,,,,,,,,,,,,
2026-07-29 02:05:00,27624.8,zone_skip,tolerance,2026-07-28 00:00:00,27809.75,long,0.006650545222448987,0.0025,,,,,,,,,,,,
2026-07-29 02:05:00,27624.8,zone_skip,tolerance,2026-07-29 00:00:00,27477.6,long,0.0053570908667423915,0.0025,,,,,,,,,,,,
2026-07-29 02:10:00,27718.55,zone_skip,tolerance,2026-07-28 00:00:00,27809.75,long,0.0032794253813860507,0.0025,,,,,,,,,,,,
2026-07-29 02:10:00,27718.55,zone_skip,tolerance,2026-07-29 00:00:00,27477.6,long,0.008768960899059625,0.0025,,,,,,,,,,,,
2026-07-29 02:15:00,27701.55,zone_skip,tolerance,2026-07-28 00:00:00,27809.75,long,0.00389072177923213,0.0025,,,,,,,,,,,,
2026-07-29 02:15:00,27701.55,zone_skip,tolerance,2026-07-29 00:00:00,27477.6,long,0.008150275133199433,0.0025,,,,,,,,,,,,
2026-07-29 02:20:00,27750.8,zone_skip,tolerance,2026-07-27 04:00:00,28075.02,long,0.011548344400110887,0.0025,,,,,,,,,,,,
2026-07-29 02:20:00,27750.8,zone_skip,session,2026-07-28 00:00:00,27809.75,long,0.0021197601560604008,,,0.0,,,,,,,,,,
2026-07-29 02:20:00,27750.8,zone_skip,tolerance,2026-07-29 00:00:00,27477.6,long,0.009942644190176753,0.0025,,,,,,,,,,,,
2026-07-29 02:25:00,27767.05,zone_skip,tolerance,2026-07-27 04:00:00,28075.02,long,0.010969538044852725,0.0025,,,,,,,,,,,,
2026-07-29 02:25:00,27767.05,zone_skip,session,2026-07-28 00:00:00,27809.75,long,0.001535432716942825,,,0.0,,,,,,,,,,
2026-07-29 02:25:00,27767.05,zone_skip,tolerance,2026-07-29 00:00:00,27477.6,long,0.010534034995778407,0.0025,,,,,,,,,,,,
2026-07-29 02:30:00,27779.55,zone_skip,tolerance,2026-07-27 04:00:00,28075.02,long,0.010524302386961832,0.0025,,,,,,,,,,,,
2026-07-29 02:30:00,27779.55,zone_skip,session,2026-07-28 00:00:00,27809.75,long,0.0010859500714677668,,,0.0,,,,,,,,,,
2026-07-29 02:30:00,27779.55,zone_skip,tolerance,2026-07-29 00:00:00,27477.6,long,0.010988951000087371,0.0025,,,,,,,,,,,,
2026-07-29 02:35:00,27772.8,zone_skip,tolerance,2026-07-27 04:00:00,28075.02,long,0.010764729642222914,0.0025,,,,,,,,,,,,
2026-07-29 02:35:00,27772.8,zone_skip,session,2026-07-28 00:00:00,27809.75,long,0.0013286707000242982,,,0.0,,,,,,,,,,
2026-07-29 02:35:00,27772.8,zone_skip,tolerance,2026-07-29 00:00:00,27477.6,long,0.01074329635776053,0.0025,,,,,,,,,,,,
2026-07-29 02:40:00,27890.05,zone_skip,tolerance,2026-07-27 04:00:00,28075.02,long,0.006588419171206331,0.0025,,,,,,,,,,,,
2026-07-29 02:40:00,27890.05,zone_skip,tolerance,2026-07-28 00:00:00,27809.75,long,0.002887476514531748,0.0025,,,,,,,,,,,,
2026-07-29 02:45:00,27936.8,zone_skip,tolerance,2026-07-27 04:00:00,28075.02,long,0.004923237810694388,0.0025,,,,,,,,,,,,
2026-07-29 02:45:00,27936.8,zone_skip,tolerance,2026-07-28 00:00:00,27809.75,long,0.0045685416086084655,0.0025,,,,,,,,,,,,
2026-07-29 02:50:00,27956.55,zone_skip,tolerance,2026-07-24 00:00:00,28293.6,long,0.011912588005768063,0.0025,,,,,,,,,,,,
2026-07-29 02:50:00,27956.55,zone_skip,tolerance,2026-07-27 04:00:00,28075.02,long,0.004219765471226776,0.0025,,,,,,,,,,,,
2026-07-29 02:50:00,27956.55,zone_skip,tolerance,2026-07-28 00:00:00,27809.75,long,0.005278724188459058,0.0025,,,,,,,,,,,,
2026-07-29 02:55:00,27978.8,zone_skip,tolerance,2026-07-24 00:00:00,28293.6,long,0.011126191082082142,0.0025,,,,,,,,,,,,
2026-07-29 02:55:00,27978.8,zone_skip,tolerance,2026-07-24 12:00:00,28329.88,long,0.01239256925902975,0.0025,,,,,,,,,,,,
2026-07-29 02:55:00,27978.8,zone_skip,tolerance,2026-07-27 04:00:00,28075.02,long,0.003427246000180985,0.0025,,,,,,,,,,,,
2026-07-29 02:55:00,27978.8,zone_skip,tolerance,2026-07-28 00:00:00,27809.75,long,0.0060788032974046615,0.0025,,,,,,,,,,,,
2026-07-29 03:00:00,28019.3,zone_skip,tolerance,2026-07-24 00:00:00,28293.6,long,0.009694771962563947,0.0025,,,,,,,,,,,,
2026-07-29 03:00:00,28019.3,zone_skip,tolerance,2026-07-24 12:00:00,28329.88,long,0.010962983253017724,0.0025,,,,,,,,,,,,
2026-07-29 03:00:00,28019.3,zone_skip,session,2026-07-27 04:00:00,28075.02,long,0.0019846824686144894,,,0.0,,,,,,,,,,
2026-07-29 03:00:00,28019.3,zone_skip,tolerance,2026-07-28 00:00:00,27809.75,long,0.00753512706874385,0.0025,,,,,,,,,,,,
2026-07-29 03:05:00,28018.05,zone_skip,tolerance,2026-07-24 00:00:00,28293.6,long,0.009738951565018212,0.0025,,,,,,,,,,,,
2026-07-29 03:05:00,28018.05,zone_skip,tolerance,2026-07-24 12:00:00,28329.88,long,0.011007106277894637,0.0025,,,,,,,,,,,,
2026-07-29 03:05:00,28018.05,zone_skip,session,2026-07-27 04:00:00,28075.02,long,0.002029206034403579,,,0.0,,,,,,,,,,
2026-07-29 03:05:00,28018.05,zone_skip,tolerance,2026-07-28 00:00:00,27809.75,long,0.007490178804196344,0.0025,,,,,,,,,,,,
2026-07-29 03:10:00,28018.05,zone_skip,tolerance,2026-07-24 00:00:00,28293.6,long,0.009738951565018212,0.0025,,,,,,,,,,,,
2026-07-29 03:10:00,28018.05,zone_skip,tolerance,2026-07-24 12:00:00,28329.88,long,0.011007106277894637,0.0025,,,,,,,,,,,,
2026-07-29 03:10:00,28018.05,zone_skip,session,2026-07-27 04:00:00,28075.02,long,0.002029206034403579,,,0.0,,,,,,,,,,
2026-07-29 03:10:00,28018.05,zone_skip,tolerance,2026-07-28 00:00:00,27809.75,long,0.007490178804196344,0.0025,,,,,,,,,,,,
2026-07-29 03:15:00,28018.55,zone_skip,tolerance,2026-07-24 00:00:00,28293.6,long,0.009721279724036505,0.0025,,,,,,,,,,,,
2026-07-29 03:15:00,28018.55,zone_skip,tolerance,2026-07-24 12:00:00,28329.88,long,0.010989457067943872,0.0025,,,,,,,,,,,,
2026-07-29 03:15:00,28018.55,zone_skip,session,2026-07-27 04:00:00,28075.02,long,0.002011396608087943,,,0.0,,,,,,,,,,
2026-07-29 03:15:00,28018.55,zone_skip,tolerance,2026-07-28 00:00:00,27809.75,long,0.007508158110015346,0.0025,,,,,,,,,,,,
2026-07-29 03:20:00,27973.8,zone_skip,tolerance,2026-07-24 00:00:00,28293.6,long,0.011302909491899204,0.0025,,,,,,,,,,,,
2026-07-29 03:20:00,27973.8,zone_skip,tolerance,2026-07-27 04:00:00,28075.02,long,0.0036053402633373427,0.0025,,,,,,,,,,,,
2026-07-29 03:20:00,27973.8,zone_skip,tolerance,2026-07-28 00:00:00,27809.75,long,0.005899010239214637,0.0025,,,,,,,,,,,,
2026-07-29 03:25:00,27951.3,zone_skip,tolerance,2026-07-24 00:00:00,28293.6,long,0.012098142336075979,0.0025,,,,,,,,,,,,
2026-07-29 03:25:00,27951.3,zone_skip,tolerance,2026-07-27 04:00:00,28075.02,long,0.004406764447540952,0.0025,,,,,,,,,,,,
2026-07-29 03:25:00,27951.3,zone_skip,tolerance,2026-07-28 00:00:00,27809.75,long,0.005089941477359533,0.0025,,,,,,,,,,,,
2026-07-29 03:30:00,27914.3,zone_skip,tolerance,2026-07-27 04:00:00,28075.02,long,0.005724661994897997,0.0025,,,,,,,,,,,,
2026-07-29 03:30:00,27914.3,zone_skip,tolerance,2026-07-28 00:00:00,27809.75,long,0.003759472846753361,0.0025,,,,,,,,,,,,
2026-07-29 03:35:00,27937.1,zone_skip,tolerance,2026-07-27 04:00:00,28075.02,long,0.004912552154905033,0.0025,,,,,,,,,,,,
2026-07-29 03:35:00,27937.1,zone_skip,tolerance,2026-07-28 00:00:00,27809.75,long,0.00457932919209984,0.0025,,,,,,,,,,,,
2026-07-29 03:40:00,27945.55,zone_skip,tolerance,2026-07-24 00:00:00,28293.6,long,0.012301368507365597,0.0025,,,,,,,,,,,,
2026-07-29 03:40:00,27945.55,zone_skip,tolerance,2026-07-27 04:00:00,28075.02,long,0.004611572850170762,0.0025,,,,,,,,,,,,
2026-07-29 03:40:00,27945.55,zone_skip,tolerance,2026-07-28 00:00:00,27809.75,long,0.004883179460441006,0.0025,,,,,,,,,,,,
2026-07-29 03:45:00,27918.8,zone_skip,tolerance,2026-07-27 04:00:00,28075.02,long,0.005564377158057275,0.0025,,,,,,,,,,,,
2026-07-29 03:45:00,27918.8,zone_skip,tolerance,2026-07-28 00:00:00,27809.75,long,0.003921286599124382,0.0025,,,,,,,,,,,,
2026-07-29 03:50:00,27935.3,zone_skip,tolerance,2026-07-27 04:00:00,28075.02,long,0.0049766660896412955,0.0025,,,,,,,,,,,,
2026-07-29 03:50:00,27935.3,zone_skip,tolerance,2026-07-28 00:00:00,27809.75,long,0.004514603691151459,0.0025,,,,,,,,,,,,
2026-07-29 03:55:00,27887.75,zone_skip,tolerance,2026-07-27 04:00:00,28075.02,long,0.006670342532258229,0.0025,,,,,,,,,,,,
2026-07-29 03:55:00,27887.75,zone_skip,tolerance,2026-07-28 00:00:00,27809.75,long,0.0028047717077643633,0.0025,,,,,,,,,,,,
2026-07-29 04:00:00,27898.05,zone_skip,tolerance,2026-07-27 04:00:00,28075.02,long,0.006303468350156159,0.0025,,,,,,,,,,,,
2026-07-29 04:00:00,27898.05,zone_skip,tolerance,2026-07-28 00:00:00,27809.75,long,0.003175145407635785,0.0025,,,,,,,,,,,,
2026-07-29 04:05:00,27853.55,zone_skip,tolerance,2026-07-27 04:00:00,28075.02,long,0.007888507292247741,0.0025,,,,,,,,,,,,
2026-07-29 04:05:00,27853.55,zone_skip,session,2026-07-28 00:00:00,27809.75,long,0.0015749871897445778,,,0.0,,,,,,,,,,
2026-07-29 04:10:00,27797.8,zone_skip,tolerance,2026-07-27 04:00:00,28075.02,long,0.009874258326441126,0.0025,,,,,,,,,,,,
2026-07-29 04:10:00,27797.8,zone_skip,session,2026-07-28 00:00:00,27809.75,long,0.0004297054090741818,,,0.0,,,,,,,,,,
2026-07-29 04:10:00,27797.8,zone_skip,tolerance,2026-07-29 00:00:00,27477.6,long,0.01165312836637846,0.0025,,,,,,,,,,,,
2026-07-29 04:15:00,27804.1,zone_skip,tolerance,2026-07-27 04:00:00,28075.02,long,0.009649859554864143,0.0025,,,,,,,,,,,,
2026-07-29 04:15:00,27804.1,zone_skip,session,2026-07-28 00:00:00,27809.75,long,0.00020316615575477863,,,0.0,,,,,,,,,,
2026-07-29 04:15:00,27804.1,zone_skip,tolerance,2026-07-29 00:00:00,27477.6,long,0.01188240603255015,0.0025,,,,,,,,,,,,
2026-07-29 04:20:00,27857.6,zone_skip,tolerance,2026-07-27 04:00:00,28075.02,long,0.007744250939091117,0.0025,,,,,,,,,,,,
2026-07-29 04:20:00,27857.6,zone_skip,session,2026-07-28 00:00:00,27809.75,long,0.0017206195668784704,,,0.0,,,,,,,,,,
2026-07-29 04:25:00,27849.55,zone_skip,tolerance,2026-07-27 04:00:00,28075.02,long,0.008030982702772827,0.0025,,,,,,,,,,,,
2026-07-29 04:25:00,27849.55,zone_skip,session,2026-07-28 00:00:00,27809.75,long,0.0014311527431925591,,,0.0,,,,,,,,,,
2026-07-29 04:30:00,27841.3,zone_skip,tolerance,2026-07-27 04:00:00,28075.02,long,0.008324838236980816,0.0025,,,,,,,,,,,,
2026-07-29 04:30:00,27841.3,zone_skip,session,2026-07-28 00:00:00,27809.75,long,0.0011344941971790207,,,0.0,,,,,,,,,,
2026-07-29 04:35:00,27819.3,zone_skip,tolerance,2026-07-27 04:00:00,28075.02,long,0.00910845299486879,0.0025,,,,,,,,,,,,
2026-07-29 04:35:00,27819.3,zone_skip,session,2026-07-28 00:00:00,27809.75,long,0.0003434047411429183,,,0.0,,,,,,,,,,
2026-07-29 04:35:00,27819.3,zone_skip,tolerance,2026-07-29 00:00:00,27477.6,long,0.012435583893789877,0.0025,,,,,,,,,,,,
2026-07-29 04:40:00,27755.55,zone_skip,tolerance,2026-07-27 04:00:00,28075.02,long,0.011379154850112348,0.0025,,,,,,,,,,,,
2026-07-29 04:40:00,27755.55,zone_skip,session,2026-07-28 00:00:00,27809.75,long,0.0019489567507798785,,,0.0,,,,,,,,,,
2026-07-29 04:40:00,27755.55,zone_skip,tolerance,2026-07-29 00:00:00,27477.6,long,0.01011551227181416,0.0025,,,,,,,,,,,,
2026-07-29 04:45:00,27737.3,zone_skip,tolerance,2026-07-27 04:00:00,28075.02,long,0.012029198910633053,0.0025,,,,,,,,,,,,
2026-07-29 04:45:00,27737.3,zone_skip,tolerance,2026-07-28 00:00:00,27809.75,long,0.0026052014131734635,0.0025,,,,,,,,,,,,
2026-07-29 04:45:00,27737.3,zone_skip,tolerance,2026-07-29 00:00:00,27477.6,long,0.009451334905523072,0.0025,,,,,,,,,,,,
2026-07-29 04:50:00,27695.05,zone_skip,tolerance,2026-07-28 00:00:00,27809.75,long,0.00412445275487916,0.0025,,,,,,,,,,,,
2026-07-29 04:50:00,27695.05,zone_skip,tolerance,2026-07-29 00:00:00,27477.6,long,0.00791371881095877,0.0025,,,,,,,,,,,,
2026-07-29 04:55:00,27663.8,zone_skip,tolerance,2026-07-28 00:00:00,27809.75,long,0.005248159368566806,0.0025,,,,,,,,,,,,
2026-07-29 04:55:00,27663.8,zone_skip,tolerance,2026-07-29 00:00:00,27477.6,long,0.00677642880018636,0.0025,,,,,,,,,,,,
2026-07-29 05:00:00,27685.55,zone_skip,tolerance,2026-07-28 00:00:00,27809.75,long,0.004466059565440205,0.0025,,,,,,,,,,,,
2026-07-29 05:00:00,27685.55,zone_skip,tolerance,2026-07-29 00:00:00,27477.6,long,0.0075679826476839586,0.0025,,,,,,,,,,,,
2026-07-29 05:05:00,27715.8,zone_skip,tolerance,2026-07-28 00:00:00,27809.75,long,0.0033783115633905635,0.0025,,,,,,,,,,,,
2026-07-29 05:05:00,27715.8,zone_skip,tolerance,2026-07-29 00:00:00,27477.6,long,0.008668879378111652,0.0025,,,,,,,,,,,,
2026-07-29 05:10:00,27721.3,zone_skip,tolerance,2026-07-28 00:00:00,27809.75,long,0.003180539199381538,0.0025,,,,,,,,,,,,
2026-07-29 05:10:00,27721.3,zone_skip,tolerance,2026-07-29 00:00:00,27477.6,long,0.008869042420007597,0.0025,,,,,,,,,,,,
2026-07-29 05:15:00,27694.55,zone_skip,tolerance,2026-07-28 00:00:00,27809.75,long,0.004142432060698162,0.0025,,,,,,,,,,,,
2026-07-29 05:15:00,27694.55,zone_skip,tolerance,2026-07-29 00:00:00,27477.6,long,0.007895522170786413,0.0025,,,,,,,,,,,,
2026-07-29 05:20:00,27721.3,zone_skip,tolerance,2026-07-28 00:00:00,27809.75,long,0.003180539199381538,0.0025,,,,,,,,,,,,
2026-07-29 05:20:00,27721.3,zone_skip,tolerance,2026-07-29 00:00:00,27477.6,long,0.008869042420007597,0.0025,,,,,,,,,,,,
2026-07-29 05:25:00,27772.1,zone_skip,tolerance,2026-07-27 04:00:00,28075.02,long,0.01078966283906483,0.0025,,,,,,,,,,,,
2026-07-29 05:25:00,27772.1,zone_skip,session,2026-07-28 00:00:00,27809.75,long,0.0013538417281709276,,,0.0,,,,,,,,,,
2026-07-29 05:25:00,27772.1,zone_skip,tolerance,2026-07-29 00:00:00,27477.6,long,0.010717821061519202,0.0025,,,,,,,,,,,,
2026-07-29 05:30:00,27760.55,zone_skip,tolerance,2026-07-27 04:00:00,28075.02,long,0.01120106058695599,0.0025,,,,,,,,,,,,
2026-07-29 05:30:00,27760.55,zone_skip,session,2026-07-28 00:00:00,27809.75,long,0.0017691636925898553,,,0.0,,,,,,,,,,
2026-07-29 05:30:00,27760.55,zone_skip,tolerance,2026-07-29 00:00:00,27477.6,long,0.010297478673537745,0.0025,,,,,,,,,,,,
2026-07-29 05:35:00,27769.6,zone_skip,tolerance,2026-07-27 04:00:00,28075.02,long,0.010878709970643009,0.0025,,,,,,,,,,,,
2026-07-29 05:35:00,27769.6,zone_skip,session,2026-07-28 00:00:00,27809.75,long,0.0014437382572659392,,,0.0,,,,,,,,,,
2026-07-29 05:35:00,27769.6,zone_skip,tolerance,2026-07-29 00:00:00,27477.6,long,0.010626837860657408,0.0025,,,,,,,,,,,,
2026-07-29 05:40:00,27763.3,zone_skip,tolerance,2026-07-27 04:00:00,28075.02,long,0.011103108742219994,0.0025,,,,,,,,,,,,
2026-07-29 05:40:00,27763.3,zone_skip,session,2026-07-28 00:00:00,27809.75,long,0.0016702775105853424,,,0.0,,,,,,,,,,
2026-07-29 05:40:00,27763.3,zone_skip,tolerance,2026-07-29 00:00:00,27477.6,long,0.010397560194485718,0.0025,,,,,,,,,,,,
2026-07-29 05:45:00,27729.3,zone_skip,tolerance,2026-07-27 04:00:00,28075.02,long,0.012314149731683224,0.0025,,,,,,,,,,,,
2026-07-29 05:45:00,27729.3,zone_skip,tolerance,2026-07-28 00:00:00,27809.75,long,0.002892870306277501,0.0025,,,,,,,,,,,,
2026-07-29 05:45:00,27729.3,zone_skip,tolerance,2026-07-29 00:00:00,27477.6,long,0.009160188662765334,0.0025,,,,,,,,,,,,
2026-07-29 05:50:00,27723.55,zone_skip,tolerance,2026-07-28 00:00:00,27809.75,long,0.0030996323231960274,0.0025,,,,,,,,,,,,
2026-07-29 05:50:00,27723.55,zone_skip,tolerance,2026-07-29 00:00:00,27477.6,long,0.00895092730078321,0.0025,,,,,,,,,,,,
2026-07-29 05:55:00,27718.1,zone_skip,tolerance,2026-07-28 00:00:00,27809.75,long,0.003295606756623179,0.0025,,,,,,,,,,,,
2026-07-29 05:55:00,27718.1,zone_skip,tolerance,2026-07-29 00:00:00,27477.6,long,0.008752583922904475,0.0025,,,,,,,,,,,,
2026-07-29 06:00:00,27674.8,zone_skip,tolerance,2026-07-28 00:00:00,27809.75,long,0.0048526146405487545,0.0025,,,,,,,,,,,,
2026-07-29 06:00:00,27674.8,zone_skip,tolerance,2026-07-29 00:00:00,27477.6,long,0.007176754883978249,0.0025,,,,,,,,,,,,
2026-07-29 06:05:00,27745.05,zone_skip,tolerance,2026-07-27 04:00:00,28075.02,long,0.011753152802740698,0.0025,,,,,,,,,,,,
2026-07-29 06:05:00,27745.05,zone_skip,session,2026-07-28 00:00:00,27809.75,long,0.0023265221729789273,,,0.0,,,,,,,,,,
2026-07-29 06:05:00,27745.05,zone_skip,tolerance,2026-07-29 00:00:00,27477.6,long,0.00973338282819463,0.0025,,,,,,,,,,,,
2026-07-29 06:10:00,27706.3,zone_skip,tolerance,2026-07-28 00:00:00,27809.75,long,0.003719918373951608,0.0025,,,,,,,,,,,,
2026-07-29 06:10:00,27706.3,zone_skip,tolerance,2026-07-29 00:00:00,27477.6,long,0.00832314321483684,0.0025,,,,,,,,,,,,
2026-07-29 06:15:00,27690.05,zone_skip,tolerance,2026-07-28 00:00:00,27809.75,long,0.004304245813069184,0.0025,,,,,,,,,,,,
2026-07-29 06:15:00,27690.05,zone_skip,tolerance,2026-07-29 00:00:00,27477.6,long,0.007731752409235185,0.0025,,,,,,,,,,,,
2026-07-29 06:20:00,27679.35,zone_skip,tolerance,2026-07-28 00:00:00,27809.75,long,0.00468900295759586,0.0025,,,,,,,,,,,,
2026-07-29 06:20:00,27679.35,zone_skip,tolerance,2026-07-29 00:00:00,27477.6,long,0.007342344309546686,0.0025,,,,,,,,,,,,
2026-07-29 06:25:00,27654.05,zone_skip,tolerance,2026-07-28 00:00:00,27809.75,long,0.005598755832037351,0.0025,,,,,,,,,,,,
2026-07-29 06:25:00,27654.05,zone_skip,tolerance,2026-07-29 00:00:00,27477.6,long,0.006421594316825368,0.0025,,,,,,,,,,,,
2026-07-29 06:30:00,27660.05,zone_skip,tolerance,2026-07-28 00:00:00,27809.75,long,0.0053830041622093235,0.0025,,,,,,,,,,,,
2026-07-29 06:30:00,27660.05,zone_skip,tolerance,2026-07-29 00:00:00,27477.6,long,0.006639953998893671,0.0025,,,,,,,,,,,,
2026-07-29 06:35:00,27631.55,zone_skip,tolerance,2026-07-28 00:00:00,27809.75,long,0.006407824593892456,0.0025,,,,,,,,,,,,
2026-07-29 06:35:00,27631.55,zone_skip,tolerance,2026-07-29 00:00:00,27477.6,long,0.005602745509069232,0.0025,,,,,,,,,,,,
2026-07-29 06:40:00,27649.35,zone_skip,tolerance,2026-07-28 00:00:00,27809.75,long,0.005767761306735999,0.0025,,,,,,,,,,,,
2026-07-29 06:40:00,27649.35,zone_skip,tolerance,2026-07-29 00:00:00,27477.6,long,0.006250545899205171,0.0025,,,,,,,,,,,,
2026-07-29 06:45:00,27629.85,zone_skip,tolerance,2026-07-28 00:00:00,27809.75,long,0.00646895423367709,0.0025,,,,,,,,,,,,
2026-07-29 06:45:00,27629.85,zone_skip,tolerance,2026-07-29 00:00:00,27477.6,long,0.005540876932483186,0.0025,,,,,,,,,,,,
2026-07-29 06:50:00,27592.85,zone_skip,tolerance,2026-07-28 00:00:00,27809.75,long,0.0077994228642832624,0.0025,,,,,,,,,,,,
2026-07-29 06:50:00,27592.85,zone_skip,tolerance,2026-07-29 00:00:00,27477.6,long,0.004194325559728652,0.0025,,,,,,,,,,,,
2026-07-29 06:55:00,27593.55,zone_skip,tolerance,2026-07-28 00:00:00,27809.75,long,0.007774251836136633,0.0025,,,,,,,,,,,,
2026-07-29 06:55:00,27593.55,zone_skip,tolerance,2026-07-29 00:00:00,27477.6,long,0.004219800855969981,0.0025,,,,,,,,,,,,
2026-07-29 07:00:00,27576.3,zone_skip,tolerance,2026-07-28 00:00:00,27809.75,long,0.008394537886892213,0.0025,,,,,,,,,,,,
2026-07-29 07:00:00,27576.3,zone_skip,tolerance,2026-07-29 00:00:00,27477.6,long,0.0035920167700236095,0.0025,,,,,,,,,,,,
2026-07-29 07:05:00,27590.3,zone_skip,tolerance,2026-07-28 00:00:00,27809.75,long,0.007891117323960148,0.0025,,,,,,,,,,,,
2026-07-29 07:05:00,27590.3,zone_skip,tolerance,2026-07-29 00:00:00,27477.6,long,0.00410152269484965,0.0025,,,,,,,,,,,,
2026-07-29 07:10:00,27568.85,zone_skip,tolerance,2026-07-28 00:00:00,27809.75,long,0.008662429543595375,0.0025,,,,,,,,,,,,
2026-07-29 07:10:00,27568.85,zone_skip,tolerance,2026-07-29 00:00:00,27477.6,long,0.0033208868314554404,0.0025,,,,,,,,,,,,
2026-07-29 07:15:00,27551.8,zone_skip,tolerance,2026-07-28 00:00:00,27809.75,long,0.009275523872023328,0.0025,,,,,,,,,,,,
2026-07-29 07:15:00,27551.8,zone_skip,tolerance,2026-07-29 00:00:00,27477.6,long,0.0027003814015780394,0.0025,,,,,,,,,,,,
2026-07-29 07:20:00,27575.8,zone_skip,tolerance,2026-07-28 00:00:00,27809.75,long,0.008412517192711216,0.0025,,,,,,,,,,,,
2026-07-29 07:20:00,27575.8,zone_skip,tolerance,2026-07-29 00:00:00,27477.6,long,0.003573820129851251,0.0025,,,,,,,,,,,,
2026-07-29 07:25:00,27560.3,zone_skip,tolerance,2026-07-28 00:00:00,27809.75,long,0.008969875673100288,0.0025,,,,,,,,,,,,
2026-07-29 07:25:00,27560.3,zone_skip,tolerance,2026-07-29 00:00:00,27477.6,long,0.003009724284508135,0.0025,,,,,,,,,,,,
2026-07-29 07:30:00,27553.3,zone_skip,tolerance,2026-07-28 00:00:00,27809.75,long,0.009221585954566321,0.0025,,,,,,,,,,,,
2026-07-29 07:30:00,27553.3,zone_skip,tolerance,2026-07-29 00:00:00,27477.6,long,0.002754971322095115,0.0025,,,,,,,,,,,,
2026-07-29 07:35:00,27572.55,zone_skip,tolerance,2026-07-28 00:00:00,27809.75,long,0.008529382680534731,0.0025,,,,,,,,,,,,
2026-07-29 07:35:00,27572.55,zone_skip,tolerance,2026-07-29 00:00:00,27477.6,long,0.00345554196873092,0.0025,,,,,,,,,,,,
2026-07-29 07:40:00,27526.55,zone_skip,tolerance,2026-07-28 00:00:00,27809.75,long,0.010183478815882946,0.0025,,,,,,,,,,,,
2026-07-29 07:40:00,27526.55,zone_skip,session,2026-07-29 00:00:00,27477.6,long,0.0017814510728739311,,,0.0,,,,,,,,,,
2026-07-29 07:45:00,27542.05,zone_skip,tolerance,2026-07-28 00:00:00,27809.75,long,0.009626120335493872,0.0025,,,,,,,,,,,,
2026-07-29 07:45:00,27542.05,zone_skip,session,2026-07-29 00:00:00,27477.6,long,0.002345546918217047,,,0.0,,,,,,,,,,
2026-07-29 07:50:00,27603.55,zone_skip,tolerance,2026-07-28 00:00:00,27809.75,long,0.007414665719756587,0.0025,,,,,,,,,,,,
2026-07-29 07:50:00,27603.55,zone_skip,tolerance,2026-07-29 00:00:00,27477.6,long,0.0045837336594171515,0.0025,,,,,,,,,,,,
2026-07-29 07:55:00,27633.05,zone_skip,tolerance,2026-07-28 00:00:00,27809.75,long,0.006353886676435449,0.0025,,,,,,,,,,,,
2026-07-29 07:55:00,27633.05,zone_skip,tolerance,2026-07-29 00:00:00,27477.6,long,0.005657335429586308,0.0025,,,,,,,,,,,,
2026-07-29 08:00:00,27648.55,zone_skip,tolerance,2026-07-28 00:00:00,27809.75,long,0.005796528196046377,0.0025,,,,,,,,,,,,
2026-07-29 08:00:00,27648.55,zone_skip,tolerance,2026-07-29 00:00:00,27477.6,long,0.006221431274929424,0.0025,,,,,,,,,,,,
2026-07-29 08:05:00,27688.3,zone_skip,tolerance,2026-07-28 00:00:00,27809.75,long,0.004367173383435691,0.0025,,,,,,,,,,,,
2026-07-29 08:05:00,27688.3,zone_skip,tolerance,2026-07-29 00:00:00,27477.6,long,0.007668064168631931,0.0025,,,,,,,,,,,,
2026-07-29 08:10:00,27709.05,zone_skip,tolerance,2026-07-28 00:00:00,27809.75,long,0.003621032191947095,0.0025,,,,,,,,,,,,
2026-07-29 08:10:00,27709.05,zone_skip,tolerance,2026-07-29 00:00:00,27477.6,long,0.008423224735784812,0.0025,,,,,,,,,,,,
2026-07-29 08:10:00,27709.05,zone_skip,tolerance,2026-07-29 08:00:00,28051.3,short,0.012200860566176969,0.0025,,,,,,,,,,,,
2026-07-29 08:15:00,27660.55,zone_skip,tolerance,2026-07-28 00:00:00,27809.75,long,0.005365024856390321,0.0025,,,,,,,,,,,,
2026-07-29 08:15:00,27660.55,zone_skip,tolerance,2026-07-29 00:00:00,27477.6,long,0.00665815063906603,0.0025,,,,,,,,,,,,
2026-07-29 08:20:00,27685.05,zone_skip,tolerance,2026-07-28 00:00:00,27809.75,long,0.004484038871259207,0.0025,,,,,,,,,,,,
2026-07-29 08:20:00,27685.05,zone_skip,tolerance,2026-07-29 00:00:00,27477.6,long,0.0075497860075116,0.0025,,,,,,,,,,,,
2026-07-29 08:25:00,27690.05,zone_skip,tolerance,2026-07-28 00:00:00,27809.75,long,0.004304245813069184,0.0025,,,,,,,,,,,,
2026-07-29 08:25:00,27690.05,zone_skip,tolerance,2026-07-29 00:00:00,27477.6,long,0.007731752409235185,0.0025,,,,,,,,,,,,
2026-07-29 08:30:00,27700.3,zone_skip,tolerance,2026-07-28 00:00:00,27809.75,long,0.003935670043779636,0.0025,,,,,,,,,,,,
2026-07-29 08:30:00,27700.3,zone_skip,tolerance,2026-07-29 00:00:00,27477.6,long,0.008104783532768537,0.0025,,,,,,,,,,,,
2026-07-29 08:35:00,27719.8,zone_skip,tolerance,2026-07-28 00:00:00,27809.75,long,0.003234477116838545,0.0025,,,,,,,,,,,,
2026-07-29 08:35:00,27719.8,zone_skip,tolerance,2026-07-29 00:00:00,27477.6,long,0.00881445249949052,0.0025,,,,,,,,,,,,
2026-07-29 08:35:00,27719.8,zone_skip,tolerance,2026-07-29 08:00:00,28051.3,short,0.0118176341203438,0.0025,,,,,,,,,,,,
2026-07-29 08:40:00,27701.55,zone_skip,tolerance,2026-07-28 00:00:00,27809.75,long,0.00389072177923213,0.0025,,,,,,,,,,,,
2026-07-29 08:40:00,27701.55,zone_skip,tolerance,2026-07-29 00:00:00,27477.6,long,0.008150275133199433,0.0025,,,,,,,,,,,,
2026-07-29 08:40:00,27701.55,zone_skip,tolerance,2026-07-29 08:00:00,28051.3,short,0.012468227853967553,0.0025,,,,,,,,,,,,
2026-07-29 08:45:00,27698.55,zone_skip,tolerance,2026-07-28 00:00:00,27809.75,long,0.003998597614146144,0.0025,,,,,,,,,,,,
2026-07-29 08:45:00,27698.55,zone_skip,tolerance,2026-07-29 00:00:00,27477.6,long,0.008041095292165281,0.0025,,,,,,,,,,,,
2026-07-29 08:50:00,27705.55,zone_skip,tolerance,2026-07-28 00:00:00,27809.75,long,0.0037468873326801113,0.0025,,,,,,,,,,,,
2026-07-29 08:50:00,27705.55,zone_skip,tolerance,2026-07-29 00:00:00,27477.6,long,0.008295848254578301,0.0025,,,,,,,,,,,,
2026-07-29 08:50:00,27705.55,zone_skip,tolerance,2026-07-29 08:00:00,28051.3,short,0.012325631967145909,0.0025,,,,,,,,,,,,
2026-07-29 08:55:00,27671.55,zone_skip,tolerance,2026-07-28 00:00:00,27809.75,long,0.0049694801283722695,0.0025,,,,,,,,,,,,
2026-07-29 08:55:00,27671.55,zone_skip,tolerance,2026-07-29 00:00:00,27477.6,long,0.007058476722857919,0.0025,,,,,,,,,,,,
2026-07-29 09:00:00,27623.55,zone_skip,tolerance,2026-07-28 00:00:00,27809.75,long,0.006695493486996493,0.0025,,,,,,,,,,,,
2026-07-29 09:00:00,27623.55,zone_skip,tolerance,2026-07-29 00:00:00,27477.6,long,0.005311599266311495,0.0025,,,,,,,,,,,,
2026-07-29 09:05:00,27621.3,zone_skip,tolerance,2026-07-28 00:00:00,27809.75,long,0.006776400363182004,0.0025,,,,,,,,,,,,
2026-07-29 09:05:00,27621.3,zone_skip,tolerance,2026-07-29 00:00:00,27477.6,long,0.005229714385535882,0.0025,,,,,,,,,,,,
2026-07-29 09:10:00,27639.05,zone_skip,tolerance,2026-07-28 00:00:00,27809.75,long,0.006138135006607421,0.0025,,,,,,,,,,,,
2026-07-29 09:10:00,27639.05,zone_skip,tolerance,2026-07-29 00:00:00,27477.6,long,0.005875695111654611,0.0025,,,,,,,,,,,,
2026-07-29 09:15:00,27650.8,zone_skip,tolerance,2026-07-28 00:00:00,27809.75,long,0.005715621319860867,0.0025,,,,,,,,,,,,
2026-07-29 09:15:00,27650.8,zone_skip,tolerance,2026-07-29 00:00:00,27477.6,long,0.006303316155705037,0.0025,,,,,,,,,,,,
2026-07-29 09:20:00,27657.05,zone_skip,tolerance,2026-07-28 00:00:00,27809.75,long,0.005490879997123338,0.0025,,,,,,,,,,,,
2026-07-29 09:20:00,27657.05,zone_skip,tolerance,2026-07-29 00:00:00,27477.6,long,0.006530774157859519,0.0025,,,,,,,,,,,,
2026-07-29 09:25:00,27687.1,zone_skip,tolerance,2026-07-28 00:00:00,27809.75,long,0.004410323717401323,0.0025,,,,,,,,,,,,
2026-07-29 09:25:00,27687.1,zone_skip,tolerance,2026-07-29 00:00:00,27477.6,long,0.007624392232218244,0.0025,,,,,,,,,,,,
2026-07-29 09:30:00,27743.55,zone_skip,tolerance,2026-07-27 04:00:00,28075.02,long,0.011806581081687606,0.0025,,,,,,,,,,,,
2026-07-29 09:30:00,27743.55,zone_skip,session,2026-07-28 00:00:00,27809.75,long,0.0023804600904359344,,,0.0,,,,,,,,,,
2026-07-29 09:30:00,27743.55,zone_skip,tolerance,2026-07-29 00:00:00,27477.6,long,0.009678792907677553,0.0025,,,,,,,,,,,,
2026-07-29 09:30:00,27743.55,zone_skip,tolerance,2026-07-29 08:00:00,28051.3,short,0.010970971042340284,0.0025,,,,,,,,,,,,
2026-07-29 09:35:00,27763.8,zone_skip,tolerance,2026-07-27 04:00:00,28075.02,long,0.011085299315904358,0.0025,,,,,,,,,,,,
2026-07-29 09:35:00,27763.8,zone_skip,session,2026-07-28 00:00:00,27809.75,long,0.0016522982047663401,,,0.0,,,,,,,,,,
2026-07-29 09:35:00,27763.8,zone_skip,tolerance,2026-07-29 00:00:00,27477.6,long,0.010415756834658075,0.0025,,,,,,,,,,,,
2026-07-29 09:35:00,27763.8,zone_skip,tolerance,2026-07-29 08:00:00,28051.3,short,0.010249079365305709,0.0025,,,,,,,,,,,,
2026-07-29 09:40:00,27784.55,zone_skip,tolerance,2026-07-27 04:00:00,28075.02,long,0.010346208123805474,0.0025,,,,,,,,,,,,
2026-07-29 09:40:00,27784.55,zone_skip,session,2026-07-28 00:00:00,27809.75,long,0.0009061570132777435,,,0.0,,,,,,,,,,
2026-07-29 09:40:00,27784.55,zone_skip,tolerance,2026-07-29 00:00:00,27477.6,long,0.011170917401810957,0.0025,,,,,,,,,,,,
2026-07-29 09:40:00,27784.55,zone_skip,tolerance,2026-07-29 08:00:00,28051.3,short,0.009509363202418427,0.0025,,,,,,,,,,,,
2026-07-29 09:45:00,27793.05,zone_skip,tolerance,2026-07-27 04:00:00,28075.02,long,0.010043447876439666,0.0025,,,,,,,,,,,,
2026-07-29 09:45:00,27793.05,zone_skip,session,2026-07-28 00:00:00,27809.75,long,0.0006005088143547039,,,0.0,,,,,,,,,,
2026-07-29 09:45:00,27793.05,zone_skip,tolerance,2026-07-29 00:00:00,27477.6,long,0.011480260284741053,0.0025,,,,,,,,,,,,
2026-07-29 09:45:00,27793.05,zone_skip,tolerance,2026-07-29 08:00:00,28051.3,short,0.009206346942922432,0.0025,,,,,,,,,,,,
2026-07-29 09:50:00,27805.3,zone_skip,tolerance,2026-07-27 04:00:00,28075.02,long,0.009607116931706591,0.0025,,,,,,,,,,,,
2026-07-29 09:50:00,27805.3,zone_skip,session,2026-07-28 00:00:00,27809.75,long,0.00016001582178914688,,,0.0,,,,,,,,,,
2026-07-29 09:50:00,27805.3,zone_skip,tolerance,2026-07-29 00:00:00,27477.6,long,0.011926077968963838,0.0025,,,,,,,,,,,,
2026-07-29 09:50:00,27805.3,zone_skip,tolerance,2026-07-29 08:00:00,28051.3,short,0.008769647039531144,0.0025,,,,,,,,,,,,
2026-07-29 09:55:00,27805.55,zone_skip,tolerance,2026-07-27 04:00:00,28075.02,long,0.009598212218548773,0.0025,,,,,,,,,,,,
2026-07-29 09:55:00,27805.55,zone_skip,session,2026-07-28 00:00:00,27809.75,long,0.00015102616887964571,,,0.0,,,,,,,,,,
2026-07-29 09:55:00,27805.55,zone_skip,tolerance,2026-07-29 00:00:00,27477.6,long,0.011935176289050017,0.0025,,,,,,,,,,,,
2026-07-29 09:55:00,27805.55,zone_skip,tolerance,2026-07-29 08:00:00,28051.3,short,0.008760734796604792,0.0025,,,,,,,,,,,,
2026-07-29 10:00:00,27782.55,zone_skip,tolerance,2026-07-27 04:00:00,28075.02,long,0.010417445829068016,0.0025,,,,,,,,,,,,
2026-07-29 10:00:00,27782.55,zone_skip,session,2026-07-28 00:00:00,27809.75,long,0.000978074236553753,,,0.0,,,,,,,,,,
2026-07-29 10:00:00,27782.55,zone_skip,tolerance,2026-07-29 00:00:00,27477.6,long,0.011098130841121523,0.0025,,,,,,,,,,,,
2026-07-29 10:00:00,27782.55,zone_skip,tolerance,2026-07-29 08:00:00,28051.3,short,0.009580661145829249,0.0025,,,,,,,,,,,,
2026-07-29 10:05:00,27802.8,zone_skip,tolerance,2026-07-27 04:00:00,28075.02,long,0.00969616406328477,0.0025,,,,,,,,,,,,
2026-07-29 10:05:00,27802.8,zone_skip,session,2026-07-28 00:00:00,27809.75,long,0.0002499123508841585,,,0.0,,,,,,,,,,
2026-07-29 10:05:00,27802.8,zone_skip,tolerance,2026-07-29 00:00:00,27477.6,long,0.011835094768102045,0.0025,,,,,,,,,,,,
2026-07-29 10:05:00,27802.8,zone_skip,tolerance,2026-07-29 08:00:00,28051.3,short,0.008858769468794672,0.0025,,,,,,,,,,,,
2026-07-29 10:10:00,27799.05,zone_skip,tolerance,2026-07-27 04:00:00,28075.02,long,0.009829734760652038,0.0025,,,,,,,,,,,,
2026-07-29 10:10:00,27799.05,zone_skip,session,2026-07-28 00:00:00,27809.75,long,0.000384757144526676,,,0.0,,,,,,,,,,
2026-07-29 10:10:00,27799.05,zone_skip,tolerance,2026-07-29 00:00:00,27477.6,long,0.011698619966809355,0.0025,,,,,,,,,,,,
2026-07-29 10:10:00,27799.05,zone_skip,tolerance,2026-07-29 08:00:00,28051.3,short,0.008992453112689964,0.0025,,,,,,,,,,,,
2026-07-29 10:15:00,27806.6,zone_skip,tolerance,2026-07-27 04:00:00,28075.02,long,0.009560812423285964,0.0025,,,,,,,,,,,,
2026-07-29 10:15:00,27806.6,zone_skip,session,2026-07-28 00:00:00,27809.75,long,0.000113269626659767,,,0.0,,,,,,,,,,
2026-07-29 10:15:00,27806.6,zone_skip,tolerance,2026-07-29 00:00:00,27477.6,long,0.011973389233411943,0.0025,,,,,,,,,,,,
2026-07-29 10:15:00,27806.6,zone_skip,tolerance,2026-07-29 08:00:00,28051.3,short,0.008723303376314136,0.0025,,,,,,,,,,,,
2026-07-29 10:20:00,27790.05,zone_skip,tolerance,2026-07-27 04:00:00,28075.02,long,0.010150304434333481,0.0025,,,,,,,,,,,,
2026-07-29 10:20:00,27790.05,zone_skip,session,2026-07-28 00:00:00,27809.75,long,0.0007083846492687179,,,0.0,,,,,,,,,,
2026-07-29 10:20:00,27790.05,zone_skip,tolerance,2026-07-29 00:00:00,27477.6,long,0.011371080443706902,0.0025,,,,,,,,,,,,
2026-07-29 10:20:00,27790.05,zone_skip,tolerance,2026-07-29 08:00:00,28051.3,short,0.009313293858038665,0.0025,,,,,,,,,,,,
2026-07-29 10:25:00,27822.8,zone_skip,tolerance,2026-07-27 04:00:00,28075.02,long,0.00898378701065934,0.0025,,,,,,,,,,,,
2026-07-29 10:25:00,27822.8,zone_skip,session,2026-07-28 00:00:00,27809.75,long,0.0004692598818759346,,,0.0,,,,,,,,,,
2026-07-29 10:25:00,27822.8,zone_skip,tolerance,2026-07-29 08:00:00,28051.3,short,0.00814579003468645,0.0025,,,,,,,,,,,,
2026-07-29 10:30:00,27817.55,zone_skip,tolerance,2026-07-27 04:00:00,28075.02,long,0.009170785986973514,0.0025,,,,,,,,,,,,
2026-07-29 10:30:00,27817.55,zone_skip,session,2026-07-28 00:00:00,27809.75,long,0.00028047717077641016,,,0.0,,,,,,,,,,
2026-07-29 10:30:00,27817.55,zone_skip,tolerance,2026-07-29 00:00:00,27477.6,long,0.012371895653186622,0.0025,,,,,,,,,,,,
2026-07-29 10:30:00,27817.55,zone_skip,tolerance,2026-07-29 08:00:00,28051.3,short,0.008332947136139858,0.0025,,,,,,,,,,,,
2026-07-29 10:35:00,27815.55,zone_skip,tolerance,2026-07-27 04:00:00,28075.02,long,0.009242023692236057,0.0025,,,,,,,,,,,,
2026-07-29 10:35:00,27815.55,zone_skip,session,2026-07-28 00:00:00,27809.75,long,0.00020855994750040084,,,0.0,,,,,,,,,,
2026-07-29 10:35:00,27815.55,zone_skip,tolerance,2026-07-29 00:00:00,27477.6,long,0.012299109092497188,0.0025,,,,,,,,,,,,
2026-07-29 10:35:00,27815.55,zone_skip,tolerance,2026-07-29 08:00:00,28051.3,short,0.008404245079550681,0.0025,,,,,,,,,,,,
2026-07-29 10:40:00,27797.3,zone_skip,tolerance,2026-07-27 04:00:00,28075.02,long,0.009892067752756762,0.0025,,,,,,,,,,,,
2026-07-29 10:40:00,27797.3,zone_skip,session,2026-07-28 00:00:00,27809.75,long,0.00044768471489318415,,,0.0,,,,,,,,,,
2026-07-29 10:40:00,27797.3,zone_skip,tolerance,2026-07-29 00:00:00,27477.6,long,0.0116349317262061,0.0025,,,,,,,,,,,,
2026-07-29 10:40:00,27797.3,zone_skip,tolerance,2026-07-29 08:00:00,28051.3,short,0.009054838813174435,0.0025,,,,,,,,,,,,
2026-07-29 10:45:00,27782.8,zone_skip,tolerance,2026-07-27 04:00:00,28075.02,long,0.010408541115910198,0.0025,,,,,,,,,,,,
2026-07-29 10:45:00,27782.8,zone_skip,session,2026-07-28 00:00:00,27809.75,long,0.0009690845836442517,,,0.0,,,,,,,,,,
2026-07-29 10:45:00,27782.8,zone_skip,tolerance,2026-07-29 00:00:00,27477.6,long,0.011107229161207701,0.0025,,,,,,,,,,,,
2026-07-29 10:45:00,27782.8,zone_skip,tolerance,2026-07-29 08:00:00,28051.3,short,0.009571748902902896,0.0025,,,,,,,,,,,,
2026-07-29 10:50:00,27770.8,zone_skip,tolerance,2026-07-27 04:00:00,28075.02,long,0.010835967347485457,0.0025,,,,,,,,,,,,
2026-07-29 10:50:00,27770.8,zone_skip,session,2026-07-28 00:00:00,27809.75,long,0.0014005879233003075,,,0.0,,,,,,,,,,
2026-07-29 10:50:00,27770.8,zone_skip,tolerance,2026-07-29 00:00:00,27477.6,long,0.010670509797071097,0.0025,,,,,,,,,,,,
2026-07-29 10:50:00,27770.8,zone_skip,tolerance,2026-07-29 08:00:00,28051.3,short,0.00999953656336783,0.0025,,,,,,,,,,,,
2026-07-29 10:55:00,27783.35,zone_skip,tolerance,2026-07-27 04:00:00,28075.02,long,0.010388950746963025,0.0025,,,,,,,,,,,,
2026-07-29 10:55:00,27783.35,zone_skip,session,2026-07-28 00:00:00,27809.75,long,0.0009493073472433753,,,0.0,,,,,,,,,,
2026-07-29 10:55:00,27783.35,zone_skip,tolerance,2026-07-29 00:00:00,27477.6,long,0.01112724546539727,0.0025,,,,,,,,,,,,
2026-07-29 10:55:00,27783.35,zone_skip,tolerance,2026-07-29 08:00:00,28051.3,short,0.009552141968464945,0.0025,,,,,,,,,,,,
2026-07-29 11:00:00,27782.55,zone_skip,tolerance,2026-07-27 04:00:00,28075.02,long,0.010417445829068016,0.0025,,,,,,,,,,,,
2026-07-29 11:00:00,27782.55,zone_skip,session,2026-07-28 00:00:00,27809.75,long,0.000978074236553753,,,0.0,,,,,,,,,,
2026-07-29 11:00:00,27782.55,zone_skip,tolerance,2026-07-29 00:00:00,27477.6,long,0.011098130841121523,0.0025,,,,,,,,,,,,
2026-07-29 11:00:00,27782.55,zone_skip,tolerance,2026-07-29 08:00:00,28051.3,short,0.009580661145829249,0.0025,,,,,,,,,,,,
2026-07-29 11:05:00,27767.55,zone_skip,tolerance,2026-07-27 04:00:00,28075.02,long,0.010951728618537089,0.0025,,,,,,,,,,,,
2026-07-29 11:05:00,27767.55,zone_skip,session,2026-07-28 00:00:00,27809.75,long,0.0015174534111238227,,,0.0,,,,,,,,,,
2026-07-29 11:05:00,27767.55,zone_skip,tolerance,2026-07-29 00:00:00,27477.6,long,0.010552231635950765,0.0025,,,,,,,,,,,,
2026-07-29 11:05:00,27767.55,zone_skip,tolerance,2026-07-29 08:00:00,28051.3,short,0.010115395721410417,0.0025,,,,,,,,,,,,
2026-07-29 11:10:00,27736.85,zone_skip,tolerance,2026-07-27 04:00:00,28075.02,long,0.01204522739431715,0.0025,,,,,,,,,,,,
2026-07-29 11:10:00,27736.85,zone_skip,tolerance,2026-07-28 00:00:00,27809.75,long,0.002621382788410592,0.0025,,,,,,,,,,,,
2026-07-29 11:10:00,27736.85,zone_skip,tolerance,2026-07-29 00:00:00,27477.6,long,0.009434957929367922,0.0025,,,,,,,,,,,,
2026-07-29 11:10:00,27736.85,zone_skip,tolerance,2026-07-29 08:00:00,28051.3,short,0.011209819152766564,0.0025,,,,,,,,,,,,
2026-07-29 11:15:00,27744.3,zone_skip,tolerance,2026-07-27 04:00:00,28075.02,long,0.011779866942214152,0.0025,,,,,,,,,,,,
2026-07-29 11:15:00,27744.3,zone_skip,session,2026-07-28 00:00:00,27809.75,long,0.002353491131707431,,,0.0,,,,,,,,,,
2026-07-29 11:15:00,27744.3,zone_skip,tolerance,2026-07-29 00:00:00,27477.6,long,0.009706087867936091,0.0025,,,,,,,,,,,,
2026-07-29 11:15:00,27744.3,zone_skip,tolerance,2026-07-29 08:00:00,28051.3,short,0.010944234313561226,0.0025,,,,,,,,,,,,
2026-07-29 11:20:00,27708.3,zone_skip,tolerance,2026-07-28 00:00:00,27809.75,long,0.0036480011506755984,0.0025,,,,,,,,,,,,
2026-07-29 11:20:00,27708.3,zone_skip,tolerance,2026-07-29 00:00:00,27477.6,long,0.008395929775526273,0.0025,,,,,,,,,,,,
2026-07-29 11:20:00,27708.3,zone_skip,tolerance,2026-07-29 08:00:00,28051.3,short,0.012227597294956028,0.0025,,,,,,,,,,,,
2026-07-29 11:25:00,27717.55,zone_skip,tolerance,2026-07-28 00:00:00,27809.75,long,0.0033153839930240557,0.0025,,,,,,,,,,,,
2026-07-29 11:25:00,27717.55,zone_skip,tolerance,2026-07-29 00:00:00,27477.6,long,0.008732567618714908,0.0025,,,,,,,,,,,,
2026-07-29 11:25:00,27717.55,zone_skip,tolerance,2026-07-29 08:00:00,28051.3,short,0.011897844306680973,0.0025,,,,,,,,,,,,
2026-07-29 11:30:00,27773.8,zone_skip,tolerance,2026-07-27 04:00:00,28075.02,long,0.010729110789591642,0.0025,,,,,,,,,,,,
2026-07-29 11:30:00,27773.8,zone_skip,session,2026-07-28 00:00:00,27809.75,long,0.0012927120883862936,,,0.0,,,,,,,,,,
2026-07-29 11:30:00,27773.8,zone_skip,tolerance,2026-07-29 00:00:00,27477.6,long,0.010779689638105248,0.0025,,,,,,,,,,,,
2026-07-29 11:30:00,27773.8,zone_skip,tolerance,2026-07-29 08:00:00,28051.3,short,0.009892589648251597,0.0025,,,,,,,,,,,,
2026-07-29 11:35:00,27763.05,zone_skip,tolerance,2026-07-27 04:00:00,28075.02,long,0.01111201345537781,0.0025,,,,,,,,,,,,
2026-07-29 11:35:00,27763.05,zone_skip,session,2026-07-28 00:00:00,27809.75,long,0.0016792671634948437,,,0.0,,,,,,,,,,
2026-07-29 11:35:00,27763.05,zone_skip,tolerance,2026-07-29 00:00:00,27477.6,long,0.010388461874399539,0.0025,,,,,,,,,,,,
2026-07-29 11:35:00,27763.05,zone_skip,tolerance,2026-07-29 08:00:00,28051.3,short,0.010275816094084766,0.0025,,,,,,,,,,,,
2026-07-29 11:40:00,27799.8,zone_skip,tolerance,2026-07-27 04:00:00,28075.02,long,0.009803020621178583,0.0025,,,,,,,,,,,,
2026-07-29 11:40:00,27799.8,zone_skip,session,2026-07-28 00:00:00,27809.75,long,0.00035778818579817247,,,0.0,,,,,,,,,,
2026-07-29 11:40:00,27799.8,zone_skip,tolerance,2026-07-29 00:00:00,27477.6,long,0.011725914927067893,0.0025,,,,,,,,,,,,
2026-07-29 11:40:00,27799.8,zone_skip,tolerance,2026-07-29 08:00:00,28051.3,short,0.008965716383910907,0.0025,,,,,,,,,,,,
2026-07-29 11:45:00,27807.05,zone_skip,tolerance,2026-07-27 04:00:00,28075.02,long,0.009544783939601864,0.0025,,,,,,,,,,,,
2026-07-29 11:45:00,27807.05,zone_skip,session,2026-07-28 00:00:00,27809.75,long,9.708825142263873e-05,,,0.0,,,,,,,,,,
2026-07-29 11:45:00,27807.05,zone_skip,tolerance,2026-07-29 00:00:00,27477.6,long,0.011989766209567094,0.0025,,,,,,,,,,,,
2026-07-29 11:45:00,27807.05,zone_skip,tolerance,2026-07-29 08:00:00,28051.3,short,0.008707261339046675,0.0025,,,,,,,,,,,,
2026-07-29 11:50:00,27783.3,zone_skip,tolerance,2026-07-27 04:00:00,28075.02,long,0.010390731689594564,0.0025,,,,,,,,,,,,
2026-07-29 11:50:00,27783.3,zone_skip,session,2026-07-28 00:00:00,27809.75,long,0.0009511052778252493,,,0.0,,,,,,,,,,
2026-07-29 11:50:00,27783.3,zone_skip,tolerance,2026-07-29 00:00:00,27477.6,long,0.01112542580138006,0.0025,,,,,,,,,,,,
2026-07-29 11:50:00,27783.3,zone_skip,tolerance,2026-07-29 08:00:00,28051.3,short,0.00955392441705019,0.0025,,,,,,,,,,,,
2026-07-29 11:55:00,27779.55,zone_skip,tolerance,2026-07-27 04:00:00,28075.02,long,0.010524302386961832,0.0025,,,,,,,,,,,,
2026-07-29 11:55:00,27779.55,zone_skip,session,2026-07-28 00:00:00,27809.75,long,0.0010859500714677668,,,0.0,,,,,,,,,,
2026-07-29 11:55:00,27779.55,zone_skip,tolerance,2026-07-29 00:00:00,27477.6,long,0.010988951000087371,0.0025,,,,,,,,,,,,
2026-07-29 11:55:00,27779.55,zone_skip,tolerance,2026-07-29 08:00:00,28051.3,short,0.009687608060945482,0.0025,,,,,,,,,,,,
2026-07-29 12:00:00,27813.1,zone_skip,tolerance,2026-07-27 04:00:00,28075.02,long,0.009329289881182699,0.0025,,,,,,,,,,,,
2026-07-29 12:00:00,27813.1,zone_skip,session,2026-07-28 00:00:00,27809.75,long,0.00012046134898726328,,,0.0,,,,,,,,,,
2026-07-29 12:00:00,27813.1,zone_skip,tolerance,2026-07-29 00:00:00,27477.6,long,0.012209945555652605,0.0025,,,,,,,,,,,,
2026-07-29 12:00:00,27813.1,zone_skip,tolerance,2026-07-29 08:00:00,28051.3,short,0.008491585060228964,0.0025,,,,,,,,,,,,
2026-07-29 12:05:00,27836.55,zone_skip,tolerance,2026-07-27 04:00:00,28075.02,long,0.008494027786979356,0.0025,,,,,,,,,,,,
2026-07-29 12:05:00,27836.55,zone_skip,session,2026-07-28 00:00:00,27809.75,long,0.0009636907918984986,,,0.0,,,,,,,,,,
2026-07-29 12:05:00,27836.55,zone_skip,tolerance,2026-07-29 08:00:00,28051.3,short,0.007655616673737046,0.0025,,,,,,,,,,,,
2026-07-29 12:05:00,27836.55,zone_skip,tolerance,2026-07-29 12:00:00,27516.35,long,0.01163671780595903,0.0025,,,,,,,,,,,,
2026-07-29 12:10:00,27853.55,zone_skip,tolerance,2026-07-27 04:00:00,28075.02,long,0.007888507292247741,0.0025,,,,,,,,,,,,
2026-07-29 12:10:00,27853.55,zone_skip,session,2026-07-28 00:00:00,27809.75,long,0.0015749871897445778,,,0.0,,,,,,,,,,
2026-07-29 12:10:00,27853.55,zone_skip,tolerance,2026-07-29 08:00:00,28051.3,short,0.007049584154745056,0.0025,,,,,,,,,,,,
2026-07-29 12:10:00,27853.55,zone_skip,tolerance,2026-07-29 12:00:00,27516.35,long,0.01225453230533849,0.0025,,,,,,,,,,,,
2026-07-29 12:15:00,27839.3,zone_skip,tolerance,2026-07-27 04:00:00,28075.02,long,0.008396075942243359,0.0025,,,,,,,,,,,,
2026-07-29 12:15:00,27839.3,zone_skip,session,2026-07-28 00:00:00,27809.75,long,0.0010625769739030114,,,0.0,,,,,,,,,,
2026-07-29 12:15:00,27839.3,zone_skip,tolerance,2026-07-29 08:00:00,28051.3,short,0.007557582001547165,0.0025,,,,,,,,,,,,
2026-07-29 12:15:00,27839.3,zone_skip,tolerance,2026-07-29 12:00:00,27516.35,long,0.011736658386741,0.0025,,,,,,,,,,,,
2026-07-29 12:20:00,27847.3,zone_skip,tolerance,2026-07-27 04:00:00,28075.02,long,0.008111125121193188,0.0025,,,,,,,,,,,,
2026-07-29 12:20:00,27847.3,zone_skip,session,2026-07-28 00:00:00,27809.75,long,0.0013502458670070488,,,0.0,,,,,,,,,,
2026-07-29 12:20:00,27847.3,zone_skip,tolerance,2026-07-29 08:00:00,28051.3,short,0.007272390227903876,0.0025,,,,,,,,,,,,
2026-07-29 12:20:00,27847.3,zone_skip,tolerance,2026-07-29 12:00:00,27516.35,long,0.0120273946217431,0.0025,,,,,,,,,,,,
2026-07-29 12:25:00,27853.3,zone_skip,tolerance,2026-07-27 04:00:00,28075.02,long,0.00789741200540556,0.0025,,,,,,,,,,,,
2026-07-29 12:25:00,27853.3,zone_skip,session,2026-07-28 00:00:00,27809.75,long,0.0015659975368350766,,,0.0,,,,,,,,,,
2026-07-29 12:25:00,27853.3,zone_skip,tolerance,2026-07-29 08:00:00,28051.3,short,0.00705849639767141,0.0025,,,,,,,,,,,,
2026-07-29 12:25:00,27853.3,zone_skip,tolerance,2026-07-29 12:00:00,27516.35,long,0.012245446797994674,0.0025,,,,,,,,,,,,
2026-07-29 12:30:00,27848.55,zone_skip,tolerance,2026-07-27 04:00:00,28075.02,long,0.008066601555404097,0.0025,,,,,,,,,,,,
2026-07-29 12:30:00,27848.55,zone_skip,session,2026-07-28 00:00:00,27809.75,long,0.0013951941315545546,,,0.0,,,,,,,,,,
2026-07-29 12:30:00,27848.55,zone_skip,tolerance,2026-07-29 08:00:00,28051.3,short,0.007227829013272112,0.0025,,,,,,,,,,,,
2026-07-29 12:30:00,27848.55,zone_skip,tolerance,2026-07-29 12:00:00,27516.35,long,0.012072822158462178,0.0025,,,,,,,,,,,,
2026-07-29 12:35:00,27854.8,zone_skip,tolerance,2026-07-27 04:00:00,28075.02,long,0.00784398372645865,0.0025,,,,,,,,,,,,
2026-07-29 12:35:00,27854.8,zone_skip,session,2026-07-28 00:00:00,27809.75,long,0.0016199354542920836,,,0.0,,,,,,,,,,
2026-07-29 12:35:00,27854.8,zone_skip,tolerance,2026-07-29 08:00:00,28051.3,short,0.007005022940113292,0.0025,,,,,,,,,,,,
2026-07-29 12:35:00,27854.8,zone_skip,tolerance,2026-07-29 12:00:00,27516.35,long,0.012299959842057567,0.0025,,,,,,,,,,,,
2026-07-29 12:40:00,27876.05,zone_skip,tolerance,2026-07-27 04:00:00,28075.02,long,0.007087083108044132,0.0025,,,,,,,,,,,,
2026-07-29 12:40:00,27876.05,zone_skip,session,2026-07-28 00:00:00,27809.75,long,0.0023840559515996827,,,0.0,,,,,,,,,,
2026-07-29 12:40:00,27876.05,zone_skip,tolerance,2026-07-29 08:00:00,28051.3,short,0.006247482291373305,0.0025,,,,,,,,,,,,
2026-07-29 12:45:00,27911.8,zone_skip,tolerance,2026-07-27 04:00:00,28075.02,long,0.005813709126476175,0.0025,,,,,,,,,,,,
2026-07-29 12:45:00,27911.8,zone_skip,tolerance,2026-07-28 00:00:00,27809.75,long,0.003669576317658349,0.0025,,,,,,,,,,,,
2026-07-29 12:45:00,27911.8,zone_skip,tolerance,2026-07-29 08:00:00,28051.3,short,0.004973031552904857,0.0025,,,,,,,,,,,,
2026-07-29 12:50:00,27909.85,zone_skip,tolerance,2026-07-27 04:00:00,28075.02,long,0.005883165889107181,0.0025,,,,,,,,,,,,
2026-07-29 12:50:00,27909.85,zone_skip,tolerance,2026-07-28 00:00:00,27809.75,long,0.0035994570249642138,0.0025,,,,,,,,,,,,
2026-07-29 12:50:00,27909.85,zone_skip,tolerance,2026-07-29 08:00:00,28051.3,short,0.005042547047730435,0.0025,,,,,,,,,,,,
2026-07-29 12:55:00,27895.3,zone_skip,tolerance,2026-07-27 04:00:00,28075.02,long,0.006401420194892155,0.0025,,,,,,,,,,,,
2026-07-29 12:55:00,27895.3,zone_skip,tolerance,2026-07-28 00:00:00,27809.75,long,0.0030762592256312724,0.0025,,,,,,,,,,,,
2026-07-29 12:55:00,27895.3,zone_skip,tolerance,2026-07-29 08:00:00,28051.3,short,0.005561239586044141,0.0025,,,,,,,,,,,,
2026-07-29 13:00:00,27901.8,zone_skip,tolerance,2026-07-27 04:00:00,28075.02,long,0.00616989765278889,0.0025,,,,,,,,,,,,
2026-07-29 13:00:00,27901.8,zone_skip,tolerance,2026-07-28 00:00:00,27809.75,long,0.0033099902012783027,0.0025,,,,,,,,,,,,
2026-07-29 13:00:00,27901.8,zone_skip,tolerance,2026-07-29 08:00:00,28051.3,short,0.005329521269958968,0.0025,,,,,,,,,,,,
2026-07-29 13:05:00,27898.3,zone_skip,tolerance,2026-07-27 04:00:00,28075.02,long,0.006294563636998341,0.0025,,,,,,,,,,,,
2026-07-29 13:05:00,27898.3,zone_skip,tolerance,2026-07-28 00:00:00,27809.75,long,0.003184135060545286,0.0025,,,,,,,,,,,,
2026-07-29 13:05:00,27898.3,zone_skip,tolerance,2026-07-29 08:00:00,28051.3,short,0.005454292670927907,0.0025,,,,,,,,,,,,
2026-07-29 13:10:00,27886.05,zone_skip,tolerance,2026-07-27 04:00:00,28075.02,long,0.006730894581731417,0.0025,,,,,,,,,,,,
2026-07-29 13:10:00,27886.05,zone_skip,tolerance,2026-07-28 00:00:00,27809.75,long,0.002743642067979729,0.0025,,,,,,,,,,,,
2026-07-29 13:10:00,27886.05,zone_skip,tolerance,2026-07-29 08:00:00,28051.3,short,0.005890992574319194,0.0025,,,,,,,,,,,,
2026-07-29 13:15:00,27890.05,zone_skip,tolerance,2026-07-27 04:00:00,28075.02,long,0.006588419171206331,0.0025,,,,,,,,,,,,
2026-07-29 13:15:00,27890.05,zone_skip,tolerance,2026-07-28 00:00:00,27809.75,long,0.002887476514531748,0.0025,,,,,,,,,,,,
2026-07-29 13:15:00,27890.05,zone_skip,tolerance,2026-07-29 08:00:00,28051.3,short,0.00574839668749755,0.0025,,,,,,,,,,,,
2026-07-29 13:20:00,27883.05,zone_skip,tolerance,2026-07-27 04:00:00,28075.02,long,0.006837751139625231,0.0025,,,,,,,,,,,,
2026-07-29 13:20:00,27883.05,zone_skip,tolerance,2026-07-28 00:00:00,27809.75,long,0.002635766233065715,0.0025,,,,,,,,,,,,
2026-07-29 13:20:00,27883.05,zone_skip,tolerance,2026-07-29 08:00:00,28051.3,short,0.005997939489435427,0.0025,,,,,,,,,,,,
2026-07-29 13:25:00,27892.8,zone_skip,tolerance,2026-07-27 04:00:00,28075.02,long,0.006490467326470334,0.0025,,,,,,,,,,,,
2026-07-29 13:25:00,27892.8,zone_skip,tolerance,2026-07-28 00:00:00,27809.75,long,0.0029863626965362607,0.0025,,,,,,,,,,,,
2026-07-29 13:25:00,27892.8,zone_skip,tolerance,2026-07-29 08:00:00,28051.3,short,0.005650362015307668,0.0025,,,,,,,,,,,,
2026-07-29 13:30:00,27856.05,zone_skip,tolerance,2026-07-27 04:00:00,28075.02,long,0.007799460160669562,0.0025,,,,,,,,,,,,
2026-07-29 13:30:00,27856.05,zone_skip,score_h4,2026-07-28 00:00:00,27809.75,long,0.0016648837188395894,,,,0.0,1.0,1.0,,,,,,,
2026-07-29 13:30:00,27856.05,zone_skip,tolerance,2026-07-29 08:00:00,28051.3,short,0.006960461725481528,0.0025,,,,,,,,,,,,
2026-07-29 13:30:00,27856.05,zone_skip,tolerance,2026-07-29 12:00:00,27516.35,long,0.012345387378776645,0.0025,,,,,,,,,,,,
2026-07-29 13:35:00,27838.3,zone_skip,tolerance,2026-07-27 04:00:00,28075.02,long,0.008431694794874631,0.0025,,,,,,,,,,,,
2026-07-29 13:35:00,27838.3,zone_skip,score_h4,2026-07-28 00:00:00,27809.75,long,0.0010266183622650068,,,,0.0,1.0,1.0,,,,,,,
2026-07-29 13:35:00,27838.3,zone_skip,tolerance,2026-07-29 08:00:00,28051.3,short,0.007593230973252577,0.0025,,,,,,,,,,,,
2026-07-29 13:35:00,27838.3,zone_skip,tolerance,2026-07-29 12:00:00,27516.35,long,0.011700316357365738,0.0025,,,,,,,,,,,,
2026-07-29 13:40:00,27843.55,zone_skip,tolerance,2026-07-27 04:00:00,28075.02,long,0.008244695818560455,0.0025,,,,,,,,,,,,
2026-07-29 13:40:00,27843.55,zone_skip,score_h4,2026-07-28 00:00:00,27809.75,long,0.0012154010733645313,,,,0.0,1.0,1.0,,,,,,,
2026-07-29 13:40:00,27843.55,zone_skip,tolerance,2026-07-29 08:00:00,28051.3,short,0.0074060738717991684,0.0025,,,,,,,,,,,,
2026-07-29 13:40:00,27843.55,zone_skip,tolerance,2026-07-29 12:00:00,27516.35,long,0.011891112011585867,0.0025,,,,,,,,,,,,
2026-07-29 13:45:00,27835.05,zone_skip,tolerance,2026-07-27 04:00:00,28075.02,long,0.008547456065926263,0.0025,,,,,,,,,,,,
2026-07-29 13:45:00,27835.05,zone_skip,score_h4,2026-07-28 00:00:00,27809.75,long,0.0009097528744414917,,,,0.0,1.0,1.0,,,,,,,
2026-07-29 13:45:00,27835.05,zone_skip,tolerance,2026-07-29 08:00:00,28051.3,short,0.007709090131295163,0.0025,,,,,,,,,,,,
2026-07-29 13:45:00,27835.05,zone_skip,tolerance,2026-07-29 12:00:00,27516.35,long,0.011582204761896137,0.0025,,,,,,,,,,,,
2026-07-29 13:50:00,27818.85,zone_skip,tolerance,2026-07-27 04:00:00,28075.02,long,0.009124481478552887,0.0025,,,,,,,,,,,,
2026-07-29 13:50:00,27818.85,zone_skip,score_h4,2026-07-28 00:00:00,27809.75,long,0.00032722336590579006,,,,0.0,1.0,1.0,,,,,,,
2026-07-29 13:50:00,27818.85,zone_skip,tolerance,2026-07-29 00:00:00,27477.6,long,0.012419206917634729,0.0025,,,,,,,,,,,,
2026-07-29 13:50:00,27818.85,zone_skip,tolerance,2026-07-29 08:00:00,28051.3,short,0.00828660347292285,0.0025,,,,,,,,,,,,
2026-07-29 13:50:00,27818.85,zone_skip,tolerance,2026-07-29 12:00:00,27516.35,long,0.010993463886016859,0.0025,,,,,,,,,,,,
2026-07-29 13:55:00,27824.3,zone_skip,tolerance,2026-07-27 04:00:00,28075.02,long,0.008930358731712431,0.0025,,,,,,,,,,,,
2026-07-29 13:55:00,27824.3,zone_skip,score_h4,2026-07-28 00:00:00,27809.75,long,0.0005231977993329416,,,,0.0,1.0,1.0,,,,,,,
2026-07-29 13:55:00,27824.3,zone_skip,tolerance,2026-07-29 08:00:00,28051.3,short,0.008092316577128333,0.0025,,,,,,,,,,,,
2026-07-29 13:55:00,27824.3,zone_skip,tolerance,2026-07-29 12:00:00,27516.35,long,0.011191527946112065,0.0025,,,,,,,,,,,,
2026-07-29 14:00:00,27840.05,zone_skip,tolerance,2026-07-27 04:00:00,28075.02,long,0.008369361802769907,0.0025,,,,,,,,,,,,
2026-07-29 14:00:00,27840.05,zone_skip,score_h4,2026-07-28 00:00:00,27809.75,long,0.001089545932631515,,,,0.0,1.5,1.0,,,,,,,
2026-07-29 14:00:00,27840.05,zone_skip,tolerance,2026-07-29 08:00:00,28051.3,short,0.007530845272768107,0.0025,,,,,,,,,,,,
2026-07-29 14:00:00,27840.05,zone_skip,tolerance,2026-07-29 12:00:00,27516.35,long,0.011763914908772448,0.0025,,,,,,,,,,,,
2026-07-29 14:05:00,27864.55,zone_skip,tolerance,2026-07-27 04:00:00,28075.02,long,0.007496699913303754,0.0025,,,,,,,,,,,,
2026-07-29 14:05:00,27864.55,zone_skip,score_h4,2026-07-28 00:00:00,27809.75,long,0.001970531917762629,,,,0.0,1.5,2.5,,,,,,,
2026-07-29 14:05:00,27864.55,zone_skip,tolerance,2026-07-29 08:00:00,28051.3,short,0.006657445465985534,0.0025,,,,,,,,,,,,
2026-07-29 14:10:00,27867.8,zone_skip,tolerance,2026-07-27 04:00:00,28075.02,long,0.007380938642252121,0.0025,,,,,,,,,,,,
2026-07-29 14:10:00,27867.8,zone_skip,score_h4,2026-07-28 00:00:00,27809.75,long,0.002087397405586144,,,,0.0,1.5,2.5,,,,,,,
2026-07-29 14:10:00,27867.8,zone_skip,tolerance,2026-07-29 08:00:00,28051.3,short,0.0065415863079429475,0.0025,,,,,,,,,,,,
2026-07-29 14:15:00,27882.8,zone_skip,tolerance,2026-07-27 04:00:00,28075.02,long,0.006846655852783049,0.0025,,,,,,,,,,,,
2026-07-29 14:15:00,27882.8,zone_skip,tolerance,2026-07-28 00:00:00,27809.75,long,0.002626776580156214,0.0025,,,,,,,,,,,,
2026-07-29 14:15:00,27882.8,zone_skip,tolerance,2026-07-29 08:00:00,28051.3,short,0.00600685173236178,0.0025,,,,,,,,,,,,
2026-07-29 14:20:00,27878.8,zone_skip,tolerance,2026-07-27 04:00:00,28075.02,long,0.006989131263308135,0.0025,,,,,,,,,,,,
2026-07-29 14:20:00,27878.8,zone_skip,score_h4,2026-07-28 00:00:00,27809.75,long,0.0024829421336041956,,,,0.0,1.5,2.75,,,,,,,
2026-07-29 14:20:00,27878.8,zone_skip,tolerance,2026-07-29 08:00:00,28051.3,short,0.006149447619183425,0.0025,,,,,,,,,,,,
2026-07-29 14:25:00,27875.8,zone_skip,tolerance,2026-07-27 04:00:00,28075.02,long,0.00709598782120195,0.0025,,,,,,,,,,,,
2026-07-29 14:25:00,27875.8,zone_skip,score_h4,2026-07-28 00:00:00,27809.75,long,0.0023750662986901814,,,,0.0,1.5,2.5,,,,,,,
2026-07-29 14:25:00,27875.8,zone_skip,tolerance,2026-07-29 08:00:00,28051.3,short,0.0062563945342996585,0.0025,,,,,,,,,,,,
2026-07-29 14:30:00,27857.8,zone_skip,tolerance,2026-07-27 04:00:00,28075.02,long,0.0077371271685648365,0.0025,,,,,,,,,,,,
2026-07-29 14:30:00,27857.8,zone_skip,score_h4,2026-07-28 00:00:00,27809.75,long,0.0017278112892060975,,,,0.0,1.5,1.0,,,,,,,
2026-07-29 14:30:00,27857.8,zone_skip,tolerance,2026-07-29 08:00:00,28051.3,short,0.0068980760249970595,0.0025,,,,,,,,,,,,
2026-07-29 14:30:00,27857.8,zone_skip,tolerance,2026-07-29 12:00:00,27516.35,long,0.012408985930183355,0.0025,,,,,,,,,,,,
2026-07-29 14:35:00,27843.3,zone_skip,tolerance,2026-07-27 04:00:00,28075.02,long,0.008253600531718273,0.0025,,,,,,,,,,,,
2026-07-29 14:35:00,27843.3,zone_skip,score_h4,2026-07-28 00:00:00,27809.75,long,0.00120641142045503,,,,0.0,1.5,1.0,,,,,,,
2026-07-29 14:35:00,27843.3,zone_skip,tolerance,2026-07-29 08:00:00,28051.3,short,0.007414986114725521,0.0025,,,,,,,,,,,,
2026-07-29 14:35:00,27843.3,zone_skip,tolerance,2026-07-29 12:00:00,27516.35,long,0.011882026504242051,0.0025,,,,,,,,,,,,
2026-07-29 14:40:00,27842.1,zone_skip,tolerance,2026-07-27 04:00:00,28075.02,long,0.008296343154875825,0.0025,,,,,,,,,,,,
2026-07-29 14:40:00,27842.1,zone_skip,score_h4,2026-07-28 00:00:00,27809.75,long,0.0011632610864893984,,,,0.0,1.5,1.0,,,,,,,
2026-07-29 14:40:00,27842.1,zone_skip,tolerance,2026-07-29 08:00:00,28051.3,short,0.00745776488077204,0.0025,,,,,,,,,,,,
2026-07-29 14:40:00,27842.1,zone_skip,tolerance,2026-07-29 12:00:00,27516.35,long,0.011838416068991709,0.0025,,,,,,,,,,,,
2026-07-29 14:45:00,27862.55,zone_skip,tolerance,2026-07-27 04:00:00,28075.02,long,0.007567937618566297,0.0025,,,,,,,,,,,,
2026-07-29 14:45:00,27862.55,zone_skip,score_h4,2026-07-28 00:00:00,27809.75,long,0.0018986146944866198,,,,0.0,1.5,2.0,,,,,,,
2026-07-29 14:45:00,27862.55,zone_skip,tolerance,2026-07-29 08:00:00,28051.3,short,0.006728743409396356,0.0025,,,,,,,,,,,,
2026-07-29 14:50:00,27835.55,zone_skip,tolerance,2026-07-27 04:00:00,28075.02,long,0.008529646639610627,0.0025,,,,,,,,,,,,
2026-07-29 14:50:00,27835.55,zone_skip,score_h4,2026-07-28 00:00:00,27809.75,long,0.0009277321802604939,,,,0.0,1.5,1.0,,,,,,,
2026-07-29 14:50:00,27835.55,zone_skip,tolerance,2026-07-29 08:00:00,28051.3,short,0.007691265645442457,0.0025,,,,,,,,,,,,
2026-07-29 14:50:00,27835.55,zone_skip,tolerance,2026-07-29 12:00:00,27516.35,long,0.011600375776583767,0.0025,,,,,,,,,,,,
2026-07-29 14:55:00,27879.35,zone_skip,tolerance,2026-07-27 04:00:00,28075.02,long,0.006969540894360962,0.0025,,,,,,,,,,,,
2026-07-29 14:55:00,27879.35,zone_skip,tolerance,2026-07-28 00:00:00,27809.75,long,0.0025027193700050718,0.0025,,,,,,,,,,,,
2026-07-29 14:55:00,27879.35,zone_skip,tolerance,2026-07-29 08:00:00,28051.3,short,0.006129840684745475,0.0025,,,,,,,,,,,,
2026-07-29 15:00:00,27860.55,zone_skip,tolerance,2026-07-27 04:00:00,28075.02,long,0.00763917532382884,0.0025,,,,,,,,,,,,
2026-07-29 15:00:00,27860.55,zone_skip,score_h4,2026-07-28 00:00:00,27809.75,long,0.0018266974712106104,,,,0.0,0.0,2.0,,,,,,,
2026-07-29 15:00:00,27860.55,zone_skip,tolerance,2026-07-29 08:00:00,28051.3,short,0.006800041352807178,0.0025,,,,,,,,,,,,
2026-07-29 15:05:00,27837.35,zone_skip,tolerance,2026-07-27 04:00:00,28075.02,long,0.008465532704874365,0.0025,,,,,,,,,,,,
2026-07-29 15:05:00,27837.35,zone_skip,score_h4,2026-07-28 00:00:00,27809.75,long,0.0009924576812088762,,,,0.0,0.0,1.0,,,,,,,
2026-07-29 15:05:00,27837.35,zone_skip,tolerance,2026-07-29 08:00:00,28051.3,short,0.0076270974963727435,0.0025,,,,,,,,,,,,
2026-07-29 15:05:00,27837.35,zone_skip,tolerance,2026-07-29 12:00:00,27516.35,long,0.011665791429459213,0.0025,,,,,,,,,,,,
2026-07-29 15:10:00,27816.55,zone_skip,tolerance,2026-07-27 04:00:00,28075.02,long,0.009206404839604786,0.0025,,,,,,,,,,,,
2026-07-29 15:10:00,27816.55,zone_skip,score_h4,2026-07-28 00:00:00,27809.75,long,0.0002445185591384055,,,,0.0,0.0,1.0,,,,,,,
2026-07-29 15:10:00,27816.55,zone_skip,tolerance,2026-07-29 00:00:00,27477.6,long,0.012335502372841905,0.0025,,,,,,,,,,,,
2026-07-29 15:10:00,27816.55,zone_skip,tolerance,2026-07-29 08:00:00,28051.3,short,0.00836859610784527,0.0025,,,,,,,,,,,,
2026-07-29 15:10:00,27816.55,zone_skip,tolerance,2026-07-29 12:00:00,27516.35,long,0.010909877218453783,0.0025,,,,,,,,,,,,
2026-07-29 15:15:00,27762.55,zone_skip,tolerance,2026-07-27 04:00:00,28075.02,long,0.011129822881693447,0.0025,,,,,,,,,,,,
2026-07-29 15:15:00,27762.55,zone_skip,score_h4,2026-07-28 00:00:00,27809.75,long,0.001697246469313846,,,,0.0,0.0,1.0,,,,,,,
2026-07-29 15:15:00,27762.55,zone_skip,tolerance,2026-07-29 00:00:00,27477.6,long,0.01037026523422718,0.0025,,,,,,,,,,,,
2026-07-29 15:15:00,27762.55,zone_skip,tolerance,2026-07-29 08:00:00,28051.3,short,0.010293640579937473,0.0025,,,,,,,,,,,,
2026-07-29 15:15:00,27762.55,zone_skip,tolerance,2026-07-29 12:00:00,27516.35,long,0.008947407632189616,0.0025,,,,,,,,,,,,
2026-07-29 15:20:00,27744.85,zone_skip,tolerance,2026-07-27 04:00:00,28075.02,long,0.011760276573266979,0.0025,,,,,,,,,,,,
2026-07-29 15:20:00,27744.85,zone_skip,score_h4,2026-07-28 00:00:00,27809.75,long,0.0023337138953065544,,,,0.0,0.0,1.0,,,,,,,
2026-07-29 15:20:00,27744.85,zone_skip,tolerance,2026-07-29 00:00:00,27477.6,long,0.009726104172125659,0.0025,,,,,,,,,,,,
2026-07-29 15:20:00,27744.85,zone_skip,tolerance,2026-07-29 08:00:00,28051.3,short,0.010924627379123275,0.0025,,,,,,,,,,,,
2026-07-29 15:20:00,27744.85,zone_skip,tolerance,2026-07-29 12:00:00,27516.35,long,0.008304153712247447,0.0025,,,,,,,,,,,,
2026-07-29 15:25:00,27744.6,zone_skip,tolerance,2026-07-27 04:00:00,28075.02,long,0.011769181286424797,0.0025,,,,,,,,,,,,
2026-07-29 15:25:00,27744.6,zone_skip,score_h4,2026-07-28 00:00:00,27809.75,long,0.0023427035482160557,,,,0.0,0.0,1.0,,,,,,,
2026-07-29 15:25:00,27744.6,zone_skip,tolerance,2026-07-29 00:00:00,27477.6,long,0.00971700585203948,0.0025,,,,,,,,,,,,
2026-07-29 15:25:00,27744.6,zone_skip,tolerance,2026-07-29 08:00:00,28051.3,short,0.010933539622049628,0.0025,,,,,,,,,,,,
2026-07-29 15:25:00,27744.6,zone_skip,tolerance,2026-07-29 12:00:00,27516.35,long,0.00829506820490363,0.0025,,,,,,,,,,,,
2026-07-29 15:30:00,27763.85,zone_skip,tolerance,2026-07-27 04:00:00,28075.02,long,0.01108351837327282,0.0025,,,,,,,,,,,,
2026-07-29 15:30:00,27763.85,zone_skip,score_h4,2026-07-28 00:00:00,27809.75,long,0.001650500274184466,,,,0.0,0.0,0.0,,,,,,,
2026-07-29 15:30:00,27763.85,zone_skip,tolerance,2026-07-29 00:00:00,27477.6,long,0.010417576498675285,0.0025,,,,,,,,,,,,
2026-07-29 15:30:00,27763.85,zone_skip,tolerance,2026-07-29 08:00:00,28051.3,short,0.010247296916720463,0.0025,,,,,,,,,,,,
2026-07-29 15:30:00,27763.85,zone_skip,tolerance,2026-07-29 12:00:00,27516.35,long,0.008994652270377431,0.0025,,,,,,,,,,,,
2026-07-29 15:35:00,27762.8,zone_skip,tolerance,2026-07-27 04:00:00,28075.02,long,0.011120918168535629,0.0025,,,,,,,,,,,,
2026-07-29 15:35:00,27762.8,zone_skip,score_h4,2026-07-28 00:00:00,27809.75,long,0.0016882568164043447,,,,0.0,0.0,0.0,,,,,,,
2026-07-29 15:35:00,27762.8,zone_skip,tolerance,2026-07-29 00:00:00,27477.6,long,0.010379363554313358,0.0025,,,,,,,,,,,,
2026-07-29 15:35:00,27762.8,zone_skip,tolerance,2026-07-29 08:00:00,28051.3,short,0.010284728337011119,0.0025,,,,,,,,,,,,
2026-07-29 15:35:00,27762.8,zone_skip,tolerance,2026-07-29 12:00:00,27516.35,long,0.008956493139533431,0.0025,,,,,,,,,,,,
2026-07-29 15:40:00,27787.6,zone_skip,tolerance,2026-07-27 04:00:00,28075.02,long,0.010237570623280122,0.0025,,,,,,,,,,,,
2026-07-29 15:40:00,27787.6,zone_skip,score_h4,2026-07-28 00:00:00,27809.75,long,0.0007964832477818554,,,,0.0,0.0,0.0,,,,,,,
2026-07-29 15:40:00,27787.6,zone_skip,tolerance,2026-07-29 00:00:00,27477.6,long,0.011281916906862317,0.0025,,,,,,,,,,,,
2026-07-29 15:40:00,27787.6,zone_skip,tolerance,2026-07-29 08:00:00,28051.3,short,0.009400633838716949,0.0025,,,,,,,,,,,,
2026-07-29 15:40:00,27787.6,zone_skip,tolerance,2026-07-29 12:00:00,27516.35,long,0.009857775468039912,0.0025,,,,,,,,,,,,
2026-07-29 15:45:00,27800.85,zone_skip,tolerance,2026-07-27 04:00:00,28075.02,long,0.009765620825915774,0.0025,,,,,,,,,,,,
2026-07-29 15:45:00,27800.85,zone_skip,score_h4,2026-07-28 00:00:00,27809.75,long,0.00032003164357829377,,,,0.0,0.0,0.0,,,,,,,
2026-07-29 15:45:00,27800.85,zone_skip,tolerance,2026-07-29 00:00:00,27477.6,long,0.01176412787142982,0.0025,,,,,,,,,,,,
2026-07-29 15:45:00,27800.85,zone_skip,tolerance,2026-07-29 08:00:00,28051.3,short,0.008928284963620251,0.0025,,,,,,,,,,,,
2026-07-29 15:45:00,27800.85,zone_skip,tolerance,2026-07-29 12:00:00,27516.35,long,0.010339307357262137,0.0025,,,,,,,,,,,,
2026-07-29 15:50:00,27802.1,zone_skip,tolerance,2026-07-27 04:00:00,28075.02,long,0.009721097260126686,0.0025,,,,,,,,,,,,
2026-07-29 15:50:00,27802.1,zone_skip,score_h4,2026-07-28 00:00:00,27809.75,long,0.00027508337903078795,,,,0.0,0.0,0.0,,,,,,,
2026-07-29 15:50:00,27802.1,zone_skip,tolerance,2026-07-29 00:00:00,27477.6,long,0.011809619471860716,0.0025,,,,,,,,,,,,
2026-07-29 15:50:00,27802.1,zone_skip,tolerance,2026-07-29 08:00:00,28051.3,short,0.008883723748988487,0.0025,,,,,,,,,,,,
2026-07-29 15:50:00,27802.1,zone_skip,tolerance,2026-07-29 12:00:00,27516.35,long,0.010384734893981215,0.0025,,,,,,,,,,,,
2026-07-29 15:55:00,27784.35,zone_skip,tolerance,2026-07-27 04:00:00,28075.02,long,0.010353331894331755,0.0025,,,,,,,,,,,,
2026-07-29 15:55:00,27784.35,zone_skip,score_h4,2026-07-28 00:00:00,27809.75,long,0.0009133487356053706,,,,0.0,0.0,0.0,,,,,,,
2026-07-29 15:55:00,27784.35,zone_skip,tolerance,2026-07-29 00:00:00,27477.6,long,0.011163638745741987,0.0025,,,,,,,,,,,,
2026-07-29 15:55:00,27784.35,zone_skip,tolerance,2026-07-29 08:00:00,28051.3,short,0.009516492996759534,0.0025,,,,,,,,,,,,
2026-07-29 15:55:00,27784.35,zone_skip,tolerance,2026-07-29 12:00:00,27516.35,long,0.009739663872570309,0.0025,,,,,,,,,,,,
2026-07-29 16:00:00,27757.1,zone_skip,tolerance,2026-07-27 04:00:00,28075.02,long,0.011323945628533902,0.0025,,,,,,,,,,,,
2026-07-29 16:00:00,27757.1,zone_skip,score_h4,2026-07-28 00:00:00,27809.75,long,0.0018932209027409976,,,,0.0,0.0,0.0,,,,,,,
2026-07-29 16:00:00,27757.1,zone_skip,tolerance,2026-07-29 00:00:00,27477.6,long,0.010171921856348444,0.0025,,,,,,,,,,,,
2026-07-29 16:00:00,27757.1,zone_skip,tolerance,2026-07-29 08:00:00,28051.3,short,0.01048792747573199,0.0025,,,,,,,,,,,,
2026-07-29 16:00:00,27757.1,zone_skip,tolerance,2026-07-29 12:00:00,27516.35,long,0.00874934357209441,0.0025,,,,,,,,,,,,
2026-07-29 16:05:00,27768.6,zone_skip,tolerance,2026-07-27 04:00:00,28075.02,long,0.01091432882327428,0.0025,,,,,,,,,,,,
2026-07-29 16:05:00,27768.6,zone_skip,score_h4,2026-07-28 00:00:00,27809.75,long,0.001479696868903944,,,,0.0,0.0,0.0,,,,,,,
2026-07-29 16:05:00,27768.6,zone_skip,tolerance,2026-07-29 00:00:00,27477.6,long,0.010590444580312691,0.0025,,,,,,,,,,,,
2026-07-29 16:05:00,27768.6,zone_skip,tolerance,2026-07-29 08:00:00,28051.3,short,0.010077964301119761,0.0025,,,,,,,,,,,,
2026-07-29 16:05:00,27768.6,zone_skip,tolerance,2026-07-29 12:00:00,27516.35,long,0.009167276909909927,0.0025,,,,,,,,,,,,
2026-07-29 16:10:00,27749.1,zone_skip,tolerance,2026-07-27 04:00:00,28075.02,long,0.011608896449584075,0.0025,,,,,,,,,,,,
2026-07-29 16:10:00,27749.1,zone_skip,score_h4,2026-07-28 00:00:00,27809.75,long,0.002180889795845035,,,,0.0,0.0,0.0,,,,,,,
2026-07-29 16:10:00,27749.1,zone_skip,tolerance,2026-07-29 00:00:00,27477.6,long,0.009880775613590707,0.0025,,,,,,,,,,,,
2026-07-29 16:10:00,27749.1,zone_skip,tolerance,2026-07-29 08:00:00,28051.3,short,0.010773119249375279,0.0025,,,,,,,,,,,,
2026-07-29 16:10:00,27749.1,zone_skip,tolerance,2026-07-29 12:00:00,27516.35,long,0.00845860733709231,0.0025,,,,,,,,,,,,
2026-07-29 16:15:00,27745.1,zone_skip,tolerance,2026-07-27 04:00:00,28075.02,long,0.011751371860109161,0.0025,,,,,,,,,,,,
2026-07-29 16:15:00,27745.1,zone_skip,score_h4,2026-07-28 00:00:00,27809.75,long,0.002324724242397053,,,,0.0,0.0,0.0,,,,,,,
2026-07-29 16:15:00,27745.1,zone_skip,tolerance,2026-07-29 00:00:00,27477.6,long,0.009735202492211839,0.0025,,,,,,,,,,,,
2026-07-29 16:15:00,27745.1,zone_skip,tolerance,2026-07-29 08:00:00,28051.3,short,0.010915715136196923,0.0025,,,,,,,,,,,,
2026-07-29 16:15:00,27745.1,zone_skip,tolerance,2026-07-29 12:00:00,27516.35,long,0.008313239219591262,0.0025,,,,,,,,,,,,
2026-07-29 16:20:00,27771.85,zone_skip,tolerance,2026-07-27 04:00:00,28075.02,long,0.010798567552222648,0.0025,,,,,,,,,,,,
2026-07-29 16:20:00,27771.85,zone_skip,score_h4,2026-07-28 00:00:00,27809.75,long,0.0013628313810804288,,,,0.0,0.0,0.0,,,,,,,
2026-07-29 16:20:00,27771.85,zone_skip,tolerance,2026-07-29 00:00:00,27477.6,long,0.010708722741433023,0.0025,,,,,,,,,,,,
2026-07-29 16:20:00,27771.85,zone_skip,tolerance,2026-07-29 08:00:00,28051.3,short,0.009962105143077174,0.0025,,,,,,,,,,,,
2026-07-29 16:20:00,27771.85,zone_skip,tolerance,2026-07-29 12:00:00,27516.35,long,0.00928538850537953,0.0025,,,,,,,,,,,,
2026-07-29 16:25:00,27791.1,zone_skip,tolerance,2026-07-27 04:00:00,28075.02,long,0.010112904639070672,0.0025,,,,,,,,,,,,
2026-07-29 16:25:00,27791.1,zone_skip,score_h4,2026-07-28 00:00:00,27809.75,long,0.0006706281070488391,,,,0.0,0.0,1.5,,,,,,,
2026-07-29 16:25:00,27791.1,zone_skip,tolerance,2026-07-29 00:00:00,27477.6,long,0.011409293388068828,0.0025,,,,,,,,,,,,
2026-07-29 16:25:00,27791.1,zone_skip,tolerance,2026-07-29 08:00:00,28051.3,short,0.009275862437748009,0.0025,,,,,,,,,,,,
2026-07-29 16:25:00,27791.1,zone_skip,tolerance,2026-07-29 12:00:00,27516.35,long,0.00998497257085333,0.0025,,,,,,,,,,,,
2026-07-29 16:30:00,27836.35,zone_skip,tolerance,2026-07-27 04:00:00,28075.02,long,0.008501151557505636,0.0025,,,,,,,,,,,,
2026-07-29 16:30:00,27836.35,zone_skip,score_h4,2026-07-28 00:00:00,27809.75,long,0.0009564990695708715,,,,0.0,0.0,1.75,,,,,,,
2026-07-29 16:30:00,27836.35,zone_skip,tolerance,2026-07-29 08:00:00,28051.3,short,0.007662746468078154,0.0025,,,,,,,,,,,,
2026-07-29 16:30:00,27836.35,zone_skip,tolerance,2026-07-29 12:00:00,27516.35,long,0.01162944940008395,0.0025,,,,,,,,,,,,
2026-07-29 16:35:00,27762.3,zone_skip,tolerance,2026-07-27 04:00:00,28075.02,long,0.011138727594851265,0.0025,,,,,,,,,,,,
2026-07-29 16:35:00,27762.3,zone_skip,score_h4,2026-07-28 00:00:00,27809.75,long,0.0017062361222233472,,,,0.0,0.0,0.0,,,,,,,
2026-07-29 16:35:00,27762.3,zone_skip,tolerance,2026-07-29 00:00:00,27477.6,long,0.010361166914141,0.0025,,,,,,,,,,,,
2026-07-29 16:35:00,27762.3,zone_skip,tolerance,2026-07-29 08:00:00,28051.3,short,0.010302552822863825,0.0025,,,,,,,,,,,,
2026-07-29 16:35:00,27762.3,zone_skip,tolerance,2026-07-29 12:00:00,27516.35,long,0.0089383221248458,0.0025,,,,,,,,,,,,
2026-07-29 16:40:00,27793.55,zone_skip,tolerance,2026-07-27 04:00:00,28075.02,long,0.01002563845012403,0.0025,,,,,,,,,,,,
2026-07-29 16:40:00,27793.55,zone_skip,score_h4,2026-07-28 00:00:00,27809.75,long,0.0005825295085357016,,,,0.0,0.0,1.0,,,,,,,
2026-07-29 16:40:00,27793.55,zone_skip,tolerance,2026-07-29 00:00:00,27477.6,long,0.01149845692491341,0.0025,,,,,,,,,,,,
2026-07-29 16:40:00,27793.55,zone_skip,tolerance,2026-07-29 08:00:00,28051.3,short,0.009188522457069727,0.0025,,,,,,,,,,,,
2026-07-29 16:40:00,27793.55,zone_skip,tolerance,2026-07-29 12:00:00,27516.35,long,0.010074010542822748,0.0025,,,,,,,,,,,,
2026-07-29 16:45:00,27725.85,zone_skip,tolerance,2026-07-27 04:00:00,28075.02,long,0.012437034773261137,0.0025,,,,,,,,,,,,
2026-07-29 16:45:00,27725.85,zone_skip,tolerance,2026-07-28 00:00:00,27809.75,long,0.003016927516428643,0.0025,,,,,,,,,,,,
2026-07-29 16:45:00,27725.85,zone_skip,tolerance,2026-07-29 00:00:00,27477.6,long,0.009034631845576034,0.0025,,,,,,,,,,,,
2026-07-29 16:45:00,27725.85,zone_skip,tolerance,2026-07-29 08:00:00,28051.3,short,0.011601957841526088,0.0025,,,,,,,,,,,,
2026-07-29 16:45:00,27725.85,zone_skip,tolerance,2026-07-29 12:00:00,27516.35,long,0.007613655154117461,0.0025,,,,,,,,,,,,
2026-07-29 16:50:00,27630.1,zone_skip,tolerance,2026-07-28 00:00:00,27809.75,long,0.006459964580767589,0.0025,,,,,,,,,,,,
2026-07-29 16:50:00,27630.1,zone_skip,tolerance,2026-07-29 00:00:00,27477.6,long,0.005549975252569366,0.0025,,,,,,,,,,,,
2026-07-29 16:50:00,27630.1,zone_skip,tolerance,2026-07-29 12:00:00,27516.35,long,0.004133905841436092,0.0025,,,,,,,,,,,,
2026-07-29 16:55:00,27609.85,zone_skip,tolerance,2026-07-28 00:00:00,27809.75,long,0.0071881264664371836,0.0025,,,,,,,,,,,,
2026-07-29 16:55:00,27609.85,zone_skip,tolerance,2026-07-29 00:00:00,27477.6,long,0.004813011325588844,0.0025,,,,,,,,,,,,
2026-07-29 16:55:00,27609.85,zone_skip,tolerance,2026-07-29 12:00:00,27516.35,long,0.0033979797465870294,0.0025,,,,,,,,,,,,
2026-07-29 17:00:00,27663.85,zone_skip,tolerance,2026-07-28 00:00:00,27809.75,long,0.005246361437984932,0.0025,,,,,,,,,,,,
2026-07-29 17:00:00,27663.85,zone_skip,tolerance,2026-07-29 00:00:00,27477.6,long,0.006778248464203569,0.0025,,,,,,,,,,,,
2026-07-29 17:00:00,27663.85,zone_skip,tolerance,2026-07-29 12:00:00,27516.35,long,0.005360449332851196,0.0025,,,,,,,,,,,,
2026-07-29 17:05:00,27604.6,zone_skip,tolerance,2026-07-28 00:00:00,27809.75,long,0.007376909177536708,0.0025,,,,,,,,,,,,
2026-07-29 17:05:00,27604.6,zone_skip,tolerance,2026-07-29 00:00:00,27477.6,long,0.004621946603779079,0.0025,,,,,,,,,,,,
2026-07-29 17:05:00,27604.6,zone_skip,tolerance,2026-07-29 12:00:00,27516.35,long,0.003207184092366902,0.0025,,,,,,,,,,,,
2026-07-29 17:10:00,27524.1,zone_skip,tolerance,2026-07-28 00:00:00,27809.75,long,0.010271577414396082,0.0025,,,,,,,,,,,,
2026-07-29 17:10:00,27524.1,zone_skip,score_h4,2026-07-29 00:00:00,27477.6,long,0.0016922875360293476,,,,0.0,0.0,0.0,,,,,,,
2026-07-29 17:10:00,27524.1,zone_skip,score_h4,2026-07-29 12:00:00,27516.35,long,0.00028165072765828317,,,,0.0,0.0,0.0,,,,,,,
2026-07-29 17:15:00,27538.85,zone_skip,tolerance,2026-07-28 00:00:00,27809.75,long,0.009741187892735514,0.0025,,,,,,,,,,,,
2026-07-29 17:15:00,27538.85,zone_skip,score_h4,2026-07-29 00:00:00,27477.6,long,0.0022290884211139256,,,,0.0,0.0,0.0,,,,,,,
2026-07-29 17:15:00,27538.85,zone_skip,score_h4,2026-07-29 12:00:00,27516.35,long,0.0008176956609434028,,,,0.0,0.0,0.0,,,,,,,
2026-07-29 17:20:00,27495.85,zone_skip,tolerance,2026-07-28 00:00:00,27809.75,long,0.011287408193169713,0.0025,,,,,,,,,,,,
2026-07-29 17:20:00,27495.85,zone_skip,score_h4,2026-07-29 00:00:00,27477.6,long,0.000664177366291088,,,,0.0,0.0,0.0,,,,,,,
2026-07-29 17:20:00,27495.85,zone_skip,score_h4,2026-07-29 12:00:00,27516.35,long,0.0007450116021928781,,,,0.0,0.0,0.0,,,,,,,
