<DATE>	<TIME>	<OPEN>	<HIGH>	<LOW>	<CLOSE>	<TICKVOL>	<VOL>	<SPREAD>
2021.01.21	20:00:00	13410.60	13421.70	13407.60	13413.70	3686	0	0
2021.01.22	00:00:00	13389.55	13393.55	13349.55	13369.05	9364	0	0
2021.01.22	04:00:00	13369.30	13379.80	13352.30	13367.30	12462	0	0
2021.01.22	08:00:00	13367.55	13372.55	13326.80	13336.10	23344	0	0
2021.01.22	12:00:00	13336.35	13406.35	13316.85	13399.70	37188	0	0
2021.01.22	16:00:00	13399.45	13407.95	13339.80	13374.20	70557	0	0
2021.01.22	20:00:00	13374.45	13412.60	13360.60	13369.70	31568	0	0
2021.01.25	00:00:00	13453.65	13477.90	13445.90	13475.90	7034	0	0
2021.01.25	04:00:00	13476.15	13485.40	13468.90	13475.90	8071	0	0
2021.01.25	08:00:00	13475.40	13513.90	13469.40	13507.15	16541	0	0
2021.01.25	12:00:00	13506.90	13571.05	13487.65	13555.40	41991	0	0
2021.01.25	16:00:00	13555.65	13566.90	13206.40	13450.20	124574	0	0
2021.01.25	20:00:00	13450.45	13499.45	13391.20	13479.70	44137	0	0
2021.01.26	00:00:00	13462.30	13466.55	13443.05	13448.30	8739	0	0
2021.01.26	04:00:00	13447.55	13451.80	13397.05	13405.30	16343	0	0
2021.01.26	08:00:00	13404.05	13472.55	13403.55	13452.30	23875	0	0
2021.01.26	12:00:00	13452.05	13525.05	13443.15	13493.80	39389	0	0
2021.01.26	16:00:00	13494.05	13548.80	13456.65	13515.80	86940	0	0
2021.01.26	20:00:00	13515.55	13615.05	13485.30	13567.55	43373	0	0
2021.01.27	00:00:00	13571.50	13584.75	13552.75	13562.00	9567	0	0
2021.01.27	04:00:00	13561.25	13588.25	13551.50	13571.00	11237	0	0
2021.01.27	08:00:00	13570.50	13582.00	13539.00	13541.00	21082	0	0
2021.01.27	12:00:00	13540.75	13541.00	13185.95	13296.95	82415	0	0
2021.01.27	16:00:00	13296.70	13398.95	13219.70	13285.10	119050	0	0
2021.01.27	20:00:00	13284.85	13319.20	12897.10	13074.95	94592	0	0
2021.01.28	00:00:00	13028.55	13142.30	13022.80	13074.80	24099	0	0
2021.01.28	04:00:00	13074.55	13101.30	13017.05	13035.05	31522	0	0
2021.01.28	08:00:00	13035.30	13053.80	12921.05	12974.80	58566	0	0
2021.01.28	12:00:00	12974.55	13262.05	12956.80	13202.30	74483	0	0
2021.01.28	16:00:00	13203.80	13407.80	13195.05	13390.55	105395	0	0
2021.01.28	20:00:00	13390.80	13398.30	13138.30	13167.05	63600	0	0
2021.01.29	00:00:00	13138.10	13173.10	13069.35	13083.60	21246	0	0
2021.01.29	04:00:00	13083.85	13089.00	12976.70	13072.35	42451	0	0
2021.01.29	08:00:00	13072.10	13087.60	12946.60	13051.10	61525	0	0
2021.01.29	12:00:00	13050.35	13178.85	13009.60	13097.60	77632	0	0
2021.01.29	16:00:00	13096.35	13171.60	12845.35	12902.10	148619	0	0
2021.01.29	20:00:00	12901.85	13032.95	12877.45	12883.85	78892	0	0
2021.02.01	00:00:00	12842.45	12909.70	12829.70	12894.45	20479	0	0
2021.02.01	04:00:00	12894.70	12995.95	12886.70	12978.70	25117	0	0
2021.02.01	08:00:00	12978.95	13075.45	12945.45	13051.20	48866	0	0
2021.02.01	12:00:00	13050.95	13116.45	12984.20	13033.85	52979	0	0
2021.02.01	16:00:00	13032.35	13285.20	13002.70	13276.85	102181	0	0
2021.02.01	20:00:00	13277.10	13285.75	13223.85	13251.10	44549	0	0
2021.02.02	00:00:00	13270.35	13387.60	13269.60	13365.35	15544	0	0
2021.02.02	04:00:00	13365.85	13368.60	13320.60	13339.60	19807	0	0
2021.02.02	08:00:00	13339.35	13394.35	13317.60	13379.35	32561	0	0
2021.02.02	12:00:00	13379.10	13439.60	13342.60	13397.85	40957	0	0
2021.02.02	16:00:00	13398.10	13501.60	13384.95	13488.10	77048	0	0
2021.02.02	20:00:00	13487.85	13524.75	13424.85	13515.10	40783	0	0
2021.02.03	00:00:00	13544.25	13545.00	13507.00	13528.75	13310	0	0
2021.02.03	04:00:00	13528.50	13565.00	13517.00	13562.75	12975	0	0
2021.02.03	08:00:00	13561.75	13600.25	13530.00	13559.00	26919	0	0
2021.02.03	12:00:00	13558.00	13570.50	13478.25	13543.25	41361	0	0
2021.02.03	16:00:00	13545.50	13549.25	13406.10	13502.35	88479	0	0
2021.02.03	20:00:00	13502.10	13508.50	13404.00	13430.50	39313	0	0
2021.02.04	00:00:00	13430.95	13461.20	13428.20	13448.70	9154	0	0
2021.02.04	04:00:00	13448.95	13453.20	13359.95	13437.70	22672	0	0
2021.02.04	08:00:00	13437.95	13470.95	13422.70	13462.45	23462	0	0
2021.02.04	12:00:00	13462.20	13494.20	13426.45	13449.30	38724	0	0
2021.02.04	16:00:00	13448.80	13518.45	13404.30	13509.20	68857	0	0
2021.02.04	20:00:00	13509.45	13582.70	13501.95	13573.45	27451	0	0
2021.02.05	00:00:00	13552.25	13604.50	13539.50	13588.00	10162	0	0
2021.02.05	04:00:00	13588.25	13629.25	13573.50	13613.75	13586	0	0
2021.02.05	08:00:00	13613.50	13620.50	13577.75	13602.25	18434	0	0
2021.02.05	12:00:00	13602.00	13618.10	13547.10	13549.10	35919	0	0
2021.02.05	16:00:00	13548.85	13648.35	13529.60	13597.85	64890	0	0
2021.02.05	20:00:00	13597.60	13624.10	13578.60	13615.10	33243	0	0
2021.02.08	00:00:00	13666.45	13697.85	13663.60	13687.10	8507	0	0
2021.02.08	04:00:00	13686.85	13693.85	13676.85	13683.85	9304	0	0
2021.02.08	08:00:00	13683.60	13686.60	13639.10	13653.35	16965	0	0
2021.02.08	12:00:00	13653.60	13684.60	13639.35	13674.35	39751	0	0
2021.02.08	16:00:00	13673.85	13702.00	13606.95	13635.10	69406	0	0
2021.02.08	20:00:00	13635.35	13699.70	13630.35	13696.85	26732	0	0
2021.02.09	00:00:00	13680.20	13692.45	13667.70	13683.95	6931	0	0
2021.02.09	04:00:00	13684.45	13697.70	13676.45	13683.20	8841	0	0
2021.02.09	08:00:00	13682.95	13685.45	13671.95	13674.70	13220	0	0
2021.02.09	12:00:00	13674.45	13717.45	13643.45	13713.70	25979	0	0
2021.02.09	16:00:00	13713.45	13744.45	13671.45	13681.20	61835	0	0
2021.02.09	20:00:00	13680.95	13721.20	13674.70	13707.70	25347	0	0
2021.02.10	00:00:00	13697.25	13744.50	13694.25	13743.50	7654	0	0
2021.02.10	04:00:00	13743.75	13762.00	13742.25	13750.90	8352	0	0
2021.02.10	08:00:00	13750.65	13781.15	13745.65	13752.65	17371	0	0
2021.02.10	12:00:00	13752.90	13772.25	13725.25	13746.00	32575	0	0
2021.02.10	16:00:00	13746.25	13764.00	13528.10	13633.50	108250	0	0
2021.02.10	20:00:00	13633.75	13705.25	13629.00	13671.25	42479	0	0
2021.02.11	00:00:00	13627.25	13676.50	13625.25	13673.25	6663	0	0
2021.02.11	04:00:00	13673.25	13680.25	13652.25	13664.75	8350	0	0
2021.02.11	08:00:00	13665.00	13726.25	13665.00	13715.25	15838	0	0
2021.02.11	12:00:00	13715.50	13748.00	13691.10	13696.75	28594	0	0
2021.02.11	16:00:00	13697.25	13753.50	13634.50	13706.00	87494	0	0
2021.02.11	20:00:00	13706.50	13744.50	13650.00	13719.75	39961	0	0
2021.02.12	00:00:00	13733.00	13741.75	13712.00	13717.25	4020	0	0
2021.02.12	04:00:00	13717.00	13728.50	13714.00	13721.25	5438	0	0
2021.02.12	08:00:00	13721.50	13725.25	13673.00	13714.75	16636	0	0
2021.02.12	12:00:00	13714.50	13732.00	13656.00	13704.00	27867	0	0
2021.02.12	16:00:00	13703.75	13764.25	13674.00	13731.50	61827	0	0
2021.02.12	20:00:00	13731.25	13829.75	13719.50	13829.25	29016	0	0
2021.02.15	00:00:00	13867.85	13875.60	13856.35	13857.60	4172	0	0
2021.02.15	04:00:00	13857.85	13867.10	13846.10	13847.60	5120	0	0
2021.02.15	08:00:00	13847.35	13859.10	13842.35	13853.85	9806	0	0
2021.02.15	12:00:00	13853.60	13872.10	13846.60	13866.60	6893	0	0
2021.02.15	16:00:00	13866.85	13888.35	13862.35	13881.85	7192	0	0
2021.02.16	00:00:00	13888.35	13910.35	13883.10	13901.85	5054	0	0
2021.02.16	04:00:00	13902.10	13910.10	13883.35	13892.60	8700	0	0
2021.02.16	08:00:00	13892.85	13895.60	13856.10	13879.10	14693	0	0
2021.02.16	12:00:00	13878.85	13890.85	13821.35	13862.10	34549	0	0
2021.02.16	16:00:00	13862.35	13885.10	13726.35	13764.35	85470	0	0
2021.02.16	20:00:00	13764.10	13807.10	13755.45	13767.35	34346	0	0
2021.02.17	00:00:00	13724.00	13765.75	13700.50	13761.75	9109	0	0
2021.02.17	04:00:00	13761.50	13782.00	13754.00	13778.25	9250	0	0
2021.02.17	08:00:00	13778.50	13791.50	13735.50	13746.00	21990	0	0
2021.02.17	12:00:00	13746.25	13764.75	13618.15	13678.50	46773	0	0
2021.02.17	16:00:00	13678.25	13695.00	13550.15	13659.80	103901	0	0
2021.02.17	20:00:00	13660.05	13716.80	13645.05	13705.30	33352	0	0
2021.02.18	00:00:00	13720.80	13723.80	13666.55	13703.30	10517	0	0
2021.02.18	04:00:00	13703.55	13705.30	13618.55	13639.30	18998	0	0
2021.02.18	08:00:00	13638.55	13660.55	13606.30	13611.05	25554	0	0
2021.02.18	12:00:00	13610.80	13621.05	13529.55	13573.55	47933	0	0
2021.02.18	16:00:00	13573.80	13620.55	13475.30	13606.80	93704	0	0
2021.02.18	20:00:00	13607.05	13675.05	13605.30	13640.30	36244	0	0
2021.02.19	00:00:00	13628.30	13647.30	13556.05	13560.05	16107	0	0
2021.02.19	04:00:00	13560.30	13638.30	13556.05	13634.80	15019	0	0
2021.02.19	08:00:00	13634.55	13698.05	13616.55	13696.30	27872	0	0
2021.02.19	12:00:00	13696.55	13734.55	13647.30	13677.05	36669	0	0
2021.02.19	16:00:00	13677.30	13704.80	13541.25	13595.75	86121	0	0
2021.02.19	20:00:00	13596.25	13616.00	13558.50	13579.50	44509	0	0
2021.02.22	00:00:00	13612.00	13634.50	13534.50	13549.50	15723	0	0
2021.02.22	04:00:00	13549.75	13571.50	13512.00	13536.00	20024	0	0
2021.02.22	08:00:00	13535.75	13540.25	13370.40	13414.50	47421	0	0
2021.02.22	12:00:00	13414.75	13444.45	13364.75	13433.05	50275	0	0
2021.02.22	16:00:00	13433.80	13451.30	13285.85	13373.35	100318	0	0
2021.02.22	20:00:00	13373.60	13379.10	13221.60	13225.35	46437	0	0
2021.02.23	00:00:00	13213.70	13312.95	13211.70	13308.20	13175	0	0
2021.02.23	04:00:00	13307.95	13341.70	13277.45	13305.20	15833	0	0
2021.02.23	08:00:00	13305.45	13319.95	12953.60	12988.90	60576	0	0
2021.02.23	12:00:00	12988.15	13055.40	12764.65	12892.40	71145	0	0
2021.02.23	16:00:00	12892.90	13126.50	12869.40	13053.20	146531	0	0
2021.02.23	20:00:00	13052.95	13263.90	13039.20	13160.15	66946	0	0
2021.02.24	00:00:00	13173.70	13269.20	13173.70	13189.70	20069	0	0
2021.02.24	04:00:00	13189.95	13221.95	13034.95	13067.70	40794	0	0
2021.02.24	08:00:00	13067.95	13250.20	13063.45	13222.45	47032	0	0
2021.02.24	12:00:00	13222.95	13302.45	13008.85	13037.30	78862	0	0
2021.02.24	16:00:00	13039.55	13272.70	12965.55	13258.60	119229	0	0
2021.02.24	20:00:00	13258.85	13338.95	13214.35	13326.35	50134	0	0
2021.02.25	00:00:00	13321.20	13330.95	13281.95	13309.20	16404	0	0
2021.02.25	04:00:00	13309.70	13360.20	13300.70	13357.70	16956	0	0
2021.02.25	08:00:00	13358.20	13358.70	13192.20	13262.95	45373	0	0
2021.02.25	12:00:00	13263.20	13296.05	13152.85	13226.10	72513	0	0
2021.02.25	16:00:00	13228.10	13229.60	12807.10	12915.20	170616	0	0
2021.02.25	20:00:00	12914.95	13025.95	12770.85	12789.70	88624	0	0
2021.02.26	00:00:00	12779.85	12873.35	12750.60	12816.35	32834	0	0
2021.02.26	04:00:00	12816.60	12843.60	12670.10	12719.60	52093	0	0
2021.02.26	08:00:00	12719.35	12922.10	12687.00	12797.45	69496	0	0
2021.02.26	12:00:00	12797.70	13037.05	12724.95	12882.80	94095	0	0
2021.02.26	16:00:00	12883.05	13095.95	12758.80	12962.20	160884	0	0
2021.02.26	20:00:00	12962.70	13071.45	12863.05	12905.80	81880	0	0
2021.03.01	00:00:00	13056.65	13092.15	13034.90	13050.90	16628	0	0
2021.03.01	04:00:00	13051.15	13086.90	13039.15	13069.90	23862	0	0
2021.03.01	08:00:00	13069.65	13139.40	13068.15	13102.90	38229	0	0
2021.03.01	12:00:00	13102.65	13122.15	13041.40	13105.25	56685	0	0
2021.03.01	16:00:00	13109.00	13236.05	13077.75	13215.05	97561	0	0
2021.03.01	20:00:00	13214.80	13324.65	13209.30	13323.40	45155	0	0
2021.03.02	00:00:00	13327.00	13329.50	13242.50	13248.00	18129	0	0
2021.03.02	04:00:00	13248.25	13273.00	13214.50	13245.50	29009	0	0
2021.03.02	08:00:00	13245.25	13255.75	13169.25	13235.00	45546	0	0
2021.03.02	12:00:00	13235.25	13310.25	13186.75	13226.75	49583	0	0
2021.03.02	16:00:00	13226.50	13255.50	13106.50	13193.25	118851	0	0
2021.03.02	20:00:00	13193.00	13213.25	13055.75	13065.25	57326	0	0
2021.03.03	00:00:00	13122.80	13135.30	13073.55	13131.05	13874	0	0
2021.03.03	04:00:00	13131.30	13168.05	13130.80	13152.80	15119	0	0
2021.03.03	08:00:00	13153.05	13197.55	13131.05	13158.30	29042	0	0
2021.03.03	12:00:00	13158.55	13163.55	12899.30	12911.55	65345	0	0
2021.03.03	16:00:00	12910.80	12976.55	12761.30	12777.55	137126	0	0
2021.03.03	20:00:00	12777.05	12781.30	12670.05	12680.05	79704	0	0
2021.03.04	00:00:00	12648.50	12670.25	12584.50	12606.25	21679	0	0
2021.03.04	04:00:00	12605.75	12629.25	12516.50	12625.75	36609	0	0
2021.03.04	08:00:00	12626.00	12713.50	12566.00	12596.00	57855	0	0
2021.03.04	12:00:00	12596.50	12769.25	12559.25	12594.50	71130	0	0
2021.03.04	16:00:00	12594.75	12801.10	12310.65	12314.15	185563	0	0
2021.03.04	20:00:00	12313.15	12539.25	12312.65	12440.75	94723	0	0
2021.03.05	00:00:00	12340.45	12407.95	12310.70	12407.70	25699	0	0
2021.03.05	04:00:00	12407.95	12478.20	12383.70	12445.20	35232	0	0
2021.03.05	08:00:00	12444.95	12456.95	12356.45	12416.55	57260	0	0
2021.03.05	12:00:00	12416.30	12636.45	12363.20	12427.20	85904	0	0
2021.03.05	16:00:00	12427.45	12629.70	12212.95	12591.95	178773	0	0
2021.03.05	20:00:00	12592.70	12701.70	12515.70	12656.95	75549	0	0
2021.03.08	00:00:00	12658.55	12686.30	12531.05	12566.80	24236	0	0
2021.03.08	04:00:00	12567.05	12579.30	12516.55	12529.05	38466	0	0
2021.03.08	08:00:00	12528.80	12552.80	12380.80	12464.05	53484	0	0
2021.03.08	12:00:00	12464.30	12703.30	12449.55	12584.55	74018	0	0
2021.03.08	16:00:00	12583.30	12720.55	12422.55	12428.30	150340	0	0
2021.03.08	20:00:00	12428.05	12500.55	12288.45	12344.55	75067	0	0
2021.03.09	00:00:00	12370.10	12446.85	12331.35	12438.35	27054	0	0
2021.03.09	04:00:00	12438.60	12479.60	12371.35	12390.85	30507	0	0
2021.03.09	08:00:00	12390.60	12582.35	12373.10	12564.85	47845	0	0
2021.03.09	12:00:00	12564.60	12720.60	12542.10	12708.85	63366	0	0
2021.03.09	16:00:00	12709.60	12862.85	12689.10	12859.10	99519	0	0
2021.03.09	20:00:00	12859.35	12872.10	12773.60	12795.60	49465	0	0
2021.03.10	00:00:00	12789.10	12807.35	12728.85	12752.85	18061	0	0
2021.03.10	04:00:00	12752.60	12798.10	12725.10	12744.60	24852	0	0
2021.03.10	08:00:00	12741.35	12823.10	12732.35	12768.10	36723	0	0
2021.03.10	12:00:00	12767.85	12997.85	12709.10	12917.85	74856	0	0
2021.03.10	16:00:00	12918.10	12961.25	12725.60	12760.60	139609	0	0
2021.03.10	20:00:00	12760.85	12846.85	12741.10	12789.10	56514	0	0
2021.03.11	00:00:00	12738.85	12846.85	12734.10	12830.85	14973	0	0
2021.03.11	04:00:00	12831.10	12896.85	12822.85	12896.60	19137	0	0
2021.03.11	08:00:00	12896.35	13018.35	12883.60	13002.10	36608	0	0
2021.03.11	12:00:00	13001.60	13016.85	12936.35	12969.70	64696	0	0
2021.03.11	16:00:00	12970.45	13123.60	12916.95	13078.70	97523	0	0
2021.03.11	20:00:00	13078.45	13098.10	13045.10	13050.10	39183	0	0
2021.03.12	00:00:00	13091.15	13101.40	13003.40	13018.90	13742	0	0
2021.03.12	04:00:00	13020.15	13075.15	12963.65	12980.90	22806	0	0
2021.03.12	08:00:00	12981.15	12986.65	12792.65	12836.90	61253	0	0
2021.03.12	12:00:00	12836.65	12905.90	12805.15	12898.15	59574	0	0
2021.03.12	16:00:00	12896.15	12932.65	12775.40	12889.15	99265	0	0
2021.03.12	20:00:00	12889.40	12953.25	12876.15	12942.00	41807	0	0
2021.03.15	00:00:00	12967.00	13015.25	12959.00	13008.00	10960	0	0
2021.03.15	04:00:00	13007.75	13013.25	12910.50	12914.25	19529	0	0
2021.03.15	08:00:00	12914.75	13003.75	12879.75	12991.25	23771	0	0
2021.03.15	12:00:00	12991.50	12995.00	12904.50	12968.50	45188	0	0
2021.03.15	16:00:00	12967.00	13003.00	12887.65	12987.75	96319	0	0
2021.03.15	20:00:00	12987.50	13105.75	12987.50	13088.85	36957	0	0
2021.03.16	00:00:00	13070.20	13136.45	13063.05	13128.20	10303	0	0
2021.03.16	04:00:00	13127.95	13147.70	13098.70	13145.95	14605	0	0
2021.03.16	08:00:00	13146.20	13182.70	13106.70	13138.95	22536	0	0
2021.03.16	12:00:00	13139.20	13246.60	13126.70	13241.45	38145	0	0
2021.03.16	16:00:00	13241.95	13304.60	13178.45	13197.70	95623	0	0
2021.03.16	20:00:00	13197.45	13213.20	13094.95	13170.20	59977	0	0
2021.03.17	00:00:00	13165.70	13168.20	13116.95	13147.45	19031	0	0
2021.03.17	04:00:00	13147.70	13156.20	13122.20	13151.20	21571	0	0
2021.03.17	08:00:00	13151.45	13158.45	13115.45	13117.95	31090	0	0
2021.03.17	12:00:00	13117.70	13134.70	12951.70	13052.20	158558	0	0
2021.03.17	16:00:00	13052.45	13090.20	12956.20	13010.60	326524	0	0
2021.03.17	20:00:00	13019.10	13288.45	13019.10	13188.70	273161	0	0
2021.03.18	00:00:00	13240.45	13283.95	13238.20	13261.20	17090	0	0
2021.03.18	04:00:00	13260.95	13263.20	13183.45	13212.70	31191	0	0
2021.03.18	08:00:00	13212.95	13245.95	13020.20	13054.95	81170	0	0
2021.03.18	12:00:00	13054.70	13078.70	12950.80	13013.20	166930	0	0
2021.03.18	16:00:00	13012.95	13025.55	12913.70	12989.20	259736	0	0
2021.03.18	20:00:00	12989.45	12993.95	12778.50	12809.35	248971	0	0
2021.03.19	00:00:00	12798.95	12836.20	12790.70	12831.45	20114	0	0
2021.03.19	04:00:00	12831.70	12832.95	12768.20	12792.70	40006	0	0
2021.03.19	08:00:00	12792.45	12915.05	12729.95	12883.10	76892	0	0
2021.03.19	12:00:00	12882.85	12893.35	12741.35	12790.85	176657	0	0
2021.03.19	16:00:00	12790.60	12907.70	12698.05	12885.95	301175	0	0
2021.03.19	20:00:00	12885.70	12897.70	12839.20	12846.20	128409	0	0
2021.03.22	00:00:00	12879.15	12931.15	12836.90	12918.65	27187	0	0
2021.03.22	04:00:00	12918.90	12950.40	12897.90	12929.15	34815	0	0
2021.03.22	08:00:00	12928.90	12943.90	12887.15	12935.90	61509	0	0
2021.03.22	12:00:00	12936.15	13037.50	12930.65	13024.40	101698	0	0
2021.03.22	16:00:00	13024.65	13173.60	12999.40	13154.70	152295	0	0
2021.03.22	20:00:00	13154.95	13169.60	13079.70	13080.95	75213	0	0
2021.03.23	00:00:00	13100.45	13119.70	13046.20	13058.20	23322	0	0
2021.03.23	04:00:00	13057.95	13064.55	13018.70	13023.70	29491	0	0
2021.03.23	08:00:00	13023.45	13080.20	13017.20	13047.70	52854	0	0
2021.03.23	12:00:00	13048.20	13135.20	13032.45	13092.95	98115	0	0
2021.03.23	16:00:00	13092.45	13188.20	13067.45	13097.20	225871	0	0
2021.03.23	20:00:00	13096.95	13140.20	12995.30	13047.55	154782	0	0
2021.03.24	00:00:00	13046.15	13089.90	13045.65	13055.40	23552	0	0
2021.03.24	04:00:00	13055.65	13087.15	13038.15	13048.30	37227	0	0
2021.03.24	08:00:00	13048.55	13159.95	13037.30	13136.70	51200	0	0
2021.03.24	12:00:00	13135.95	13143.70	12961.95	12971.95	96652	0	0
2021.03.24	16:00:00	12971.70	13063.90	12890.80	12962.55	265153	0	0
2021.03.24	20:00:00	12962.30	12966.55	12799.80	12808.80	147847	0	0
2021.03.25	00:00:00	12821.15	12842.15	12767.90	12808.15	23838	0	0
2021.03.25	04:00:00	12808.40	12854.65	12801.65	12824.40	37427	0	0
2021.03.25	08:00:00	12824.15	12875.15	12803.90	12847.40	49272	0	0
2021.03.25	12:00:00	12847.15	12870.90	12704.65	12805.15	152400	0	0
2021.03.25	16:00:00	12804.90	12852.65	12625.40	12718.15	385867	0	0
2021.03.25	20:00:00	12717.90	12837.40	12671.40	12805.90	159452	0	0
2021.03.26	00:00:00	12817.25	12836.50	12796.75	12833.00	18357	0	0
2021.03.26	04:00:00	12833.25	12887.25	12819.75	12885.00	22867	0	0
2021.03.26	08:00:00	12884.75	12897.25	12804.45	12832.25	44258	0	0
2021.03.26	12:00:00	12832.00	12846.25	12692.85	12825.00	112169	0	0
2021.03.26	16:00:00	12825.25	12889.00	12774.65	12816.00	224443	0	0
2021.03.26	20:00:00	12815.75	13005.25	12717.75	12978.75	170726	0	0
2021.03.29	00:00:00	12962.15	12966.75	12888.75	12896.50	15758	0	0
2021.03.29	04:00:00	12896.75	12921.50	12863.75	12892.25	40505	0	0
2021.03.29	08:00:00	12892.00	12935.50	12824.00	12899.50	68084	0	0
2021.03.29	12:00:00	12899.75	12986.25	12895.00	12931.40	16395	0	0
2021.03.29	16:00:00	12931.90	12993.85	12833.25	12984.75	41070	0	0
2021.03.29	20:00:00	12985.75	13018.60	12902.50	12980.00	29888	0	0
2021.03.30	00:00:00	12990.60	12998.10	12956.10	12962.35	5360	0	0
2021.03.30	04:00:00	12962.10	12963.35	12922.10	12953.60	10419	0	0
2021.03.30	08:00:00	12953.35	12953.60	12870.60	12890.85	15195	0	0
2021.03.30	12:00:00	12890.10	12919.10	12852.35	12877.25	14776	0	0
2021.03.30	16:00:00	12877.10	12932.50	12793.50	12865.85	37593	0	0
2021.03.30	20:00:00	12865.60	12930.20	12841.85	12902.10	24803	0	0
2021.03.31	00:00:00	12888.40	12926.40	12880.15	12920.65	5145	0	0
2021.03.31	04:00:00	12920.90	12940.90	12891.40	12900.90	10003	0	0
2021.03.31	08:00:00	12900.65	12925.00	12876.90	12920.90	12198	0	0
2021.03.31	12:00:00	12921.15	12996.40	12907.90	12979.90	11224	0	0
2021.03.31	16:00:00	12979.65	13163.15	12969.40	13148.90	28957	0	0
2021.03.31	20:00:00	13148.40	13174.15	13087.90	13102.90	22524	0	0
2021.04.01	00:00:00	13123.90	13145.90	13113.40	13142.40	4154	0	0
2021.04.01	04:00:00	13141.90	13155.65	13121.40	13143.15	8901	0	0
2021.04.01	08:00:00	13142.90	13252.50	13139.15	13231.15	11395	0	0
2021.04.01	12:00:00	13230.90	13263.15	13216.90	13253.65	10555	0	0
2021.04.01	16:00:00	13253.90	13338.55	13252.65	13315.15	30015	0	0
2021.04.01	20:00:00	13315.40	13350.40	13279.15	13344.65	18782	0	0
2021.04.02	00:00:00	13349.75	13375.50	13348.25	13364.25	2782	0	0
2021.04.02	04:00:00	13363.75	13390.50	13360.00	13381.75	3599	0	0
2021.04.02	08:00:00	13381.25	13388.10	13362.25	13387.50	3565	0	0
2021.04.02	12:00:00	13387.00	13408.10	13361.85	13395.75	6165	0	0
2021.04.02	16:00:00	13393.75	13394.00	13364.00	13368.25	1236	0	0
2021.04.05	00:00:00	13338.25	13373.00	13333.25	13359.50	4130	0	0
2021.04.05	04:00:00	13359.25	13364.00	13335.50	13339.50	4727	0	0
2021.04.05	08:00:00	13339.75	13382.75	13329.00	13377.50	5641	0	0
2021.04.05	12:00:00	13377.75	13450.00	13369.50	13440.75	8034	0	0
2021.04.05	16:00:00	13441.75	13596.50	13427.00	13586.75	24875	0	0
2021.04.05	20:00:00	13587.00	13632.00	13582.15	13618.50	17340	0	0
2021.04.06	00:00:00	13630.05	13638.30	13615.05	13619.80	4045	0	0
2021.04.06	04:00:00	13620.05	13625.80	13583.15	13594.30	7340	0	0
2021.04.06	08:00:00	13594.80	13611.55	13541.05	13567.55	12317	0	0
2021.04.06	12:00:00	13566.80	13621.30	13551.05	13602.30	11528	0	0
2021.04.06	16:00:00	13603.80	13669.05	13555.30	13631.80	29358	0	0
2021.04.06	20:00:00	13631.55	13634.55	13562.05	13597.05	21674	0	0
2021.04.07	00:00:00	13606.05	13613.55	13594.30	13606.55	2947	0	0
2021.04.07	04:00:00	13606.30	13609.30	13565.80	13576.30	7961	0	0
2021.04.07	08:00:00	13575.80	13623.40	13569.65	13593.30	10196	0	0
2021.04.07	12:00:00	13592.80	13611.55	13546.80	13547.30	11234	0	0
2021.04.07	16:00:00	13547.05	13645.80	13529.30	13590.80	28882	0	0
2021.04.07	20:00:00	13589.55	13656.45	13580.95	13635.55	20453	0	0
2021.04.08	00:00:00	13640.55	13669.05	13631.05	13656.30	3674	0	0
2021.04.08	04:00:00	13656.80	13723.05	13652.30	13720.55	7391	0	0
2021.04.08	08:00:00	13721.30	13751.05	13705.90	13719.55	8925	0	0
2021.04.08	12:00:00	13719.80	13759.05	13699.80	13730.05	9969	0	0
2021.04.08	16:00:00	13730.80	13770.30	13707.55	13740.05	29241	0	0
2021.04.08	20:00:00	13740.30	13805.05	13732.55	13800.30	15933	0	0
2021.04.09	00:00:00	13800.45	13851.45	13798.20	13851.45	3621	0	0
2021.04.09	04:00:00	13851.20	13855.95	13797.95	13808.70	7399	0	0
2021.04.09	08:00:00	13808.45	13811.20	13722.45	13754.70	12986	0	0
2021.04.09	12:00:00	13754.95	13769.95	13664.20	13680.95	12504	0	0
2021.04.09	16:00:00	13680.45	13794.20	13664.85	13788.90	28079	0	0
2021.04.09	20:00:00	13789.15	13855.95	13773.45	13828.20	17243	0	0
2021.04.12	00:00:00	13818.55	13826.30	13785.55	13820.05	5231	0	0
2021.04.12	04:00:00	13820.30	13835.05	13797.80	13801.55	10307	0	0
2021.04.12	08:00:00	13801.30	13843.05	13792.30	13821.05	12104	0	0
2021.04.12	12:00:00	13820.80	13837.30	13793.80	13811.30	10726	0	0
2021.04.12	16:00:00	13812.05	13835.55	13749.20	13833.55	30058	0	0
2021.04.12	20:00:00	13834.30	13845.80	13785.05	13840.80	19441	0	0
2021.04.13	00:00:00	13831.80	13843.80	13821.05	13830.80	2857	0	0
2021.04.13	04:00:00	13830.55	13846.30	13800.80	13808.80	7100	0	0
2021.04.13	08:00:00	13809.30	13834.30	13790.20	13823.05	10221	0	0
2021.04.13	12:00:00	13823.30	13905.65	13792.55	13901.80	14483	0	0
2021.04.13	16:00:00	13901.55	13965.65	13883.80	13921.05	30139	0	0
2021.04.13	20:00:00	13920.80	14011.40	13920.05	13994.45	17791	0	0
2021.04.14	00:00:00	13991.00	13994.50	13981.00	13988.75	2570	0	0
2021.04.14	04:00:00	13989.50	14003.50	13976.50	13998.00	6778	0	0
2021.04.14	08:00:00	13998.50	14021.15	13979.00	14018.00	9560	0	0
2021.04.14	12:00:00	14017.75	14046.15	14009.75	14022.00	8988	0	0
2021.04.14	16:00:00	14021.00	14022.75	13871.00	13928.75	33659	0	0
2021.04.14	20:00:00	13928.00	13929.25	13789.00	13838.00	27859	0	0
2021.04.15	00:00:00	13839.00	13851.50	13819.25	13838.75	3312	0	0
2021.04.15	04:00:00	13838.50	13846.00	13805.25	13829.25	9119	0	0
2021.04.15	08:00:00	13829.00	13910.30	13828.25	13898.45	9760	0	0
2021.04.15	12:00:00	13898.70	13960.60	13880.20	13951.20	11145	0	0
2021.04.15	16:00:00	13951.95	14027.70	13936.95	14023.95	29240	0	0
2021.04.15	20:00:00	14024.45	14050.50	13995.00	14010.00	21779	0	0
2021.04.16	00:00:00	14022.10	14034.60	14000.60	14004.10	3181	0	0
2021.04.16	04:00:00	14003.85	14004.60	13971.35	14004.10	7889	0	0
2021.04.16	08:00:00	14003.60	14010.10	13982.60	13991.60	9545	0	0
2021.04.16	12:00:00	13991.35	14075.85	13988.85	14068.35	11476	0	0
2021.04.16	16:00:00	14068.60	14068.60	13971.45	14040.95	31474	0	0
2021.04.16	20:00:00	14041.20	14057.80	14013.85	14042.70	17428	0	0
2021.04.19	00:00:00	14010.30	14025.55	13995.05	14022.05	4122	0	0
2021.04.19	04:00:00	14022.30	14069.40	14005.80	14060.55	9155	0	0
2021.04.19	08:00:00	14060.30	14066.05	14039.80	14049.30	9222	0	0
2021.04.19	12:00:00	14049.55	14053.55	13973.95	13984.80	11053	0	0
2021.04.19	16:00:00	13984.55	14029.45	13837.95	13865.20	39071	0	0
2021.04.19	20:00:00	13865.45	13923.20	13856.95	13909.45	25110	0	0
2021.04.20	00:00:00	13924.25	13942.75	13913.75	13924.00	3614	0	0
2021.04.20	04:00:00	13924.25	13947.75	13921.75	13933.50	9283	0	0
2021.04.20	08:00:00	13933.25	13949.75	13904.15	13923.10	12423	0	0
2021.04.20	12:00:00	13923.35	13931.25	13832.25	13869.25	17516	0	0
2021.04.20	16:00:00	13869.50	13945.75	13735.90	13795.00	38120	0	0
2021.04.20	20:00:00	13794.25	13832.50	13746.00	13749.50	23996	0	0
2021.04.21	00:00:00	13766.75	13776.25	13749.75	13768.25	4615	0	0
2021.04.21	04:00:00	13768.50	13772.00	13726.25	13756.50	11000	0	0
2021.04.21	08:00:00	13757.00	13792.50	13741.00	13772.50	13329	0	0
2021.04.21	12:00:00	13772.25	13803.70	13740.90	13767.50	12697	0	0
2021.04.21	16:00:00	13767.00	13892.00	13717.25	13853.35	33091	0	0
2021.04.21	20:00:00	13853.60	13942.00	13851.25	13907.25	17880	0	0
2021.04.22	00:00:00	13905.00	13910.50	13894.00	13903.75	3701	0	0
2021.04.22	04:00:00	13903.50	13930.00	13901.50	13925.00	9826	0	0
2021.04.22	08:00:00	13924.75	13952.60	13913.50	13930.75	10671	0	0
2021.04.22	12:00:00	13931.00	13937.75	13897.00	13917.05	11517	0	0
2021.04.22	16:00:00	13917.30	13959.05	13871.15	13953.55	30441	0	0
2021.04.22	20:00:00	13953.80	13957.05	13717.45	13777.55	34891	0	0
2021.04.23	00:00:00	13781.95	13787.70	13767.45	13783.95	4053	0	0
2021.04.23	04:00:00	13783.70	13801.45	13767.70	13786.45	9567	0	0
2021.04.23	08:00:00	13786.70	13805.95	13753.95	13789.95	11020	0	0
2021.04.23	12:00:00	13789.45	13800.95	13778.45	13787.95	10429	0	0
2021.04.23	16:00:00	13787.45	13972.20	13781.70	13966.45	28169	0	0
2021.04.23	20:00:00	13969.02	13992.03	13919.70	13921.20	16167	0	0
2021.04.26	00:00:00	13936.05	13950.05	13921.30	13943.80	3906	0	0
2021.04.26	04:00:00	13943.30	13959.30	13933.05	13948.05	8968	0	0
2021.04.26	08:00:00	13948.30	13951.80	13891.05	13900.30	10219	0	0
2021.04.26	12:00:00	13900.55	13937.05	13881.55	13931.05	9807	0	0
2021.04.26	16:00:00	13931.55	14005.15	13918.15	13997.65	26301	0	0
2021.04.26	20:00:00	13997.90	14052.15	13982.15	14034.65	18215	0	0
2021.04.27	00:00:00	14033.65	14046.90	14030.40	14034.90	3203	0	0
2021.04.27	04:00:00	14034.65	14041.15	14030.65	14040.15	6900	0	0
2021.04.27	08:00:00	14040.40	14064.65	14031.90	14050.15	8402	0	0
2021.04.27	12:00:00	14049.90	14055.65	14023.50	14046.90	8000	0	0
2021.04.27	16:00:00	14047.15	14050.15	13928.50	13976.65	28451	0	0
2021.04.27	20:00:00	13976.90	14001.30	13953.33	13966.40	18105	0	0
2021.04.28	00:00:00	13982.75	13988.00	13972.00	13973.75	2758	0	0
2021.04.28	04:00:00	13973.50	13995.00	13970.00	13988.50	5655	0	0
2021.04.28	08:00:00	13988.75	13992.75	13921.25	13955.25	9025	0	0
2021.04.28	12:00:00	13954.75	13966.25	13935.00	13945.75	9396	0	0
2021.04.28	16:00:00	13946.00	13996.50	13894.00	13933.75	28703	0	0
2021.04.28	20:00:00	13934.25	14008.25	13898.50	13991.50	25435	0	0
2021.04.29	00:00:00	13976.95	14011.20	13974.20	14007.95	2674	0	0
2021.04.29	04:00:00	14008.20	14045.95	14000.70	14032.20	6708	0	0
2021.04.29	08:00:00	14032.45	14053.05	14008.60	14045.45	8972	0	0
2021.04.29	12:00:00	14045.20	14079.95	14032.05	14071.45	9442	0	0
2021.04.29	16:00:00	14071.20	14076.60	13834.85	13899.45	37473	0	0
2021.04.29	20:00:00	13899.70	13995.95	13880.80	13958.95	23008	0	0
2021.04.30	00:00:00	13946.70	13950.95	13907.95	13917.45	4355	0	0
2021.04.30	04:00:00	13917.95	13922.20	13900.95	13912.45	7149	0	0
2021.04.30	08:00:00	13912.20	13937.75	13880.95	13917.60	11032	0	0
2021.04.30	12:00:00	13918.10	13929.85	13834.85	13869.85	13451	0	0
2021.04.30	16:00:00	13870.10	13971.45	13850.85	13904.85	34815	0	0
2021.04.30	20:00:00	13904.20	13915.85	13840.35	13886.60	24958	0	0
2021.05.03	00:00:00	13896.60	13913.85	13892.10	13911.60	2584	0	0
2021.05.03	04:00:00	13911.85	13917.85	13881.60	13884.60	6349	0	0
2021.05.03	08:00:00	13884.35	13928.60	13871.10	13891.10	7116	0	0
2021.05.03	12:00:00	13890.60	13928.10	13859.85	13914.60	10825	0	0
2021.05.03	16:00:00	13914.10	13962.10	13786.20	13804.85	34327	0	0
2021.05.03	20:00:00	13806.10	13834.75	13787.95	13798.85	20159	0	0
2021.05.04	00:00:00	13799.35	13801.10	13765.10	13768.60	2746	0	0
2021.05.04	04:00:00	13768.35	13768.60	13737.85	13756.60	6316	0	0
2021.05.04	08:00:00	13756.85	13791.35	13739.60	13750.35	9635	0	0
2021.05.04	12:00:00	13749.35	13776.85	13665.10	13696.35	15952	0	0
2021.05.04	16:00:00	13695.60	13710.10	13395.20	13424.10	40098	0	0
2021.05.04	20:00:00	13423.10	13565.85	13418.85	13531.85	26497	0	0
2021.05.05	00:00:00	13535.45	13574.45	13525.20	13570.70	3460	0	0
2021.05.05	04:00:00	13571.20	13596.70	13558.45	13587.95	6273	0	0
2021.05.05	08:00:00	13587.70	13617.95	13540.95	13604.95	12252	0	0
2021.05.05	12:00:00	13604.70	13666.45	13603.70	13635.45	11037	0	0
2021.05.05	16:00:00	13635.20	13678.80	13543.20	13583.70	33519	0	0
2021.05.05	20:00:00	13584.20	13608.70	13476.85	13497.20	24376	0	0
2021.05.06	00:00:00	13484.95	13537.45	13484.95	13527.20	4397	0	0
2021.05.06	04:00:00	13527.70	13540.45	13464.45	13485.45	12162	0	0
2021.05.06	08:00:00	13485.70	13581.45	13485.45	13541.20	12901	0	0
2021.05.06	12:00:00	13540.95	13559.95	13474.80	13487.55	15295	0	0
2021.05.06	16:00:00	13487.80	13602.10	13400.70	13574.20	37721	0	0
2021.05.06	20:00:00	13572.20	13623.45	13478.70	13619.20	27482	0	0
2021.05.07	00:00:00	13617.65	13650.90	13612.65	13649.65	3415	0	0
2021.05.07	04:00:00	13650.15	13669.65	13631.90	13651.90	8412	0	0
2021.05.07	08:00:00	13651.65	13651.90	13597.65	13630.90	10641	0	0
2021.05.07	12:00:00	13631.15	13826.15	13619.90	13778.45	12508	0	0
2021.05.07	16:00:00	13778.20	13821.70	13672.95	13749.95	35632	0	0
2021.05.07	20:00:00	13750.20	13757.70	13672.55	13731.45	23652	0	0
2021.05.10	00:00:00	13747.45	13755.95	13736.95	13750.45	3610	0	0
2021.05.10	04:00:00	13749.95	13762.20	13728.70	13732.45	8487	0	0
2021.05.10	08:00:00	13731.70	13735.20	13649.70	13671.20	12020	0	0
2021.05.10	12:00:00	13670.95	13694.95	13651.45	13675.20	11767	0	0
2021.05.10	16:00:00	13674.45	13680.45	13466.20	13508.20	34749	0	0
2021.05.10	20:00:00	13508.45	13523.95	13315.70	13316.95	27070	0	0
2021.05.11	00:00:00	13345.40	13354.15	13200.90	13237.40	6191	0	0
2021.05.11	04:00:00	13237.15	13246.90	13186.90	13225.00	17156	0	0
2021.05.11	08:00:00	13225.15	13284.90	13150.25	13198.40	19011	0	0
2021.05.11	12:00:00	13198.15	13220.90	13089.40	13094.65	19743	0	0
2021.05.11	16:00:00	13094.90	13348.65	13075.50	13283.30	44375	0	0
2021.05.11	20:00:00	13283.55	13385.15	13278.15	13321.40	30595	0	0
2021.05.12	00:00:00	13336.75	13361.00	13274.75	13285.50	6456	0	0
2021.05.12	04:00:00	13286.25	13324.75	13194.15	13250.75	21206	0	0
2021.05.12	08:00:00	13249.50	13346.65	13249.25	13292.75	20233	0	0
2021.05.12	12:00:00	13294.00	13313.50	13102.50	13167.00	20492	0	0
2021.05.12	16:00:00	13166.50	13239.50	12989.90	13058.40	43815	0	0
2021.05.12	20:00:00	13057.40	13098.65	12970.25	12976.15	32896	0	0
2021.05.13	00:00:00	13017.65	13055.90	12997.90	13041.90	6191	0	0
2021.05.13	04:00:00	13042.65	13077.90	13029.65	13064.90	14551	0	0
2021.05.13	08:00:00	13065.15	13069.90	12924.65	12960.65	21566	0	0
2021.05.13	12:00:00	12960.90	13128.40	12945.65	13097.40	22623	0	0
2021.05.13	16:00:00	13097.15	13232.65	13067.40	13081.40	41258	0	0
2021.05.13	20:00:00	13081.65	13178.40	13006.65	13097.40	32633	0	0
2021.05.14	00:00:00	13102.70	13164.70	13079.20	13158.70	6890	0	0
2021.05.14	04:00:00	13158.45	13208.45	13153.20	13183.20	15965	0	0
2021.05.14	08:00:00	13182.95	13230.35	13171.20	13221.70	16560	0	0
2021.05.14	12:00:00	13221.95	13267.70	13210.95	13246.95	14793	0	0
2021.05.14	16:00:00	13247.20	13373.70	13216.60	13369.45	30383	0	0
2021.05.14	20:00:00	13369.70	13434.45	13357.05	13409.45	18825	0	0
2021.05.17	00:00:00	13418.45	13430.95	13351.20	13371.20	6413	0	0
2021.05.17	04:00:00	13370.95	13406.95	13348.95	13375.20	14039	0	0
2021.05.17	08:00:00	13375.45	13406.95	13341.20	13371.95	15187	0	0
2021.05.17	12:00:00	13372.20	13376.70	13310.70	13316.95	13568	0	0
2021.05.17	16:00:00	13316.45	13351.20	13229.70	13244.95	37192	0	0
2021.05.17	20:00:00	13244.20	13325.90	13192.60	13325.15	24992	0	0
2021.05.18	00:00:00	13302.55	13355.05	13298.80	13353.80	3795	0	0
2021.05.18	04:00:00	13354.30	13371.55	13344.55	13359.30	7543	0	0
2021.05.18	08:00:00	13359.05	13441.30	13351.55	13408.55	10695	0	0
2021.05.18	12:00:00	13408.80	13424.80	13363.80	13374.55	10948	0	0
2021.05.18	16:00:00	13373.55	13406.25	13310.50	13367.00	30981	0	0
2021.05.18	20:00:00	13366.75	13378.25	13186.95	13195.95	22906	0	0
2021.05.19	00:00:00	13210.10	13227.60	13162.10	13204.60	6006	0	0
2021.05.19	04:00:00	13204.85	13221.60	13132.55	13145.60	11777	0	0
2021.05.19	08:00:00	13146.10	13164.50	13040.60	13054.10	19036	0	0
2021.05.19	12:00:00	13055.10	13093.60	12973.00	12987.55	18870	0	0
2021.05.19	16:00:00	12986.05	13179.30	12961.20	13157.40	41262	0	0
2021.05.19	20:00:00	13157.65	13248.90	13111.40	13220.15	31411	0	0
2021.05.20	00:00:00	13189.25	13245.65	13184.75	13224.25	4998	0	0
2021.05.20	04:00:00	13224.00	13239.50	13193.00	13237.75	11807	0	0
2021.05.20	08:00:00	13237.50	13264.25	13175.00	13193.75	14237	0	0
2021.05.20	12:00:00	13192.25	13288.25	13158.40	13288.25	14311	0	0
2021.05.20	16:00:00	13287.75	13510.25	13284.50	13473.00	29191	0	0
2021.05.20	20:00:00	13473.25	13528.75	13463.55	13501.50	20141	0	0
2021.05.21	00:00:00	13504.60	13549.85	13500.70	13542.10	4021	0	0
2021.05.21	04:00:00	13542.35	13553.10	13498.60	13519.60	10075	0	0
2021.05.21	08:00:00	13520.85	13545.30	13507.30	13523.30	12314	0	0
2021.05.21	12:00:00	13523.55	13554.55	13515.05	13530.80	11176	0	0
2021.05.21	16:00:00	13529.80	13575.80	13405.05	13429.05	33218	0	0
2021.05.21	20:00:00	13428.80	13468.30	13402.65	13419.80	19687	0	0
2021.05.24	00:00:00	13378.55	13421.45	13368.55	13418.55	6008	0	0
2021.05.24	04:00:00	13419.05	13449.80	13391.55	13417.30	12373	0	0
2021.05.24	08:00:00	13417.05	13490.05	13413.95	13469.80	10614	0	0
2021.05.24	12:00:00	13470.05	13524.80	13469.55	13516.80	8372	0	0
2021.05.24	16:00:00	13516.55	13669.65	13500.30	13645.30	24716	0	0
2021.05.24	20:00:00	13645.55	13692.30	13638.30	13657.30	14817	0	0
2021.05.25	00:00:00	13673.80	13678.30	13639.05	13668.30	4691	0	0
2021.05.25	04:00:00	13668.55	13684.80	13650.05	13676.80	9591	0	0
2021.05.25	08:00:00	13676.55	13744.80	13674.30	13716.55	11023	0	0
2021.05.25	12:00:00	13716.80	13732.30	13682.55	13708.80	8779	0	0
2021.05.25	16:00:00	13709.30	13738.55	13613.40	13646.05	32105	0	0
2021.05.25	20:00:00	13645.30	13671.05	13622.80	13669.05	20008	0	0
2021.05.26	00:00:00	13703.10	13725.85	13692.60	13719.10	3459	0	0
2021.05.26	04:00:00	13718.85	13725.85	13705.10	13713.10	6835	0	0
2021.05.26	08:00:00	13712.85	13724.60	13677.85	13695.60	10720	0	0
2021.05.26	12:00:00	13695.35	13734.60	13690.35	13706.85	9183	0	0
2021.05.26	16:00:00	13707.35	13730.85	13662.60	13717.90	25349	0	0
2021.05.26	20:00:00	13717.15	13730.15	13682.85	13711.60	16187	0	0
2021.05.27	00:00:00	13708.60	13718.35	13689.60	13699.10	3684	0	0
2021.05.27	04:00:00	13698.85	13700.60	13666.85	13680.10	8477	0	0
2021.05.27	08:00:00	13679.85	13693.20	13628.85	13638.85	10902	0	0
2021.05.27	12:00:00	13638.60	13687.35	13625.60	13667.35	11413	0	0
2021.05.27	16:00:00	13667.10	13725.85	13649.70	13708.35	27101	0	0
2021.05.27	20:00:00	13708.10	13715.85	13652.75	13696.85	18148	0	0
2021.05.28	00:00:00	13697.60	13721.10	13688.35	13709.85	3689	0	0
2021.05.28	04:00:00	13710.10	13712.60	13690.10	13702.10	5823	0	0
2021.05.28	08:00:00	13701.85	13707.10	13668.10	13702.85	8426	0	0
2021.05.28	12:00:00	13702.60	13731.10	13685.60	13691.85	7669	0	0
2021.05.28	16:00:00	13693.10	13768.85	13689.60	13762.10	22795	0	0
2021.05.28	20:00:00	13762.60	13766.35	13688.60	13694.60	15758	0	0
2021.05.31	00:00:00	13718.35	13724.85	13705.10	13712.35	3782	0	0
2021.05.31	04:00:00	13712.85	13717.10	13696.10	13700.60	7157	0	0
2021.05.31	08:00:00	13700.10	13717.25	13677.35	13678.10	6268	0	0
2021.05.31	12:00:00	13678.35	13688.60	13663.35	13682.85	4963	0	0
2021.05.31	16:00:00	13682.60	13685.35	13657.75	13659.85	6101	0	0
2021.05.31	20:00:00	13659.10	13659.10	13659.10	13659.10	1	0	0
2021.06.01	00:00:00	13687.85	13700.10	13680.85	13696.35	3236	0	0
2021.06.01	04:00:00	13696.10	13704.35	13678.10	13699.60	7632	0	0
2021.06.01	08:00:00	13699.85	13741.85	13692.60	13739.85	9321	0	0
2021.06.01	12:00:00	13739.20	13761.60	13734.85	13746.10	7227	0	0
2021.06.01	16:00:00	13746.35	13777.85	13598.25	13669.85	28060	0	0
2021.06.01	20:00:00	13669.60	13698.35	13641.60	13651.10	16241	0	0
2021.06.02	00:00:00	13629.70	13659.20	13626.70	13655.95	4419	0	0
2021.06.02	04:00:00	13656.20	13662.45	13640.20	13644.95	7029	0	0
2021.06.02	08:00:00	13645.20	13665.35	13621.05	13628.70	9871	0	0
2021.06.02	12:00:00	13628.95	13677.70	13625.45	13674.95	8034	0	0
2021.06.02	16:00:00	13675.70	13717.20	13656.20	13674.70	25227	0	0
2021.06.02	20:00:00	13674.95	13683.70	13608.20	13678.45	18021	0	0
2021.06.03	00:00:00	13682.70	13710.20	13677.70	13706.95	2500	0	0
2021.06.03	04:00:00	13707.20	13707.70	13684.70	13689.20	5506	0	0
2021.06.03	08:00:00	13688.95	13700.45	13651.70	13670.20	8219	0	0
2021.06.03	12:00:00	13669.95	13670.30	13514.95	13548.95	15831	0	0
2021.06.03	16:00:00	13550.95	13612.45	13465.95	13581.70	32519	0	0
2021.06.03	20:00:00	13582.45	13597.20	13517.71	13531.20	20039	0	0
2021.06.04	00:00:00	13527.30	13531.80	13471.30	13493.55	4337	0	0
2021.06.04	04:00:00	13494.30	13536.80	13491.55	13526.30	6731	0	0
2021.06.04	08:00:00	13526.05	13549.80	13496.30	13528.55	11638	0	0
2021.06.04	12:00:00	13529.30	13610.55	13505.30	13600.90	13640	0	0
2021.06.04	16:00:00	13601.65	13772.55	13595.65	13763.30	24660	0	0
2021.06.04	20:00:00	13763.80	13787.05	13757.80	13765.80	13825	0	0
2021.06.07	00:00:00	13777.80	13781.05	13745.55	13753.05	4005	0	0
2021.06.07	04:00:00	13752.55	13758.30	13737.30	13747.80	7194	0	0
2021.06.07	08:00:00	13748.05	13751.80	13710.30	13733.90	9228	0	0
2021.06.07	12:00:00	13733.65	13772.15	13694.65	13761.40	11140	0	0
2021.06.07	16:00:00	13761.45	13767.70	13716.30	13761.55	27976	0	0
2021.06.07	20:00:00	13762.55	13826.05	13736.30	13824.30	14739	0	0
2021.06.08	00:00:00	13817.55	13849.55	13817.55	13848.30	3355	0	0
2021.06.08	04:00:00	13848.55	13868.80	13829.80	13841.30	6815	0	0
2021.06.08	08:00:00	13841.05	13843.30	13795.90	13836.15	9111	0	0
2021.06.08	12:00:00	13836.65	13899.95	13789.20	13881.20	13658	0	0
2021.06.08	16:00:00	13881.45	13919.60	13745.70	13825.95	30476	0	0
2021.06.08	20:00:00	13825.45	13841.70	13798.20	13812.60	15647	0	0
2021.06.09	00:00:00	13827.25	13838.75	13814.00	13836.00	3124	0	0
2021.06.09	04:00:00	13836.25	13837.25	13812.25	13822.00	6086	0	0
2021.06.09	08:00:00	13821.50	13850.25	13814.00	13839.75	8231	0	0
2021.06.09	12:00:00	13840.00	13877.00	13822.00	13867.00	9796	0	0
2021.06.09	16:00:00	13867.50	13908.90	13824.70	13875.20	26403	0	0
2021.06.09	20:00:00	13875.70	13883.70	13814.20	13817.20	14705	0	0
2021.06.10	00:00:00	13823.05	13833.55	13816.80	13829.80	2429	0	0
2021.06.10	04:00:00	13830.05	13844.30	13826.30	13835.55	5252	0	0
2021.06.10	08:00:00	13836.30	13836.55	13769.55	13792.30	10436	0	0
2021.06.10	12:00:00	13792.55	13838.55	13732.05	13832.30	14308	0	0
2021.06.10	16:00:00	13833.05	13969.80	13816.40	13949.30	27853	0	0
2021.06.10	20:00:00	13949.05	13981.05	13926.55	13979.30	14767	0	0
2021.06.11	00:00:00	13973.55	13986.80	13966.30	13982.05	3902	0	0
2021.06.11	04:00:00	13981.80	13991.05	13974.55	13980.05	5638	0	0
2021.06.11	08:00:00	13980.55	13980.55	13951.55	13969.55	7466	0	0
2021.06.11	12:00:00	13969.80	14001.55	13954.30	13975.30	8944	0	0
2021.06.11	16:00:00	13975.55	13989.45	13939.20	13965.05	23962	0	0
2021.06.11	20:00:00	13965.15	14001.55	13951.55	13995.05	11575	0	0
2021.06.14	00:00:00	14021.90	14031.15	14011.65	14025.15	2294	0	0
2021.06.14	04:00:00	14024.65	14029.15	14016.90	14023.40	2072	0	0
2021.06.14	08:00:00	14023.15	14045.40	14017.90	14035.15	6008	0	0
2021.06.14	12:00:00	14035.90	14060.40	14020.90	14027.65	6472	0	0
2021.06.14	16:00:00	14027.90	14070.90	13975.15	14057.15	23625	0	0
2021.06.14	20:00:00	14057.65	14143.40	14053.65	14127.40	13279	0	0
2021.06.15	00:00:00	14127.25	14164.50	14123.50	14159.00	2373	0	0
2021.06.15	04:00:00	14159.25	14172.25	14139.25	14149.75	5202	0	0
2021.06.15	08:00:00	14149.50	14171.50	14142.00	14156.00	7054	0	0
2021.06.15	12:00:00	14155.75	14161.50	14126.25	14130.00	7070	0	0
2021.06.15	16:00:00	14129.50	14138.75	14045.15	14055.00	24929	0	0
2021.06.15	20:00:00	14056.00	14064.00	14018.25	14055.75	15604	0	0
2021.06.16	00:00:00	14050.75	14057.25	14043.50	14046.00	1950	0	0
2021.06.16	04:00:00	14046.50	14056.75	14040.75	14052.75	4443	0	0
2021.06.16	08:00:00	14052.50	14065.75	14043.75	14054.50	6431	0	0
2021.06.16	12:00:00	14054.25	14064.00	14036.25	14061.50	6343	0	0
2021.06.16	16:00:00	14061.25	14112.65	13993.40	14033.10	22633	0	0
2021.06.16	20:00:00	14032.85	14056.50	13848.25	13955.00	29174	0	0
2021.06.17	00:00:00	13931.25	13938.00	13860.50	13888.25	5909	0	0
2021.06.17	04:00:00	13888.50	13931.50	13872.25	13928.75	8093	0	0
2021.06.17	08:00:00	13928.50	13942.50	13886.25	13899.25	12426	0	0
2021.06.17	12:00:00	13899.50	13951.00	13895.75	13930.50	13537	0	0
2021.06.17	16:00:00	13930.00	14209.25	13922.50	14123.75	34068	0	0
2021.06.17	20:00:00	14124.00	14216.50	14124.00	14192.50	22511	0	0
2021.06.18	00:00:00	14206.75	14207.25	14181.25	14197.00	3676	0	0
2021.06.18	04:00:00	14197.50	14219.75	14191.00	14205.75	5513	0	0
2021.06.18	08:00:00	14206.25	14222.40	14187.50	14202.00	9510	0	0
2021.06.18	12:00:00	14201.75	14207.00	14070.00	14124.00	16672	0	0
2021.06.18	16:00:00	14124.25	14149.90	14028.85	14101.15	36053	0	0
2021.06.18	20:00:00	14100.90	14127.65	14033.50	14035.25	23798	0	0
2021.06.21	00:00:00	14059.25	14063.25	14036.00	14052.75	5422	0	0
2021.06.21	04:00:00	14053.00	14055.00	14000.50	14018.00	12914	0	0
2021.06.21	08:00:00	14017.75	14129.25	14008.75	14116.25	17695	0	0
2021.06.21	12:00:00	14115.75	14143.25	14066.75	14084.75	15237	0	0
2021.06.21	16:00:00	14084.25	14149.90	13976.25	14124.50	31749	0	0
2021.06.21	20:00:00	14124.25	14161.25	14114.50	14155.50	18472	0	0
2021.06.22	00:00:00	14148.65	14171.15	14147.15	14160.65	3378	0	0
2021.06.22	04:00:00	14160.40	14169.65	14150.40	14163.40	5531	0	0
2021.06.22	08:00:00	14163.15	14163.40	14084.15	14103.40	10925	0	0
2021.06.22	12:00:00	14103.65	14195.15	14102.65	14145.65	12755	0	0
2021.06.22	16:00:00	14145.40	14250.15	14124.75	14238.65	27567	0	0
2021.06.22	20:00:00	14237.65	14295.90	14221.15	14288.90	16802	0	0
2021.06.23	00:00:00	14286.15	14303.15	14285.40	14298.90	2695	0	0
2021.06.23	04:00:00	14299.15	14318.15	14294.90	14303.65	4917	0	0
2021.06.23	08:00:00	14303.90	14330.40	14274.65	14281.90	9366	0	0
2021.06.23	12:00:00	14281.65	14297.55	14256.25	14289.40	10731	0	0
2021.06.23	16:00:00	14288.65	14332.90	14249.30	14277.90	25553	0	0
2021.06.23	20:00:00	14278.15	14310.65	14270.40	14290.15	14393	0	0
2021.06.24	00:00:00	14296.65	14315.90	14290.40	14310.65	2062	0	0
2021.06.24	04:00:00	14310.40	14324.90	14307.40	14318.90	4167	0	0
2021.06.24	08:00:00	14319.15	14367.40	14312.40	14364.65	8290	0	0
2021.06.24	12:00:00	14365.15	14375.65	14353.65	14362.40	7686	0	0
2021.06.24	16:00:00	14362.65	14439.40	14359.65	14387.65	22521	0	0
2021.06.24	20:00:00	14388.15	14401.40	14345.15	14374.65	18448	0	0
2021.06.25	00:00:00	14382.00	14382.25	14358.00	14365.75	2416	0	0
2021.06.25	04:00:00	14365.50	14392.00	14349.00	14378.00	5548	0	0
2021.06.25	08:00:00	14378.50	14390.40	14361.25	14387.75	8201	0	0
2021.06.25	12:00:00	14388.25	14410.90	14369.25	14392.75	8366	0	0
2021.06.25	16:00:00	14392.50	14407.25	14330.15	14354.75	24795	0	0
2021.06.25	20:00:00	14354.50	14375.25	14335.00	14347.75	15028	0	0
2021.06.28	00:00:00	14380.35	14382.10	14356.10	14361.35	2484	0	0
2021.06.28	04:00:00	14361.10	14376.00	14350.35	14373.85	3908	0	0
2021.06.28	08:00:00	14375.10	14403.60	14366.85	14390.10	8922	0	0
2021.06.28	12:00:00	14389.85	14409.10	14374.10	14408.60	8182	0	0
2021.06.28	16:00:00	14408.85	14510.60	14404.10	14490.85	24289	0	0
2021.06.28	20:00:00	14491.10	14537.50	14474.60	14517.00	16489	0	0
2021.06.29	00:00:00	14510.10	14513.85	14499.10	14501.10	2260	0	0
2021.06.29	04:00:00	14500.60	14505.10	14488.85	14504.10	4379	0	0
2021.06.29	08:00:00	14503.60	14519.10	14487.60	14501.60	9028	0	0
2021.06.29	12:00:00	14502.10	14530.60	14494.60	14504.35	9245	0	0
2021.06.29	16:00:00	14504.85	14572.35	14488.70	14568.35	24300	0	0
2021.06.29	20:00:00	14568.60	14602.35	14548.60	14600.10	14280	0	0
2021.06.30	00:00:00	14595.85	14615.60	14595.85	14602.85	2182	0	0
2021.06.30	04:00:00	14602.60	14608.35	14590.10	14600.10	4115	0	0
2021.06.30	08:00:00	14600.35	14607.70	14569.45	14570.35	8629	0	0
2021.06.30	12:00:00	14570.10	14592.20	14544.85	14573.85	10828	0	0
2021.06.30	16:00:00	14572.85	14592.85	14536.80	14557.60	25951	0	0
2021.06.30	20:00:00	14556.60	14587.10	14546.85	14573.10	15397	0	0
2021.07.01	00:00:00	14577.35	14590.10	14571.35	14589.10	1879	0	0
2021.07.01	04:00:00	14589.35	14593.85	14561.75	14566.85	3733	0	0
2021.07.01	08:00:00	14567.10	14622.45	14562.25	14585.60	9334	0	0
2021.07.01	12:00:00	14585.85	14585.85	14516.25	14548.85	13437	0	0
2021.07.01	16:00:00	14549.10	14587.60	14489.00	14513.60	27605	0	0
2021.07.01	20:00:00	14512.85	14571.10	14507.25	14560.85	15814	0	0
2021.07.02	00:00:00	14554.00	14563.00	14548.25	14557.25	1817	0	0
2021.07.02	04:00:00	14557.50	14562.75	14535.25	14541.25	5046	0	0
2021.07.02	08:00:00	14541.50	14606.00	14529.75	14578.50	9503	0	0
2021.07.02	12:00:00	14578.25	14654.25	14576.25	14640.25	11525	0	0
2021.07.02	16:00:00	14640.00	14705.50	14636.25	14705.00	24932	0	0
2021.07.02	20:00:00	14705.25	14745.00	14691.50	14717.00	13701	0	0
2021.07.05	00:00:00	14731.65	14737.50	14721.75	14727.50	2645	0	0
2021.07.05	04:00:00	14727.75	14730.25	14712.75	14720.00	5110	0	0
2021.07.05	08:00:00	14719.00	14720.25	14691.40	14705.25	7874	0	0
2021.07.05	12:00:00	14705.00	14726.40	14702.25	14723.25	6264	0	0
2021.07.05	16:00:00	14723.00	14728.50	14705.50	14709.00	5151	0	0
2021.07.06	00:00:00	14722.30	14738.45	14721.80	14730.80	1959	0	0
2021.07.06	04:00:00	14730.55	14731.70	14696.30	14701.80	5584	0	0
2021.07.06	08:00:00	14702.30	14724.05	14686.20	14714.80	11394	0	0
2021.07.06	12:00:00	14714.30	14760.55	14710.80	14752.55	9483	0	0
2021.07.06	16:00:00	14752.30	14804.55	14640.55	14716.05	33449	0	0
2021.07.06	20:00:00	14715.55	14798.05	14710.55	14775.80	17147	0	0
2021.07.07	00:00:00	14780.30	14785.80	14769.30	14783.05	3271	0	0
2021.07.07	04:00:00	14782.55	14812.05	14778.55	14803.05	6136	0	0
2021.07.07	08:00:00	14802.80	14874.05	14787.55	14848.55	11502	0	0
2021.07.07	12:00:00	14848.80	14886.80	14844.30	14877.55	10584	0	0
2021.07.07	16:00:00	14877.30	14898.90	14741.40	14815.05	32822	0	0
2021.07.07	20:00:00	14815.30	14842.55	14786.80	14824.55	20097	0	0
2021.07.08	00:00:00	14827.05	14836.55	14818.55	14822.80	2233	0	0
2021.07.08	04:00:00	14822.30	14827.05	14787.55	14798.55	6587	0	0
2021.07.08	08:00:00	14798.30	14809.05	14651.55	14671.00	20228	0	0
2021.07.08	12:00:00	14671.50	14676.00	14559.45	14611.75	24303	0	0
2021.07.08	16:00:00	14612.75	14737.50	14556.50	14724.75	38719	0	0
2021.07.08	20:00:00	14725.00	14770.00	14675.00	14728.25	24223	0	0
2021.07.09	00:00:00	14713.55	14731.55	14682.05	14683.05	4674	0	0
2021.07.09	04:00:00	14682.30	14709.55	14656.30	14696.05	12103	0	0
2021.07.09	08:00:00	14696.30	14758.30	14695.55	14739.55	16290	0	0
2021.07.09	12:00:00	14739.80	14754.05	14683.80	14720.05	15753	0	0
2021.07.09	16:00:00	14719.80	14846.70	14683.80	14834.30	27076	0	0
2021.07.09	20:00:00	14834.55	14841.80	14812.55	14828.05	13802	0	0
2021.07.12	00:00:00	14847.50	14849.75	14828.75	14840.25	3389	0	0
2021.07.12	04:00:00	14841.25	14843.25	14809.00	14821.50	6446	0	0
2021.07.12	08:00:00	14821.25	14867.15	14800.00	14858.00	11694	0	0
2021.07.12	12:00:00	14858.50	14891.75	14827.75	14890.50	11543	0	0
2021.07.12	16:00:00	14891.75	14902.00	14816.65	14852.75	26853	0	0
2021.07.12	20:00:00	14853.25	14897.25	14836.25	14888.25	13378	0	0
2021.07.13	00:00:00	14886.50	14901.25	14885.00	14894.25	1935	0	0
2021.07.13	04:00:00	14894.00	14900.50	14886.00	14894.25	4433	0	0
2021.07.13	08:00:00	14893.75	14921.75	14867.50	14916.75	7732	0	0
2021.07.13	12:00:00	14916.50	14943.75	14817.40	14817.65	10528	0	0
2021.07.13	16:00:00	14817.90	15010.25	14811.00	14994.25	26348	0	0
2021.07.13	20:00:00	14994.00	14995.25	14849.75	14874.75	24916	0	0
2021.07.14	00:00:00	14884.30	14888.30	14856.30	14879.30	3324	0	0
2021.07.14	04:00:00	14878.80	14901.05	14871.05	14873.30	7057	0	0
2021.07.14	08:00:00	14873.05	14908.95	14855.80	14899.30	13127	0	0
2021.07.14	12:00:00	14899.55	14987.80	14899.55	14980.05	12404	0	0
2021.07.14	16:00:00	14980.30	15009.55	14875.40	14946.05	31909	0	0
2021.07.14	20:00:00	14946.80	14960.45	14895.30	14910.55	19586	0	0
2021.07.15	00:00:00	14913.55	14918.80	14888.30	14894.30	2628	0	0
2021.07.15	04:00:00	14894.55	14937.05	14889.05	14930.55	6427	0	0
2021.07.15	08:00:00	14930.80	14975.55	14910.80	14973.55	11563	0	0
2021.07.15	12:00:00	14973.80	14976.05	14878.05	14902.65	16037	0	0
2021.07.15	16:00:00	14902.15	14918.80	14746.30	14797.45	35791	0	0
2021.07.15	20:00:00	14797.70	14815.90	14723.40	14785.15	25064	0	0
2021.07.16	00:00:00	14788.75	14792.25	14755.25	14758.25	4054	0	0
2021.07.16	04:00:00	14758.00	14796.75	14749.25	14793.00	7963	0	0
2021.07.16	08:00:00	14793.25	14826.50	14773.50	14811.25	13297	0	0
2021.07.16	12:00:00	14811.00	14858.75	14802.50	14850.00	13025	0	0
2021.07.16	16:00:00	14850.50	14882.50	14709.40	14772.25	34071	0	0
2021.07.16	20:00:00	14772.75	14796.00	14670.50	14682.25	23146	0	0
2021.07.19	00:00:00	14672.85	14675.85	14625.35	14634.35	6195	0	0
2021.07.19	04:00:00	14634.10	14660.35	14627.10	14648.35	9558	0	0
2021.07.19	08:00:00	14648.60	14678.60	14617.35	14624.35	17147	0	0
2021.07.19	12:00:00	14623.60	14651.35	14516.60	14551.85	22863	0	0
2021.07.19	16:00:00	14550.85	14586.60	14457.85	14486.35	41794	0	0
2021.07.19	20:00:00	14485.60	14603.60	14460.10	14602.35	30312	0	0
2021.07.20	00:00:00	14603.65	14623.40	14593.15	14618.65	4085	0	0
2021.07.20	04:00:00	14618.40	14656.15	14595.90	14616.65	11171	0	0
2021.07.20	08:00:00	14616.40	14654.90	14605.90	14626.65	16638	0	0
2021.07.20	12:00:00	14626.90	14638.90	14594.90	14612.15	17740	0	0
2021.07.20	16:00:00	14611.90	14757.75	14529.40	14756.65	33764	0	0
2021.07.20	20:00:00	14756.90	14795.65	14700.92	14733.15	21086	0	0
2021.07.21	00:00:00	14749.40	14764.40	14737.40	14751.65	3571	0	0
2021.07.21	04:00:00	14751.40	14753.40	14701.40	14701.40	9587	0	0
2021.07.21	08:00:00	14701.65	14779.15	14701.15	14753.90	16105	0	0
2021.07.21	12:00:00	14754.15	14763.40	14681.90	14718.40	14801	0	0
2021.07.21	16:00:00	14718.15	14799.40	14705.90	14759.15	28736	0	0
2021.07.21	20:00:00	14758.90	14850.15	14750.90	14847.65	15618	0	0
2021.07.22	00:00:00	14849.15	14860.65	14846.40	14851.40	1937	0	0
2021.07.22	04:00:00	14851.65	14870.90	14850.15	14856.40	4655	0	0
2021.07.22	08:00:00	14856.65	14893.40	14848.65	14865.15	9400	0	0
2021.07.22	12:00:00	14865.40	14877.90	14847.40	14852.90	10428	0	0
2021.07.22	16:00:00	14851.40	14937.75	14844.15	14903.65	31129	0	0
2021.07.22	20:00:00	14904.15	14993.90	14900.65	14987.15	17351	0	0
2021.07.23	00:00:00	14990.65	15009.90	14982.15	15005.15	1887	0	0
2021.07.23	04:00:00	15005.40	15009.65	14979.15	14986.65	4916	0	0
2021.07.23	08:00:00	14987.40	15021.15	14979.15	15011.40	9324	0	0
2021.07.23	12:00:00	15011.15	15029.15	14984.15	14987.15	8040	0	0
2021.07.23	16:00:00	14987.40	15097.65	14948.50	15095.90	27189	0	0
2021.07.23	20:00:00	15096.40	15131.90	15091.40	15102.40	16741	0	0
2021.07.26	00:00:00	15124.05	15140.80	15105.80	15112.05	4433	0	0
2021.07.26	04:00:00	15111.80	15115.05	15089.80	15099.55	8780	0	0
2021.07.26	08:00:00	15099.80	15121.30	15053.90	15078.55	14568	0	0
2021.07.26	12:00:00	15078.80	15112.05	15073.45	15079.30	10806	0	0
2021.07.26	16:00:00	15079.55	15148.80	15056.30	15112.45	27200	0	0
2021.07.26	20:00:00	15112.20	15143.30	15108.20	15131.30	15396	0	0
2021.07.27	00:00:00	15136.15	15138.65	15117.15	15121.40	2465	0	0
2021.07.27	04:00:00	15120.90	15126.65	15107.15	15117.90	8230	0	0
2021.07.27	08:00:00	15117.65	15119.15	15067.90	15094.90	15100	0	0
2021.07.27	12:00:00	15095.15	15146.35	15086.90	15135.95	10014	0	0
2021.07.27	16:00:00	15136.45	15137.45	14817.20	14832.85	39640	0	0
2021.07.27	20:00:00	14832.60	14980.72	14786.85	14902.60	27959	0	0
2021.07.28	00:00:00	14930.60	14958.85	14923.10	14955.60	4010	0	0
2021.07.28	04:00:00	14955.85	14970.35	14916.60	14917.60	15748	0	0
2021.07.28	08:00:00	14917.10	15009.85	14906.35	15008.35	16653	0	0
2021.07.28	12:00:00	15007.35	15030.85	14965.60	15015.60	11862	0	0
2021.07.28	16:00:00	15015.35	15086.45	14914.85	15009.85	34937	0	0
2021.07.28	20:00:00	15010.35	15052.60	14937.30	14995.10	28402	0	0
2021.07.29	00:00:00	14999.80	15005.80	14987.30	15005.05	3079	0	0
2021.07.29	04:00:00	15005.55	15005.80	14958.05	14983.80	9892	0	0
2021.07.29	08:00:00	14984.05	15037.30	14982.55	15011.05	11191	0	0
2021.07.29	12:00:00	15010.80	15032.05	14973.80	15006.05	10366	0	0
2021.07.29	16:00:00	15006.30	15096.55	14996.80	15066.55	29082	0	0
2021.07.29	20:00:00	15066.80	15085.80	14926.30	14934.05	20447	0	0
2021.07.30	00:00:00	14933.90	14935.40	14833.90	14848.65	7113	0	0
2021.07.30	04:00:00	14850.15	14880.90	14843.65	14854.90	11582	0	0
2021.07.30	08:00:00	14854.65	14896.40	14823.90	14882.65	17101	0	0
2021.07.30	12:00:00	14882.90	14913.15	14857.40	14884.40	13664	0	0
2021.07.30	16:00:00	14884.90	14990.65	14862.90	14987.65	32142	0	0
2021.07.30	20:00:00	14988.15	14990.15	14937.40	14974.15	20472	0	0
2021.08.02	00:00:00	15017.20	15032.20	15005.45	15030.20	3693	0	0
2021.08.02	04:00:00	15030.70	15046.95	15010.20	15041.20	8905	0	0
2021.08.02	08:00:00	15041.70	15067.95	15037.95	15052.45	10403	0	0
2021.08.02	12:00:00	15052.95	15057.20	15009.45	15032.45	9360	0	0
2021.08.02	16:00:00	15032.70	15062.55	14947.80	15003.20	33552	0	0
2021.08.02	20:00:00	15004.45	15028.20	14946.45	14970.45	21026	0	0
2021.08.03	00:00:00	14981.20	15001.20	14966.20	14990.45	3151	0	0
2021.08.03	04:00:00	14990.95	14992.95	14955.45	14984.95	10534	0	0
2021.08.03	08:00:00	14985.95	15006.45	14985.45	15000.95	10644	0	0
2021.08.03	12:00:00	15000.70	15002.45	14971.70	15001.20	8278	0	0
2021.08.03	16:00:00	15001.45	15035.20	14863.30	15033.55	35714	0	0
2021.08.03	20:00:00	15034.55	15063.20	15009.45	15048.10	20073	0	0
2021.08.04	00:00:00	15053.85	15053.85	15036.35	15050.60	2573	0	0
2021.08.04	04:00:00	15050.35	15066.35	15039.60	15062.10	6245	0	0
2021.08.04	08:00:00	15061.85	15087.35	15056.10	15068.85	8818	0	0
2021.08.04	12:00:00	15068.60	15078.35	15032.45	15045.10	9782	0	0
2021.08.04	16:00:00	15044.35	15084.60	15012.85	15080.85	32837	0	0
2021.08.04	20:00:00	15081.35	15123.60	15077.85	15096.10	17708	0	0
2021.08.05	00:00:00	15101.85	15117.35	15094.10	15110.10	2529	0	0
2021.08.05	04:00:00	15109.60	15114.85	15100.60	15104.10	6216	0	0
2021.08.05	08:00:00	15103.85	15111.60	15084.10	15108.10	8926	0	0
2021.08.05	12:00:00	15107.85	15131.35	15105.60	15109.80	7682	0	0
2021.08.05	16:00:00	15110.05	15179.60	15088.45	15151.15	25667	0	0
2021.08.05	20:00:00	15150.65	15181.45	15147.15	15175.60	13211	0	0
2021.08.06	00:00:00	15175.90	15181.40	15170.65	15173.65	2196	0	0
2021.08.06	04:00:00	15173.40	15182.15	15169.90	15178.15	5218	0	0
2021.08.06	08:00:00	15177.90	15180.15	15154.15	15168.90	6463	0	0
2021.08.06	12:00:00	15169.40	15171.15	15096.55	15122.15	8828	0	0
2021.08.06	16:00:00	15122.40	15162.90	15062.65	15111.75	28843	0	0
2021.08.06	20:00:00	15112.00	15124.15	15085.65	15101.55	14675	0	0
2021.08.09	00:00:00	15067.35	15067.60	15016.10	15040.85	4248	0	0
2021.08.09	04:00:00	15040.60	15061.35	15036.10	15060.35	5854	0	0
2021.08.09	08:00:00	15060.60	15119.10	15057.60	15115.10	9542	0	0
2021.08.09	12:00:00	15115.35	15137.35	15105.85	15119.60	7401	0	0
2021.08.09	16:00:00	15119.10	15150.85	15082.05	15127.00	25570	0	0
2021.08.09	20:00:00	15126.75	15157.75	15118.00	15134.45	12454	0	0
2021.08.10	00:00:00	15131.70	15138.10	15124.70	15138.10	2183	0	0
2021.08.10	04:00:00	15137.35	15137.85	15105.35	15119.60	5900	0	0
2021.08.10	08:00:00	15119.35	15159.85	15118.85	15146.85	6931	0	0
2021.08.10	12:00:00	15147.35	15162.60	15145.60	15150.85	5175	0	0
2021.08.10	16:00:00	15151.10	15169.60	15009.10	15067.70	28832	0	0
2021.08.10	20:00:00	15068.20	15080.45	15034.00	15058.75	15853	0	0
2021.08.11	00:00:00	15050.15	15058.00	15039.75	15041.75	2297	0	0
2021.08.11	04:00:00	15041.50	15062.00	15036.50	15056.00	5205	0	0
2021.08.11	08:00:00	15055.75	15064.25	15011.25	15014.75	8461	0	0
2021.08.11	12:00:00	15015.25	15125.75	14990.25	15103.50	9863	0	0
2021.08.11	16:00:00	15104.25	15131.50	14976.95	15015.75	31833	0	0
2021.08.11	20:00:00	15016.50	15044.75	15002.75	15021.35	16442	0	0
2021.08.12	00:00:00	15009.15	15016.15	15001.90	15011.90	2051	0	0
2021.08.12	04:00:00	15011.40	15021.90	15010.65	15014.15	4859	0	0
2021.08.12	08:00:00	15013.90	15023.40	14994.15	15018.65	6614	0	0
2021.08.12	12:00:00	15018.90	15045.90	14998.15	15000.90	7257	0	0
2021.08.12	16:00:00	15001.15	15084.65	14952.90	15053.65	25725	0	0
2021.08.12	20:00:00	15053.15	15101.40	15044.65	15086.65	12717	0	0
2021.08.13	00:00:00	15083.05	15086.80	15072.80	15081.05	2023	0	0
2021.08.13	04:00:00	15081.80	15089.80	15075.80	15082.80	4497	0	0
2021.08.13	08:00:00	15082.55	15106.90	15075.55	15103.30	5551	0	0
2021.08.13	12:00:00	15103.55	15105.80	15066.30	15088.80	6203	0	0
2021.08.13	16:00:00	15089.55	15152.65	15079.55	15127.40	22514	0	0
2021.08.13	20:00:00	15127.15	15140.65	15105.40	15133.15	11284	0	0
2021.08.16	00:00:00	15129.90	15131.40	15104.15	15115.90	2671	0	0
2021.08.16	04:00:00	15115.65	15125.40	15106.65	15117.40	5439	0	0
2021.08.16	08:00:00	15117.15	15129.40	15098.90	15115.65	8551	0	0
2021.08.16	12:00:00	15115.90	15118.40	15071.15	15082.65	9137	0	0
2021.08.16	16:00:00	15081.90	15121.90	14927.65	15033.40	31489	0	0
2021.08.16	20:00:00	15033.15	15149.00	15029.65	15136.65	16351	0	0
2021.08.17	00:00:00	15134.15	15143.15	15119.15	15125.65	2454	0	0
2021.08.17	04:00:00	15126.15	15130.65	15118.00	15123.40	5904	0	0
2021.08.17	08:00:00	15123.15	15123.90	15068.65	15090.40	10630	0	0
2021.08.17	12:00:00	15090.15	15101.40	15043.40	15057.90	10307	0	0
2021.08.17	16:00:00	15057.65	15067.90	14908.65	14913.80	38559	0	0
2021.08.17	20:00:00	14913.55	15013.15	14907.30	14975.40	26054	0	0
2021.08.18	00:00:00	14974.25	14985.75	14959.00	14982.75	3421	0	0
2021.08.18	04:00:00	14982.25	15029.00	14980.75	15020.75	7230	0	0
2021.08.18	08:00:00	15021.00	15030.00	14986.00	14994.75	8991	0	0
2021.08.18	12:00:00	14995.00	15035.25	14982.00	14988.25	9131	0	0
2021.08.18	16:00:00	14987.75	15044.25	14965.25	14997.00	31518	0	0
2021.08.18	20:00:00	14997.25	15036.25	14814.00	14829.75	27724	0	0
2021.08.19	00:00:00	14862.55	14873.55	14844.55	14872.30	3794	0	0
2021.08.19	04:00:00	14872.05	14880.80	14840.30	14849.30	9429	0	0
2021.08.19	08:00:00	14849.55	14850.30	14717.55	14739.55	20502	0	0
2021.08.19	12:00:00	14739.80	14805.55	14719.30	14745.80	19166	0	0
2021.08.19	16:00:00	14746.05	15005.30	14746.05	14993.55	39927	0	0
2021.08.19	20:00:00	14993.80	14995.05	14864.05	14952.30	30203	0	0
2021.08.20	00:00:00	14935.30	14963.30	14916.55	14956.30	4612	0	0
2021.08.20	04:00:00	14955.80	14960.80	14915.80	14926.55	13077	0	0
2021.08.20	08:00:00	14926.30	14927.80	14858.80	14890.30	17444	0	0
2021.08.20	12:00:00	14889.55	14964.05	14878.80	14963.30	13189	0	0
2021.08.20	16:00:00	14964.30	15104.40	14956.80	15072.30	32358	0	0
2021.08.20	20:00:00	15073.30	15106.30	15053.90	15101.55	17230	0	0
2021.08.23	00:00:00	15122.90	15126.40	15109.90	15117.15	4040	0	0
2021.08.23	04:00:00	15117.40	15156.40	15115.40	15154.40	8586	0	0
2021.08.23	08:00:00	15154.15	15159.15	15127.40	15144.40	11118	0	0
2021.08.23	12:00:00	15144.15	15146.90	15123.40	15130.65	7251	0	0
2021.08.23	16:00:00	15130.15	15330.70	15127.40	15329.45	23232	0	0
2021.08.23	20:00:00	15329.70	15342.70	15305.95	15328.70	12600	0	0
2021.08.24	00:00:00	15334.60	15341.10	15332.85	15338.10	1951	0	0
2021.08.24	04:00:00	15338.60	15342.35	15329.60	15333.35	5432	0	0
2021.08.24	08:00:00	15333.60	15390.00	15330.10	15379.85	9061	0	0
2021.08.24	12:00:00	15379.60	15387.35	15316.20	15331.35	8348	0	0
2021.08.24	16:00:00	15331.60	15387.35	15320.85	15349.10	25463	0	0
2021.08.24	20:00:00	15348.60	15379.50	15342.60	15365.00	11478	0	0
2021.08.25	00:00:00	15366.30	15376.80	15359.55	15365.30	2287	0	0
2021.08.25	04:00:00	15365.05	15372.30	15355.05	15355.55	7415	0	0
2021.08.25	08:00:00	15355.80	15397.30	15355.05	15388.30	7289	0	0
2021.08.25	12:00:00	15388.55	15388.70	15341.80	15374.05	7444	0	0
2021.08.25	16:00:00	15372.80	15404.80	15341.30	15377.30	24719	0	0
2021.08.25	20:00:00	15377.55	15390.80	15353.80	15372.55	13942	0	0
2021.08.26	00:00:00	15374.10	15374.35	15348.85	15356.10	2118	0	0
2021.08.26	04:00:00	15355.85	15356.35	15326.10	15335.10	6911	0	0
2021.08.26	08:00:00	15335.35	15354.60	15303.60	15338.35	10366	0	0
2021.08.26	12:00:00	15338.60	15362.60	15324.60	15335.10	9024	0	0
2021.08.26	16:00:00	15335.85	15373.60	15263.70	15341.20	31850	0	0
2021.08.26	20:00:00	15341.45	15344.95	15272.95	15295.35	20212	0	0
2021.08.27	00:00:00	15295.10	15295.10	15273.60	15286.85	3001	0	0
2021.08.27	04:00:00	15286.60	15340.60	15285.10	15335.35	7471	0	0
2021.08.27	08:00:00	15335.60	15344.60	15319.35	15331.35	8837	0	0
2021.08.27	12:00:00	15331.60	15340.85	15317.60	15336.35	5940	0	0
2021.08.27	16:00:00	15336.10	15436.25	15288.37	15425.10	27686	0	0
2021.08.27	20:00:00	15424.85	15451.60	15423.60	15430.10	11312	0	0
2021.08.30	00:00:00	15448.25	15464.50	15436.25	15437.25	3148	0	0
2021.08.30	04:00:00	15437.50	15450.50	15429.00	15443.25	6166	0	0
2021.08.30	08:00:00	15443.50	15459.50	15440.00	15458.00	5634	0	0
2021.08.30	12:00:00	15458.25	15463.50	15446.75	15458.25	4167	0	0
2021.08.30	16:00:00	15458.50	15604.75	15454.00	15593.35	24524	0	0
2021.08.30	20:00:00	15593.60	15626.85	15588.60	15614.15	11488	0	0
2021.08.31	00:00:00	15615.65	15616.40	15599.90	15602.15	2538	0	0
2021.08.31	04:00:00	15602.40	15655.40	15599.40	15652.40	6603	0	0
2021.08.31	08:00:00	15653.15	15686.90	15649.65	15661.90	10169	0	0
2021.08.31	12:00:00	15662.15	15663.40	15573.15	15595.65	13736	0	0
2021.08.31	16:00:00	15596.15	15624.90	15529.40	15608.65	29563	0	0
2021.08.31	20:00:00	15608.90	15615.90	15575.65	15611.40	16978	0	0
2021.09.01	00:00:00	15604.70	15612.20	15591.70	15593.95	2990	0	0
2021.09.01	04:00:00	15594.45	15629.95	15589.95	15625.95	7730	0	0
2021.09.01	08:00:00	15625.70	15659.70	15616.45	15619.95	8040	0	0
2021.09.01	12:00:00	15619.70	15658.20	15598.20	15645.45	7889	0	0
2021.09.01	16:00:00	15645.70	15708.45	15632.45	15689.95	25324	0	0
2021.09.01	20:00:00	15690.20	15698.70	15614.25	15617.95	15583	0	0
2021.09.02	00:00:00	15624.45	15641.45	15610.70	15621.45	3188	0	0
2021.09.02	04:00:00	15620.95	15634.70	15614.95	15620.45	7021	0	0
2021.09.02	08:00:00	15620.20	15658.70	15613.70	15655.20	7417	0	0
2021.09.02	12:00:00	15655.45	15671.85	15646.20	15667.20	5602	0	0
2021.09.02	16:00:00	15666.70	15691.70	15613.20	15630.45	25273	0	0
2021.09.02	20:00:00	15630.20	15635.95	15562.45	15609.20	19817	0	0
2021.09.03	00:00:00	15618.10	15631.85	15608.60	15626.35	2261	0	0
2021.09.03	04:00:00	15626.60	15643.85	15611.60	15636.10	8104	0	0
2021.09.03	08:00:00	15635.85	15640.60	15618.60	15622.60	6929	0	0
2021.09.03	12:00:00	15622.85	15687.70	15579.35	15618.80	9181	0	0
2021.09.03	16:00:00	15619.05	15678.80	15564.30	15657.80	28726	0	0
2021.09.03	20:00:00	15657.55	15681.15	15651.80	15662.30	13058	0	0
2021.09.06	00:00:00	15671.30	15672.55	15654.30	15660.05	2908	0	0
2021.09.06	04:00:00	15659.55	15675.80	15654.80	15675.05	6277	0	0
2021.09.06	08:00:00	15675.30	15720.20	15669.80	15708.80	6449	0	0
2021.09.06	12:00:00	15709.05	15711.30	15697.80	15701.55	3948	0	0
2021.09.06	16:00:00	15701.80	15718.95	15698.30	15711.80	4196	0	0
2021.09.07	00:00:00	15705.05	15708.80	15697.05	15698.30	2295	0	0
2021.09.07	04:00:00	15698.05	15699.80	15681.80	15686.80	6357	0	0
2021.09.07	08:00:00	15686.55	15705.30	15660.15	15676.55	9076	0	0
2021.09.07	12:00:00	15674.55	15680.30	15633.95	15662.05	10696	0	0
2021.09.07	16:00:00	15661.80	15713.55	15619.30	15703.30	27976	0	0
2021.09.07	20:00:00	15703.80	15712.80	15668.55	15682.55	14189	0	0
2021.09.08	00:00:00	15685.55	15698.55	15670.55	15696.55	2574	0	0
2021.09.08	04:00:00	15696.80	15702.80	15682.05	15686.80	5808	0	0
2021.09.08	08:00:00	15687.05	15697.05	15618.05	15648.55	15181	0	0
2021.09.08	12:00:00	15648.80	15691.45	15646.30	15682.05	11505	0	0
2021.09.08	16:00:00	15681.80	15684.30	15537.90	15590.40	32006	0	0
2021.09.08	20:00:00	15590.65	15639.15	15589.65	15624.80	18560	0	0
2021.09.09	00:00:00	15611.70	15621.45	15595.20	15600.20	2403	0	0
2021.09.09	04:00:00	15599.95	15614.20	15583.20	15587.70	7402	0	0
2021.09.09	08:00:00	15587.20	15605.20	15559.45	15588.95	14014	0	0
2021.09.09	12:00:00	15589.45	15646.20	15584.20	15633.95	11132	0	0
2021.09.09	16:00:00	15633.70	15688.05	15623.95	15631.95	25324	0	0
2021.09.09	20:00:00	15632.45	15650.45	15558.95	15574.55	22238	0	0
2021.09.10	00:00:00	15574.95	15592.70	15567.95	15582.20	3013	0	0
2021.09.10	04:00:00	15581.95	15610.45	15569.95	15605.70	6706	0	0
2021.09.10	08:00:00	15605.95	15637.95	15597.70	15631.45	9101	0	0
2021.09.10	12:00:00	15631.70	15651.20	15622.20	15638.70	5863	0	0
2021.09.10	16:00:00	15638.95	15680.20	15541.45	15603.20	29330	0	0
2021.09.10	20:00:00	15603.70	15619.70	15447.35	15464.85	18339	0	0
2021.09.13	00:00:00	15495.60	15510.60	15478.60	15481.60	3259	0	0
2021.09.13	04:00:00	15482.10	15487.10	15453.60	15464.85	7749	0	0
2021.09.13	08:00:00	15465.35	15524.10	15427.10	15515.60	10706	0	0
2021.09.13	12:00:00	15515.85	15551.85	15512.85	15550.35	7152	0	0
2021.09.13	16:00:00	15551.60	15578.35	15367.75	15456.60	35547	0	0
2021.09.13	20:00:00	15457.10	15473.95	15364.60	15470.95	24285	0	0
2021.09.14	00:00:00	15470.20	15476.70	15455.95	15463.95	2224	0	0
2021.09.14	04:00:00	15464.20	15484.70	15461.45	15471.95	6050	0	0
2021.09.14	08:00:00	15471.45	15480.20	15412.20	15455.45	10529	0	0
2021.09.14	12:00:00	15455.70	15518.70	15416.20	15503.20	10049	0	0
2021.09.14	16:00:00	15503.70	15543.95	15407.45	15443.70	28724	0	0
2021.09.14	20:00:00	15443.95	15453.30	15366.45	15412.95	22086	0	0
2021.09.15	00:00:00	15414.90	15436.65	15404.40	15423.15	3283	0	0
2021.09.15	04:00:00	15423.40	15433.15	15390.90	15431.40	7133	0	0
2021.09.15	08:00:00	15431.65	15450.90	15408.65	15447.90	9674	0	0
2021.09.15	12:00:00	15448.15	15453.15	15410.65	15431.15	8220	0	0
2021.09.15	16:00:00	15430.90	15464.90	15327.80	15460.45	31159	0	0
2021.09.15	20:00:00	15460.95	15534.80	15455.65	15530.70	17855	0	0
2021.09.16	00:00:00	15528.85	15531.85	15516.85	15526.60	2386	0	0
2021.09.16	04:00:00	15526.85	15543.35	15500.85	15507.60	7460	0	0
2021.09.16	08:00:00	15508.35	15523.10	15490.10	15495.85	8968	0	0
2021.09.16	12:00:00	15495.60	15499.85	15456.20	15480.45	8763	0	0
2021.09.16	16:00:00	15480.70	15494.95	15378.85	15451.35	30991	0	0
2021.09.16	20:00:00	15451.85	15553.10	15437.35	15515.10	17838	0	0
2021.09.17	00:00:00	15514.70	15519.45	15494.45	15501.45	3136	0	0
2021.09.17	04:00:00	15501.70	15543.85	15486.20	15541.70	6942	0	0
2021.09.17	08:00:00	15541.95	15549.20	15515.45	15527.20	8193	0	0
2021.09.17	12:00:00	15526.95	15534.20	15480.95	15521.95	11322	0	0
2021.09.17	16:00:00	15521.70	15526.70	15311.45	15367.30	34521	0	0
2021.09.17	20:00:00	15368.05	15368.05	15297.70	15308.45	24733	0	0
2021.09.20	00:00:00	15317.73	15355.33	15307.60	15337.10	6946	0	0
2021.09.20	04:00:00	15336.78	15337.45	15223.10	15256.73	15127	0	0
2021.09.20	08:00:00	15256.60	15280.28	15176.20	15191.05	21759	0	0
2021.09.20	12:00:00	15190.80	15198.05	15071.30	15091.30	17814	0	0
2021.09.20	16:00:00	15088.80	15171.05	14931.30	14939.05	40370	0	0
2021.09.20	20:00:00	14939.30	15037.05	14829.30	15014.05	31310	0	0
2021.09.21	00:00:00	15020.90	15085.40	15001.90	15058.90	6158	0	0
2021.09.21	04:00:00	15059.40	15108.40	15032.90	15106.90	9519	0	0
2021.09.21	08:00:00	15106.65	15183.15	15070.65	15158.65	15295	0	0
2021.09.21	12:00:00	15158.90	15166.15	15095.40	15098.05	12225	0	0
2021.09.21	16:00:00	15097.55	15151.65	14995.25	15078.65	38464	0	0
2021.09.21	20:00:00	15077.15	15123.15	14983.65	15010.15	29090	0	0
2021.09.22	00:00:00	15013.75	15022.50	14950.75	14976.00	6568	0	0
2021.09.22	04:00:00	14976.25	15089.25	14962.50	15059.75	13607	0	0
2021.09.22	08:00:00	15059.50	15118.00	15056.75	15103.50	12985	0	0
2021.09.22	12:00:00	15103.25	15114.00	15075.25	15106.00	7857	0	0
2021.09.22	16:00:00	15106.50	15221.60	15035.75	15173.40	30800	0	0
2021.09.22	20:00:00	15173.65	15246.50	15110.88	15188.25	29697	0	0
2021.09.23	00:00:00	15203.77	15222.25	15196.50	15218.25	3849	0	0
2021.09.23	04:00:00	15218.75	15237.00	15199.25	15214.00	8355	0	0
2021.09.23	08:00:00	15213.75	15295.00	15198.25	15292.75	11029	0	0
2021.09.23	12:00:00	15293.00	15325.75	15226.00	15228.25	14836	0	0
2021.09.23	16:00:00	15227.00	15358.25	15195.75	15320.25	32897	0	0
2021.09.23	20:00:00	15320.50	15366.25	15309.50	15309.75	18063	0	0
2021.09.24	00:00:00	15323.85	15352.85	15316.10	15336.10	4463	0	0
2021.09.24	04:00:00	15335.85	15343.10	15298.10	15311.60	9329	0	0
2021.09.24	08:00:00	15311.35	15315.60	15225.95	15265.10	13426	0	0
2021.09.24	12:00:00	15265.85	15270.60	15196.85	15208.85	13530	0	0
2021.09.24	16:00:00	15208.35	15311.60	15202.10	15305.10	31114	0	0
2021.09.24	20:00:00	15305.35	15353.60	15280.10	15337.10	16371	0	0
2021.09.27	00:00:00	15344.75	15393.75	15321.00	15388.50	5389	0	0
2021.09.27	04:00:00	15389.25	15416.75	15381.75	15388.50	6708	0	0
2021.09.27	08:00:00	15388.00	15419.00	15343.00	15347.00	9719	0	0
2021.09.27	12:00:00	15346.75	15358.25	15175.00	15219.00	16192	0	0
2021.09.27	16:00:00	15218.75	15242.50	15104.50	15160.75	34133	0	0
2021.09.27	20:00:00	15159.75	15250.40	15153.50	15199.25	19353	0	0
2021.09.28	00:00:00	15199.10	15206.10	15152.60	15163.85	4887	0	0
2021.09.28	04:00:00	15163.60	15211.60	15155.35	15191.10	8420	0	0
2021.09.28	08:00:00	15191.35	15211.60	14982.10	15033.35	18810	0	0
2021.09.28	12:00:00	15033.85	15050.35	14944.85	14984.35	19224	0	0
2021.09.28	16:00:00	14983.12	15048.60	14768.10	14777.85	41293	0	0
2021.09.28	20:00:00	14778.10	14894.10	14762.35	14789.60	30930	0	0
2021.09.29	00:00:00	14793.50	14870.00	14779.75	14848.25	7130	0	0
2021.09.29	04:00:00	14848.50	14885.50	14793.50	14876.75	14098	0	0
2021.09.29	08:00:00	14876.50	14944.25	14840.25	14917.50	20628	0	0
2021.09.29	12:00:00	14917.75	14938.25	14845.75	14864.35	14307	0	0
2021.09.29	16:00:00	14864.85	14924.50	14744.50	14784.50	37394	0	0
2021.09.29	20:00:00	14784.75	14871.00	14730.75	14784.00	26266	0	0
2021.09.30	00:00:00	14785.10	14835.35	14773.35	14829.85	4990	0	0
2021.09.30	04:00:00	14829.60	14865.85	14800.87	14865.35	10105	0	0
2021.09.30	08:00:00	14865.10	14901.60	14834.60	14864.10	16415	0	0
2021.09.30	12:00:00	14864.10	14870.85	14803.10	14822.10	15034	0	60
2021.09.30	16:00:00	14821.85	14896.60	14701.10	14736.85	40991	0	60
2021.09.30	20:00:00	14739.60	14846.35	14690.85	14697.85	29963	0	60
2021.10.01	00:00:00	14720.60	14749.85	14699.60	14699.60	6591	0	60
2021.10.01	04:00:00	14699.60	14709.35	14592.85	14621.85	16485	0	60
2021.10.01	08:00:00	14621.35	14662.85	14571.10	14612.60	21885	0	60
2021.10.01	12:00:00	14613.10	14761.35	14613.10	14721.35	18132	0	60
2021.10.01	16:00:00	14720.85	14753.35	14556.35	14681.35	39160	0	60
2021.10.01	20:00:00	14681.85	14835.60	14665.60	14786.60	23254	0	60
2021.10.04	00:00:00	14790.25	14850.75	14775.50	14784.50	8331	0	60
2021.10.04	04:00:00	14783.75	14795.25	14708.52	14749.00	17499	0	60
2021.10.04	08:00:00	14748.25	14766.50	14650.00	14711.25	21687	0	60
2021.10.04	12:00:00	14710.75	14751.50	14680.50	14738.75	16615	0	60
2021.10.04	16:00:00	14738.75	14740.00	14389.00	14412.25	41352	0	60
2021.10.04	20:00:00	14410.85	14511.90	14383.75	14507.50	31605	0	60
2021.10.05	00:00:00	14499.15	14524.90	14440.65	14445.65	9307	0	60
2021.10.05	04:00:00	14445.65	14533.65	14425.90	14516.40	20118	0	60
2021.10.05	08:00:00	14516.40	14553.40	14467.90	14545.15	18878	0	60
2021.10.05	12:00:00	14545.15	14564.40	14509.90	14533.90	12613	0	60
2021.10.05	16:00:00	14533.65	14747.65	14510.90	14737.65	34089	0	60
2021.10.05	20:00:00	14738.65	14769.15	14660.65	14661.65	21407	0	60
2021.10.06	00:00:00	14684.90	14689.15	14649.00	14669.15	6226	0	60
2021.10.06	04:00:00	14669.15	14674.65	14565.65	14591.90	18440	0	60
2021.10.06	08:00:00	14591.90	14613.90	14475.50	14481.65	21948	0	60
2021.10.06	12:00:00	14481.90	14540.65	14438.40	14523.40	21120	0	60
2021.10.06	16:00:00	14522.65	14701.80	14499.05	14616.15	40683	0	60
2021.10.06	20:00:00	14617.15	14784.90	14582.90	14776.40	26185	0	60
2021.10.07	00:00:00	14789.30	14852.70	14787.20	14834.95	7742	0	60
2021.10.07	04:00:00	14835.70	14902.45	14825.95	14858.95	10937	0	60
2021.10.07	08:00:00	14858.70	14925.45	14848.45	14913.95	15411	0	60
2021.10.07	12:00:00	14913.95	14965.95	14896.70	14928.70	11377	0	60
2021.10.07	16:00:00	14928.45	15015.20	14874.70	15000.95	28814	0	60
2021.10.07	20:00:00	15000.95	15000.95	14883.45	14900.95	19875	0	60
2021.10.08	00:00:00	14912.85	14940.85	14891.10	14933.85	7341	0	60
2021.10.08	04:00:00	14933.60	14950.10	14889.10	14892.45	12629	0	60
2021.10.08	08:00:00	14892.70	14928.35	14850.60	14859.35	15223	0	60
2021.10.08	12:00:00	14860.10	15010.10	14854.60	14981.95	14380	0	60
2021.10.08	16:00:00	14982.60	14987.35	14824.10	14847.60	35343	0	60
2021.10.08	20:00:00	14847.60	14885.10	14806.10	14823.12	20359	0	60
2021.10.11	00:00:00	14831.75	14835.25	14719.52	14758.75	10503	0	60
2021.10.11	04:00:00	14758.75	14793.00	14740.27	14786.25	11988	0	60
2021.10.11	08:00:00	14786.25	14814.50	14735.50	14767.50	17283	0	60
2021.10.11	12:00:00	14767.50	14781.50	14696.60	14747.25	14017	0	60
2021.10.11	16:00:00	14747.50	14911.75	14737.50	14850.00	29909	0	60
2021.10.11	20:00:00	14850.50	14850.50	14692.50	14700.00	24333	0	60
2021.10.12	00:00:00	14704.50	14709.50	14630.75	14643.75	8349	0	60
2021.10.12	04:00:00	14644.00	14667.25	14611.75	14652.75	14376	0	60
2021.10.12	08:00:00	14652.25	14719.00	14602.25	14712.25	17876	0	60
2021.10.12	12:00:00	14712.50	14798.25	14712.50	14760.25	13457	0	60
2021.10.12	16:00:00	14761.00	14793.50	14649.50	14674.25	36406	0	60
2021.10.12	20:00:00	14675.00	14735.00	14601.00	14617.50	23320	0	60
2021.10.13	00:00:00	14613.82	14660.30	14607.57	14652.05	6351	0	60
2021.10.13	04:00:00	14652.05	14655.80	14613.80	14654.55	9191	0	60
2021.10.13	08:00:00	14655.30	14745.05	14606.65	14725.80	14125	0	60
2021.10.13	12:00:00	14725.05	14759.45	14663.80	14697.90	14882	0	60
2021.10.13	16:00:00	14697.90	14794.65	14677.65	14721.15	34244	0	60
2021.10.13	20:00:00	14721.65	14810.65	14718.40	14783.15	21704	0	60
2021.10.14	00:00:00	14789.65	14852.40	14787.90	14839.90	5433	0	60
2021.10.14	04:00:00	14839.90	14844.90	14823.90	14838.65	6345	0	60
2021.10.14	08:00:00	14838.65	14911.15	14833.15	14904.40	11488	0	60
2021.10.14	12:00:00	14904.65	14964.40	14885.65	14936.90	10408	0	60
2021.10.14	16:00:00	14936.65	15057.05	14906.90	15051.95	25454	0	60
2021.10.14	20:00:00	15051.70	15083.85	15025.70	15074.45	14511	0	60
2021.10.15	00:00:00	15073.35	15092.50	15046.60	15058.85	5508	0	60
2021.10.15	04:00:00	15059.35	15118.35	15035.85	15115.35	10155	0	60
2021.10.15	08:00:00	15115.35	15127.10	15051.85	15090.85	11482	0	25
2021.10.15	12:00:00	15091.10	15122.85	15074.35	15100.85	10142	0	60
2021.10.15	16:00:00	15101.10	15137.75	15063.35	15114.35	28158	0	60
2021.10.15	20:00:00	15114.60	15158.60	15094.35	15154.35	14989	0	60
2021.10.18	00:00:00	15170.70	15172.70	15093.70	15124.20	7235	0	60
2021.10.18	04:00:00	15124.20	15133.20	15100.20	15104.70	9490	0	60
2021.10.18	08:00:00	15104.95	15111.20	15055.70	15093.45	12815	0	20
2021.10.18	12:00:00	15093.45	15138.45	15062.70	15082.20	13172	0	60
2021.10.18	16:00:00	15081.70	15240.20	15067.20	15234.55	26696	0	60
2021.10.18	20:00:00	15234.80	15311.00	15231.95	15305.15	14961	0	60
2021.10.19	00:00:00	15301.70	15331.95	15286.70	15307.70	4981	0	60
2021.10.19	04:00:00	15307.70	15323.20	15291.45	15303.70	7969	0	60
2021.10.19	08:00:00	15303.20	15354.45	15296.95	15342.20	11439	0	60
2021.10.19	12:00:00	15341.95	15383.20	15333.95	15344.70	9177	0	60
2021.10.19	16:00:00	15344.70	15410.45	15318.20	15408.45	26267	0	60
2021.10.19	20:00:00	15408.70	15440.45	15378.80	15422.50	14584	0	60
2021.10.20	00:00:00	15418.35	15430.85	15392.10	15394.35	4502	0	60
2021.10.20	04:00:00	15394.60	15406.60	15382.10	15397.35	7024	0	60
2021.10.20	08:00:00	15397.60	15428.30	15384.60	15407.55	10530	0	60
2021.10.20	12:00:00	15407.55	15437.55	15401.80	15429.55	8615	0	60
2021.10.20	16:00:00	15429.30	15460.65	15394.00	15406.75	27401	0	60
2021.10.20	20:00:00	15406.50	15410.75	15334.25	15371.75	18979	0	60
2021.10.21	00:00:00	15373.85	15374.60	15345.60	15354.85	4203	0	60
2021.10.21	04:00:00	15354.60	15381.60	15338.10	15346.60	8081	0	60
2021.10.21	08:00:00	15346.60	15374.10	15316.10	15356.85	12196	0	60
2021.10.21	12:00:00	15356.85	15376.35	15328.60	15352.85	9990	0	60
2021.10.21	16:00:00	15353.10	15460.35	15349.60	15449.10	26529	0	60
2021.10.21	20:00:00	15449.35	15497.50	15382.35	15395.10	16395	0	60
2021.10.22	00:00:00	15399.60	15433.35	15394.35	15421.35	5851	0	60
2021.10.22	04:00:00	15421.10	15432.85	15402.35	15415.10	7591	0	60
2021.10.22	08:00:00	15415.10	15448.00	15404.85	15441.10	12114	0	60
2021.10.22	12:00:00	15441.10	15473.10	15432.20	15450.10	8272	0	60
2021.10.22	16:00:00	15450.10	15477.20	15288.30	15355.05	33885	0	60
2021.10.22	20:00:00	15354.30	15397.55	15325.80	15336.05	21270	0	60
2021.10.25	00:00:00	15329.45	15351.70	15310.45	15348.20	6119	0	60
2021.10.25	04:00:00	15348.45	15371.20	15330.95	15367.70	7831	0	60
2021.10.25	08:00:00	15367.70	15405.45	15359.80	15386.45	8917	0	60
2021.10.25	12:00:00	15386.45	15408.35	15368.70	15396.70	8780	0	60
2021.10.25	16:00:00	15396.70	15519.60	15336.95	15510.70	29923	0	60
2021.10.25	20:00:00	15510.95	15559.95	15465.60	15551.45	19257	0	60
2021.10.26	00:00:00	15544.45	15588.05	15538.95	15582.20	4197	0	60
2021.10.26	04:00:00	15581.95	15597.45	15576.20	15589.70	5844	0	60
2021.10.26	08:00:00	15589.70	15626.45	15581.70	15611.95	10108	0	60
2021.10.26	12:00:00	15611.95	15617.20	15589.95	15601.45	8339	0	60
2021.10.26	16:00:00	15601.95	15715.55	15518.95	15552.45	34805	0	60
2021.10.26	20:00:00	15551.45	15608.95	15533.45	15548.70	26155	0	60
2021.10.27	00:00:00	15557.30	15586.05	15548.30	15550.05	5790	0	60
2021.10.27	04:00:00	15550.05	15563.80	15536.30	15563.05	7047	0	60
2021.10.27	08:00:00	15562.80	15607.55	15562.55	15568.55	9219	0	60
2021.10.27	12:00:00	15568.55	15589.30	15522.40	15580.05	14223	0	60
2021.10.27	16:00:00	15580.05	15700.55	15574.30	15691.80	35944	0	60
2021.10.27	20:00:00	15691.80	15729.40	15598.45	15602.70	21900	0	60
2021.10.28	00:00:00	15616.40	15645.90	15614.40	15635.90	4834	0	60
2021.10.28	04:00:00	15636.65	15641.90	15612.15	15637.40	6580	0	60
2021.10.28	08:00:00	15637.40	15679.40	15607.65	15674.90	12435	0	60
2021.10.28	12:00:00	15674.90	15704.15	15653.40	15680.65	13250	0	60
2021.10.28	16:00:00	15681.40	15766.95	15651.65	15714.10	32868	0	60
2021.10.28	20:00:00	15714.60	15790.10	15638.52	15679.40	22023	0	20
2021.10.29	00:00:00	15694.15	15705.70	15669.70	15673.20	6456	0	60
2021.10.29	04:00:00	15673.95	15689.95	15656.65	15665.90	9075	0	60
2021.10.29	08:00:00	15665.90	15676.65	15633.65	15651.65	15019	0	60
2021.10.29	12:00:00	15647.65	15671.45	15612.20	15641.95	16666	0	60
2021.10.29	16:00:00	15641.95	15808.75	15632.20	15799.75	30679	0	60
2021.10.29	20:00:00	15799.75	15876.00	15774.75	15869.95	19850	0	60
2021.11.01	00:00:00	15892.55	15924.55	15870.80	15914.05	5914	0	60
2021.11.01	04:00:00	15913.55	15914.05	15883.80	15892.05	6655	0	60
2021.11.01	08:00:00	15891.80	15919.05	15874.05	15917.80	7976	0	60
2021.11.01	12:00:00	15918.05	15930.05	15874.05	15882.80	7592	0	60
2021.11.01	16:00:00	15882.80	15883.80	15784.80	15875.80	35123	0	60
2021.11.01	20:00:00	15875.55	15913.90	15805.05	15903.80	22360	0	60
2021.11.02	00:00:00	15895.95	15909.45	15882.95	15892.95	3968	0	60
2021.11.02	04:00:00	15893.20	15902.70	15864.70	15884.45	6803	0	60
2021.11.02	08:00:00	15884.45	15911.70	15876.95	15877.95	8954	0	60
2021.11.02	12:00:00	15878.20	15897.95	15866.95	15882.20	9292	0	60
2021.11.02	16:00:00	15882.20	15995.60	15879.20	15968.95	33373	0	60
2021.11.02	20:00:00	15969.45	15993.95	15921.45	15973.95	20029	0	60
2021.11.03	00:00:00	15964.90	15972.15	15953.90	15969.65	2346	0	60
2021.11.03	04:00:00	15969.90	15992.15	15969.40	15975.65	4750	0	60
2021.11.03	08:00:00	15975.65	15993.15	15966.90	15985.15	6209	0	60
2021.11.03	12:00:00	15985.15	16004.90	15978.65	15994.15	7426	0	60
2021.11.03	16:00:00	15993.90	16013.15	15952.15	15991.65	30544	0	60
2021.11.03	20:00:00	15991.90	16161.05	15972.00	16142.90	28235	0	60
2021.11.04	00:00:00	16152.05	16200.40	16150.30	16188.40	4000	0	60
2021.11.04	04:00:00	16188.40	16188.40	16166.65	16176.05	4973	0	60
2021.11.04	08:00:00	16175.30	16229.55	16171.80	16202.05	6509	0	60
2021.11.04	12:00:00	16202.30	16219.55	16186.05	16199.70	8401	0	60
2021.11.04	16:00:00	16199.70	16345.80	16171.95	16319.30	37072	0	60
2021.11.04	20:00:00	16319.55	16390.55	16299.05	16348.05	22279	0	60
2021.11.05	00:00:00	16338.00	16363.25	16325.00	16338.00	3839	0	60
2021.11.05	04:00:00	16338.25	16357.25	16327.75	16352.75	6123	0	60
2021.11.05	08:00:00	16352.75	16365.00	16314.00	16361.25	7093	0	60
2021.11.05	12:00:00	16361.50	16435.25	16342.65	16393.00	12620	0	60
2021.11.05	16:00:00	16393.00	16460.60	16378.75	16393.25	37683	0	60
2021.11.05	20:00:00	16393.25	16398.75	16304.00	16355.25	29381	0	60
2021.11.08	00:00:00	16320.60	16345.85	16288.85	16295.85	7776	0	60
2021.11.08	04:00:00	16295.60	16327.85	16283.85	16321.85	6872	0	60
2021.11.08	08:00:00	16321.85	16350.85	16296.70	16345.35	9709	0	60
2021.11.08	12:00:00	16345.60	16373.35	16344.10	16366.10	7904	0	60
2021.11.08	16:00:00	16366.35	16404.55	16313.35	16356.00	38916	0	60
2021.11.08	20:00:00	16356.25	16393.50	16314.25	16335.25	21203	0	60
2021.11.09	00:00:00	16327.10	16334.10	16294.35	16308.60	5284	0	60
2021.11.09	04:00:00	16308.35	16331.85	16305.35	16330.60	5291	0	60
2021.11.09	08:00:00	16330.85	16365.85	16313.60	16362.10	7431	0	60
2021.11.09	12:00:00	16362.35	16398.85	16346.35	16386.85	8915	0	60
2021.11.09	16:00:00	16386.35	16402.45	16196.85	16220.60	45986	0	60
2021.11.09	20:00:00	16220.10	16244.45	16171.85	16211.10	24791	0	60
2021.11.10	00:00:00	16199.55	16210.80	16174.55	16187.85	4659	0	60
2021.11.10	04:00:00	16187.85	16189.60	16144.30	16177.05	5748	0	60
2021.11.10	08:00:00	16177.30	16252.30	16173.80	16206.80	9295	0	60
2021.11.10	12:00:00	16207.30	16211.55	16091.55	16114.05	13641	0	60
2021.11.10	16:00:00	16115.30	16228.65	16051.55	16137.65	30905	0	60
2021.11.10	20:00:00	16137.40	16142.15	15908.05	15996.15	27398	0	60
2021.11.11	00:00:00	16003.75	16051.75	15985.75	16051.10	6259	0	60
2021.11.11	04:00:00	16051.10	16054.50	15990.75	16027.75	6812	0	60
2021.11.11	08:00:00	16027.75	16097.00	16007.25	16091.75	9972	0	60
2021.11.11	12:00:00	16092.00	16123.40	16067.25	16118.25	8866	0	60
2021.11.11	16:00:00	16118.50	16120.85	16033.50	16062.50	26524	0	60
2021.11.11	20:00:00	16063.00	16088.25	16017.75	16046.75	17546	0	60
2021.11.12	00:00:00	16051.15	16102.15	16048.15	16095.15	4649	0	60
2021.11.12	04:00:00	16095.65	16098.65	16053.40	16073.15	5401	0	60
2021.11.12	08:00:00	16072.65	16086.75	16042.90	16054.65	9167	0	60
2021.11.12	12:00:00	16054.15	16080.65	16050.40	16073.90	7005	0	60
2021.11.12	16:00:00	16073.90	16208.55	16011.15	16183.15	26333	0	60
2021.11.12	20:00:00	16183.65	16221.90	16165.15	16208.40	15457	0	60
2021.11.15	00:00:00	16224.30	16248.30	16223.40	16239.30	4705	0	60
2021.11.15	04:00:00	16239.80	16242.80	16214.80	16237.05	4233	0	60
2021.11.15	08:00:00	16237.05	16246.05	16217.05	16230.30	5881	0	60
2021.11.15	12:00:00	16230.55	16284.05	16228.05	16265.55	6417	0	60
2021.11.15	16:00:00	16265.55	16270.05	16091.80	16144.05	28434	0	60
2021.11.15	20:00:00	16143.55	16205.05	16128.30	16199.05	18730	0	60
2021.11.16	00:00:00	16200.70	16232.80	16186.05	16227.30	4187	0	60
2021.11.16	04:00:00	16227.80	16228.55	16180.80	16191.55	4835	0	60
2021.11.16	08:00:00	16192.05	16212.80	16174.05	16185.30	7300	0	60
2021.11.16	12:00:00	16185.30	16221.80	16159.05	16177.70	8965	0	60
2021.11.16	16:00:00	16175.20	16315.40	16152.05	16299.80	26258	0	60
2021.11.16	20:00:00	16299.80	16329.70	16291.40	16298.80	15258	0	60
2021.11.17	00:00:00	16299.60	16315.35	16295.85	16304.85	3806	0	60
2021.11.17	04:00:00	16304.35	16306.85	16276.85	16294.85	4099	0	60
2021.11.17	08:00:00	16294.60	16335.60	16287.10	16317.10	5659	0	60
2021.11.17	12:00:00	16317.60	16332.85	16293.60	16312.60	5794	0	60
2021.11.17	16:00:00	16312.60	16399.60	16273.35	16308.60	26953	0	60
2021.11.17	20:00:00	16308.35	16352.85	16287.85	16323.10	20160	0	60
2021.11.18	00:00:00	16332.35	16344.60	16323.85	16341.60	4035	0	60
2021.11.18	04:00:00	16341.35	16356.60	16332.35	16348.85	4518	0	60
2021.11.18	08:00:00	16349.10	16413.35	16345.60	16390.85	6047	0	60
2021.11.18	12:00:00	16390.35	16411.85	16384.35	16400.60	7106	0	60
2021.11.18	16:00:00	16401.10	16492.30	16307.60	16442.05	30757	0	60
2021.11.18	20:00:00	16442.30	16506.35	16410.80	16501.60	20850	0	60
2021.11.19	00:00:00	16498.15	16545.05	16497.65	16535.15	4370	0	60
2021.11.19	04:00:00	16536.15	16595.55	16530.65	16571.65	6136	0	60
2021.11.19	08:00:00	16571.40	16580.65	16543.40	16545.15	8847	0	60
2021.11.19	12:00:00	16545.40	16573.65	16513.40	16573.15	17012	0	60
2021.11.19	16:00:00	16572.65	16637.00	16522.65	16600.15	29585	0	60
2021.11.19	20:00:00	16600.65	16618.65	16543.65	16597.15	20336	0	60
2021.11.22	00:00:00	16622.90	16641.15	16591.90	16631.90	4689	0	60
2021.11.22	04:00:00	16632.40	16638.90	16615.65	16628.90	3819	0	60
2021.11.22	08:00:00	16628.40	16657.15	16619.15	16648.05	6525	0	60
2021.11.22	12:00:00	16648.05	16662.95	16634.65	16660.30	7812	0	60
2021.11.22	16:00:00	16661.05	16780.70	16468.20	16540.85	34341	0	60
2021.11.22	20:00:00	16541.35	16611.20	16376.95	16395.35	24774	0	60
2021.11.23	00:00:00	16422.10	16426.60	16379.60	16387.85	4769	0	60
2021.11.23	04:00:00	16388.35	16389.85	16331.85	16344.85	6504	0	60
2021.11.23	08:00:00	16344.35	16363.85	16287.35	16346.10	15657	0	60
2021.11.23	12:00:00	16345.85	16390.80	16312.60	16364.05	12900	0	60
2021.11.23	16:00:00	16364.05	16431.05	16153.80	16186.30	36818	0	60
2021.11.23	20:00:00	16184.80	16330.65	16132.05	16306.05	27557	0	60
2021.11.24	00:00:00	16311.60	16323.85	16295.60	16317.60	4685	0	60
2021.11.24	04:00:00	16317.60	16346.60	16278.85	16345.85	6239	0	60
2021.11.24	08:00:00	16345.35	16367.35	16265.10	16272.35	12449	0	60
2021.11.24	12:00:00	16272.35	16306.10	16196.35	16205.60	16068	0	60
2021.11.24	16:00:00	16208.35	16348.95	16114.20	16327.10	33857	0	60
2021.11.24	20:00:00	16327.10	16379.85	16263.60	16364.85	21218	0	60
2021.11.25	00:00:00	16374.50	16391.60	16364.35	16378.35	4222	0	60
2021.11.25	04:00:00	16378.60	16425.10	16376.10	16424.10	4764	0	60
2021.11.25	08:00:00	16423.85	16447.35	16418.10	16427.85	5793	0	60
2021.11.25	12:00:00	16428.85	16431.35	16388.10	16400.85	6695	0	60
2021.11.25	16:00:00	16400.85	16429.35	16382.60	16416.12	7419	0	60
2021.11.26	00:00:00	16414.10	16416.85	16314.35	16334.10	10174	0	60
2021.11.26	04:00:00	16333.85	16336.60	16267.60	16309.10	12947	0	60
2021.11.26	08:00:00	16309.62	16319.10	16135.35	16168.85	24356	0	60
2021.11.26	12:00:00	16169.60	16268.10	16165.60	16203.60	21537	0	60
2021.11.26	16:00:00	16203.60	16318.75	16002.10	16048.75	37828	0	60
2021.11.26	20:00:00	16063.45	16078.75	16041.35	16050.70	1729	0	60
2021.11.29	00:00:00	16106.50	16254.85	16106.50	16247.60	13994	0	60
2021.11.29	04:00:00	16247.85	16262.60	16204.87	16220.35	11418	0	60
2021.11.29	08:00:00	16220.87	16263.87	16178.85	16180.85	18609	0	60
2021.11.29	12:00:00	16180.85	16257.10	16180.85	16252.10	14502	0	60
2021.11.29	16:00:00	16253.10	16420.35	16222.85	16411.60	32138	0	60
2021.11.29	20:00:00	16411.85	16451.10	16390.50	16425.60	19863	0	60
2021.11.30	00:00:00	16434.15	16454.55	16429.15	16437.90	5232	0	60
2021.11.30	04:00:00	16438.15	16440.15	16298.30	16319.90	12263	0	60
2021.11.30	08:00:00	16319.80	16356.90	16251.67	16334.65	23604	0	60
2021.11.30	12:00:00	16334.65	16372.15	16294.15	16371.65	17926	0	60
2021.11.30	16:00:00	16372.15	16469.40	16082.90	16136.15	40185	0	60
2021.11.30	20:00:00	16135.90	16246.40	16115.15	16244.15	28892	0	60
2021.12.01	00:00:00	16269.00	16286.25	16195.50	16278.75	10041	0	60
2021.12.01	04:00:00	16278.50	16391.25	16276.25	16377.77	9257	0	60
2021.12.01	08:00:00	16379.00	16415.85	16314.77	16392.50	15547	0	60
2021.12.01	12:00:00	16391.75	16411.75	16350.75	16358.50	12105	0	60
2021.12.01	16:00:00	16358.50	16440.10	16247.25	16255.75	34388	0	60
2021.12.01	20:00:00	16256.75	16293.65	15840.00	15877.75	34753	0	0
2021.12.02	00:00:00	15914.72	15990.95	15879.10	15986.95	11296	0	0
2021.12.02	04:00:00	15986.45	15998.20	15943.45	15962.20	11507	0	60
2021.12.02	08:00:00	15960.95	16003.70	15915.95	15957.70	17317	0	60
2021.12.02	12:00:00	15957.95	15963.45	15802.20	15844.45	20962	0	60
2021.12.02	16:00:00	15844.20	16072.35	15774.45	16007.95	40794	0	60
2021.12.02	20:00:00	16011.45	16076.95	15933.70	16019.45	29447	0	60
2021.12.03	00:00:00	16032.45	16036.70	15874.20	15912.70	10202	0	60
2021.12.03	04:00:00	15913.20	16013.70	15895.97	16005.20	10252	0	60
2021.12.03	08:00:00	16005.22	16028.95	15937.97	15962.95	13898	0	60
2021.12.03	12:00:00	15963.20	16133.20	15925.45	16059.05	16836	0	60
2021.12.03	16:00:00	16060.80	16101.45	15573.20	15644.05	41377	0	0
2021.12.03	20:00:00	15643.30	15752.45	15550.20	15698.45	32353	0	60
2021.12.06	00:00:00	15727.45	15763.70	15684.95	15729.72	12649	0	60
2021.12.06	04:00:00	15729.95	15784.45	15723.97	15775.45	9819	0	60
2021.12.06	08:00:00	15775.20	15820.45	15690.85	15696.95	16318	0	60
2021.12.06	12:00:00	15697.70	15730.95	15604.20	15724.20	17428	0	60
2021.12.06	16:00:00	15722.20	15840.45	15572.70	15840.45	37919	0	60
2021.12.06	20:00:00	15843.70	15908.70	15822.80	15856.45	25837	0	60
2021.12.07	00:00:00	15871.20	15896.95	15837.45	15881.72	7058	0	60
2021.12.07	04:00:00	15882.10	15969.45	15857.47	15967.95	8297	0	60
2021.12.07	08:00:00	15967.95	16146.20	15950.45	16120.45	14505	0	60
2021.12.07	12:00:00	16120.45	16179.70	16116.95	16133.55	12236	0	60
2021.12.07	16:00:00	16133.30	16349.20	16110.55	16343.95	29686	0	60
2021.12.07	20:00:00	16343.20	16387.35	16255.35	16380.45	21303	0	60
2021.12.08	00:00:00	16359.00	16404.25	16341.00	16382.50	7373	0	60
2021.12.08	04:00:00	16383.00	16430.50	16381.50	16417.75	8503	0	60
2021.12.08	08:00:00	16417.25	16422.60	16369.10	16386.25	11795	0	60
2021.12.08	12:00:00	16385.75	16446.40	16331.50	16345.90	15998	0	60
2021.12.08	16:00:00	16344.65	16369.25	16265.75	16331.75	31488	0	60
2021.12.08	20:00:00	16332.25	16409.10	16325.50	16399.00	19868	0	60
2021.12.09	00:00:00	16388.85	16407.10	16384.85	16399.10	4551	0	60
2021.12.09	04:00:00	16399.10	16432.35	16369.85	16381.10	6569	0	60
2021.12.09	08:00:00	16381.60	16411.60	16358.95	16369.35	9072	0	60
2021.12.09	12:00:00	16369.60	16370.35	16317.35	16338.85	11289	0	60
2021.12.09	16:00:00	16340.35	16428.35	16269.60	16318.15	30573	0	60
2021.12.09	20:00:00	16317.90	16319.60	16136.55	16168.80	24731	0	60
2021.12.10	00:00:00	16181.90	16202.90	16160.40	16198.15	6367	0	60
2021.12.10	04:00:00	16198.40	16207.40	16158.50	16161.40	5174	0	60
2021.12.10	08:00:00	16161.40	16218.90	16158.90	16218.30	8015	0	60
2021.12.10	12:00:00	16218.55	16326.15	16186.00	16298.40	9809	0	60
2021.12.10	16:00:00	16298.40	16342.15	16151.40	16278.35	31689	0	25
2021.12.10	20:00:00	16277.35	16354.85	16242.60	16337.35	18197	0	60
2021.12.13	00:00:00	16367.70	16424.95	16357.70	16421.45	6309	0	60
2021.12.13	04:00:00	16422.20	16423.95	16391.20	16393.95	5311	0	60
2021.12.13	08:00:00	16393.45	16415.95	16364.45	16408.95	9543	0	60
2021.12.13	12:00:00	16408.95	16430.20	16398.20	16402.95	8772	0	60
2021.12.13	16:00:00	16403.20	16403.95	16130.95	16178.70	34344	0	60
2021.12.13	20:00:00	16178.45	16225.35	16080.95	16114.10	23178	0	60
2021.12.14	00:00:00	16115.25	16128.00	16099.25	16117.00	5961	0	60
2021.12.14	04:00:00	16117.00	16122.50	16091.35	16114.75	6395	0	60
2021.12.14	08:00:00	16114.50	16148.75	15980.15	15980.15	10965	0	60
2021.12.14	12:00:00	15980.40	16040.00	15907.25	15927.25	15492	0	60
2021.12.14	16:00:00	15927.00	16014.60	15752.60	15783.90	36855	0	60
2021.12.14	20:00:00	15783.65	15981.75	15768.15	15947.00	23787	0	60
2021.12.15	00:00:00	15952.85	15962.85	15911.20	15939.60	5898	0	60
2021.12.15	04:00:00	15939.60	15965.00	15922.60	15964.10	5397	0	60
2021.12.15	08:00:00	15965.85	15978.35	15865.85	15894.20	11973	0	60
2021.12.15	12:00:00	15894.20	15984.35	15874.35	15919.35	11926	0	60
2021.12.15	16:00:00	15917.10	15943.70	15757.45	15812.70	32332	0	60
2021.12.15	20:00:00	15812.70	16316.50	15767.00	16300.85	30980	0	60
2021.12.16	00:00:00	16318.00	16352.50	16294.90	16299.75	6999	0	60
2021.12.16	04:00:00	16300.25	16372.00	16299.75	16370.50	6553	0	60
2021.12.16	08:00:00	16370.00	16447.00	16367.50	16399.50	12275	0	60
2021.12.16	12:00:00	16399.25	16473.50	16339.75	16361.25	13181	0	60
2021.12.16	16:00:00	16362.00	16362.00	15916.35	15917.45	38148	0	0
2021.12.16	20:00:00	15917.70	15994.25	15809.95	15896.10	30202	0	60
2021.12.17	00:00:00	15875.55	15913.80	15829.05	15904.80	7659	0	60
2021.12.17	04:00:00	15904.80	15908.30	15783.32	15848.05	10718	0	60
2021.12.17	08:00:00	15847.32	15889.30	15694.55	15783.05	16983	0	60
2021.12.17	12:00:00	15783.80	15790.30	15678.30	15746.05	18730	0	60
2021.12.17	16:00:00	15746.05	15973.05	15668.80	15833.20	39321	0	60
2021.12.17	20:00:00	15829.20	15934.05	15781.05	15842.30	27794	0	60
2021.12.20	00:00:00	15852.87	15862.85	15677.87	15681.75	11820	0	60
2021.12.20	04:00:00	15679.00	15679.00	15586.87	15595.87	14476	0	60
2021.12.20	08:00:00	15595.12	15627.60	15520.87	15567.60	21366	0	60
2021.12.20	12:00:00	15566.60	15634.35	15546.12	15579.60	17007	0	60
2021.12.20	16:00:00	15578.60	15675.35	15509.35	15536.35	37373	0	60
2021.12.20	20:00:00	15535.85	15708.60	15524.20	15695.35	27714	0	60
2021.12.21	00:00:00	15695.47	15775.35	15690.50	15769.60	8578	0	60
2021.12.21	04:00:00	15769.85	15801.70	15734.87	15799.20	9319	0	60
2021.12.21	08:00:00	15798.45	15842.10	15739.45	15743.70	14551	0	60
2021.12.21	12:00:00	15743.70	15834.85	15731.70	15817.70	12581	0	60
2021.12.21	16:00:00	15816.95	15882.35	15620.45	15879.70	33549	0	60
2021.12.21	20:00:00	15881.70	16002.55	15861.30	15993.70	21989	0	60
2021.12.22	00:00:00	15984.02	15991.00	15955.75	15958.75	7005	0	60
2021.12.22	04:00:00	15959.00	15965.75	15936.25	15959.50	7855	0	60
2021.12.22	08:00:00	15960.00	15991.40	15897.02	15932.75	11018	0	60
2021.12.22	12:00:00	15932.25	15999.90	15924.77	15950.85	10113	0	60
2021.12.22	16:00:00	15950.85	16155.00	15940.52	16129.25	31948	0	60
2021.12.22	20:00:00	16129.50	16197.00	16053.50	16196.00	21686	0	60
2021.12.23	00:00:00	16203.75	16209.65	16178.00	16182.60	4585	0	60
2021.12.23	04:00:00	16182.35	16199.25	16180.02	16192.90	3667	0	60
2021.12.23	08:00:00	16193.40	16204.80	16160.17	16193.90	7504	0	60
2021.12.23	12:00:00	16193.90	16235.15	16185.65	16207.90	6348	0	60
2021.12.23	16:00:00	16207.90	16337.30	16191.50	16332.95	25907	0	60
2021.12.23	20:00:00	16333.45	16369.30	16301.45	16315.70	16543	0	60
2021.12.27	00:00:00	16349.15	16376.90	16337.90	16350.40	6472	0	60
2021.12.27	04:00:00	16350.15	16363.90	16344.15	16349.15	4076	0	60
2021.12.27	08:00:00	16348.15	16360.30	16319.40	16356.65	8454	0	60
2021.12.27	12:00:00	16356.90	16399.40	16347.25	16390.40	6373	0	60
2021.12.27	16:00:00	16390.40	16551.25	16359.40	16544.90	26102	0	60
2021.12.27	20:00:00	16544.90	16595.15	16531.05	16587.05	15269	0	60
2021.12.28	00:00:00	16582.05	16583.40	16548.15	16563.90	5554	0	60
2021.12.28	04:00:00	16563.40	16577.40	16550.40	16577.40	5485	0	60
2021.12.28	08:00:00	16578.40	16653.65	16557.05	16652.90	7990	0	60
2021.12.28	12:00:00	16653.15	16671.15	16622.65	16625.65	7280	0	60
2021.12.28	16:00:00	16626.90	16629.55	16482.15	16515.90	31668	0	60
2021.12.28	20:00:00	16515.15	16543.15	16468.05	16529.65	21378	0	60
2021.12.29	00:00:00	16529.00	16566.75	16517.00	16520.75	6411	0	60
2021.12.29	04:00:00	16521.00	16569.25	16513.25	16563.25	7139	0	60
2021.12.29	08:00:00	16564.25	16578.50	16544.25	16565.00	7974	0	60
2021.12.29	12:00:00	16565.25	16571.40	16484.85	16500.60	8505	0	60
2021.12.29	16:00:00	16500.60	16563.50	16402.75	16455.25	29508	0	60
2021.12.29	20:00:00	16455.00	16538.85	16452.00	16495.75	17021	0	60
2021.12.30	00:00:00	16483.00	16500.60	16456.85	16497.60	6103	0	60
2021.12.30	04:00:00	16497.35	16506.60	16485.85	16486.10	5690	0	60
2021.12.30	08:00:00	16484.85	16552.95	16484.85	16547.10	7717	0	60
2021.12.30	12:00:00	16546.85	16556.35	16514.70	16523.85	7328	0	60
2021.12.30	16:00:00	16524.10	16581.45	16465.10	16560.60	24834	0	60
2021.12.30	20:00:00	16560.85	16563.60	16425.70	16440.60	16853	0	60
2021.12.31	00:00:00	16453.85	16459.35	16365.37	16434.85	6780	0	60
2021.12.31	04:00:00	16435.10	16435.60	16393.35	16430.10	6883	0	60
2021.12.31	08:00:00	16430.60	16446.10	16411.85	16426.10	5033	0	60
2021.12.31	12:00:00	16426.10	16452.35	16384.60	16441.65	6630	0	60
2021.12.31	16:00:00	16442.90	16477.90	16361.65	16401.65	26463	0	60
2021.12.31	20:00:00	16400.90	16410.40	16328.15	16343.40	18097	0	60
2022.01.03	00:00:00	16399.95	16441.70	16383.80	16417.45	6169	0	60
2022.01.03	04:00:00	16416.95	16432.45	16407.95	16423.45	5218	0	60
2022.01.03	08:00:00	16423.20	16427.45	16397.47	16426.85	7979	0	60
2022.01.03	12:00:00	16426.85	16466.85	16397.95	16400.95	7926	0	60
2022.01.03	16:00:00	16400.95	16498.60	16306.10	16433.95	33483	0	60
2022.01.03	20:00:00	16434.70	16521.45	16417.30	16504.55	19051	0	60
2022.01.04	00:00:00	16512.30	16519.30	16488.05	16497.70	5939	0	60
2022.01.04	04:00:00	16497.70	16548.80	16495.80	16545.05	5976	0	60
2022.01.04	08:00:00	16545.80	16552.55	16496.20	16530.05	8431	0	60
2022.01.04	12:00:00	16529.80	16574.80	16502.40	16534.30	10901	0	60
2022.01.04	16:00:00	16534.80	16537.80	16173.50	16192.85	34846	0	60
2022.01.04	20:00:00	16192.35	16334.10	16151.85	16270.30	24815	0	60
2022.01.05	00:00:00	16273.80	16277.10	16209.22	16216.95	7379	0	60
2022.01.05	04:00:00	16217.45	16232.70	16187.05	16194.95	7538	0	60
2022.01.05	08:00:00	16194.70	16255.95	16183.22	16244.20	11587	0	60
2022.01.05	12:00:00	16244.45	16269.95	16194.22	16234.10	12264	0	60
2022.01.05	16:00:00	16233.85	16258.35	16057.60	16062.35	34146	0	60
2022.01.05	20:00:00	16061.85	16138.75	15768.50	15770.00	30803	0	60
2022.01.06	00:00:00	15754.70	15823.70	15723.95	15808.95	11124	0	60
2022.01.06	04:00:00	15810.45	15810.45	15634.95	15690.45	15151	0	60
2022.01.06	08:00:00	15691.20	15791.70	15653.72	15745.55	19341	0	60
2022.01.06	12:00:00	15745.30	15779.35	15672.20	15703.30	18493	0	60
2022.01.06	16:00:00	15702.30	15905.85	15609.95	15832.55	40007	0	60
2022.01.06	20:00:00	15836.55	15877.95	15731.20	15795.95	28606	0	60
2022.01.07	00:00:00	15814.50	15863.25	15812.25	15839.50	7240	0	60
2022.01.07	04:00:00	15839.00	15839.00	15773.50	15796.75	11156	0	60
2022.01.07	08:00:00	15796.25	15811.75	15678.50	15762.35	14543	0	60
2022.01.07	12:00:00	15762.35	15836.50	15636.75	15687.27	16935	0	60
2022.01.07	16:00:00	15687.27	15838.75	15521.75	15648.25	38311	0	60
2022.01.07	20:00:00	15648.75	15681.10	15567.02	15585.75	25762	0	60
2022.01.10	00:00:00	15577.30	15618.80	15527.30	15613.80	10080	0	60
2022.01.10	04:00:00	15613.80	15658.05	15598.32	15639.30	8902	0	60
2022.01.10	08:00:00	15640.55	15681.95	15533.45	15590.45	16996	0	60
2022.01.10	12:00:00	15591.20	15614.45	15375.67	15397.00	20453	0	60
2022.01.10	16:00:00	15397.50	15426.40	15164.15	15289.50	38129	0	60
2022.01.10	20:00:00	15288.75	15634.90	15279.40	15626.90	29642	0	60
2022.01.11	00:00:00	15623.92	15652.90	15585.40	15596.15	10975	0	60
2022.01.11	04:00:00	15595.65	15650.90	15592.15	15612.40	11332	0	60
2022.01.11	08:00:00	15614.90	15737.40	15575.67	15722.30	16911	0	60
2022.01.11	12:00:00	15722.30	15745.40	15608.75	15609.90	15115	0	60
2022.01.11	16:00:00	15610.40	15839.20	15488.15	15782.85	38656	0	60
2022.01.11	20:00:00	15782.85	15850.70	15742.70	15835.95	23367	0	60
2022.01.12	00:00:00	15844.45	15857.70	15817.30	15829.70	6802	0	60
2022.01.12	04:00:00	15830.20	15898.85	15828.47	15897.85	7141	0	60
2022.01.12	08:00:00	15898.60	15907.85	15775.45	15871.20	15196	0	60
2022.01.12	12:00:00	15871.20	15987.95	15847.55	15983.95	16800	0	60
2022.01.12	16:00:00	15983.85	16022.95	15811.95	15958.90	36808	0	60
2022.01.12	20:00:00	15958.90	15962.15	15869.85	15915.75	25999	0	60
2022.01.13	00:00:00	15908.60	15911.60	15833.87	15837.10	7000	0	60
2022.01.13	04:00:00	15837.10	15868.10	15835.25	15847.60	7693	0	60
2022.01.13	08:00:00	15848.60	15931.00	15844.85	15906.85	12605	0	60
2022.01.13	12:00:00	15906.60	15966.60	15888.45	15954.35	12637	0	60
2022.01.13	16:00:00	15953.85	15991.60	15608.60	15650.60	37346	0	60
2022.01.13	20:00:00	15649.85	15727.30	15472.30	15504.05	30179	0	60
2022.01.14	00:00:00	15523.50	15528.50	15467.00	15480.50	12166	0	60
2022.01.14	04:00:00	15480.02	15528.25	15429.50	15527.50	11894	0	60
2022.01.14	08:00:00	15526.77	15569.50	15487.85	15532.25	18572	0	60
2022.01.14	12:00:00	15532.25	15533.00	15327.00	15369.50	21873	0	60
2022.01.14	16:00:00	15367.50	15614.00	15354.50	15453.10	39419	0	60
2022.01.14	20:00:00	15453.10	15629.75	15419.10	15628.50	29215	0	60
2022.01.17	00:00:00	15626.35	15628.20	15529.45	15549.95	12342	0	60
2022.01.17	04:00:00	15551.70	15570.95	15522.20	15538.20	10454	0	60
2022.01.17	08:00:00	15539.45	15642.10	15531.97	15625.95	13384	0	60
2022.01.17	12:00:00	15625.70	15650.45	15615.70	15622.70	9888	0	60
2022.01.17	16:00:00	15623.70	15628.20	15557.72	15571.97	12289	0	60
2022.01.18	00:00:00	15583.40	15616.65	15562.80	15605.15	8725	0	60
2022.01.18	04:00:00	15605.15	15606.15	15421.17	15441.90	15433	0	60
2022.01.18	08:00:00	15442.40	15473.65	15284.75	15324.15	20671	0	60
2022.01.18	12:00:00	15323.65	15398.65	15306.65	15387.90	20877	0	60
2022.01.18	16:00:00	15387.30	15449.15	15263.40	15268.65	37770	0	60
2022.01.18	20:00:00	15269.40	15343.05	15185.80	15254.80	28400	0	60
2022.01.19	00:00:00	15258.35	15262.50	15172.60	15184.10	12059	0	60
2022.01.19	04:00:00	15186.35	15222.60	15066.12	15092.85	18000	0	60
2022.01.19	08:00:00	15093.85	15281.85	15070.85	15276.85	21145	0	60
2022.01.19	12:00:00	15275.85	15336.60	15237.75	15328.75	16856	0	60
2022.01.19	16:00:00	15329.25	15385.10	15119.85	15326.35	38659	0	60
2022.01.19	20:00:00	15329.35	15330.85	15026.37	15051.60	29776	0	60
2022.01.20	00:00:00	15065.20	15087.60	15011.22	15070.35	12393	0	60
2022.01.20	04:00:00	15070.60	15147.20	15068.97	15120.20	11953	0	60
2022.01.20	08:00:00	15120.20	15178.45	15061.45	15146.45	18531	0	60
2022.01.20	12:00:00	15146.20	15220.95	15127.20	15203.20	16458	0	60
2022.01.20	16:00:00	15202.95	15353.60	15175.70	15260.20	33506	0	60
2022.01.20	20:00:00	15259.45	15259.45	14661.47	14683.45	35143	0	60
2022.01.21	00:00:00	14759.90	14772.15	14652.15	14735.55	15952	0	60
2022.01.21	04:00:00	14735.17	14757.40	14618.55	14713.42	18043	0	60
2022.01.21	08:00:00	14712.65	14807.15	14685.80	14795.92	21306	0	60
2022.01.21	12:00:00	14796.17	14830.40	14694.90	14729.40	22773	0	60
2022.01.21	16:00:00	14729.42	14872.15	14547.65	14657.40	43276	0	60
2022.01.21	20:00:00	14656.40	14714.15	14423.05	14439.65	33849	0	60
2022.01.24	00:00:00	14455.37	14591.50	14441.37	14575.62	16828	0	60
2022.01.24	04:00:00	14577.35	14589.35	14541.12	14564.35	13093	0	60
2022.01.24	08:00:00	14562.37	14588.85	14440.85	14469.35	20693	0	60
2022.01.24	12:00:00	14469.10	14469.10	14186.62	14186.62	29607	0	60
2022.01.24	16:00:00	14185.12	14277.30	13721.07	13936.20	32719	0	60
2022.01.24	20:00:00	13934.70	14537.10	13917.45	14507.37	22324	0	60
2022.01.25	00:00:00	14483.75	14512.35	14308.50	14359.75	11592	0	60
2022.01.25	04:00:00	14358.25	14366.35	14218.25	14325.75	13416	0	60
2022.01.25	08:00:00	14328.62	14391.37	14164.87	14361.37	20141	0	60
2022.01.25	12:00:00	14364.50	14385.10	14144.50	14226.35	24970	0	60
2022.01.25	16:00:00	14224.50	14316.50	14030.25	14105.60	29781	0	60
2022.01.25	20:00:00	14107.85	14412.10	13935.87	13944.12	21660	0	60
2022.01.26	00:00:00	14021.57	14266.05	14002.70	14214.45	10639	0	60
2022.01.26	04:00:00	14214.20	14260.55	14194.82	14234.80	10926	0	60
2022.01.26	08:00:00	14231.80	14456.05	14165.32	14416.70	19151	0	60
2022.01.26	12:00:00	14417.80	14520.05	14381.55	14480.30	23242	0	60
2022.01.26	16:00:00	14478.70	14562.45	14340.05	14548.65	38602	0	60
2022.01.26	20:00:00	14550.15	14652.70	13991.45	14160.60	35959	0	60
2022.01.27	00:00:00	14243.85	14295.20	13991.97	14006.60	17498	0	60
2022.01.27	04:00:00	14005.60	14005.60	13859.22	13948.10	20531	0	60
2022.01.27	08:00:00	13944.10	14244.20	13896.47	14225.20	25382	0	60
2022.01.27	12:00:00	14224.60	14318.70	14089.45	14310.35	27442	0	60
2022.01.27	16:00:00	14308.20	14422.45	14090.95	14161.85	26991	0	60
2022.01.27	20:00:00	14160.60	14187.45	13962.35	14106.60	21770	0	60
2022.01.28	00:00:00	14161.97	14187.45	14064.10	14119.85	9204	0	60
2022.01.28	04:00:00	14123.35	14193.45	14097.47	14161.35	12885	0	60
2022.01.28	08:00:00	14160.97	14181.45	14023.85	14070.35	16506	0	60
2022.01.28	12:00:00	14071.10	14071.95	13843.70	14023.95	27559	0	60
2022.01.28	16:00:00	14023.60	14321.45	13873.95	14207.20	24139	0	60
2022.01.28	20:00:00	14207.20	14453.30	14071.30	14438.55	33345	0	60
2022.01.31	00:00:00	14425.05	14457.30	14366.05	14419.80	12047	0	60
2022.01.31	04:00:00	14420.55	14512.80	14413.80	14501.30	10831	0	60
2022.01.31	08:00:00	14501.55	14558.80	14437.55	14534.80	18404	0	60
2022.01.31	12:00:00	14535.55	14538.80	14412.80	14485.05	20401	0	60
2022.01.31	16:00:00	14487.05	14795.80	14429.05	14789.05	23794	0	60
2022.01.31	20:00:00	14788.80	14926.80	14727.80	14873.80	26800	0	60
2022.02.01	00:00:00	14878.85	14897.10	14834.85	14841.10	7445	0	60
2022.02.01	04:00:00	14840.85	14895.60	14831.10	14889.85	8894	0	60
2022.02.01	08:00:00	14888.85	14977.10	14859.60	14894.35	14954	0	60
2022.02.01	12:00:00	14894.35	14971.85	14872.85	14962.10	14112	0	60
2022.02.01	16:00:00	14963.10	14971.20	14741.85	14915.90	20703	0	60
2022.02.01	20:00:00	14916.65	15147.90	14834.15	15112.40	17763	0	60
2022.02.02	00:00:00	15131.30	15162.05	15118.05	15152.05	5157	0	60
2022.02.02	04:00:00	15151.80	15197.80	15143.30	15183.80	4127	0	60
2022.02.02	08:00:00	15184.05	15266.80	15171.05	15258.55	10117	0	60
2022.02.02	12:00:00	15257.05	15273.80	15182.30	15185.05	11557	0	60
2022.02.02	16:00:00	15185.80	15195.05	14955.05	15134.05	22233	0	60
2022.02.02	20:00:00	15134.30	15163.05	14838.60	14857.05	20662	0	60
2022.02.03	00:00:00	14869.25	14873.25	14770.50	14781.25	9602	0	60
2022.02.03	04:00:00	14781.00	14812.00	14766.75	14799.00	7062	0	60
2022.02.03	08:00:00	14801.50	14882.50	14786.50	14800.90	14631	0	60
2022.02.03	12:00:00	14801.65	14841.20	14706.80	14712.05	17766	0	60
2022.02.03	16:00:00	14711.80	14856.20	14646.05	14682.05	12649	0	60
2022.02.03	20:00:00	14681.55	14815.30	14472.05	14798.55	24777	0	60
2022.02.04	00:00:00	14769.30	14796.80	14710.55	14724.55	10043	0	60
2022.02.04	04:00:00	14724.80	14818.80	14723.55	14813.30	8818	0	60
2022.02.04	08:00:00	14813.55	14835.30	14690.35	14693.65	17889	0	60
2022.02.04	12:00:00	14693.90	14707.40	14425.40	14429.40	17609	0	60
2022.02.04	16:00:00	14430.65	14674.75	14371.85	14672.25	27136	0	60
2022.02.04	20:00:00	14672.00	14831.35	14640.85	14657.10	30597	0	60
2022.02.07	00:00:00	14661.20	14730.20	14633.95	14652.60	11276	0	60
2022.02.07	04:00:00	14653.10	14724.95	14614.45	14718.70	12866	0	60
2022.02.07	08:00:00	14717.20	14756.70	14630.60	14667.95	20021	0	60
2022.02.07	12:00:00	14667.70	14771.45	14656.45	14742.35	18897	0	60
2022.02.07	16:00:00	14742.85	14818.70	14568.95	14609.95	37880	0	60
2022.02.07	20:00:00	14610.45	14739.65	14525.30	14613.70	27796	0	60
2022.02.08	00:00:00	14608.30	14634.80	14578.05	14589.80	7127	0	60
2022.02.08	04:00:00	14589.05	14614.30	14549.80	14565.80	9303	0	60
2022.02.08	08:00:00	14566.05	14631.70	14553.45	14575.80	16976	0	60
2022.02.08	12:00:00	14575.55	14599.55	14497.80	14539.60	17497	0	60
2022.02.08	16:00:00	14539.85	14770.45	14481.05	14733.20	35679	0	60
2022.02.08	20:00:00	14732.95	14787.95	14627.90	14755.05	28278	0	60
2022.02.09	00:00:00	14765.40	14797.15	14756.90	14778.15	6628	0	60
2022.02.09	04:00:00	14778.90	14831.80	14764.15	14815.55	7206	0	60
2022.02.09	08:00:00	14815.30	14876.65	14770.90	14855.85	12143	0	60
2022.02.09	12:00:00	14855.60	14958.65	14850.85	14933.55	11061	0	60
2022.02.09	16:00:00	14933.30	14999.75	14867.40	14997.05	33198	0	60
2022.02.09	20:00:00	14996.80	15080.30	14960.80	15063.90	23004	0	60
2022.02.10	00:00:00	15064.60	15068.50	14995.95	15006.35	7299	0	60
2022.02.10	04:00:00	15006.60	15023.50	14979.20	15022.25	7261	0	60
2022.02.10	08:00:00	15022.00	15050.60	14977.60	14995.70	12574	0	60
2022.02.10	12:00:00	14996.95	15062.95	14808.25	14808.50	11796	0	60
2022.02.10	16:00:00	14809.00	15039.60	14732.35	14881.25	21466	0	60
2022.02.10	20:00:00	14880.25	14915.50	14633.35	14695.35	20085	0	60
2022.02.11	00:00:00	14703.35	14722.35	14629.60	14678.30	7491	0	60
2022.02.11	04:00:00	14677.05	14682.80	14538.95	14550.85	8731	0	60
2022.02.11	08:00:00	14551.85	14675.00	14544.60	14596.35	13818	0	60
2022.02.11	12:00:00	14596.85	14749.25	14583.45	14731.00	16847	0	60
2022.02.11	16:00:00	14730.75	14777.10	14516.95	14521.85	39047	0	60
2022.02.11	20:00:00	14521.60	14558.35	14193.60	14277.10	27437	0	60
2022.02.14	00:00:00	14229.00	14286.75	14194.00	14235.50	9678	0	50
2022.02.14	04:00:00	14236.00	14304.90	14216.25	14253.00	9451	0	50
2022.02.14	08:00:00	14254.00	14303.25	14054.70	14084.60	15828	0	50
2022.02.14	12:00:00	14084.10	14274.35	14039.85	14193.00	17641	0	50
2022.02.14	16:00:00	14193.25	14402.95	14179.10	14363.35	22699	0	50
2022.02.14	20:00:00	14363.85	14383.00	14112.85	14261.60	19248	0	50
2022.02.15	00:00:00	14284.05	14320.30	14261.30	14304.20	6584	0	60
2022.02.15	04:00:00	14303.45	14342.55	14233.55	14254.30	8291	0	60
2022.02.15	08:00:00	14254.30	14543.05	14249.30	14522.80	13950	0	60
2022.02.15	12:00:00	14522.30	14583.05	14472.30	14478.55	13853	0	60
2022.02.15	16:00:00	14478.30	14573.65	14439.05	14474.15	20846	0	60
2022.02.15	20:00:00	14474.40	14624.05	14471.40	14579.30	16009	0	60
2022.02.16	00:00:00	14592.80	14597.55	14556.30	14569.80	5631	0	60
2022.02.16	04:00:00	14569.95	14587.55	14555.05	14580.05	5681	0	60
2022.02.16	08:00:00	14580.30	14675.05	14563.30	14611.65	11875	0	60
2022.02.16	12:00:00	14610.40	14629.20	14524.45	14528.05	12781	0	60
2022.02.16	16:00:00	14529.80	14537.65	14389.00	14420.40	20838	0	60
2022.02.16	20:00:00	14420.15	14651.50	14401.25	14587.25	17887	0	60
2022.02.17	00:00:00	14613.90	14625.65	14567.90	14581.90	6032	0	60
2022.02.17	04:00:00	14582.15	14606.15	14448.65	14518.40	10237	0	60
2022.02.17	08:00:00	14518.90	14590.15	14475.90	14502.55	18956	0	60
2022.02.17	12:00:00	14502.30	14570.55	14452.55	14461.40	16549	0	60
2022.02.17	16:00:00	14461.65	14507.90	14320.10	14357.05	34774	0	60
2022.02.17	20:00:00	14356.80	14358.45	14143.00	14170.25	26975	0	60
2022.02.18	00:00:00	14149.90	14297.05	14138.05	14278.30	11601	0	60
2022.02.18	04:00:00	14278.55	14305.95	14253.80	14256.55	11446	0	60
2022.02.18	08:00:00	14257.30	14295.45	14231.40	14276.35	17105	0	60
2022.02.18	12:00:00	14276.10	14285.35	14137.00	14188.25	16851	0	60
2022.02.18	16:00:00	14188.50	14227.15	13946.00	13949.35	39338	0	60
2022.02.18	20:00:00	13950.10	14150.60	13911.60	14006.00	32095	0	60
2022.02.21	00:00:00	13870.70	14091.20	13816.95	14068.20	13999	0	60
2022.02.21	04:00:00	14067.95	14083.95	14011.95	14068.95	11669	0	60
2022.02.21	08:00:00	14069.95	14162.80	13972.72	13980.85	17968	0	60
2022.02.21	12:00:00	13979.35	14000.75	13782.65	13839.25	19727	0	60
2022.02.21	16:00:00	13839.00	13896.55	13723.55	13742.45	21396	0	0
2022.02.22	00:00:00	13643.50	13744.10	13603.75	13692.50	17677	0	60
2022.02.22	04:00:00	13692.00	13727.35	13647.20	13692.00	16023	0	60
2022.02.22	08:00:00	13692.25	13771.50	13620.25	13734.50	26705	0	60
2022.02.22	12:00:00	13735.25	13972.00	13727.00	13940.75	25518	0	60
2022.02.22	16:00:00	13940.00	14114.35	13820.10	13834.00	39001	0	60
2022.02.22	20:00:00	13835.00	14018.50	13717.75	13953.25	34121	0	60
2022.02.23	00:00:00	13946.50	13996.15	13920.00	13945.75	8218	0	60
2022.02.23	04:00:00	13948.50	13994.25	13919.00	13966.25	9536	0	60
2022.02.23	08:00:00	13965.00	14074.75	13933.00	14038.25	17688	0	60
2022.02.23	12:00:00	14037.75	14046.75	13958.50	14029.65	17349	0	60
2022.02.23	16:00:00	14029.50	14037.40	13722.85	13759.25	37981	0	60
2022.02.23	20:00:00	13758.50	13768.50	13478.85	13501.10	33046	0	0
2022.02.24	00:00:00	13496.45	13522.20	13363.70	13439.20	15535	0	60
2022.02.24	04:00:00	13439.20	13448.95	13109.95	13186.95	27297	0	60
2022.02.24	08:00:00	13185.70	13253.45	13031.20	13170.95	30161	0	60
2022.02.24	12:00:00	13171.45	13223.20	13033.35	13103.20	30222	0	60
2022.02.24	16:00:00	13102.70	13566.60	13065.85	13454.45	29578	0	60
2022.02.24	20:00:00	13454.20	13987.35	13445.10	13928.60	35990	0	60
2022.02.25	00:00:00	13888.75	13945.75	13821.35	13856.00	14510	0	60
2022.02.25	04:00:00	13857.25	13923.75	13812.00	13855.75	16041	0	60
2022.02.25	08:00:00	13855.50	13892.25	13765.85	13866.25	25995	0	60
2022.02.25	12:00:00	13867.00	14111.25	13836.75	14050.25	26553	0	60
2022.02.25	16:00:00	14050.00	14180.90	13837.75	14091.00	38722	0	60
2022.02.25	20:00:00	14090.50	14201.00	14042.00	14192.50	30252	0	60
2022.02.28	00:00:00	13765.55	13958.95	13742.20	13843.20	16014	0	60
2022.02.28	04:00:00	13842.95	13886.20	13760.30	13862.70	16333	0	60
2022.02.28	08:00:00	13863.20	14053.70	13849.45	13990.70	24562	0	60
2022.02.28	12:00:00	13990.95	14073.20	13951.70	14002.20	21735	0	60
2022.02.28	16:00:00	14002.20	14295.50	13993.20	14113.10	38659	0	60
2022.02.28	20:00:00	14112.85	14243.35	14001.35	14223.10	32290	0	60
2022.03.01	00:00:00	14221.70	14274.45	14192.20	14209.95	8690	0	60
2022.03.01	04:00:00	14210.95	14227.95	14178.55	14219.20	9625	0	60
2022.03.01	08:00:00	14219.45	14331.95	14112.05	14122.70	22029	0	60
2022.03.01	12:00:00	14123.95	14215.30	14076.45	14186.60	23764	0	60
2022.03.01	16:00:00	14187.35	14277.80	14004.55	14089.55	38401	0	60
2022.03.01	20:00:00	14089.80	14123.55	13906.05	14026.30	32370	0	60
2022.03.02	00:00:00	14025.65	14071.40	14011.40	14014.65	10238	0	60
2022.03.02	04:00:00	14014.65	14099.90	13977.00	14067.15	12058	0	60
2022.03.02	08:00:00	14066.90	14121.40	13916.65	14095.65	24593	0	60
2022.03.02	12:00:00	14096.15	14147.40	14009.00	14039.65	21976	0	60
2022.03.02	16:00:00	14039.15	14226.65	13956.40	14205.90	28619	0	60
2022.03.02	20:00:00	14203.65	14293.50	14176.90	14178.80	22514	0	60
2022.03.03	00:00:00	14205.90	14226.40	14185.30	14187.40	7479	0	60
2022.03.03	04:00:00	14187.15	14250.90	14187.15	14241.90	8029	0	60
2022.03.03	08:00:00	14241.90	14257.40	14164.10	14203.65	18149	0	60
2022.03.03	12:00:00	14204.40	14347.85	14171.60	14342.85	17019	0	60
2022.03.03	16:00:00	14343.35	14394.00	14035.20	14131.85	38324	0	60
2022.03.03	20:00:00	14131.60	14197.10	13961.60	14054.60	28613	0	60
2022.03.04	00:00:00	14062.70	14088.95	13749.70	13924.45	16153	0	60
2022.03.04	04:00:00	13923.95	13954.70	13877.95	13952.95	15076	0	60
2022.03.04	08:00:00	13952.95	14062.95	13888.95	13912.45	19919	0	60
2022.03.04	12:00:00	13912.20	14011.85	13876.45	13916.70	20537	0	60
2022.03.04	16:00:00	13916.45	13997.95	13737.30	13891.70	22865	0	60
2022.03.04	20:00:00	13892.45	13937.45	13746.20	13807.45	18575	0	60
2022.03.07	00:00:00	13661.75	13682.75	13544.00	13553.75	9510	0	60
2022.03.07	04:00:00	13554.00	13672.75	13532.75	13595.50	10156	0	60
2022.03.07	08:00:00	13596.25	13654.50	13549.00	13611.65	15903	0	60
2022.03.07	12:00:00	13611.90	13800.75	13570.75	13790.00	17197	0	60
2022.03.07	16:00:00	13789.75	13881.25	13499.60	13532.50	23152	0	60
2022.03.07	20:00:00	13533.50	13565.50	13268.50	13292.25	19431	0	60
2022.03.08	00:00:00	13276.75	13382.50	13258.00	13348.50	8523	0	60
2022.03.08	04:00:00	13349.25	13361.50	13205.10	13211.50	10428	0	60
2022.03.08	08:00:00	13211.25	13381.75	13106.40	13356.00	16453	0	60
2022.03.08	12:00:00	13356.50	13423.25	13235.75	13290.00	16481	0	60
2022.03.08	16:00:00	13290.50	13621.55	13125.25	13607.00	24265	0	60
2022.03.08	20:00:00	13607.50	13667.75	13187.50	13197.00	20889	0	60
2022.03.09	00:00:00	13220.90	13348.40	13210.65	13322.15	8057	0	60
2022.03.09	04:00:00	13322.65	13346.15	13224.90	13301.15	10916	0	60
2022.03.09	08:00:00	13301.40	13559.40	13288.65	13545.15	16645	0	60
2022.03.09	12:00:00	13544.15	13611.90	13492.40	13555.65	16113	0	60
2022.03.09	16:00:00	13556.15	13748.90	13499.65	13709.40	22536	0	60
2022.03.09	20:00:00	13710.90	13824.05	13661.90	13783.50	18377	0	60
2022.03.10	00:00:00	13755.65	13777.40	13704.65	13728.65	7358	0	60
2022.03.10	04:00:00	13728.65	13764.90	13671.90	13709.90	8886	0	60
2022.03.10	08:00:00	13710.15	13722.90	13590.15	13631.90	14613	0	60
2022.03.10	12:00:00	13633.65	13647.65	13510.90	13522.50	16427	0	60
2022.03.10	16:00:00	13521.50	13611.15	13398.90	13431.75	21566	0	60
2022.03.10	20:00:00	13431.50	13636.30	13422.50	13577.90	17537	0	60
2022.03.11	00:00:00	13584.50	13616.50	13501.75	13509.75	6230	0	60
2022.03.11	04:00:00	13510.00	13568.00	13456.25	13554.75	6999	0	60
2022.03.11	08:00:00	13557.00	13662.25	13543.25	13643.85	11828	0	60
2022.03.11	12:00:00	13643.85	13861.00	13622.50	13739.00	14098	0	60
2022.03.11	16:00:00	13738.75	13754.75	13404.35	13449.75	20485	0	60
2022.03.11	20:00:00	13448.25	13517.75	13283.25	13323.00	15491	0	60
2022.03.14	00:00:00	13392.75	13411.20	13337.00	13393.70	7225	0	50
2022.03.14	04:00:00	13393.45	13399.45	13286.45	13338.45	7976	0	60
2022.03.14	08:00:00	13336.45	13401.20	13302.45	13334.45	12516	0	60
2022.03.14	12:00:00	13336.95	13444.70	13226.20	13308.20	13940	0	60
2022.03.14	16:00:00	13308.20	13393.45	13080.70	13081.45	21717	0	60
2022.03.14	20:00:00	13082.60	13124.95	13022.45	13077.45	17577	0	60
2022.03.15	00:00:00	13090.65	13122.10	13073.15	13099.10	4927	0	50
2022.03.15	04:00:00	13099.60	13145.85	13055.60	13125.75	9927	0	60
2022.03.15	08:00:00	13125.50	13125.75	12963.35	12975.60	13274	0	60
2022.03.15	12:00:00	12976.35	13189.35	12949.85	13154.10	13691	0	60
2022.03.15	16:00:00	13153.10	13410.60	13094.45	13357.50	21856	0	60
2022.03.15	20:00:00	13356.25	13492.60	13267.60	13461.10	16846	0	60
2022.03.16	00:00:00	13452.80	13482.35	13425.15	13440.50	4841	0	50
2022.03.16	04:00:00	13440.75	13480.75	13427.25	13475.00	9345	0	60
2022.03.16	08:00:00	13473.50	13686.00	13465.00	13669.25	14433	0	60
2022.03.16	12:00:00	13669.75	13725.65	13648.75	13653.25	13004	0	60
2022.03.16	16:00:00	13654.00	13871.90	13619.10	13731.40	20971	0	60
2022.03.16	20:00:00	13732.40	14031.75	13469.50	14011.15	19790	0	60
2022.03.17	00:00:00	13985.45	13999.65	13952.25	13995.40	5586	0	50
2022.03.17	04:00:00	13994.15	13997.65	13906.40	13972.80	10658	0	60
2022.03.17	08:00:00	13972.30	14026.90	13923.40	13944.05	11877	0	60
2022.03.17	12:00:00	13944.30	13946.30	13839.50	13860.90	14198	0	60
2022.03.17	16:00:00	13860.40	14018.15	13824.90	13985.90	21042	0	60
2022.03.17	20:00:00	13989.40	14137.90	13948.90	14060.40	17399	0	60
2022.03.18	00:00:00	14069.70	14070.95	13986.65	13990.15	5809	0	50
2022.03.18	04:00:00	13989.40	14004.90	13973.15	13995.40	8439	0	60
2022.03.18	08:00:00	13995.65	14066.40	13986.00	14039.40	11318	0	60
2022.03.18	12:00:00	14039.15	14046.30	13983.30	14010.55	12695	0	60
2022.03.18	16:00:00	14010.30	14316.75	13997.30	14303.70	21302	0	60
2022.03.18	20:00:00	14303.95	14444.35	14288.60	14436.35	15841	0	60
2022.03.21	00:00:00	14414.30	14438.30	14375.35	14394.60	5121	0	50
2022.03.21	04:00:00	14394.10	14398.00	14345.00	14363.25	7580	0	60
2022.03.21	08:00:00	14362.75	14381.25	14310.75	14353.35	10560	0	60
2022.03.21	12:00:00	14353.60	14432.90	14330.50	14372.00	9922	0	60
2022.03.21	16:00:00	14371.25	14471.15	14234.25	14259.20	21745	0	60
2022.03.21	20:00:00	14258.70	14404.35	14190.50	14403.60	18303	0	60
2022.03.22	00:00:00	14385.75	14389.00	14317.70	14317.70	4119	0	50
2022.03.22	04:00:00	14317.95	14353.20	14299.95	14320.95	8395	0	60
2022.03.22	08:00:00	14320.70	14447.35	14307.45	14434.85	9996	0	60
2022.03.22	12:00:00	14434.60	14453.95	14368.95	14402.35	9575	0	60
2022.03.22	16:00:00	14402.60	14689.35	14380.85	14617.60	27056	0	60
2022.03.22	20:00:00	14617.85	14694.95	14588.45	14662.95	25813	0	60
2022.03.23	00:00:00	14648.85	14682.05	14635.70	14642.80	5742	0	50
2022.03.23	04:00:00	14642.55	14679.30	14632.30	14668.80	9524	0	60
2022.03.23	08:00:00	14668.55	14681.05	14620.20	14638.20	10322	0	60
2022.03.23	12:00:00	14638.45	14643.80	14525.65	14534.05	13572	0	60
2022.03.23	16:00:00	14533.30	14687.25	14465.65	14604.60	35669	0	60
2022.03.23	20:00:00	14604.35	14612.60	14448.15	14465.65	27927	0	60
2022.03.24	00:00:00	14461.80	14505.65	14460.30	14477.40	5331	0	50
2022.03.24	04:00:00	14477.40	14530.65	14455.40	14519.90	9943	0	60
2022.03.24	08:00:00	14520.15	14575.05	14508.15	14561.85	12416	0	60
2022.03.24	12:00:00	14562.10	14576.15	14509.50	14537.40	15487	0	60
2022.03.24	16:00:00	14537.90	14668.15	14439.15	14637.80	35830	0	60
2022.03.24	20:00:00	14638.05	14774.55	14618.90	14768.15	24282	0	60
2022.03.25	00:00:00	14777.70	14778.45	14724.65	14732.65	5548	0	50
2022.03.25	04:00:00	14732.90	14818.65	14727.15	14807.90	10482	0	60
2022.03.25	08:00:00	14807.65	14807.65	14698.35	14735.00	12375	0	60
2022.03.25	12:00:00	14734.75	14843.60	14712.00	14818.10	12549	0	60
2022.03.25	16:00:00	14817.60	14817.85	14578.60	14650.20	35641	0	60
2022.03.25	20:00:00	14650.45	14765.30	14627.95	14755.95	26247	0	60
2022.03.28	00:00:00	14777.80	14777.80	14711.10	14717.00	6883	0	50
2022.03.28	04:00:00	14716.75	14724.75	14688.25	14702.00	11038	0	60
2022.03.28	08:00:00	14702.25	14743.00	14664.60	14739.75	16456	0	60
2022.03.28	12:00:00	14738.50	14818.00	14687.50	14763.25	14666	0	60
2022.03.28	16:00:00	14766.50	14916.75	14708.35	14791.60	36512	0	60
2022.03.28	20:00:00	14792.10	15001.75	14789.10	14986.10	23869	0	60
2022.03.29	00:00:00	14977.35	14992.45	14961.95	14965.20	4653	0	50
2022.03.29	04:00:00	14964.70	14997.10	14963.45	14979.20	7796	0	60
2022.03.29	08:00:00	14979.45	15045.95	14968.10	15026.20	13161	0	60
2022.03.29	12:00:00	15026.20	15172.20	15018.30	15167.70	19512	0	60
2022.03.29	16:00:00	15167.45	15223.60	15039.20	15129.95	36250	0	60
2022.03.29	20:00:00	15131.20	15273.95	15095.85	15239.05	24240	0	60
2022.03.30	00:00:00	15222.85	15239.20	15207.00	15225.70	5707	0	50
2022.03.30	04:00:00	15225.45	15266.70	15209.95	15218.70	10770	0	60
2022.03.30	08:00:00	15218.20	15250.95	15152.35	15167.85	15605	0	60
2022.03.30	12:00:00	15168.10	15199.60	15131.70	15163.45	14192	0	60
2022.03.30	16:00:00	15163.70	15238.45	15101.95	15196.95	33093	0	60
2022.03.30	20:00:00	15197.20	15199.45	15016.95	15117.20	25469	0	60
2022.03.31	00:00:00	15103.70	15171.15	15102.40	15162.90	5331	0	50
2022.03.31	04:00:00	15163.55	15167.40	15140.80	15147.15	7658	0	60
2022.03.31	08:00:00	15147.40	15186.90	15123.80	15148.50	13594	0	60
2022.03.31	12:00:00	15148.00	15150.65	15084.90	15112.15	12769	0	60
2022.03.31	16:00:00	15111.90	15118.90	14972.40	14986.00	33676	0	60
2022.03.31	20:00:00	14985.75	15069.65	14860.90	14926.55	26681	0	60
2022.04.01	00:00:00	14924.35	14928.35	14878.40	14902.85	5741	0	60
2022.04.01	04:00:00	14902.60	14940.35	14894.60	14914.85	8793	0	60
2022.04.01	08:00:00	14914.60	14957.00	14905.75	14933.35	13484	0	60
2022.04.01	12:00:00	14933.60	14963.30	14900.30	14901.40	12441	0	60
2022.04.01	16:00:00	14900.90	14935.80	14738.15	14749.75	35021	0	60
2022.04.01	20:00:00	14746.75	14875.20	14730.75	14841.45	27091	0	60
2022.04.04	00:00:00	14851.40	14862.75	14807.00	14825.00	5112	0	60
2022.04.04	04:00:00	14824.50	14868.90	14815.50	14866.00	6952	0	60
2022.04.04	08:00:00	14866.75	14902.40	14830.60	14882.50	12716	0	60
2022.04.04	12:00:00	14882.75	14943.85	14882.00	14889.25	11998	0	60
2022.04.04	16:00:00	14890.00	15135.00	14887.25	15103.15	30931	0	60
2022.04.04	20:00:00	15102.15	15179.05	15072.25	15167.55	20599	0	60
2022.04.05	00:00:00	15161.15	15164.65	15146.90	15158.75	3466	0	60
2022.04.05	04:00:00	15159.00	15161.55	15146.40	15155.40	4521	0	60
2022.04.05	08:00:00	15155.15	15199.75	15140.15	15165.50	10772	0	60
2022.04.05	12:00:00	15164.50	15168.50	15102.75	15106.65	12094	0	60
2022.04.05	16:00:00	15107.15	15137.25	14853.15	14895.25	34992	0	60
2022.04.05	20:00:00	14896.00	14943.15	14783.70	14856.70	25242	0	60
2022.04.06	00:00:00	14855.25	14856.25	14787.00	14789.00	5061	0	60
2022.04.06	04:00:00	14788.75	14814.50	14777.85	14800.00	8695	0	60
2022.04.06	08:00:00	14800.50	14845.65	14712.75	14742.75	15574	0	60
2022.04.06	12:00:00	14743.00	14750.40	14585.85	14606.60	17786	0	25
2022.04.06	16:00:00	14603.85	14646.00	14424.75	14450.95	35688	0	60
2022.04.06	20:00:00	14449.95	14654.10	14400.20	14503.60	33093	0	60
2022.04.07	00:00:00	14512.40	14522.90	14441.40	14465.65	6102	0	60
2022.04.07	04:00:00	14466.15	14500.15	14436.80	14454.65	10117	0	60
2022.04.07	08:00:00	14454.15	14582.05	14443.15	14580.30	17603	0	60
2022.04.07	12:00:00	14580.55	14604.60	14476.45	14482.35	16425	0	60
2022.04.07	16:00:00	14483.10	14608.50	14322.45	14361.35	37809	0	60
2022.04.07	20:00:00	14360.60	14636.10	14356.80	14533.70	29434	0	60
2022.04.08	00:00:00	14545.50	14577.75	14526.60	14537.00	5058	0	60
2022.04.08	04:00:00	14537.50	14557.15	14520.50	14535.40	8138	0	60
2022.04.08	08:00:00	14534.90	14644.25	14529.25	14587.85	14300	0	60
2022.04.08	12:00:00	14587.60	14601.65	14512.75	14518.35	14305	0	60
2022.04.08	16:00:00	14517.85	14517.85	14315.35	14483.70	37094	0	60
2022.04.08	20:00:00	14483.95	14484.20	14314.55	14337.45	26928	0	60
2022.04.11	00:00:00	14363.60	14373.35	14261.10	14302.10	6892	0	60
2022.04.11	04:00:00	14301.85	14314.35	14201.10	14208.20	11313	0	60
2022.04.11	08:00:00	14209.20	14309.10	14160.60	14180.70	18428	0	60
2022.04.11	12:00:00	14180.20	14248.10	14132.35	14161.60	17709	0	60
2022.04.11	16:00:00	14161.35	14200.60	14038.60	14096.40	35402	0	60
2022.04.11	20:00:00	14095.15	14135.30	13990.05	14007.10	26393	0	60
2022.04.12	00:00:00	14015.45	14022.85	13937.35	13944.05	6409	0	60
2022.04.12	04:00:00	13944.30	13953.20	13908.20	13912.20	10109	0	60
2022.04.12	08:00:00	13912.45	14025.45	13907.20	14012.70	18198	0	60
2022.04.12	12:00:00	14012.95	14286.45	13989.80	14262.05	18040	0	60
2022.04.12	16:00:00	14262.30	14280.50	14065.85	14107.40	38930	0	60
2022.04.12	20:00:00	14106.65	14136.65	13885.00	13950.25	29503	0	60
2022.04.13	00:00:00	13965.80	14019.95	13945.15	14018.05	5796	0	60
2022.04.13	04:00:00	14018.30	14052.80	14007.30	14033.80	8859	0	60
2022.04.13	08:00:00	14034.30	14101.80	14021.30	14070.55	16832	0	60
2022.04.13	12:00:00	14069.80	14079.80	13929.30	13955.45	18334	0	60
2022.04.13	16:00:00	13956.70	14205.10	13927.05	14191.25	34980	0	60
2022.04.13	20:00:00	14191.00	14270.00	14136.50	14221.55	23560	0	60
2022.04.14	00:00:00	14217.35	14256.35	14215.85	14236.75	5083	0	60
2022.04.14	04:00:00	14237.00	14295.35	14219.45	14287.60	8591	0	60
2022.04.14	08:00:00	14287.45	14300.00	14223.35	14244.50	13551	0	60
2022.04.14	12:00:00	14242.75	14252.35	14185.85	14192.35	16998	0	60
2022.04.14	16:00:00	14194.35	14248.20	13963.95	13987.35	35452	0	60
2022.04.14	20:00:00	13987.00	14051.70	13880.65	13896.80	24287	0	60
2022.04.18	00:00:00	13831.25	13846.75	13734.90	13748.00	8924	0	60
2022.04.18	04:00:00	13748.25	13777.50	13747.00	13755.75	7230	0	60
2022.04.18	08:00:00	13756.00	13842.45	13755.35	13819.00	8056	0	60
2022.04.18	12:00:00	13818.75	13873.55	13783.40	13850.10	9636	0	60
2022.04.18	16:00:00	13850.85	14007.40	13792.75	13822.75	33527	0	60
2022.04.18	20:00:00	13824.75	14001.55	13811.10	13973.80	27308	0	60
2022.04.19	00:00:00	13977.75	14026.25	13949.75	13960.75	5881	0	60
2022.04.19	04:00:00	13960.50	14005.75	13940.00	14002.65	10310	0	60
2022.04.19	08:00:00	14001.65	14013.90	13867.00	13873.10	17615	0	60
2022.04.19	12:00:00	13871.00	13954.15	13835.50	13903.25	17552	0	60
2022.04.19	16:00:00	13903.50	14202.90	13841.85	14162.75	32263	0	60
2022.04.19	20:00:00	14162.50	14246.45	14071.75	14096.05	25946	0	60
2022.04.20	00:00:00	14093.15	14122.90	14072.00	14094.65	6823	0	60
2022.04.20	04:00:00	14094.90	14131.80	14050.65	14112.15	12216	0	60
2022.04.20	08:00:00	14112.40	14158.40	14072.65	14152.30	16858	0	60
2022.04.20	12:00:00	14152.05	14303.55	14149.40	14296.15	16369	0	60
2022.04.20	16:00:00	14295.65	14298.15	13984.35	14060.85	36265	0	60
2022.04.20	20:00:00	14059.60	14122.65	13963.35	14073.85	28997	0	60
2022.04.21	00:00:00	14082.10	14109.95	14075.20	14097.60	5573	0	60
2022.04.21	04:00:00	14098.85	14131.50	14083.60	14101.60	9168	0	60
2022.04.21	08:00:00	14100.60	14182.00	14061.35	14181.00	17623	0	60
2022.04.21	12:00:00	14180.75	14200.75	14134.20	14189.85	13729	0	60
2022.04.21	16:00:00	14189.60	14288.35	13911.75	13919.05	37755	0	60
2022.04.21	20:00:00	13918.05	13956.00	13673.65	13727.85	33122	0	60
2022.04.22	00:00:00	13703.25	13733.25	13619.15	13640.60	8447	0	60
2022.04.22	04:00:00	13639.85	13715.90	13634.50	13713.90	12815	0	60
2022.04.22	08:00:00	13713.40	13766.50	13670.10	13712.65	20389	0	60
2022.04.22	12:00:00	13712.40	13784.75	13657.35	13727.85	19058	0	60
2022.04.22	16:00:00	13728.85	13783.00	13492.00	13497.25	38892	0	60
2022.04.22	20:00:00	13496.75	13514.90	13303.35	13331.35	29987	0	60
2022.04.25	00:00:00	13307.55	13366.30	13265.55	13299.80	11355	0	60
2022.04.25	04:00:00	13301.30	13328.20	13242.65	13283.05	15774	0	60
2022.04.25	08:00:00	13283.55	13342.80	13207.30	13248.55	24379	0	60
2022.04.25	12:00:00	13247.30	13329.55	13190.80	13324.95	23665	0	60
2022.04.25	16:00:00	13324.20	13474.40	13244.15	13350.70	42682	0	60
2022.04.25	20:00:00	13350.20	13556.95	13313.40	13536.30	34220	0	60
2022.04.26	00:00:00	13515.35	13544.60	13515.10	13542.35	5601	0	60
2022.04.26	04:00:00	13541.60	13590.50	13529.75	13578.35	9963	0	60
2022.04.26	08:00:00	13577.35	13580.45	13438.70	13528.45	19556	0	60
2022.04.26	12:00:00	13527.70	13535.75	13454.70	13482.10	17120	0	60
2022.04.26	16:00:00	13482.85	13482.85	13102.55	13223.05	39037	0	60
2022.04.26	20:00:00	13223.55	13224.30	12809.15	12819.30	35519	0	60
2022.04.27	00:00:00	12909.05	13047.80	12909.05	12966.40	11657	0	60
2022.04.27	04:00:00	12964.65	13085.80	12961.20	13061.55	15926	0	60
2022.04.27	08:00:00	13062.05	13189.25	12983.75	13132.70	23232	0	60
2022.04.27	12:00:00	13131.70	13166.70	13021.30	13046.60	21968	0	60
2022.04.27	16:00:00	13046.35	13260.25	12937.25	13195.00	43625	0	60
2022.04.27	20:00:00	13194.75	13210.75	12984.95	13187.05	37557	0	60
2022.04.28	00:00:00	13188.50	13192.75	13147.50	13170.75	6396	0	60
2022.04.28	04:00:00	13170.00	13205.25	13139.25	13203.75	11321	0	60
2022.04.28	08:00:00	13204.00	13345.85	13173.50	13345.35	18589	0	60
2022.04.28	12:00:00	13344.35	13353.75	13175.60	13202.65	19857	0	60
2022.04.28	16:00:00	13200.15	13378.25	13041.40	13363.50	41639	0	60
2022.04.28	20:00:00	13363.25	13548.10	13278.50	13321.50	34196	0	60
2022.04.29	00:00:00	13230.95	13296.60	13229.80	13294.45	7922	0	60
2022.04.29	04:00:00	13293.45	13360.45	13284.70	13356.20	12224	0	60
2022.04.29	08:00:00	13355.45	13427.70	13328.95	13356.45	21464	0	60
2022.04.29	12:00:00	13355.95	13363.20	13257.20	13289.95	21200	0	60
2022.04.29	16:00:00	13287.45	13440.05	13066.70	13081.95	40953	0	60
2022.04.29	20:00:00	13080.70	13144.10	12839.15	12892.55	32447	0	60
2022.05.02	00:00:00	12923.00	12932.15	12813.75	12904.40	13553	0	60
2022.05.02	04:00:00	12905.15	12975.00	12848.75	12953.25	13276	0	60
2022.05.02	08:00:00	12953.75	12987.25	12880.30	12897.20	19919	0	60
2022.05.02	12:00:00	12897.45	12946.15	12776.90	12803.15	18419	0	60
2022.05.02	16:00:00	12803.40	13050.40	12750.80	12817.90	43702	0	60
2022.05.02	20:00:00	12820.15	13091.30	12717.40	13063.95	36139	0	60
2022.05.03	00:00:00	13052.90	13126.15	13035.55	13110.50	5913	0	60
2022.05.03	04:00:00	13110.75	13176.15	13078.40	13127.40	11388	0	60
2022.05.03	08:00:00	13127.15	13150.40	13051.65	13080.30	18817	0	60
2022.05.03	12:00:00	13080.55	13129.10	13009.20	13114.45	19220	0	60
2022.05.03	16:00:00	13116.45	13157.90	12974.85	13089.65	29065	0	60
2022.05.03	20:00:00	13095.15	13190.45	13002.10	13110.25	20181	0	60
2022.05.04	00:00:00	13121.35	13141.10	13113.35	13130.10	3574	0	60
2022.05.04	04:00:00	13131.10	13151.35	13096.35	13116.10	5777	0	60
2022.05.04	08:00:00	13115.85	13144.10	13090.40	13120.60	12620	0	60
2022.05.04	12:00:00	13119.35	13161.85	13100.35	13110.05	12180	0	60
2022.05.04	16:00:00	13109.05	13125.95	12890.55	13108.05	36262	0	60
2022.05.04	20:00:00	13108.80	13561.40	12947.45	13494.55	35562	0	60
2022.05.05	00:00:00	13520.00	13546.75	13507.25	13532.75	5208	0	60
2022.05.05	04:00:00	13532.50	13546.00	13512.10	13544.75	7018	0	60
2022.05.05	08:00:00	13544.50	13552.90	13383.25	13409.15	17466	0	60
2022.05.05	12:00:00	13408.00	13457.75	13399.35	13405.25	17623	0	60
2022.05.05	16:00:00	13407.00	13407.00	12802.50	12912.45	43989	0	60
2022.05.05	20:00:00	12910.95	12974.20	12712.70	12908.60	37608	0	60
2022.05.06	00:00:00	12880.15	12893.65	12824.90	12828.15	8381	0	60
2022.05.06	04:00:00	12827.40	12882.90	12786.40	12845.40	12773	0	60
2022.05.06	08:00:00	12845.90	12884.40	12753.15	12794.40	21694	0	60
2022.05.06	12:00:00	12794.40	12897.70	12720.25	12726.85	22834	0	60
2022.05.06	16:00:00	12727.85	12930.55	12522.85	12865.30	46061	0	60
2022.05.06	20:00:00	12866.55	12878.05	12570.35	12668.35	35972	0	60
2022.05.09	00:00:00	12596.00	12641.00	12532.40	12535.25	10412	0	60
2022.05.09	04:00:00	12535.75	12606.75	12514.00	12576.25	11621	0	60
2022.05.09	08:00:00	12577.50	12627.75	12463.35	12499.90	20446	0	60
2022.05.09	12:00:00	12498.90	12523.10	12348.75	12447.60	25102	0	60
2022.05.09	16:00:00	12449.10	12559.85	12243.50	12291.80	41916	0	60
2022.05.09	20:00:00	12292.05	12342.80	12141.60	12209.30	34090	0	60
2022.05.10	00:00:00	12225.05	12256.80	12108.80	12159.80	8974	0	60
2022.05.10	04:00:00	12161.30	12316.55	12151.05	12305.80	15554	0	60
2022.05.10	08:00:00	12304.80	12415.55	12299.55	12393.05	19604	0	60
2022.05.10	12:00:00	12393.30	12479.15	12299.55	12472.90	20300	0	60
2022.05.10	16:00:00	12471.40	12550.35	12176.10	12235.85	44644	0	60
2022.05.10	20:00:00	12236.35	12523.60	12223.60	12331.65	35601	0	60
2022.05.11	00:00:00	12335.95	12408.20	12326.20	12378.45	6381	0	60
2022.05.11	04:00:00	12378.70	12468.45	12359.45	12454.70	10729	0	60
2022.05.11	08:00:00	12454.70	12521.95	12390.20	12508.80	18262	0	60
2022.05.11	12:00:00	12509.80	12558.80	12106.50	12146.00	19835	0	60
2022.05.11	16:00:00	12144.75	12482.25	12132.20	12143.70	44370	0	60
2022.05.11	20:00:00	12140.70	12170.90	11944.30	12026.80	35732	0	60
2022.05.12	00:00:00	11999.95	12054.20	11928.70	12042.70	10434	0	60
2022.05.12	04:00:00	12040.70	12073.95	11962.70	11975.20	13901	0	60
2022.05.12	08:00:00	11975.45	11996.20	11817.70	11838.20	24185	0	60
2022.05.12	12:00:00	11837.95	11920.45	11760.45	11795.45	23667	0	60
2022.05.12	16:00:00	11795.20	12133.80	11695.70	11911.55	44642	0	60
2022.05.12	20:00:00	11910.80	11958.50	11693.75	11893.75	36709	0	0
2022.05.13	00:00:00	11913.55	12078.55	11906.30	12063.40	8398	0	60
2022.05.13	04:00:00	12063.15	12150.80	12049.65	12124.95	11106	0	60
2022.05.13	08:00:00	12125.20	12183.05	12072.05	12150.05	20013	0	60
2022.05.13	12:00:00	12150.55	12210.75	12116.90	12179.40	16521	0	60
2022.05.13	16:00:00	12179.65	12434.10	12069.30	12387.15	36359	0	60
2022.05.13	20:00:00	12387.40	12434.65	12222.80	12373.40	30912	0	60
2022.05.16	00:00:00	12467.55	12499.65	12432.80	12460.05	9400	0	0
2022.05.16	04:00:00	12460.80	12471.55	12240.80	12316.55	15891	0	60
2022.05.16	08:00:00	12316.80	12349.30	12233.30	12349.30	18959	0	60
2022.05.16	12:00:00	12348.55	12415.05	12289.80	12357.55	16612	0	60
2022.05.16	16:00:00	12357.05	12376.20	12192.70	12239.95	40382	0	40
2022.05.16	20:00:00	12238.20	12401.85	12214.20	12234.20	30722	0	60
2022.05.17	00:00:00	12252.85	12312.95	12242.60	12293.10	5850	0	60
2022.05.17	04:00:00	12292.10	12340.10	12283.10	12325.85	10510	0	60
2022.05.17	08:00:00	12326.10	12530.55	12317.60	12499.70	14646	0	60
2022.05.17	12:00:00	12499.45	12546.30	12439.20	12477.70	17390	0	60
2022.05.17	16:00:00	12478.45	12536.50	12333.80	12468.15	35817	0	60
2022.05.17	20:00:00	12467.40	12579.40	12374.65	12574.60	30126	0	60
2022.05.18	00:00:00	12581.70	12593.20	12542.70	12547.95	5846	0	60
2022.05.18	04:00:00	12547.45	12551.20	12474.45	12493.45	10046	0	60
2022.05.18	08:00:00	12493.20	12538.70	12459.20	12478.70	15011	0	60
2022.05.18	12:00:00	12478.95	12524.90	12364.50	12366.50	15225	0	60
2022.05.18	16:00:00	12366.75	12398.65	12058.75	12133.25	36431	0	60
2022.05.18	20:00:00	12133.50	12134.25	11863.85	11894.50	31975	0	60
2022.05.19	00:00:00	11897.55	11918.55	11806.55	11854.30	9331	0	60
2022.05.19	04:00:00	11854.55	11951.55	11820.80	11930.80	14135	0	60
2022.05.19	08:00:00	11930.05	11942.30	11735.50	11741.15	21749	0	60
2022.05.19	12:00:00	11740.15	11857.50	11703.75	11817.80	22762	0	60
2022.05.19	16:00:00	11816.55	12075.25	11794.05	11931.00	42518	0	60
2022.05.19	20:00:00	11930.75	12049.50	11847.60	11903.90	34885	0	60
2022.05.20	00:00:00	11912.60	11979.60	11895.10	11955.35	6745	0	60
2022.05.20	04:00:00	11954.60	12014.60	11950.60	12010.60	11510	0	60
2022.05.20	08:00:00	12009.35	12086.90	11963.85	12064.65	16928	0	60
2022.05.20	12:00:00	12064.40	12095.40	12006.45	12029.20	16052	0	60
2022.05.20	16:00:00	12029.95	12051.60	11533.15	11575.30	40201	0	60
2022.05.20	20:00:00	11574.55	11852.45	11490.55	11835.30	35282	0	60
2022.05.23	00:00:00	11913.95	11999.95	11892.70	11985.70	9198	0	60
2022.05.23	04:00:00	11985.45	12004.95	11925.85	11962.20	11490	0	60
2022.05.23	08:00:00	11963.20	12042.20	11863.20	11894.95	19607	0	60
2022.05.23	12:00:00	11895.70	11970.95	11875.85	11893.95	19174	0	60
2022.05.23	16:00:00	11894.45	12052.15	11783.15	11983.45	39982	0	60
2022.05.23	20:00:00	11983.95	12075.95	11916.75	12053.40	29365	0	60
2022.05.24	00:00:00	11836.60	11897.60	11824.60	11876.35	9289	0	60
2022.05.24	04:00:00	11876.10	11890.85	11842.85	11846.35	9845	0	60
2022.05.24	08:00:00	11845.60	11853.60	11753.85	11784.35	18661	0	60
2022.05.24	12:00:00	11784.60	11876.50	11781.85	11839.85	16329	0	60
2022.05.24	16:00:00	11840.35	11850.85	11576.10	11701.60	39920	0	60
2022.05.24	20:00:00	11700.35	11832.65	11643.50	11802.10	33253	0	60
2022.05.25	00:00:00	11820.75	11869.00	11787.75	11815.00	7500	0	60
2022.05.25	04:00:00	11815.00	11891.75	11813.50	11868.75	10419	0	60
2022.05.25	08:00:00	11867.75	11885.00	11760.90	11785.80	17475	0	60
2022.05.25	12:00:00	11785.55	11806.40	11674.05	11720.05	19394	0	60
2022.05.25	16:00:00	11718.55	11929.90	11708.90	11840.95	38452	0	60
2022.05.25	20:00:00	11837.95	12034.20	11772.75	11868.95	34032	0	60
2022.05.26	00:00:00	11908.90	11991.65	11888.65	11984.90	7736	0	60
2022.05.26	04:00:00	11984.40	11993.65	11860.40	11874.25	12917	0	60
2022.05.26	08:00:00	11873.00	11978.40	11848.40	11893.65	15729	0	60
2022.05.26	12:00:00	11892.65	12019.80	11878.40	11975.40	17411	0	60
2022.05.26	16:00:00	11974.65	12318.85	11900.05	12318.10	34923	0	60
2022.05.26	20:00:00	12317.35	12342.05	12234.10	12258.75	26681	0	60
2022.05.27	00:00:00	12260.80	12300.20	12221.15	12245.30	7170	0	60
2022.05.27	04:00:00	12246.30	12276.05	12238.30	12265.30	9945	0	60
2022.05.27	08:00:00	12263.80	12346.95	12233.05	12337.20	14655	0	60
2022.05.27	12:00:00	12336.70	12437.75	12287.35	12416.65	16713	0	60
2022.05.27	16:00:00	12416.40	12610.35	12380.80	12584.75	32698	0	60
2022.05.27	20:00:00	12584.50	12718.05	12566.50	12710.35	22147	0	60
2022.05.30	00:00:00	12690.90	12756.30	12672.40	12748.40	7190	0	60
2022.05.30	04:00:00	12748.15	12815.90	12738.40	12815.00	10167	0	60
2022.05.30	08:00:00	12815.50	12867.40	12807.65	12850.10	12640	0	60
2022.05.30	12:00:00	12849.60	12881.10	12785.55	12815.65	11148	0	60
2022.05.30	16:00:00	12815.40	12835.10	12735.90	12808.20	13617	0	60
2022.05.31	00:00:00	12802.70	12826.10	12681.80	12713.20	10085	0	60
2022.05.31	04:00:00	12713.20	12769.20	12676.45	12751.20	14057	0	60
2022.05.31	08:00:00	12752.45	12766.45	12631.70	12718.85	18487	0	60
2022.05.31	12:00:00	12719.35	12719.35	12594.35	12606.45	19274	0	60
2022.05.31	16:00:00	12607.45	12755.05	12480.90	12731.95	37946	0	60
2022.05.31	20:00:00	12730.70	12767.60	12601.30	12661.25	31321	0	60
2022.06.01	00:00:00	12666.15	12717.40	12656.90	12697.65	6115	0	60
2022.06.01	04:00:00	12698.15	12724.75	12646.40	12679.15	10145	0	60
2022.06.01	08:00:00	12678.65	12694.90	12582.25	12620.45	17205	0	60
2022.06.01	12:00:00	12621.45	12717.15	12605.35	12689.15	14120	0	60
2022.06.01	16:00:00	12692.65	12821.50	12454.75	12497.15	39342	0	60
2022.06.01	20:00:00	12496.65	12659.05	12489.55	12615.15	19405	0	60
2022.06.02	00:00:00	12547.05	12586.80	12492.55	12575.05	8071	0	60
2022.06.02	04:00:00	12575.30	12588.05	12535.30	12563.55	11087	0	60
2022.06.02	08:00:00	12563.05	12644.30	12525.05	12615.55	13596	0	60
2022.06.02	12:00:00	12614.05	12653.30	12583.05	12586.05	13826	0	60
2022.06.02	16:00:00	12586.30	12798.50	12441.35	12784.25	39488	0	60
2022.06.02	20:00:00	12785.00	12897.00	12762.00	12894.25	26326	0	60
2022.06.03	00:00:00	12902.20	12944.95	12885.95	12888.20	6811	0	60
2022.06.03	04:00:00	12888.20	12908.45	12882.70	12889.20	7150	0	60
2022.06.03	08:00:00	12888.95	12904.95	12807.55	12836.70	10867	0	60
2022.06.03	12:00:00	12836.95	12840.45	12685.20	12713.95	16239	0	60
2022.06.03	16:00:00	12712.20	12739.45	12501.20	12604.40	38763	0	60
2022.06.03	20:00:00	12604.90	12644.25	12509.70	12557.80	27637	0	60
2022.06.06	00:00:00	12581.10	12587.60	12526.35	12578.35	7316	0	60
2022.06.06	04:00:00	12578.85	12649.35	12569.60	12645.35	9756	0	60
2022.06.06	08:00:00	12645.10	12749.85	12616.45	12745.35	12983	0	60
2022.06.06	12:00:00	12745.60	12764.60	12703.60	12740.10	10951	0	60
2022.06.06	16:00:00	12739.85	12811.50	12532.45	12604.30	37082	0	60
2022.06.06	20:00:00	12603.55	12680.80	12540.15	12600.05	28696	0	60
2022.06.07	00:00:00	12605.25	12611.75	12543.25	12556.50	6718	0	60
2022.06.07	04:00:00	12556.25	12570.75	12488.75	12513.00	12706	0	60
2022.06.07	08:00:00	12513.25	12565.15	12470.25	12551.25	14876	0	60
2022.06.07	12:00:00	12551.50	12556.25	12427.75	12433.50	14781	0	60
2022.06.07	16:00:00	12432.75	12705.20	12411.50	12625.10	35537	0	60
2022.06.07	20:00:00	12625.60	12738.70	12611.95	12682.20	22583	0	60
2022.06.08	00:00:00	12696.15	12702.15	12663.15	12688.90	6297	0	60
2022.06.08	04:00:00	12689.15	12710.40	12637.40	12640.90	10963	0	60
2022.06.08	08:00:00	12640.65	12691.70	12626.15	12679.05	14396	0	60
2022.06.08	12:00:00	12679.30	12720.60	12629.80	12654.20	13469	0	60
2022.06.08	16:00:00	12653.70	12781.60	12603.00	12647.65	34585	0	60
2022.06.08	20:00:00	12646.15	12658.55	12578.15	12617.15	25218	0	60
2022.06.09	00:00:00	12609.80	12636.05	12584.55	12593.80	5234	0	60
2022.06.09	04:00:00	12594.55	12606.80	12566.80	12596.55	9608	0	60
2022.06.09	08:00:00	12596.30	12679.95	12568.90	12678.30	14497	0	60
2022.06.09	12:00:00	12678.05	12725.55	12537.80	12557.30	17811	0	60
2022.06.09	16:00:00	12557.05	12672.75	12506.55	12588.45	36190	0	60
2022.06.09	20:00:00	12589.95	12607.80	12256.90	12292.30	25847	0	60
2022.06.10	00:00:00	12298.05	12300.95	12262.20	12276.45	6043	0	60
2022.06.10	04:00:00	12276.95	12330.95	12270.95	12288.70	8900	0	60
2022.06.10	08:00:00	12290.20	12338.45	12258.55	12289.95	15121	0	60
2022.06.10	12:00:00	12289.70	12331.20	12033.45	12035.20	15736	0	60
2022.06.10	16:00:00	12035.45	12090.70	11821.95	11860.10	34841	0	60
2022.06.10	20:00:00	11859.85	11971.85	11835.10	11865.95	25515	0	25
2022.06.13	00:00:00	11713.30	11725.55	11608.55	11611.55	8122	0	60
2022.06.13	04:00:00	11612.05	11642.05	11569.55	11598.30	12147	0	60
2022.06.13	08:00:00	11598.05	11629.80	11431.30	11471.05	21037	0	60
2022.06.13	12:00:00	11469.55	11533.20	11455.30	11495.65	19644	0	60
2022.06.13	16:00:00	11496.15	11577.65	11318.60	11419.55	38450	0	60
2022.06.13	20:00:00	11422.10	11468.70	11257.00	11339.65	30902	0	60
2022.06.14	00:00:00	11352.75	11399.50	11319.75	11387.25	7701	0	60
2022.06.14	04:00:00	11387.75	11461.50	11343.90	11440.75	13663	0	60
2022.06.14	08:00:00	11442.25	11509.75	11383.50	11395.00	17935	0	60
2022.06.14	12:00:00	11394.50	11450.50	11331.50	11392.75	19789	0	60
2022.06.14	16:00:00	11389.50	11430.50	11245.50	11332.25	37960	0	60
2022.06.14	20:00:00	11331.75	11430.25	11212.35	11337.25	28432	0	60
2022.06.15	00:00:00	11354.30	11425.45	11337.80	11380.55	6976	0	60
2022.06.15	04:00:00	11380.80	11423.45	11351.80	11358.05	11089	0	60
2022.06.15	08:00:00	11359.05	11434.10	11334.80	11401.60	19545	0	60
2022.06.15	12:00:00	11401.60	11489.10	11373.10	11467.85	18057	0	60
2022.06.15	16:00:00	11468.10	11547.25	11433.10	11465.35	33542	0	60
2022.06.15	20:00:00	11465.85	11767.10	11348.10	11608.45	33746	0	60
2022.06.16	00:00:00	11634.15	11711.50	11631.50	11704.25	7233	0	60
2022.06.16	04:00:00	11704.00	11745.25	11613.50	11615.50	13411	0	60
2022.06.16	08:00:00	11614.10	11621.50	11269.85	11270.00	23668	0	60
2022.06.16	12:00:00	11270.25	11384.80	11241.75	11330.75	24039	0	60
2022.06.16	16:00:00	11333.25	11347.75	11102.00	11167.00	37088	0	0
2022.06.16	20:00:00	11168.50	11207.25	11042.00	11170.00	30833	0	60
2022.06.17	00:00:00	11191.60	11202.60	11135.85	11175.10	9401	0	60
2022.06.17	04:00:00	11175.35	11259.85	11168.35	11253.35	15348	0	60
2022.06.17	08:00:00	11253.60	11276.10	11169.10	11239.10	21008	0	60
2022.06.17	12:00:00	11238.35	11294.25	11203.85	11214.10	18183	0	60
2022.06.17	16:00:00	11212.60	11320.65	11094.45	11266.55	39588	0	60
2022.06.17	20:00:00	11265.30	11370.30	11244.15	11279.05	30043	0	60
2022.06.20	00:00:00	11332.45	11413.45	11308.70	11325.95	9980	0	60
2022.06.20	04:00:00	11326.20	11365.20	11250.95	11321.20	16032	0	60
2022.06.20	08:00:00	11320.70	11373.95	11305.20	11364.45	15832	0	60
2022.06.20	12:00:00	11364.70	11378.20	11339.95	11343.95	11275	0	60
2022.06.20	16:00:00	11344.20	11407.85	11309.70	11397.45	12638	0	60
2022.06.21	00:00:00	11385.20	11433.70	11374.20	11422.95	7445	0	60
2022.06.21	04:00:00	11422.70	11481.20	11400.95	11466.70	10712	0	60
2022.06.21	08:00:00	11467.70	11521.95	11407.95	11509.20	14173	0	60
2022.06.21	12:00:00	11508.95	11514.45	11417.70	11432.20	12864	0	60
2022.06.21	16:00:00	11431.20	11652.45	11430.70	11602.80	31346	0	60
2022.06.21	20:00:00	11603.05	11616.80	11535.80	11564.45	22615	0	60
2022.06.22	00:00:00	11539.00	11553.25	11496.60	11507.50	6223	0	60
2022.06.22	04:00:00	11507.75	11518.25	11423.50	11446.50	11693	0	60
2022.06.22	08:00:00	11447.25	11461.75	11296.65	11330.15	17530	0	60
2022.06.22	12:00:00	11329.90	11404.40	11327.15	11392.00	14732	0	60
2022.06.22	16:00:00	11391.75	11720.95	11365.15	11628.45	36254	0	60
2022.06.22	20:00:00	11628.70	11693.35	11515.05	11518.95	25444	0	60
2022.06.23	00:00:00	11522.10	11579.35	11436.10	11560.85	9062	0	60
2022.06.23	04:00:00	11561.85	11568.85	11465.60	11531.60	15524	0	60
2022.06.23	08:00:00	11531.10	11600.70	11462.20	11561.95	18022	0	60
2022.06.23	12:00:00	11562.20	11680.00	11559.45	11620.00	17076	0	60
2022.06.23	16:00:00	11619.50	11720.00	11518.20	11555.85	37713	0	60
2022.06.23	20:00:00	11555.35	11742.60	11523.35	11665.90	25388	0	60
2022.06.24	00:00:00	11678.95	11710.20	11662.20	11705.20	7280	0	60
2022.06.24	04:00:00	11704.20	11839.70	11698.45	11827.70	12037	0	60
2022.06.24	08:00:00	11827.20	11848.70	11780.70	11815.45	14673	0	60
2022.06.24	12:00:00	11815.70	11839.20	11787.45	11800.35	12020	0	60
2022.06.24	16:00:00	11800.10	12057.60	11796.85	12000.45	31561	0	60
2022.06.24	20:00:00	12000.95	12117.70	11971.95	12082.70	19713	0	60
2022.06.27	00:00:00	12113.45	12129.20	12047.45	12055.95	9102	0	60
2022.06.27	04:00:00	12055.70	12203.45	12054.70	12181.45	12157	0	60
2022.06.27	08:00:00	12181.70	12236.00	12104.05	12193.00	16309	0	60
2022.06.27	12:00:00	12194.00	12201.75	12122.25	12132.85	13547	0	60
2022.06.27	16:00:00	12133.85	12185.50	11994.75	12067.10	34463	0	60
2022.06.27	20:00:00	12066.85	12071.10	11979.00	11992.85	15475	0	60
2022.06.28	00:00:00	12037.65	12070.90	12028.90	12055.90	5088	0	60
2022.06.28	04:00:00	12055.15	12062.65	11946.90	11998.90	11987	0	60
2022.06.28	08:00:00	11999.40	12131.90	11997.40	12085.40	16356	0	60
2022.06.28	12:00:00	12085.65	12101.40	12018.25	12045.65	13095	0	60
2022.06.28	16:00:00	12046.40	12149.30	11734.40	11792.15	35914	0	60
2022.06.28	20:00:00	11791.40	11792.40	11637.90	11648.90	25689	0	60
2022.06.29	00:00:00	11659.95	11681.70	11634.95	11641.70	6491	0	60
2022.06.29	04:00:00	11641.95	11695.20	11637.95	11686.20	10742	0	60
2022.06.29	08:00:00	11686.45	11699.45	11604.45	11658.95	16422	0	60
2022.06.29	12:00:00	11657.45	11698.70	11594.20	11636.20	15887	0	60
2022.06.29	16:00:00	11635.95	11725.45	11541.70	11629.95	37219	0	60
2022.06.29	20:00:00	11630.45	11704.60	11599.20	11672.70	23837	0	60
2022.06.30	00:00:00	11668.30	11674.80	11630.55	11652.55	5132	0	60
2022.06.30	04:00:00	11653.05	11653.30	11609.30	11627.05	10540	0	60
2022.06.30	08:00:00	11625.40	11632.30	11467.80	11500.80	19691	0	60
2022.06.30	12:00:00	11501.30	11556.00	11436.90	11489.50	17463	0	60
2022.06.30	16:00:00	11490.00	11658.50	11327.50	11609.50	36633	0	60
2022.06.30	20:00:00	11610.00	11642.00	11445.10	11501.70	28827	0	60
2022.07.01	00:00:00	11475.85	11531.60	11457.10	11502.85	7932	0	60
2022.07.01	04:00:00	11502.35	11511.85	11357.85	11378.60	15883	0	60
2022.07.01	08:00:00	11378.85	11475.25	11359.60	11463.85	19325	0	60
2022.07.01	12:00:00	11464.85	11502.85	11405.60	11472.50	16939	0	60
2022.07.01	16:00:00	11472.25	11590.85	11378.35	11411.45	37400	0	60
2022.07.01	20:00:00	11410.45	11601.60	11408.10	11589.85	24188	0	60
2022.07.04	00:00:00	11571.90	11590.90	11504.40	11512.15	7644	0	60
2022.07.04	04:00:00	11512.15	11530.30	11478.00	11502.65	13287	0	60
2022.07.04	08:00:00	11502.90	11554.30	11491.15	11509.25	13113	0	60
2022.07.04	12:00:00	11509.00	11557.40	11500.15	11542.15	9626	0	60
2022.07.04	16:00:00	11542.40	11556.15	11508.00	11532.15	9004	0	60
2022.07.05	00:00:00	11568.70	11723.20	11566.95	11672.95	8892	0	60
2022.07.05	04:00:00	11672.95	11679.45	11625.20	11649.70	12146	0	60
2022.07.05	08:00:00	11649.45	11678.70	11497.80	11503.60	16073	0	60
2022.07.05	12:00:00	11505.10	11535.05	11407.80	11414.95	17096	0	60
2022.07.05	16:00:00	11414.20	11623.70	11363.80	11560.20	38321	0	60
2022.07.05	20:00:00	11560.95	11789.45	11556.95	11787.20	26172	0	60
2022.07.06	00:00:00	11800.70	11835.55	11749.80	11826.05	7820	0	60
2022.07.06	04:00:00	11825.80	11848.55	11752.15	11773.55	13409	0	60
2022.07.06	08:00:00	11774.70	11838.05	11706.80	11745.80	18231	0	60
2022.07.06	12:00:00	11746.45	11799.45	11704.55	11784.95	15549	0	60
2022.07.06	16:00:00	11784.45	11857.55	11729.40	11797.55	36101	0	60
2022.07.06	20:00:00	11798.05	11948.80	11767.15	11873.95	27048	0	60
2022.07.07	00:00:00	11880.60	11884.95	11837.45	11859.20	6172	0	60
2022.07.07	04:00:00	11858.45	11890.95	11811.95	11889.95	13170	0	60
2022.07.07	08:00:00	11890.45	11936.45	11869.70	11911.70	14690	0	60
2022.07.07	12:00:00	11907.20	11924.20	11865.20	11903.95	13921	0	60
2022.07.07	16:00:00	11904.20	12082.10	11887.70	12076.45	30039	0	60
2022.07.07	20:00:00	12076.70	12122.95	12053.95	12112.95	10565	0	60
2022.07.08	00:00:00	12093.30	12098.05	12067.65	12094.55	6239	0	60
2022.07.08	04:00:00	12095.05	12105.70	12040.55	12070.05	13487	0	60
2022.07.08	08:00:00	12069.80	12089.05	12036.80	12050.05	12989	0	60
2022.07.08	12:00:00	12050.30	12098.65	11927.90	11985.40	16055	0	60
2022.07.08	16:00:00	11987.15	12186.70	11952.65	12034.80	33694	0	60
2022.07.08	20:00:00	12035.55	12164.80	12014.80	12134.75	21907	0	60
2022.07.11	00:00:00	12103.50	12106.40	12069.65	12093.40	7570	0	60
2022.07.11	04:00:00	12093.65	12093.65	12000.65	12012.40	12993	0	60
2022.07.11	08:00:00	12012.15	12051.65	11971.25	12034.15	15237	0	60
2022.07.11	12:00:00	12033.40	12060.90	12013.00	12044.90	11601	0	60
2022.07.11	16:00:00	12044.15	12052.30	11830.50	11905.90	31741	0	60
2022.07.11	20:00:00	11906.15	11980.40	11833.75	11884.40	21366	0	60
2022.07.12	00:00:00	11866.65	11885.40	11785.90	11790.40	6552	0	60
2022.07.12	04:00:00	11791.65	11810.90	11765.80	11783.65	12282	0	60
2022.07.12	08:00:00	11783.40	11802.30	11736.15	11794.15	15359	0	60
2022.07.12	12:00:00	11793.90	11901.85	11772.65	11884.35	15678	0	60
2022.07.12	16:00:00	11884.10	12000.75	11782.20	11891.08	35123	0	60
2022.07.12	20:00:00	11891.33	11918.73	11688.93	11755.83	23491	0	64
2022.07.13	00:00:00	11755.28	11782.38	11747.73	11776.13	3830	0	64
2022.07.13	04:00:00	11777.13	11797.88	11753.88	11784.88	11200	0	64
2022.07.13	08:00:00	11785.13	11822.53	11749.13	11812.88	15400	0	64
2022.07.13	12:00:00	11812.23	11942.73	11459.13	11540.63	16713	0	64
2022.07.13	16:00:00	11540.38	11810.48	11501.73	11797.48	39581	0	64
2022.07.13	20:00:00	11797.73	11832.38	11706.88	11708.63	27053	0	64
2022.07.14	00:00:00	11706.48	11706.73	11643.48	11674.23	7990	0	64
2022.07.14	04:00:00	11674.48	11743.98	11669.23	11729.98	11860	0	64
2022.07.14	08:00:00	11729.73	11740.73	11580.98	11609.48	18421	0	64
2022.07.14	12:00:00	11609.23	11664.98	11588.98	11636.48	20087	0	64
2022.07.14	16:00:00	11635.73	11691.33	11488.43	11626.93	37009	0	64
2022.07.14	20:00:00	11627.43	11810.33	11605.78	11786.43	25145	0	64
2022.07.15	00:00:00	11791.18	11843.68	11784.78	11790.58	7331	0	64
2022.07.15	04:00:00	11790.33	11835.43	11779.68	11815.43	11896	0	64
2022.07.15	08:00:00	11815.93	11828.83	11739.53	11808.83	16437	0	64
2022.07.15	12:00:00	11809.58	11882.83	11716.43	11868.93	16482	0	64
2022.07.15	16:00:00	11868.43	11975.68	11830.58	11929.83	33730	0	64
2022.07.15	20:00:00	11930.33	11997.33	11924.93	11990.83	18265	0	64
2022.07.18	00:00:00	12025.08	12042.23	12004.58	12013.98	5710	0	64
2022.07.18	04:00:00	12014.48	12083.98	12013.83	12078.83	9261	0	64
2022.07.18	08:00:00	12079.33	12155.23	12066.58	12147.73	13892	0	64
2022.07.18	12:00:00	12147.23	12149.48	12078.68	12102.23	11622	0	64
2022.07.18	16:00:00	12101.98	12160.31	12065.41	12118.66	30188	0	64
2022.07.18	20:00:00	12118.41	12124.81	11835.81	11886.66	25364	0	68
2022.07.19	00:00:00	11881.91	11921.81	11878.16	11903.41	5982	0	68
2022.07.19	04:00:00	11903.66	11929.66	11884.91	11888.16	8801	0	68
2022.07.19	08:00:00	11888.41	11944.91	11865.26	11932.66	14665	0	68
2022.07.19	12:00:00	11932.91	12008.81	11929.91	11998.51	13071	0	68
2022.07.19	16:00:00	11998.01	12185.81	11971.06	12183.91	29311	0	68
2022.07.19	20:00:00	12183.66	12303.96	12161.51	12294.71	21365	0	68
2022.07.20	00:00:00	12297.11	12326.86	12274.96	12311.96	5642	0	68
2022.07.20	04:00:00	12311.71	12334.71	12294.21	12318.21	8124	0	68
2022.07.20	08:00:00	12317.96	12318.46	12252.71	12276.21	14876	0	68
2022.07.20	12:00:00	12275.96	12299.96	12212.46	12243.96	15741	0	68
2022.07.20	16:00:00	12243.46	12493.11	12233.56	12435.86	31733	0	68
2022.07.20	20:00:00	12435.36	12476.06	12334.06	12401.96	27474	0	68
2022.07.21	00:00:00	12415.26	12425.26	12388.01	12418.26	6090	0	68
2022.07.21	04:00:00	12417.76	12434.01	12368.06	12421.01	10401	0	68
2022.07.21	08:00:00	12420.26	12467.01	12382.76	12413.76	17070	0	68
2022.07.21	12:00:00	12413.51	12533.66	12405.61	12501.86	17164	0	33
2022.07.21	16:00:00	12502.11	12595.86	12349.36	12583.01	36334	0	68
2022.07.21	20:00:00	12583.51	12630.76	12521.51	12538.26	24720	0	68
2022.07.22	00:00:00	12524.16	12536.41	12505.66	12529.16	5355	0	68
2022.07.22	04:00:00	12529.41	12546.16	12507.66	12515.16	8660	0	68
2022.07.22	08:00:00	12514.91	12552.76	12499.91	12543.76	14461	0	68
2022.07.22	12:00:00	12543.01	12592.66	12539.01	12572.66	13139	0	68
2022.07.22	16:00:00	12573.16	12671.81	12382.66	12403.41	34666	0	68
2022.07.22	20:00:00	12403.91	12404.31	12321.16	12349.16	15846	0	68
2022.07.25	00:00:00	12388.01	12415.41	12370.01	12372.01	6908	0	68
2022.07.25	04:00:00	12371.01	12405.41	12364.26	12395.01	9894	0	68
2022.07.25	08:00:00	12393.26	12450.01	12369.51	12437.26	12742	0	68
2022.07.25	12:00:00	12437.01	12479.26	12419.36	12431.76	12254	0	68
2022.07.25	16:00:00	12431.51	12439.16	12269.74	12358.79	33235	0	68
2022.07.25	20:00:00	12359.04	12375.69	12247.19	12312.29	23150	0	72
2022.07.26	00:00:00	12287.84	12293.84	12256.84	12269.84	5437	0	72
2022.07.26	04:00:00	12270.09	12299.74	12267.24	12289.09	8385	0	72
2022.07.26	08:00:00	12288.09	12311.84	12276.14	12292.59	10298	0	72
2022.07.26	12:00:00	12292.84	12314.49	12245.94	12260.44	13151	0	72
2022.07.26	16:00:00	12260.19	12277.24	12086.94	12120.09	31147	0	72
2022.07.26	20:00:00	12120.34	12165.24	12053.74	12163.09	23018	0	72
2022.07.27	00:00:00	12220.84	12288.49	12218.44	12259.34	8371	0	72
2022.07.27	04:00:00	12259.59	12284.84	12238.84	12279.59	7562	0	72
2022.07.27	08:00:00	12279.34	12312.09	12249.84	12292.59	10966	0	72
2022.07.27	12:00:00	12292.84	12300.09	12244.94	12278.34	10465	0	72
2022.07.27	16:00:00	12278.84	12455.09	12257.94	12410.09	27074	0	72
2022.07.27	20:00:00	12410.34	12672.04	12386.59	12563.14	29095	0	72
2022.07.28	00:00:00	12561.89	12573.89	12533.89	12545.14	5634	0	72
2022.07.28	04:00:00	12545.39	12566.39	12535.64	12548.64	8111	0	72
2022.07.28	08:00:00	12548.89	12563.89	12479.14	12484.89	12359	0	72
2022.07.28	12:00:00	12484.39	12605.99	12463.89	12561.14	13732	0	72
2022.07.28	16:00:00	12560.89	12677.39	12429.99	12625.39	34311	0	72
2022.07.28	20:00:00	12625.64	12929.14	12605.64	12897.14	25200	0	72
2022.07.29	00:00:00	12865.59	12880.09	12852.59	12864.84	6299	0	72
2022.07.29	04:00:00	12864.59	12903.59	12861.09	12880.09	8354	0	72
2022.07.29	08:00:00	12879.84	12919.34	12833.44	12853.34	14002	0	72
2022.07.29	12:00:00	12853.09	12878.09	12783.59	12815.34	14030	0	72
2022.07.29	16:00:00	12815.59	12909.94	12725.09	12876.59	33477	0	72
2022.07.29	20:00:00	12875.84	12988.34	12862.34	12953.34	19602	0	72
2022.08.01	00:00:00	12921.89	12930.39	12889.99	12898.39	7344	0	72
2022.08.01	04:00:00	12899.14	12918.14	12888.64	12908.89	8387	0	72
2022.08.01	08:00:00	12908.64	12948.64	12885.14	12901.89	10896	0	72
2022.08.01	12:00:00	12902.14	12968.64	12883.39	12883.39	10892	0	72
2022.08.01	16:00:00	12883.14	13089.24	12833.64	12992.14	33266	0	62
2022.08.01	20:00:00	12991.89	12991.89	12879.64	12958.64	24755	0	72
2022.08.02	00:00:00	12942.49	12957.74	12904.74	12906.24	6099	0	72
2022.08.02	04:00:00	12905.49	12911.74	12866.74	12887.99	10412	0	72
2022.08.02	08:00:00	12887.24	12901.24	12826.24	12841.24	14470	0	72
2022.08.02	12:00:00	12841.49	12862.99	12798.74	12834.24	13196	0	72
2022.08.02	16:00:00	12833.99	13078.97	12803.89	13056.47	34213	0	72
2022.08.02	20:00:00	13055.72	13058.72	12868.97	12899.72	27121	0	66
2022.08.03	00:00:00	12903.07	12917.32	12850.32	12870.57	7150	0	76
2022.08.03	04:00:00	12870.82	12929.07	12868.57	12906.57	10806	0	76
2022.08.03	08:00:00	12907.32	12937.07	12875.82	12916.57	13584	0	76
2022.08.03	12:00:00	12916.82	12999.47	12911.82	12982.57	13007	0	30
2022.08.03	16:00:00	12982.82	13258.07	12971.67	13239.07	31910	0	76
2022.08.03	20:00:00	13239.32	13291.32	13224.57	13235.07	21648	0	76
2022.08.04	00:00:00	13215.87	13247.12	13208.62	13245.87	4586	0	76
2022.08.04	04:00:00	13245.62	13251.62	13209.87	13224.12	7877	0	76
2022.08.04	08:00:00	13223.62	13252.87	13208.87	13235.37	11656	0	76
2022.08.04	12:00:00	13235.62	13334.87	13225.37	13297.62	14745	0	76
2022.08.04	16:00:00	13297.37	13317.67	13163.52	13228.62	34693	0	76
2022.08.04	20:00:00	13228.87	13326.77	13228.37	13307.62	20628	0	76
2022.08.05	00:00:00	13303.07	13331.82	13296.07	13324.57	4276	0	76
2022.08.05	04:00:00	13324.82	13363.97	13322.07	13350.82	6959	0	76
2022.08.05	08:00:00	13351.07	13351.82	13292.32	13303.32	9483	0	76
2022.08.05	12:00:00	13303.57	13329.42	13098.52	13116.67	13642	0	76
2022.08.05	16:00:00	13114.67	13289.17	13065.27	13179.37	35109	0	76
2022.08.05	20:00:00	13179.12	13221.72	13126.27	13196.77	23531	0	30
2022.08.08	00:00:00	13177.42	13186.12	13148.22	13174.30	9575	0	30
2022.08.08	04:00:00	13174.08	13214.53	13162.53	13212.53	12483	0	30
2022.08.08	08:00:00	13213.12	13285.62	13210.30	13264.82	16135	0	30
2022.08.08	12:00:00	13264.92	13328.72	13244.12	13327.12	13671	0	136
2022.08.08	16:00:00	13326.52	13399.12	13137.50	13175.10	36602	0	56
2022.08.08	20:00:00	13174.60	13211.00	13100.10	13174.10	26314	0	60
2022.08.09	00:00:00	13181.90	13212.60	13170.00	13181.60	6463	0	140
2022.08.09	04:00:00	13182.30	13204.30	13147.30	13196.30	10986	0	140
2022.08.09	08:00:00	13196.20	13202.00	13147.30	13174.20	13901	0	140
2022.08.09	12:00:00	13174.70	13180.70	13056.00	13080.10	17216	0	140
2022.08.09	16:00:00	13079.70	13090.70	12943.40	12963.80	34141	0	60
2022.08.09	20:00:00	12963.60	13038.80	12952.80	13030.00	22918	0	60
2022.08.10	00:00:00	13029.20	13035.10	12992.30	12995.70	5939	0	140
2022.08.10	04:00:00	12995.60	13018.40	12983.50	12999.60	9746	0	140
2022.08.10	08:00:00	12998.90	13070.90	12961.10	13065.50	14568	0	140
2022.08.10	12:00:00	13066.30	13350.00	13025.10	13304.30	16587	0	140
2022.08.10	16:00:00	13303.70	13365.80	13215.10	13318.90	34163	0	60
2022.08.10	20:00:00	13319.90	13384.00	13297.80	13363.00	22219	0	60
2022.08.11	00:00:00	13353.80	13428.80	13346.60	13425.40	5993	0	140
2022.08.11	04:00:00	13425.50	13433.80	13404.80	13412.20	9269	0	140
2022.08.11	08:00:00	13412.10	13457.50	13363.40	13385.60	14841	0	140
2022.08.11	12:00:00	13386.10	13485.90	13377.90	13480.90	16909	0	140
2022.08.11	16:00:00	13481.20	13554.10	13341.40	13401.40	34866	0	60
2022.08.11	20:00:00	13401.90	13421.70	13267.70	13323.20	25635	0	60
2022.08.12	00:00:00	13308.50	13338.90	13292.20	13295.60	6839	0	140
2022.08.12	04:00:00	13296.10	13328.70	13294.60	13321.40	10241	0	140
2022.08.12	08:00:00	13320.60	13387.60	13315.60	13364.70	13360	0	140
2022.08.12	12:00:00	13364.40	13384.90	13322.30	13371.80	14595	0	140
2022.08.12	16:00:00	13371.40	13479.00	13339.40	13459.80	31460	0	60
2022.08.12	20:00:00	13459.50	13560.60	13454.60	13557.20	18939	0	60
2022.08.15	00:00:00	13534.50	13546.00	13519.50	13528.60	7050	0	140
2022.08.15	04:00:00	13528.40	13540.10	13510.00	13526.40	10091	0	140
2022.08.15	08:00:00	13527.30	13538.00	13481.50	13495.50	12318	0	140
2022.08.15	12:00:00	13495.90	13530.50	13475.40	13485.40	13766	0	140
2022.08.15	16:00:00	13485.00	13650.10	13484.00	13645.20	29950	0	60
2022.08.15	20:00:00	13645.70	13685.30	13621.60	13658.70	19865	0	60
2022.08.16	00:00:00	13650.40	13666.00	13638.30	13640.80	5656	0	140
2022.08.16	04:00:00	13640.60	13661.80	13626.70	13650.40	9953	0	80
2022.08.16	08:00:00	13650.30	13667.10	13606.20	13654.80	13853	0	140
2022.08.16	12:00:00	13655.10	13661.30	13608.40	13626.80	14415	0	140
2022.08.16	16:00:00	13626.50	13667.30	13506.50	13631.60	31337	0	60
2022.08.16	20:00:00	13632.90	13722.30	13563.60	13636.30	23513	0	60
2022.08.17	00:00:00	13625.00	13647.20	13617.10	13631.80	6260	0	140
2022.08.17	04:00:00	13631.90	13635.10	13615.30	13631.60	10252	0	140
2022.08.17	08:00:00	13631.80	13647.80	13553.50	13559.60	14901	0	140
2022.08.17	12:00:00	13559.50	13576.70	13482.90	13497.40	18806	0	140
2022.08.17	16:00:00	13496.30	13541.60	13384.90	13457.00	32756	0	60
2022.08.17	20:00:00	13457.20	13595.10	13435.90	13488.40	27121	0	60
2022.08.18	00:00:00	13464.60	13471.50	13417.20	13432.70	6819	0	140
2022.08.18	04:00:00	13432.50	13458.40	13430.60	13440.60	9922	0	140
2022.08.18	08:00:00	13440.70	13456.70	13388.70	13454.40	15784	0	140
2022.08.18	12:00:00	13454.50	13534.30	13451.00	13495.30	16555	0	140
2022.08.18	16:00:00	13495.60	13556.20	13399.90	13492.60	32352	0	60
2022.08.18	20:00:00	13491.90	13551.70	13482.00	13516.90	21744	0	60
2022.08.19	00:00:00	13502.10	13511.70	13472.60	13479.20	5273	0	140
2022.08.19	04:00:00	13478.80	13497.60	13466.50	13469.70	9725	0	140
2022.08.19	08:00:00	13469.90	13472.10	13348.50	13374.40	16936	0	140
2022.08.19	12:00:00	13373.90	13398.60	13335.50	13358.50	17878	0	140
2022.08.19	16:00:00	13357.50	13402.40	13228.50	13277.60	30145	0	60
2022.08.19	20:00:00	13277.90	13291.20	13211.20	13231.50	21214	0	60
2022.08.22	00:00:00	13172.60	13193.30	13159.30	13168.10	8222	0	140
2022.08.22	04:00:00	13167.80	13204.40	13165.10	13172.30	10864	0	140
2022.08.22	08:00:00	13172.50	13179.20	13035.60	13053.10	18386	0	140
2022.08.22	12:00:00	13052.60	13075.00	13029.20	13045.90	17116	0	140
2022.08.22	16:00:00	13047.10	13073.20	12927.90	12959.80	30025	0	60
2022.08.22	20:00:00	12959.60	12961.90	12858.80	12915.70	21082	0	60
2022.08.23	00:00:00	12908.10	12939.70	12905.90	12909.70	6674	0	140
2022.08.23	04:00:00	12910.30	12930.60	12897.40	12899.90	10986	0	140
2022.08.23	08:00:00	12899.10	12946.60	12806.20	12922.40	19369	0	140
2022.08.23	12:00:00	12922.50	12935.40	12880.50	12882.50	16749	0	140
2022.08.23	16:00:00	12883.60	13000.70	12849.00	12916.40	33589	0	60
2022.08.23	20:00:00	12916.90	12944.40	12865.60	12871.40	22439	0	60
2022.08.24	00:00:00	12876.00	12892.10	12863.40	12868.50	6164	0	140
2022.08.24	04:00:00	12868.40	12871.00	12815.20	12857.50	12233	0	140
2022.08.24	08:00:00	12857.20	12901.90	12809.10	12893.50	17915	0	140
2022.08.24	12:00:00	12893.10	12921.10	12855.50	12889.30	16675	0	140
2022.08.24	16:00:00	12889.40	12995.90	12837.70	12930.80	30356	0	60
2022.08.24	20:00:00	12931.30	12957.10	12896.50	12940.60	20279	0	60
2022.08.25	00:00:00	12934.80	12951.20	12909.50	12948.20	5664	0	140
2022.08.25	04:00:00	12948.10	12969.60	12943.50	12965.70	9357	0	140
2022.08.25	08:00:00	12966.70	13068.80	12958.10	13043.30	16659	0	140
2022.08.25	12:00:00	13042.80	13048.20	12969.90	12990.90	17678	0	140
2022.08.25	16:00:00	12990.60	13105.00	12946.60	13016.30	31421	0	60
2022.08.25	20:00:00	13015.70	13147.50	13008.90	13127.70	20860	0	60
2022.08.26	00:00:00	13135.40	13147.30	13115.70	13136.40	6259	0	140
2022.08.26	04:00:00	13136.10	13144.60	13122.70	13125.00	8948	0	140
2022.08.26	08:00:00	13125.60	13131.80	13073.50	13084.40	15018	0	140
2022.08.26	12:00:00	13085.40	13151.80	13055.80	13143.40	17349	0	140
2022.08.26	16:00:00	13143.70	13205.40	12747.10	12792.60	37565	0	70
2022.08.26	20:00:00	12790.60	12807.90	12567.90	12570.80	25571	0	60
2022.08.29	00:00:00	12480.30	12494.30	12395.50	12405.10	13062	0	150
2022.08.29	04:00:00	12404.80	12480.60	12391.50	12456.10	15385	0	140
2022.08.29	08:00:00	12455.70	12522.00	12422.00	12441.20	20149	0	140
2022.08.29	12:00:00	12441.70	12507.30	12436.70	12483.10	18659	0	150
2022.08.29	16:00:00	12483.30	12598.20	12437.80	12549.60	35008	0	60
2022.08.29	20:00:00	12550.40	12593.80	12469.40	12490.90	24517	0	60
2022.08.30	00:00:00	12497.80	12525.80	12472.10	12496.80	7290	0	140
2022.08.30	04:00:00	12496.10	12553.70	12473.20	12538.80	13904	0	140
2022.08.30	08:00:00	12538.70	12646.30	12517.50	12620.90	18911	0	140
2022.08.30	12:00:00	12621.40	12639.00	12547.70	12550.10	17875	0	140
2022.08.30	16:00:00	12550.00	12574.90	12258.80	12303.80	36551	0	60
2022.08.30	20:00:00	12303.70	12374.00	12237.10	12350.40	27147	0	60
2022.08.31	00:00:00	12346.10	12401.30	12335.90	12393.60	6905	0	140
2022.08.31	04:00:00	12392.90	12463.10	12385.20	12441.40	11370	0	140
2022.08.31	08:00:00	12441.80	12462.80	12356.00	12381.80	18626	0	140
2022.08.31	12:00:00	12381.70	12461.60	12349.30	12444.40	22079	0	200
2022.08.31	16:00:00	12444.30	12500.70	12291.30	12335.50	37332	0	70
2022.08.31	20:00:00	12334.70	12376.40	12266.50	12290.70	26699	0	60
2022.09.01	00:00:00	12277.20	12281.00	12111.30	12137.60	11664	0	140
2022.09.01	04:00:00	12138.10	12176.60	12121.20	12148.90	13755	0	140
2022.09.01	08:00:00	12149.10	12173.80	12101.00	12127.80	21195	0	140
2022.09.01	12:00:00	12128.70	12223.90	12104.00	12165.50	21525	0	170
2022.09.01	16:00:00	12164.00	12211.30	12009.50	12029.50	36073	0	70
2022.09.01	20:00:00	12029.70	12289.90	12022.60	12282.60	28563	0	70
2022.09.02	00:00:00	12299.20	12309.10	12264.60	12282.00	7849	0	140
2022.09.02	04:00:00	12281.40	12301.00	12245.40	12290.90	11796	0	140
2022.09.02	08:00:00	12291.40	12304.90	12234.10	12293.50	19018	0	140
2022.09.02	12:00:00	12292.40	12393.10	12230.50	12354.50	20579	0	150
2022.09.02	16:00:00	12354.40	12454.20	12193.10	12228.70	37340	0	60
2022.09.02	20:00:00	12227.50	12227.50	12034.60	12125.30	30742	0	70
2022.09.05	00:00:00	12082.70	12142.00	12048.30	12102.70	10017	0	140
2022.09.05	04:00:00	12101.80	12129.30	12078.40	12109.10	14195	0	140
2022.09.05	08:00:00	12109.20	12134.10	12060.90	12095.50	18398	0	140
2022.09.05	12:00:00	12095.70	12115.90	12049.70	12089.20	15932	0	140
2022.09.05	16:00:00	12089.90	12161.40	12088.50	12132.20	14951	0	60
2022.09.06	00:00:00	12117.20	12223.30	12106.90	12211.00	9214	0	140
2022.09.06	04:00:00	12214.20	12228.10	12150.10	12153.60	13161	0	140
2022.09.06	08:00:00	12154.00	12238.80	12143.30	12205.40	18073	0	140
2022.09.06	12:00:00	12205.50	12230.20	12138.30	12163.30	18611	0	160
2022.09.06	16:00:00	12164.30	12182.80	11925.40	12053.80	38555	0	70
2022.09.06	20:00:00	12052.20	12061.10	11959.50	12014.20	29778	0	70
2022.09.07	00:00:00	12016.10	12029.50	11917.60	11946.70	8634	0	140
2022.09.07	04:00:00	11946.10	11982.10	11927.90	11976.60	13933	0	140
2022.09.07	08:00:00	11976.90	12071.70	11965.10	12056.00	19284	0	140
2022.09.07	12:00:00	12056.30	12057.20	11971.60	12006.60	18969	0	150
2022.09.07	16:00:00	12005.90	12165.40	12000.00	12150.00	35280	0	60
2022.09.07	20:00:00	12149.80	12272.30	12141.10	12262.30	15576	0	60
2022.09.08	00:00:00	12271.00	12279.40	12241.90	12270.80	6631	0	140
2022.09.08	04:00:00	12270.60	12287.00	12252.10	12280.60	10672	0	140
2022.09.08	08:00:00	12280.30	12324.50	12217.20	12259.90	17598	0	140
2022.09.08	12:00:00	12259.10	12285.50	12169.10	12174.70	19395	0	140
2022.09.08	16:00:00	12174.90	12376.10	12111.30	12225.40	38454	0	70
2022.09.08	20:00:00	12225.90	12344.50	12192.50	12343.00	28572	0	70
2022.09.09	00:00:00	12335.10	12395.00	12326.40	12385.10	4976	0	140
2022.09.09	04:00:00	12385.00	12411.20	12357.20	12404.20	8464	0	140
2022.09.09	08:00:00	12403.70	12451.30	12352.80	12447.50	14934	0	140
2022.09.09	12:00:00	12447.70	12477.80	12424.40	12442.00	14789	0	140
2022.09.09	16:00:00	12441.70	12576.90	12403.00	12569.80	33177	0	60
2022.09.09	20:00:00	12571.80	12609.10	12553.30	12586.80	20524	0	60
2022.09.12	00:00:00	12669.70	12675.80	12598.50	12609.60	5594	0	140
2022.09.12	04:00:00	12609.90	12615.70	12571.30	12580.20	8309	0	140
2022.09.12	08:00:00	12580.40	12683.10	12579.40	12681.10	15824	0	140
2022.09.12	12:00:00	12680.90	12693.00	12606.50	12639.30	16046	0	140
2022.09.12	16:00:00	12639.70	12754.20	12625.30	12712.00	33170	0	60
2022.09.12	20:00:00	12712.20	12770.30	12679.00	12766.70	24370	0	60
2022.09.13	00:00:00	12765.40	12767.60	12746.90	12754.40	5166	0	140
2022.09.13	04:00:00	12754.00	12762.70	12733.10	12743.10	9013	0	140
2022.09.13	08:00:00	12743.20	12806.50	12737.10	12790.80	14333	0	140
2022.09.13	12:00:00	12790.00	12880.05	12373.90	12373.90	18860	0	95
2022.09.13	16:00:00	12372.40	12421.80	12178.90	12209.70	37741	0	60
2022.09.13	20:00:00	12209.30	12255.50	12003.40	12047.30	28122	0	60
2022.09.14	00:00:00	12029.60	12070.70	12008.20	12026.00	9254	0	140
2022.09.14	04:00:00	12025.90	12073.40	12023.30	12057.90	13245	0	140
2022.09.14	08:00:00	12058.40	12137.10	12015.40	12114.70	19876	0	140
2022.09.14	12:00:00	12114.00	12121.90	11999.80	12079.10	21467	0	160
2022.09.14	16:00:00	12079.20	12170.00	12011.90	12146.00	37955	0	70
2022.09.14	20:00:00	12146.70	12170.20	12012.10	12169.90	28666	0	60
2022.09.15	00:00:00	12156.40	12186.20	12145.10	12159.30	6748	0	140
2022.09.15	04:00:00	12159.40	12178.90	12131.50	12142.50	11443	0	140
2022.09.15	08:00:00	12142.70	12171.30	12122.80	12137.10	14725	0	140
2022.09.15	12:00:00	12137.20	12156.60	12061.90	12100.60	18453	0	140
2022.09.15	16:00:00	12101.40	12152.10	11910.20	11992.00	37057	0	60
2022.09.15	20:00:00	11992.80	12072.00	11931.90	11935.80	17327	0	60
2022.09.16	00:00:00	11834.40	11861.60	11819.20	11834.20	8634	0	140
2022.09.16	04:00:00	11834.30	11850.90	11821.60	11831.70	11474	0	140
2022.09.16	08:00:00	11831.80	11838.30	11778.00	11793.20	16969	0	140
2022.09.16	12:00:00	11793.10	11844.70	11760.80	11764.40	18019	0	140
2022.09.16	16:00:00	11764.80	11841.60	11705.80	11771.50	37774	0	70
2022.09.16	20:00:00	11771.30	11876.40	11732.30	11864.40	28221	0	60
2022.09.19	00:00:00	11855.60	11879.80	11811.30	11868.10	7897	0	140
2022.09.19	04:00:00	11868.50	11874.30	11784.70	11809.10	11410	0	140
2022.09.19	08:00:00	11809.90	11819.60	11738.50	11742.70	15661	0	140
2022.09.19	12:00:00	11742.90	11794.50	11720.10	11776.20	17205	0	150
2022.09.19	16:00:00	11776.90	11905.70	11742.70	11871.10	34561	0	60
2022.09.19	20:00:00	11870.80	11992.30	11826.00	11980.80	25478	0	60
2022.09.20	00:00:00	11972.10	12019.80	11969.20	11987.50	7258	0	140
2022.09.20	04:00:00	11987.20	11988.30	11959.70	11981.70	10378	0	140
2022.09.20	08:00:00	11980.90	12014.90	11901.60	11918.40	16722	0	140
2022.09.20	12:00:00	11918.00	11922.20	11841.40	11865.60	19595	0	150
2022.09.20	16:00:00	11864.80	11952.50	11814.40	11879.80	33472	0	60
2022.09.20	20:00:00	11878.80	11884.10	11760.40	11831.30	16395	0	60
2022.09.21	00:00:00	11861.60	11881.30	11839.50	11871.50	6965	0	140
2022.09.21	04:00:00	11871.60	11877.20	11839.10	11859.40	10100	0	140
2022.09.21	08:00:00	11860.10	11880.20	11791.50	11853.80	20275	0	140
2022.09.21	12:00:00	11853.90	11916.90	11832.40	11904.30	16266	0	140
2022.09.21	16:00:00	11904.00	11939.10	11866.80	11910.40	29640	0	60
2022.09.21	20:00:00	11910.90	12067.80	11576.90	11605.20	32451	0	60
2022.09.22	00:00:00	11602.00	11602.30	11503.50	11511.20	10558	0	140
2022.09.22	04:00:00	11511.50	11560.90	11480.40	11547.90	15704	0	140
2022.09.22	08:00:00	11547.60	11725.70	11527.20	11684.50	22494	0	140
2022.09.22	12:00:00	11683.70	11686.70	11570.10	11647.10	24411	0	180
2022.09.22	16:00:00	11645.90	11651.40	11447.00	11515.20	38319	0	70
2022.09.22	20:00:00	11515.10	11620.60	11458.30	11501.40	29923	0	60
2022.09.23	00:00:00	11507.40	11535.70	11493.70	11517.30	6885	0	140
2022.09.23	04:00:00	11517.00	11520.50	11435.90	11447.80	13079	0	140
2022.09.23	08:00:00	11448.10	11493.80	11406.80	11408.20	19598	0	150
2022.09.23	12:00:00	11407.80	11412.80	11315.30	11346.00	25051	0	200
2022.09.23	16:00:00	11345.70	11417.00	11234.60	11291.60	36486	0	70
2022.09.23	20:00:00	11292.30	11330.10	11166.40	11329.30	28675	0	60
2022.09.26	00:00:00	11253.50	11334.50	11237.80	11244.80	13237	0	160
2022.09.26	04:00:00	11243.80	11303.00	11222.70	11233.80	19709	0	150
2022.09.26	08:00:00	11234.90	11360.20	11195.20	11319.50	24952	0	170
2022.09.26	12:00:00	11320.20	11328.90	11218.20	11322.90	24563	0	210
2022.09.26	16:00:00	11322.00	11476.10	11248.00	11310.30	37609	0	70
2022.09.26	20:00:00	11310.60	11344.70	11228.60	11254.90	30413	0	70
2022.09.27	00:00:00	11247.90	11353.60	11236.50	11344.70	9960	0	140
2022.09.27	04:00:00	11344.90	11358.30	11310.60	11335.90	14879	0	140
2022.09.27	08:00:00	11335.70	11445.80	11322.50	11391.30	20767	0	140
2022.09.27	12:00:00	11391.00	11460.30	11351.30	11410.70	22350	0	190
2022.09.27	16:00:00	11410.10	11505.00	11171.10	11238.70	37853	0	70
2022.09.27	20:00:00	11236.90	11300.50	11179.70	11285.90	29300	0	70
2022.09.28	00:00:00	11303.20	11330.20	11281.40	11299.00	10096	0	140
2022.09.28	04:00:00	11298.70	11313.70	11122.50	11171.70	21690	0	180
2022.09.28	08:00:00	11171.60	11219.70	11107.50	11154.80	25729	0	190
2022.09.28	12:00:00	11155.20	11294.30	11081.40	11260.10	31402	0	220
2022.09.28	16:00:00	11260.80	11450.40	11206.90	11414.40	37529	0	60
2022.09.28	20:00:00	11415.10	11547.00	11397.40	11474.10	26625	0	60
2022.09.29	00:00:00	11485.20	11497.90	11456.00	11473.90	9624	0	140
2022.09.29	04:00:00	11472.70	11491.00	11433.90	11479.50	15215	0	140
2022.09.29	08:00:00	11479.90	11483.60	11293.20	11329.40	25924	0	150
2022.09.29	12:00:00	11328.90	11401.60	11267.50	11302.90	27303	0	220
2022.09.29	16:00:00	11303.70	11349.20	11093.10	11123.00	37343	0	70
2022.09.29	20:00:00	11122.70	11194.10	11032.70	11170.60	28663	0	70
2022.09.30	00:00:00	11176.80	11216.30	11149.30	11175.70	11127	0	140
2022.09.30	04:00:00	11176.40	11212.90	11122.80	11156.90	18832	0	170
2022.09.30	08:00:00	11157.20	11292.20	11154.10	11283.90	24891	0	160
2022.09.30	12:00:00	11284.70	11286.30	11109.90	11184.10	27207	0	220
2022.09.30	16:00:00	11183.30	11297.60	11088.30	11167.60	37091	0	70
2022.09.30	20:00:00	11167.20	11178.30	10966.70	10991.60	28836	0	70
2022.10.03	00:00:00	10937.80	10992.60	10833.90	10850.30	13468	0	170
2022.10.03	04:00:00	10850.50	10967.00	10849.40	10918.90	17952	0	170
2022.10.03	08:00:00	10918.40	11003.60	10895.50	10923.90	24416	0	190
2022.10.03	12:00:00	10923.60	11069.30	10886.80	11048.30	22593	0	200
2022.10.03	16:00:00	11048.00	11179.90	10984.70	11147.40	34944	0	70
2022.10.03	20:00:00	11147.70	11298.70	11145.10	11248.50	25775	0	60
2022.10.04	00:00:00	11257.00	11338.30	11219.30	11321.60	11139	0	140
2022.10.04	04:00:00	11321.40	11363.50	11273.20	11349.90	14851	0	140
2022.10.04	08:00:00	11349.70	11435.00	11344.20	11430.00	21942	0	150
2022.10.04	12:00:00	11430.80	11488.60	11403.50	11450.40	22475	0	190
2022.10.04	16:00:00	11449.90	11611.10	11433.10	11536.00	33583	0	60
2022.10.04	20:00:00	11535.80	11600.60	11460.20	11580.20	27542	0	60
2022.10.05	00:00:00	11567.50	11574.70	11508.80	11522.60	9127	0	140
2022.10.05	04:00:00	11522.90	11549.00	11499.40	11510.60	15468	0	140
2022.10.05	08:00:00	11509.70	11532.20	11445.20	11486.80	20090	0	140
2022.10.05	12:00:00	11486.60	11503.90	11439.30	11448.70	21351	0	180
2022.10.05	16:00:00	11447.80	11504.10	11305.70	11478.70	35239	0	60
2022.10.05	20:00:00	11479.00	11613.40	11475.10	11605.20	16682	0	60
2022.10.06	00:00:00	11561.00	11667.70	11556.10	11644.80	10119	0	140
2022.10.06	04:00:00	11645.00	11652.00	11606.60	11639.20	15638	0	140
2022.10.06	08:00:00	11639.30	11655.40	11506.00	11522.80	22182	0	140
2022.10.06	12:00:00	11522.60	11599.20	11462.10	11559.80	22318	0	180
2022.10.06	16:00:00	11559.30	11660.10	11465.60	11557.50	36294	0	70
2022.10.06	20:00:00	11557.40	11581.50	11450.10	11452.90	27973	0	70
2022.10.07	00:00:00	11446.10	11471.20	11431.10	11456.50	9610	0	140
2022.10.07	04:00:00	11457.30	11506.10	11448.30	11450.70	13702	0	140
2022.10.07	08:00:00	11450.60	11469.90	11395.80	11442.80	20448	0	140
2022.10.07	12:00:00	11443.20	11484.60	11242.60	11294.70	21083	0	150
2022.10.07	16:00:00	11294.50	11318.00	11068.50	11082.90	36287	0	60
2022.10.07	20:00:00	11082.40	11099.60	10989.50	11044.50	27383	0	60
2022.10.10	00:00:00	10977.50	11018.60	10934.00	11001.10	12685	0	190
2022.10.10	04:00:00	11000.70	11028.70	10982.70	11004.70	13603	0	140
2022.10.10	08:00:00	11004.30	11038.60	10940.50	10965.00	27724	0	150
2022.10.10	12:00:00	10965.10	11073.10	10965.10	11071.60	28320	0	170
2022.10.10	16:00:00	11071.10	11078.60	10851.60	10852.30	58814	0	60
2022.10.10	20:00:00	10852.20	11012.40	10822.40	10943.60	45142	0	60
2022.10.11	00:00:00	10937.30	10975.60	10913.60	10958.90	13142	0	140
2022.10.11	04:00:00	10958.20	10973.30	10858.40	10870.80	27174	0	160
2022.10.11	08:00:00	10871.10	10907.60	10798.10	10833.10	36270	0	180
2022.10.11	12:00:00	10833.20	10934.70	10803.10	10887.40	36259	0	220
2022.10.11	16:00:00	10886.90	10984.20	10733.50	10941.40	62423	0	70
2022.10.11	20:00:00	10942.70	10953.70	10712.70	10820.80	49062	0	70
2022.10.12	00:00:00	10814.40	10853.20	10782.30	10836.90	13127	0	140
2022.10.12	04:00:00	10837.00	10873.40	10786.10	10850.10	26545	0	150
2022.10.12	08:00:00	10850.00	10920.70	10821.60	10865.20	39378	0	180
2022.10.12	12:00:00	10864.90	10918.80	10797.60	10832.90	35972	0	200
2022.10.12	16:00:00	10833.70	10890.80	10751.90	10827.80	60879	0	60
2022.10.12	20:00:00	10827.50	10864.20	10776.70	10796.90	44677	0	60
2022.10.13	00:00:00	10808.60	10822.90	10797.00	10818.90	8349	0	140
2022.10.13	04:00:00	10819.10	10824.60	10781.10	10788.20	17732	0	140
2022.10.13	08:00:00	10788.10	10808.80	10749.70	10803.80	25313	0	140
2022.10.13	12:00:00	10802.80	10941.30	10448.30	10489.30	34789	0	140
2022.10.13	16:00:00	10489.10	11059.60	10431.80	10919.30	73185	0	80
2022.10.13	20:00:00	10921.20	11090.50	10920.40	11016.00	49463	0	70
2022.10.14	00:00:00	11022.00	11032.70	10969.00	11007.30	13565	0	140
2022.10.14	04:00:00	11007.10	11131.70	11000.70	11094.80	25630	0	140
2022.10.14	08:00:00	11094.10	11129.30	10953.30	10958.10	34659	0	150
2022.10.14	12:00:00	10958.60	11200.20	10936.00	11167.30	39236	0	200
2022.10.14	16:00:00	11167.20	11172.70	10733.80	10772.40	69863	0	70
2022.10.14	20:00:00	10773.30	10804.70	10679.80	10701.00	45459	0	70
2022.10.17	00:00:00	10726.80	10755.40	10715.60	10740.40	16105	0	140
2022.10.17	04:00:00	10743.60	10757.20	10725.70	10742.30	23652	0	140
2022.10.17	08:00:00	10741.80	10851.90	10740.70	10816.90	31958	0	150
2022.10.17	12:00:00	10816.70	10902.90	10809.40	10897.40	27464	0	170
2022.10.17	16:00:00	10897.60	11083.90	10897.40	11042.60	58626	0	70
2022.10.17	20:00:00	11042.90	11091.70	11024.20	11090.50	41031	0	60
2022.10.18	00:00:00	11113.20	11165.60	11108.70	11152.40	13142	0	140
2022.10.18	04:00:00	11152.30	11310.20	11128.00	11278.90	24259	0	140
2022.10.18	08:00:00	11279.00	11299.00	11205.70	11207.20	31411	0	160
2022.10.18	12:00:00	11206.90	11345.30	11185.50	11338.50	33546	0	200
2022.10.18	16:00:00	11338.20	11378.30	11032.30	11142.70	62214	0	70
2022.10.18	20:00:00	11141.70	11286.90	11029.80	11283.90	51664	0	70
2022.10.19	00:00:00	11271.70	11331.90	11257.70	11299.40	14999	0	140
2022.10.19	04:00:00	11299.90	11327.10	11261.50	11265.10	21314	0	140
2022.10.19	08:00:00	11264.80	11273.50	11124.40	11160.40	32325	0	140
2022.10.19	12:00:00	11160.20	11240.50	11053.60	11079.00	36423	0	200
2022.10.19	16:00:00	11079.70	11232.90	11056.40	11072.00	60283	0	70
2022.10.19	20:00:00	11071.80	11163.60	11003.00	11103.60	46236	0	60
2022.10.20	00:00:00	11084.90	11098.30	10989.90	11010.80	13736	0	140
2022.10.20	04:00:00	11010.30	11054.30	10961.00	11034.10	27661	0	140
2022.10.20	08:00:00	11033.90	11107.30	10981.40	11007.00	35048	0	200
2022.10.20	12:00:00	11007.20	11170.80	11002.80	11036.30	34681	0	170
2022.10.20	16:00:00	11035.50	11281.40	11035.30	11130.30	61370	0	70
2022.10.20	20:00:00	11130.10	11137.00	10996.30	11024.70	46943	0	70
2022.10.21	00:00:00	11007.60	11008.60	10941.80	10982.20	13410	0	140
2022.10.21	04:00:00	10982.70	11016.90	10961.70	10975.10	21589	0	140
2022.10.21	08:00:00	10974.80	11040.60	10931.70	10942.70	28813	0	150
2022.10.21	12:00:00	10943.40	10982.30	10891.80	10937.60	32184	0	200
2022.10.21	16:00:00	10936.90	11212.80	10936.60	11189.80	72793	0	70
2022.10.21	20:00:00	11190.30	11341.00	11180.50	11330.60	40737	0	60
2022.10.24	00:00:00	11455.90	11485.10	11387.70	11400.40	22458	0	170
2022.10.24	04:00:00	11400.50	11404.00	11318.00	11372.90	31053	0	140
2022.10.24	08:00:00	11372.40	11377.50	11215.60	11252.70	41432	0	170
2022.10.24	12:00:00	11252.20	11404.20	11229.50	11358.60	42790	0	220
2022.10.24	16:00:00	11359.60	11409.20	11163.50	11383.80	67114	0	70
2022.10.24	20:00:00	11383.90	11470.70	11329.10	11414.90	41615	0	60
2022.10.25	00:00:00	11412.50	11456.60	11404.60	11443.50	12993	0	140
2022.10.25	04:00:00	11443.80	11448.70	11383.70	11438.80	29672	0	140
2022.10.25	08:00:00	11439.10	11466.00	11417.30	11426.00	32103	0	140
2022.10.25	12:00:00	11425.90	11446.60	11393.40	11430.90	30133	0	160
2022.10.25	16:00:00	11430.70	11659.40	11430.10	11607.80	54994	0	60
2022.10.25	20:00:00	11607.90	11685.70	11494.80	11540.50	43239	0	60
2022.10.26	00:00:00	11432.60	11468.90	11398.10	11404.30	17125	0	140
2022.10.26	04:00:00	11404.60	11462.20	11392.40	11447.20	22280	0	140
2022.10.26	08:00:00	11447.00	11523.70	11431.20	11514.20	31963	0	140
2022.10.26	12:00:00	11514.10	11514.10	11434.60	11461.40	34416	0	180
2022.10.26	16:00:00	11461.20	11656.90	11389.30	11510.40	59663	0	60
2022.10.26	20:00:00	11509.90	11510.10	11368.40	11429.00	47483	0	60
2022.10.27	00:00:00	11377.40	11489.80	11373.20	11444.20	14069	0	140
2022.10.27	04:00:00	11443.70	11469.90	11414.60	11454.70	22460	0	140
2022.10.27	08:00:00	11454.90	11469.90	11381.10	11391.50	30711	0	140
2022.10.27	12:00:00	11391.80	11410.30	11308.40	11389.90	36396	0	160
2022.10.27	16:00:00	11389.40	11416.90	11206.00	11246.80	66352	0	70
2022.10.27	20:00:00	11248.50	11295.40	10884.00	11049.40	48787	0	60
2022.10.28	00:00:00	11092.00	11143.70	11080.80	11101.70	15901	0	150
2022.10.28	04:00:00	11102.10	11146.40	11092.50	11103.20	24974	0	140
2022.10.28	08:00:00	11103.70	11104.20	11019.50	11066.40	33603	0	140
2022.10.28	12:00:00	11067.10	11175.00	11027.60	11106.40	34386	0	160
2022.10.28	16:00:00	11106.10	11489.10	11095.10	11476.50	60626	0	60
2022.10.28	20:00:00	11477.30	11578.50	11471.30	11577.10	37749	0	60
2022.10.31	00:00:00	11525.20	11547.00	11479.30	11491.80	11395	0	140
2022.10.31	04:00:00	11491.90	11538.80	11476.70	11517.80	19194	0	140
2022.10.31	08:00:00	11518.00	11532.80	11441.70	11456.40	22972	0	140
2022.10.31	12:00:00	11456.30	11502.00	11446.10	11461.10	24971	0	140
2022.10.31	16:00:00	11460.10	11479.60	11325.20	11404.40	57402	0	60
2022.10.31	20:00:00	11404.90	11457.10	11375.60	11423.70	41298	0	60
2022.11.01	00:00:00	11408.10	11453.10	11406.30	11441.60	9670	0	140
2022.11.01	04:00:00	11441.40	11459.10	11437.60	11444.00	17679	0	140
2022.11.01	08:00:00	11443.90	11533.00	11442.80	11513.80	26422	0	140
2022.11.01	12:00:00	11514.00	11572.90	11494.90	11561.10	27693	0	150
2022.11.01	16:00:00	11560.60	11578.10	11275.50	11315.40	60542	0	60
2022.11.01	20:00:00	11315.10	11339.40	11247.90	11277.50	40220	0	60
2022.11.02	00:00:00	11289.30	11335.10	11283.70	11330.90	10481	0	140
2022.11.02	04:00:00	11331.10	11349.20	11317.70	11336.20	17939	0	140
2022.11.02	08:00:00	11336.40	11354.60	11301.30	11337.30	21478	0	140
2022.11.02	12:00:00	11337.40	11345.90	11262.20	11298.00	26416	0	150
2022.11.02	16:00:00	11298.80	11307.10	11151.70	11195.50	52380	0	60
2022.11.02	20:00:00	11196.00	11418.20	10869.80	10912.50	55992	0	60
2022.11.03	00:00:00	10881.20	10905.80	10863.00	10905.60	12187	0	140
2022.11.03	04:00:00	10905.80	10949.00	10901.10	10937.80	18466	0	140
2022.11.03	08:00:00	10938.10	10957.80	10858.20	10879.70	27573	0	140
2022.11.03	12:00:00	10878.70	10895.20	10764.60	10766.30	35184	0	160
2022.11.03	16:00:00	10766.10	10850.00	10671.30	10813.80	62131	0	70
2022.11.03	20:00:00	10813.10	10820.00	10684.50	10701.40	39982	0	60
2022.11.04	00:00:00	10671.90	10698.50	10656.60	10696.70	9979	0	140
2022.11.04	04:00:00	10697.40	10745.10	10680.20	10739.40	17886	0	140
2022.11.04	08:00:00	10739.70	10791.80	10713.60	10751.60	29217	0	140
2022.11.04	12:00:00	10751.80	10841.10	10609.20	10836.10	35676	0	150
2022.11.04	16:00:00	10836.30	10938.40	10643.60	10678.90	68763	0	80
2022.11.04	20:00:00	10679.30	10881.10	10627.40	10840.10	46564	0	70
2022.11.07	00:00:00	10775.50	10816.10	10749.20	10806.90	18788	0	140
2022.11.07	04:00:00	10807.00	10854.80	10797.60	10822.00	21550	0	140
2022.11.07	08:00:00	10820.70	10907.90	10777.00	10865.10	30168	0	150
2022.11.07	12:00:00	10865.30	10935.50	10865.30	10889.90	29777	0	150
2022.11.07	16:00:00	10889.70	10933.00	10812.10	10863.30	58159	0	70
2022.11.07	20:00:00	10863.10	11001.90	10861.60	10971.90	36637	0	60
2022.11.08	00:00:00	10974.60	11025.30	10972.70	11004.10	13662	0	140
2022.11.08	04:00:00	11004.00	11004.30	10946.90	10955.30	15255	0	140
2022.11.08	08:00:00	10954.80	11020.50	10917.10	11020.30	25476	0	140
2022.11.08	12:00:00	11020.40	11055.20	10995.70	11043.20	28344	0	140
2022.11.08	16:00:00	11042.40	11194.00	10969.90	11163.30	53731	0	60
2022.11.08	20:00:00	11163.20	11181.60	10891.70	11061.20	47333	0	60
2022.11.09	00:00:00	11055.10	11124.80	11052.10	11084.80	17166	0	140
2022.11.09	04:00:00	11084.50	11109.00	11037.00	11061.30	24403	0	140
2022.11.09	08:00:00	11061.20	11115.60	10995.20	11008.70	29440	0	150
2022.11.09	12:00:00	11008.60	11068.60	10971.50	10984.10	33718	0	170
2022.11.09	16:00:00	10983.50	11013.20	10890.00	10924.40	57487	0	70
2022.11.09	20:00:00	10924.60	10939.60	10788.00	10814.30	42757	0	70
2022.11.10	00:00:00	10812.60	10849.20	10801.30	10833.10	14000	0	140
2022.11.10	04:00:00	10832.50	10857.30	10814.50	10845.30	17604	0	140
2022.11.10	08:00:00	10845.40	10853.40	10806.10	10830.30	24592	0	140
2022.11.10	12:00:00	10830.10	11280.60	10797.30	11271.40	34190	0	160
2022.11.10	16:00:00	11270.40	11465.20	11236.20	11392.20	63293	0	60
2022.11.10	20:00:00	11392.50	11633.80	11391.60	11628.20	43548	0	60
2022.11.11	00:00:00	11620.40	11649.60	11592.10	11595.70	17777	0	140
2022.11.11	04:00:00	11595.40	11686.30	11586.20	11683.90	22879	0	140
2022.11.11	08:00:00	11683.00	11742.80	11669.90	11692.50	33766	0	140
2022.11.11	12:00:00	11692.90	11708.30	11637.30	11667.30	31337	0	160
2022.11.11	16:00:00	11667.50	11746.10	11535.60	11728.90	61320	0	70
2022.11.11	20:00:00	11728.70	11841.30	11726.70	11803.30	40709	0	60
2022.11.14	00:00:00	11764.60	11792.10	11744.60	11761.20	19725	0	140
2022.11.14	04:00:00	11761.40	11776.70	11726.00	11726.20	18431	0	140
2022.11.14	08:00:00	11727.30	11777.20	11718.40	11722.60	24194	0	140
2022.11.14	12:00:00	11722.30	11768.10	11711.90	11737.60	21534	0	140
2022.11.14	16:00:00	11737.80	11817.20	11667.10	11791.90	55900	0	60
2022.11.14	20:00:00	11792.60	11862.90	11694.00	11726.50	40105	0	60
2022.11.15	00:00:00	11736.90	11758.70	11725.90	11752.70	13401	0	140
2022.11.15	04:00:00	11752.80	11791.60	11747.70	11782.10	17876	0	140
2022.11.15	08:00:00	11781.70	11825.90	11779.90	11820.10	26649	0	140
2022.11.15	12:00:00	11819.90	12083.30	11818.60	12039.20	32685	0	140
2022.11.15	16:00:00	12039.40	12042.60	11909.00	11954.10	60025	0	70
2022.11.15	20:00:00	11954.30	11965.90	11730.10	11850.80	56273	0	60
2022.11.16	00:00:00	11822.80	11864.60	11800.30	11836.10	20310	0	140
2022.11.16	04:00:00	11836.20	11890.30	11819.80	11884.40	26498	0	140
2022.11.16	08:00:00	11883.80	11922.90	11864.20	11884.40	27230	0	140
2022.11.16	12:00:00	11885.20	11913.80	11787.00	11792.30	29950	0	150
2022.11.16	16:00:00	11792.00	11819.70	11668.20	11755.20	56471	0	70
2022.11.16	20:00:00	11755.10	11772.45	11674.00	11734.80	40948	0	60
2022.11.17	00:00:00	11738.30	11750.90	11714.70	11721.00	11972	0	140
2022.11.17	04:00:00	11720.80	11737.40	11703.90	11723.40	14975	0	140
2022.11.17	08:00:00	11723.20	11787.80	11674.60	11685.90	26713	0	140
2022.11.17	12:00:00	11686.40	11709.90	11518.30	11522.20	35818	0	150
2022.11.17	16:00:00	11522.40	11723.50	11490.20	11715.50	55630	0	70
2022.11.17	20:00:00	11715.70	11742.10	11593.40	11707.30	40747	0	60
2022.11.18	00:00:00	11710.80	11715.20	11682.30	11695.80	13292	0	140
2022.11.18	04:00:00	11695.90	11713.60	11671.70	11680.10	17567	0	140
2022.11.18	08:00:00	11680.40	11742.60	11637.20	11716.40	26072	0	140
2022.11.18	12:00:00	11716.20	11806.60	11706.60	11797.90	26519	0	140
2022.11.18	16:00:00	11797.40	11807.10	11575.50	11603.00	54803	0	60
2022.11.18	20:00:00	11602.70	11710.70	11596.30	11678.00	38204	0	60
2022.11.21	00:00:00	11700.80	11707.20	11635.30	11641.10	16636	0	140
2022.11.21	04:00:00	11641.40	11659.80	11630.40	11652.80	18050	0	140
2022.11.21	08:00:00	11653.40	11656.90	11590.60	11602.90	24934	0	140
2022.11.21	12:00:00	11603.70	11627.60	11567.40	11625.10	22057	0	140
2022.11.21	16:00:00	11625.50	11671.10	11523.00	11529.30	52225	0	60
2022.11.21	20:00:00	11528.80	11603.80	11527.50	11562.90	38140	0	60
2022.11.22	00:00:00	11565.10	11593.70	11552.50	11574.90	12485	0	140
2022.11.22	04:00:00	11574.60	11587.60	11550.60	11551.90	15515	0	140
2022.11.22	08:00:00	11551.70	11592.00	11495.20	11583.90	25057	0	140
2022.11.22	12:00:00	11583.60	11609.50	11534.50	11605.40	22579	0	140
2022.11.22	16:00:00	11606.40	11640.90	11497.10	11626.50	48860	0	60
2022.11.22	20:00:00	11626.80	11731.60	11617.50	11711.40	32737	0	60
2022.11.23	00:00:00	11715.50	11727.40	11695.30	11701.50	9850	0	140
2022.11.23	04:00:00	11701.10	11714.10	11692.00	11713.10	11874	0	140
2022.11.23	08:00:00	11713.00	11753.60	11699.90	11744.90	18146	0	140
2022.11.23	12:00:00	11745.20	11765.40	11710.40	11730.90	21408	0	140
2022.11.23	16:00:00	11730.60	11862.30	11718.10	11736.80	51097	0	60
2022.11.23	20:00:00	11736.70	11868.70	11728.40	11851.50	39488	0	60
2022.11.24	00:00:00	11857.80	11880.50	11851.30	11873.50	10384	0	140
2022.11.24	04:00:00	11873.80	11877.70	11862.40	11862.90	11037	0	140
2022.11.24	08:00:00	11861.90	11900.20	11850.40	11891.50	16659	0	140
2022.11.24	12:00:00	11891.40	11908.90	11877.60	11895.90	14290	0	140
2022.11.24	16:00:00	11896.10	11901.50	11875.60	11892.20	13195	0	60
2022.11.25	00:00:00	11897.30	11899.80	11877.60	11884.20	8003	0	140
2022.11.25	04:00:00	11883.50	11894.20	11878.80	11881.30	10440	0	140
2022.11.25	08:00:00	11881.70	11892.70	11822.00	11833.40	16914	0	140
2022.11.25	12:00:00	11833.20	11850.50	11790.40	11794.80	18591	0	140
2022.11.25	16:00:00	11794.70	11805.70	11742.50	11763.20	42113	0	60
2022.11.28	00:00:00	11701.40	11724.00	11643.80	11658.50	14802	0	140
2022.11.28	04:00:00	11658.60	11674.00	11635.00	11646.70	14445	0	140
2022.11.28	08:00:00	11647.30	11706.20	11623.90	11628.80	24535	0	140
2022.11.28	12:00:00	11628.50	11691.80	11619.50	11691.20	24929	0	140
2022.11.28	16:00:00	11690.90	11765.30	11640.70	11644.80	52687	0	60
2022.11.28	20:00:00	11645.00	11664.10	11552.80	11605.90	36451	0	60
2022.11.29	00:00:00	11596.20	11614.90	11588.80	11613.30	11412	0	140
2022.11.29	04:00:00	11612.60	11653.50	11609.40	11652.30	14274	0	140
2022.11.29	08:00:00	11652.40	11681.40	11624.90	11634.90	26593	0	140
2022.11.29	12:00:00	11635.00	11660.10	11593.80	11611.80	26253	0	140
2022.11.29	16:00:00	11612.20	11625.60	11443.00	11514.40	54205	0	60
2022.11.29	20:00:00	11514.00	11531.90	11454.70	11497.90	36770	0	60
2022.11.30	00:00:00	11497.20	11521.10	11476.10	11512.10	12182	0	140
2022.11.30	04:00:00	11511.60	11525.80	11505.10	11511.80	13863	0	140
2022.11.30	08:00:00	11511.90	11564.80	11507.50	11540.40	23801	0	140
2022.11.30	12:00:00	11539.90	11573.50	11495.60	11498.00	25941	0	140
2022.11.30	16:00:00	11498.50	11559.40	11477.80	11510.30	52518	0	60
2022.11.30	20:00:00	11510.00	12055.40	11508.40	12044.90	53660	0	60
2022.12.01	00:00:00	12052.80	12059.40	12026.10	12027.60	15474	0	140
2022.12.01	04:00:00	12027.50	12060.70	12005.40	12051.20	18048	0	140
2022.12.01	08:00:00	12051.50	12054.90	11971.40	11993.90	26842	0	140
2022.12.01	12:00:00	11994.40	12110.80	11978.30	12056.40	28388	0	140
2022.12.01	16:00:00	12056.50	12116.60	11923.70	12028.10	58515	0	60
2022.12.01	20:00:00	12027.30	12079.10	11998.40	12023.80	39506	0	60
2022.12.02	00:00:00	12022.10	12026.80	11979.30	11985.50	11630	0	140
2022.12.02	04:00:00	11985.40	12008.80	11983.80	12003.50	14520	0	140
2022.12.02	08:00:00	12004.20	12039.40	11997.40	12037.90	22908	0	140
2022.12.02	12:00:00	12038.20	12048.70	11721.70	11805.10	29074	0	140
2022.12.02	16:00:00	11804.90	11960.90	11770.70	11902.50	56522	0	60
2022.12.02	20:00:00	11904.00	12030.20	11878.50	11963.70	37216	0	60
2022.12.05	00:00:00	11983.80	11993.20	11965.30	11967.80	13642	0	140
2022.12.05	04:00:00	11967.60	11982.30	11967.10	11979.60	10683	0	140
2022.12.05	08:00:00	11979.30	11980.60	11926.50	11963.80	22815	0	140
2022.12.05	12:00:00	11962.90	11981.50	11903.80	11910.30	24770	0	140
2022.12.05	16:00:00	11910.20	11955.80	11801.70	11804.80	53627	0	60
2022.12.05	20:00:00	11804.90	11833.30	11730.80	11796.40	41408	0	60
2022.12.06	00:00:00	11797.50	11827.40	11785.60	11816.00	12280	0	140
2022.12.06	04:00:00	11815.50	11824.50	11778.90	11786.80	16983	0	140
2022.12.06	08:00:00	11786.90	11822.40	11764.70	11798.70	23980	0	140
2022.12.06	12:00:00	11797.90	11829.00	11772.90	11804.00	25012	0	140
2022.12.06	16:00:00	11804.90	11812.90	11560.80	11573.60	56477	0	60
2022.12.06	20:00:00	11573.40	11587.90	11488.80	11554.50	44511	0	60
2022.12.07	00:00:00	11560.50	11581.60	11552.30	11576.80	11626	0	140
2022.12.07	04:00:00	11576.90	11581.10	11559.10	11562.70	14747	0	140
2022.12.07	08:00:00	11563.20	11571.30	11498.00	11512.00	27441	0	140
2022.12.07	12:00:00	11511.50	11527.30	11409.00	11490.40	28277	0	140
2022.12.07	16:00:00	11491.80	11581.80	11426.80	11509.70	59514	0	60
2022.12.07	20:00:00	11509.40	11544.10	11461.60	11487.40	39711	0	60
2022.12.08	00:00:00	11497.10	11503.90	11421.30	11444.30	12573	0	140
2022.12.08	04:00:00	11444.10	11484.20	11441.10	11480.60	13376	0	140
2022.12.08	08:00:00	11480.10	11534.80	11474.00	11518.60	21278	0	140
2022.12.08	12:00:00	11518.80	11584.00	11504.90	11561.50	24298	0	140
2022.12.08	16:00:00	11561.60	11658.00	11464.50	11617.90	55621	0	60
2022.12.08	20:00:00	11618.10	11674.90	11568.30	11628.60	40867	0	60
2022.12.09	00:00:00	11639.80	11652.00	11614.80	11650.50	8456	0	140
2022.12.09	04:00:00	11650.90	11678.20	11650.90	11672.30	10872	0	140
2022.12.09	08:00:00	11672.20	11706.50	11656.80	11662.50	17634	0	140
2022.12.09	12:00:00	11662.80	11725.70	11508.90	11608.40	23696	0	140
2022.12.09	16:00:00	11608.30	11708.90	11541.00	11675.30	58173	0	60
2022.12.09	20:00:00	11674.70	11674.80	11545.70	11552.70	36207	0	60
2022.12.12	00:00:00	11547.30	11558.00	11517.30	11529.80	9680	0	140
2022.12.12	04:00:00	11529.50	11557.70	11520.00	11551.50	8426	0	140
2022.12.12	08:00:00	11551.80	11592.10	11541.80	11588.50	15350	0	140
2022.12.12	12:00:00	11588.70	11609.70	11582.60	11595.00	12072	0	140
2022.12.12	16:00:00	11587.50	11602.70	11525.30	11590.80	51369	0	60
2022.12.12	20:00:00	11590.40	11705.90	11566.60	11687.20	38592	0	60
2022.12.13	00:00:00	11695.30	11711.80	11681.40	11684.10	6611	0	140
2022.12.13	04:00:00	11682.80	11719.40	11672.00	11715.80	9541	0	140
2022.12.13	08:00:00	11715.70	11752.20	11696.80	11731.50	16286	0	140
2022.12.13	12:00:00	11731.90	12203.80	11717.70	12154.60	25947	0	140
2022.12.13	16:00:00	12154.70	12196.60	11716.10	11767.70	72152	0	70
2022.12.13	20:00:00	11768.80	11882.30	11746.00	11831.10	51367	0	70
2022.12.14	00:00:00	11841.70	11872.50	11828.10	11869.20	9840	0	140
2022.12.14	04:00:00	11869.60	11889.20	11854.20	11873.90	10086	0	140
2022.12.14	08:00:00	11874.00	11882.50	11811.30	11830.70	20902	0	140
2022.12.14	12:00:00	11830.90	11853.50	11795.30	11821.90	23145	0	140
2022.12.14	16:00:00	11821.00	11937.30	11798.50	11867.70	53642	0	60
2022.12.14	20:00:00	11868.00	11943.50	11604.20	11767.60	54825	0	60
2022.12.15	00:00:00	11749.80	11774.50	11733.70	11738.80	9929	0	140
2022.12.15	04:00:00	11739.10	11745.20	11712.30	11741.80	11742	0	140
2022.12.15	08:00:00	11742.00	11744.70	11568.70	11597.60	25154	0	140
2022.12.15	12:00:00	11596.60	11614.90	11522.30	11559.20	29437	0	140
2022.12.15	16:00:00	11558.90	11591.50	11330.90	11341.00	60177	0	60
2022.12.15	20:00:00	11342.30	11389.70	11298.50	11346.60	43833	0	60
2022.12.16	00:00:00	11351.90	11362.60	11338.90	11350.20	10190	0	140
2022.12.16	04:00:00	11350.00	11379.90	11322.50	11352.80	13034	0	140
2022.12.16	08:00:00	11352.90	11367.20	11205.10	11245.00	25132	0	140
2022.12.16	12:00:00	11244.80	11313.30	11214.60	11291.80	28997	0	160
2022.12.16	16:00:00	11293.50	11383.40	11179.20	11184.40	61242	0	60
2022.12.16	20:00:00	11184.70	11287.90	11169.50	11210.80	45312	0	60
2022.12.19	00:00:00	11234.10	11276.40	11234.10	11265.90	12025	0	140
2022.12.19	04:00:00	11266.00	11272.50	11225.60	11240.20	11544	0	140
2022.12.19	08:00:00	11240.00	11298.60	11238.20	11270.30	19088	0	140
2022.12.19	12:00:00	11270.60	11304.00	11242.30	11249.10	18679	0	140
2022.12.19	16:00:00	11249.20	11266.10	11075.30	11125.90	57665	0	60
2022.12.19	20:00:00	11126.10	11149.40	11026.40	11075.30	42861	0	60
2022.12.20	00:00:00	11089.00	11122.50	11084.40	11118.50	10141	0	140
2022.12.20	04:00:00	11118.30	11121.70	10939.30	10968.30	30239	0	140
2022.12.20	08:00:00	10967.90	11074.60	10961.80	11060.70	29555	0	140
2022.12.20	12:00:00	11060.50	11082.40	11014.50	11033.00	25440	0	160
2022.12.20	16:00:00	11032.70	11144.10	10962.30	11091.40	59252	0	60
2022.12.20	20:00:00	11092.00	11125.20	11056.20	11083.40	39798	0	60
2022.12.21	00:00:00	11112.60	11158.60	11100.10	11147.20	13470	0	140
2022.12.21	04:00:00	11147.30	11153.00	11102.70	11121.40	14085	0	140
2022.12.21	08:00:00	11121.20	11153.90	11095.30	11146.00	20522	0	140
2022.12.21	12:00:00	11146.10	11147.70	11083.10	11132.90	23183	0	140
2022.12.21	16:00:00	11132.60	11273.70	11077.70	11251.60	57892	0	60
2022.12.21	20:00:00	11251.80	11287.50	11204.90	11252.00	42869	0	60
2022.12.22	00:00:00	11250.70	11272.30	11237.00	11266.10	10212	0	140
2022.12.22	04:00:00	11266.20	11279.30	11262.50	11271.10	10015	0	140
2022.12.22	08:00:00	11271.30	11282.90	11234.40	11237.20	15667	0	140
2022.12.22	12:00:00	11237.40	11237.40	11089.90	11101.40	23083	0	140
2022.12.22	16:00:00	11101.60	11106.70	10815.00	10835.90	59569	0	60
2022.12.22	20:00:00	10836.20	10987.10	10779.50	10945.20	50084	0	60
2022.12.23	00:00:00	10959.00	10971.20	10917.70	10965.80	11714	0	140
2022.12.23	04:00:00	10965.70	10985.40	10956.20	10960.00	12176	0	140
2022.12.23	08:00:00	10960.40	10977.10	10933.60	10949.20	18113	0	140
2022.12.23	12:00:00	10949.90	11049.10	10886.40	10957.30	24973	0	140
2022.12.23	16:00:00	10957.50	11009.90	10823.80	10950.00	59462	0	70
2022.12.23	20:00:00	10950.50	10995.30	10925.70	10977.30	34663	0	60
2022.12.27	00:00:00	11034.20	11089.40	11025.20	11087.20	10515	0	140
2022.12.27	04:00:00	11086.90	11090.50	11061.60	11068.00	8165	0	140
2022.12.27	08:00:00	11068.30	11083.80	11024.30	11051.10	14050	0	140
2022.12.27	12:00:00	11051.90	11060.30	10947.40	10962.40	19235	0	140
2022.12.27	16:00:00	10961.20	10983.60	10803.60	10858.20	57496	0	60
2022.12.27	20:00:00	10858.30	10875.90	10807.50	10824.80	40424	0	60
2022.12.28	00:00:00	10824.50	10846.40	10800.40	10844.80	10524	0	140
2022.12.28	04:00:00	10845.40	10846.50	10819.20	10823.40	10559	0	140
2022.12.28	08:00:00	10823.50	10862.70	10800.60	10819.10	16443	0	140
2022.12.28	12:00:00	10819.00	10860.70	10807.20	10824.90	18497	0	140
2022.12.28	16:00:00	10824.70	10904.20	10680.30	10764.90	60630	0	60
2022.12.28	20:00:00	10765.00	10800.10	10668.40	10692.90	45965	0	60
2022.12.29	00:00:00	10701.10	10715.30	10687.10	10702.00	9626	0	140
2022.12.29	04:00:00	10702.10	10715.50	10691.70	10710.20	9061	0	140
2022.12.29	08:00:00	10710.70	10755.70	10708.00	10748.30	14509	0	140
2022.12.29	12:00:00	10748.00	10813.00	10740.70	10799.60	17902	0	140
2022.12.29	16:00:00	10799.20	10982.80	10766.70	10949.90	55247	0	60
2022.12.29	20:00:00	10950.20	10982.10	10923.00	10942.50	39118	0	60
2022.12.30	00:00:00	10941.00	10945.00	10918.50	10927.40	7376	0	140
2022.12.30	04:00:00	10927.50	10942.70	10906.40	10917.90	9221	0	140
2022.12.30	08:00:00	10917.70	10918.50	10855.90	10904.80	16884	0	140
2022.12.30	12:00:00	10904.90	10923.30	10816.90	10836.60	19179	0	140
2022.12.30	16:00:00	10836.90	10882.50	10769.20	10868.50	51103	0	60
2022.12.30	20:00:00	10869.80	10966.60	10790.90	10953.80	41959	0	60
2023.01.03	00:00:00	11008.50	11022.80	10868.50	10902.30	17021	0	140
2023.01.03	04:00:00	10901.30	10973.70	10892.50	10967.20	16393	0	140
2023.01.03	08:00:00	10967.10	11082.20	10951.00	11082.20	28751	0	140
2023.01.03	12:00:00	11082.50	11085.50	10967.90	11031.30	29967	0	150
2023.01.03	16:00:00	11031.80	11096.90	10765.50	10790.70	58466	0	60
2023.01.03	20:00:00	10789.20	10891.70	10772.10	10859.70	46093	0	60
2023.01.04	00:00:00	10856.60	10903.70	10853.00	10895.90	9275	0	140
2023.01.04	04:00:00	10896.40	10906.10	10871.20	10896.20	9891	0	140
2023.01.04	08:00:00	10896.00	10969.20	10883.70	10921.90	19660	0	140
2023.01.04	12:00:00	10922.10	10965.60	10890.60	10942.70	24509	0	140
2023.01.04	16:00:00	10942.20	10982.90	10782.50	10919.20	61030	0	60
2023.01.04	20:00:00	10919.30	10978.50	10817.60	10893.60	49414	0	60
2023.01.05	00:00:00	10903.80	10921.30	10892.60	10896.10	9239	0	140
2023.01.05	04:00:00	10896.30	10906.10	10850.80	10898.90	11614	0	140
2023.01.05	08:00:00	10898.70	10908.80	10847.50	10899.90	20149	0	140
2023.01.05	12:00:00	10900.40	10961.90	10829.30	10845.20	26195	0	140
2023.01.05	16:00:00	10845.40	10845.40	10731.80	10759.90	59690	0	60
2023.01.05	20:00:00	10759.60	10836.60	10728.00	10759.90	45919	0	60
2023.01.06	00:00:00	10760.10	10790.40	10754.10	10786.10	7355	0	140
2023.01.06	04:00:00	10786.30	10807.10	10765.90	10771.30	9694	0	140
2023.01.06	08:00:00	10771.90	10786.30	10700.50	10725.70	17957	0	140
2023.01.06	12:00:00	10725.60	10890.70	10673.40	10865.40	26727	0	150
2023.01.06	16:00:00	10865.10	10966.10	10690.30	10935.70	62494	0	60
2023.01.06	20:00:00	10936.40	11087.20	10931.40	11026.40	40847	0	60
2023.01.09	00:00:00	11073.50	11082.40	11046.30	11061.00	10489	0	140
2023.01.09	04:00:00	11060.80	11100.40	11060.80	11090.00	8771	0	140
2023.01.09	08:00:00	11089.80	11108.30	11043.30	11087.60	18916	0	140
2023.01.09	12:00:00	11087.70	11118.10	11063.30	11097.00	20339	0	140
2023.01.09	16:00:00	11097.10	11307.10	11093.00	11275.20	57731	0	60
2023.01.09	20:00:00	11275.40	11287.90	11081.30	11103.20	45838	0	60
2023.01.10	00:00:00	11101.90	11107.30	11064.20	11096.10	10131	0	140
2023.01.10	04:00:00	11096.20	11099.20	11046.50	11082.30	12920	0	140
2023.01.10	08:00:00	11082.40	11117.70	11074.30	11111.10	19003	0	140
2023.01.10	12:00:00	11111.00	11128.20	11016.80	11050.10	22149	0	150
2023.01.10	16:00:00	11048.10	11205.70	11040.00	11142.80	59187	0	60
2023.01.10	20:00:00	11143.30	11211.00	11131.80	11203.50	35559	0	60
2023.01.11	00:00:00	11196.40	11223.60	11191.70	11206.40	8815	0	140
2023.01.11	04:00:00	11206.10	11214.00	11193.10	11201.10	9893	0	140
2023.01.11	08:00:00	11201.40	11238.40	11162.20	11226.90	19267	0	140
2023.01.11	12:00:00	11226.80	11250.50	11198.50	11246.30	21510	0	140
2023.01.11	16:00:00	11246.60	11343.10	11214.20	11326.20	52060	0	60
2023.01.11	20:00:00	11326.00	11401.10	11308.40	11395.40	34301	0	60
2023.01.12	00:00:00	11393.10	11398.70	11384.90	11392.10	9397	0	140
2023.01.12	04:00:00	11391.80	11412.70	11383.80	11403.90	9812	0	140
2023.01.12	08:00:00	11404.10	11410.50	11372.70	11405.70	17029	0	140
2023.01.12	12:00:00	11405.50	11483.70	11206.40	11467.60	27064	0	140
2023.01.12	16:00:00	11469.70	11500.90	11234.10	11465.30	66902	0	60
2023.01.12	20:00:00	11465.20	11502.70	11381.20	11450.90	42879	0	60
2023.01.13	00:00:00	11446.40	11464.40	11415.10	11423.10	11246	0	140
2023.01.13	04:00:00	11423.00	11424.90	11399.50	11419.60	12094	0	140
2023.01.13	08:00:00	11419.80	11456.00	11417.30	11447.20	19635	0	140
2023.01.13	12:00:00	11447.50	11461.60	11314.60	11332.70	27630	0	140
2023.01.13	16:00:00	11333.20	11466.90	11318.20	11455.80	54352	0	60
2023.01.13	20:00:00	11456.50	11549.70	11435.60	11535.70	33637	0	60
2023.01.16	00:00:00	11527.80	11568.60	11513.90	11563.40	11413	0	140
2023.01.16	04:00:00	11563.50	11566.30	11534.50	11536.00	9795	0	140
2023.01.16	08:00:00	11536.50	11538.00	11441.10	11445.80	16811	0	140
2023.01.16	12:00:00	11446.00	11526.70	11445.60	11518.20	14364	0	140
2023.01.16	16:00:00	11518.50	11541.70	11495.60	11498.90	15992	0	60
2023.01.17	00:00:00	11522.60	11536.30	11487.70	11493.00	10926	0	140
2023.01.17	04:00:00	11491.30	11505.80	11469.90	11478.40	11713	0	140
2023.01.17	08:00:00	11478.60	11511.40	11465.60	11491.10	17739	0	140
2023.01.17	12:00:00	11490.80	11523.60	11477.40	11499.00	21902	0	140
2023.01.17	16:00:00	11500.20	11620.40	11485.40	11559.40	52882	0	60
2023.01.17	20:00:00	11559.50	11582.60	11534.70	11556.70	33584	0	60
2023.01.18	00:00:00	11531.90	11542.80	11513.80	11534.70	8769	0	140
2023.01.18	04:00:00	11534.60	11623.40	11523.10	11572.20	17759	0	140
2023.01.18	08:00:00	11572.00	11594.00	11545.80	11562.70	18288	0	140
2023.01.18	12:00:00	11562.30	11652.80	11546.00	11622.30	21191	0	140
2023.01.18	16:00:00	11622.20	11690.90	11440.10	11447.10	56991	0	60
2023.01.18	20:00:00	11446.60	11478.00	11401.70	11408.00	36138	0	60
2023.01.19	00:00:00	11413.30	11421.50	11382.10	11389.10	10209	0	140
2023.01.19	04:00:00	11389.30	11409.80	11380.30	11394.60	10768	0	140
2023.01.19	08:00:00	11395.10	11419.80	11355.70	11359.00	19444	0	140
2023.01.19	12:00:00	11359.30	11368.70	11279.90	11320.90	26712	0	140
2023.01.19	16:00:00	11320.80	11380.00	11246.90	11293.50	53142	0	60
2023.01.19	20:00:00	11293.90	11390.50	11288.80	11328.90	39916	0	60
2023.01.20	00:00:00	11333.60	11344.10	11318.80	11340.30	7510	0	140
2023.01.20	04:00:00	11340.80	11343.30	11325.60	11341.50	8419	0	140
2023.01.20	08:00:00	11341.20	11369.30	11304.90	11319.20	17056	0	140
2023.01.20	12:00:00	11318.70	11384.20	11302.20	11345.90	20709	0	140
2023.01.20	16:00:00	11345.40	11492.50	11320.80	11472.90	50427	0	60
2023.01.20	20:00:00	11472.80	11623.70	11446.50	11607.50	36425	0	60
2023.01.23	00:00:00	11608.20	11616.20	11592.60	11604.90	7797	0	140
2023.01.23	04:00:00	11605.00	11619.80	11600.40	11609.80	6363	0	140
2023.01.23	08:00:00	11609.90	11644.40	11592.50	11618.00	15122	0	140
2023.01.23	12:00:00	11618.30	11662.20	11591.90	11635.70	18989	0	140
2023.01.23	16:00:00	11635.80	11896.00	11611.40	11881.60	52448	0	60
2023.01.23	20:00:00	11882.30	11922.30	11800.90	11874.20	40539	0	60
2023.01.24	00:00:00	11870.40	11874.70	11851.20	11865.20	6592	0	140
2023.01.24	04:00:00	11865.10	11883.30	11860.10	11870.10	6771	0	140
2023.01.24	08:00:00	11869.60	11875.10	11839.40	11842.70	15199	0	140
2023.01.24	12:00:00	11842.80	11847.10	11774.40	11787.00	18745	0	140
2023.01.24	16:00:00	11787.70	11889.60	11777.20	11838.90	53808	0	60
2023.01.24	20:00:00	11838.40	11947.60	11798.40	11912.40	38782	0	60
2023.01.25	00:00:00	11890.10	11890.80	11737.40	11743.50	14291	0	140
2023.01.25	04:00:00	11743.30	11771.70	11742.10	11759.90	9418	0	140
2023.01.25	08:00:00	11760.20	11796.10	11721.50	11723.20	15716	0	140
2023.01.25	12:00:00	11723.00	11727.70	11642.10	11648.40	23185	0	160
2023.01.25	16:00:00	11648.00	11730.90	11547.20	11695.70	55552	0	60
2023.01.25	20:00:00	11696.50	11857.40	11693.80	11803.40	41401	0	60
2023.01.26	00:00:00	11810.80	11862.40	11807.90	11841.70	9734	0	140
2023.01.26	04:00:00	11841.60	11877.10	11839.40	11875.60	8966	0	140
2023.01.26	08:00:00	11875.20	11902.60	11855.90	11858.80	18066	0	140
2023.01.26	12:00:00	11859.00	11948.50	11857.00	11937.00	22500	0	140
2023.01.26	16:00:00	11937.80	12015.20	11847.20	11941.70	57709	0	60
2023.01.26	20:00:00	11942.00	12055.50	11913.70	12001.60	37274	0	60
2023.01.27	00:00:00	11987.50	12002.10	11977.20	11979.10	8401	0	140
2023.01.27	04:00:00	11979.90	11991.70	11968.50	11985.50	7694	0	140
2023.01.27	08:00:00	11985.40	11988.10	11959.20	11983.40	15507	0	140
2023.01.27	12:00:00	11983.60	12016.00	11969.50	11985.30	20638	0	140
2023.01.27	16:00:00	11985.80	12184.10	11975.10	12167.80	54938	0	60
2023.01.27	20:00:00	12168.00	12250.60	12144.80	12165.60	39390	0	60
2023.01.30	00:00:00	12152.30	12195.90	12128.50	12135.20	12214	0	140
2023.01.30	04:00:00	12135.50	12138.00	12098.40	12114.30	12150	0	140
2023.01.30	08:00:00	12114.50	12123.30	11997.90	12016.60	23135	0	140
2023.01.30	12:00:00	12016.10	12040.50	11982.00	12027.70	22928	0	140
2023.01.30	16:00:00	12028.20	12087.40	11930.40	11967.00	55757	0	60
2023.01.30	20:00:00	11967.30	12003.50	11907.30	11932.10	40604	0	60
2023.01.31	00:00:00	11937.00	11949.50	11922.30	11935.90	9892	0	140
2023.01.31	04:00:00	11936.10	11941.70	11866.90	11874.20	13750	0	140
2023.01.31	08:00:00	11874.60	11926.60	11851.80	11861.00	20152	0	140
2023.01.31	12:00:00	11861.10	11961.10	11815.90	11945.30	26784	0	150
2023.01.31	16:00:00	11945.80	12041.50	11915.10	12032.10	54174	0	60
2023.01.31	20:00:00	12032.50	12101.90	12006.70	12061.50	39061	0	60
2023.02.01	00:00:00	12056.60	12068.80	12031.40	12041.10	9225	0	140
2023.02.01	04:00:00	12040.50	12065.60	12031.90	12056.00	9772	0	140
2023.02.01	08:00:00	12054.90	12094.00	12049.50	12063.70	15937	0	140
2023.02.01	12:00:00	12063.90	12115.10	12050.60	12081.50	20931	0	140
2023.02.01	16:00:00	12081.20	12104.60	12025.80	12071.90	49454	0	60
2023.02.01	20:00:00	12072.10	12471.40	12005.30	12457.90	54135	0	60
2023.02.02	00:00:00	12493.90	12506.90	12455.60	12470.70	13295	0	150
2023.02.02	04:00:00	12470.10	12492.60	12449.20	12478.00	11631	0	140
2023.02.02	08:00:00	12477.90	12553.40	12456.00	12538.20	21541	0	140
2023.02.02	12:00:00	12538.30	12614.80	12500.40	12608.70	28682	0	140
2023.02.02	16:00:00	12609.10	12788.10	12594.20	12781.50	59826	0	60
2023.02.02	20:00:00	12783.50	12894.30	12565.10	12628.70	55370	0	60
2023.02.03	00:00:00	12689.00	12693.40	12602.50	12606.90	11409	0	140
2023.02.03	04:00:00	12607.00	12624.00	12567.50	12609.10	11453	0	140
2023.02.03	08:00:00	12608.80	12621.80	12529.40	12601.00	22110	0	140
2023.02.03	12:00:00	12600.80	12708.70	12517.50	12537.90	30105	0	160
2023.02.03	16:00:00	12537.60	12831.20	12499.50	12679.40	66647	0	70
2023.02.03	20:00:00	12679.60	12686.50	12530.00	12567.50	50335	0	70
2023.02.06	00:00:00	12510.30	12553.90	12506.10	12544.50	12618	0	140
2023.02.06	04:00:00	12544.30	12551.90	12490.90	12520.90	12644	0	140
2023.02.06	08:00:00	12521.60	12528.60	12436.40	12436.70	21976	0	140
2023.02.06	12:00:00	12437.30	12487.60	12406.90	12449.90	25774	0	160
2023.02.06	16:00:00	12449.10	12557.50	12407.20	12496.30	58766	0	60
2023.02.06	20:00:00	12496.10	12526.00	12421.70	12459.20	39656	0	60
2023.02.07	00:00:00	12466.10	12518.00	12464.20	12514.80	9161	0	140
2023.02.07	04:00:00	12514.90	12516.10	12481.20	12490.00	10993	0	140
2023.02.07	08:00:00	12489.50	12524.80	12427.40	12512.50	19680	0	140
2023.02.07	12:00:00	12512.40	12520.70	12456.10	12470.60	22172	0	140
2023.02.07	16:00:00	12470.80	12734.50	12433.80	12698.70	55115	0	60
2023.02.07	20:00:00	12699.50	12774.90	12416.10	12696.50	55593	0	70
2023.02.08	00:00:00	12714.30	12733.00	12696.60	12718.10	10480	0	140
2023.02.08	04:00:00	12718.00	12764.90	12714.90	12760.70	11207	0	140
2023.02.08	08:00:00	12761.70	12763.20	12674.40	12710.60	20718	0	140
2023.02.08	12:00:00	12710.80	12738.60	12667.10	12676.60	23014	0	160
2023.02.08	16:00:00	12676.50	12708.50	12474.80	12548.80	59695	0	60
2023.02.08	20:00:00	12549.80	12579.50	12470.40	12512.20	43211	0	60
2023.02.09	00:00:00	12510.00	12539.10	12495.90	12535.40	9486	0	140
2023.02.09	04:00:00	12535.00	12565.90	12510.10	12545.50	12876	0	140
2023.02.09	08:00:00	12543.50	12657.30	12540.60	12656.60	21798	0	140
2023.02.09	12:00:00	12657.10	12674.50	12614.50	12667.10	23911	0	140
2023.02.09	16:00:00	12667.20	12682.20	12456.20	12498.20	60070	0	60
2023.02.09	20:00:00	12498.50	12520.90	12326.40	12398.30	44994	0	60
2023.02.10	00:00:00	12391.60	12406.80	12359.00	12378.90	10552	0	140
2023.02.10	04:00:00	12378.50	12381.60	12334.10	12361.20	12562	0	140
2023.02.10	08:00:00	12361.30	12401.40	12286.60	12289.00	24703	0	140
2023.02.10	12:00:00	12290.10	12305.80	12226.80	12286.90	29843	0	180
2023.02.10	16:00:00	12287.30	12377.20	12201.50	12260.70	61413	0	60
2023.02.10	20:00:00	12260.90	12326.70	12238.40	12295.50	38857	0	60
2023.02.13	00:00:00	12276.20	12279.80	12222.00	12241.40	12253	0	140
2023.02.13	04:00:00	12241.70	12270.80	12232.90	12260.00	11281	0	140
2023.02.13	08:00:00	12259.50	12340.50	12256.40	12323.90	18685	0	140
2023.02.13	12:00:00	12324.10	12389.70	12318.50	12340.10	19394	0	150
2023.02.13	16:00:00	12340.20	12512.40	12309.00	12495.80	52319	0	60
2023.02.13	20:00:00	12495.40	12524.60	12440.50	12503.90	36044	0	60
2023.02.14	00:00:00	12499.30	12504.50	12473.30	12481.50	7525	0	140
2023.02.14	04:00:00	12481.60	12489.40	12461.30	12475.50	8448	0	140
2023.02.14	08:00:00	12475.20	12530.30	12472.00	12517.10	16770	0	140
2023.02.14	12:00:00	12518.00	12641.60	12418.80	12473.90	26162	0	140
2023.02.14	16:00:00	12474.20	12629.40	12347.90	12483.20	70257	0	70
2023.02.14	20:00:00	12483.70	12624.40	12480.20	12579.40	46359	0	70
2023.02.15	00:00:00	12566.20	12570.90	12529.50	12530.50	9212	0	140
2023.02.15	04:00:00	12530.60	12532.20	12494.00	12513.90	12077	0	140
2023.02.15	08:00:00	12514.20	12546.10	12485.30	12529.30	20005	0	140
2023.02.15	12:00:00	12528.60	12573.40	12489.80	12537.50	24831	0	140
2023.02.15	16:00:00	12536.90	12628.90	12482.10	12589.10	59557	0	60
2023.02.15	20:00:00	12588.80	12710.20	12570.00	12700.70	38267	0	60
2023.02.16	00:00:00	12691.10	12736.20	12686.10	12728.20	11171	0	140
2023.02.16	04:00:00	12728.70	12746.40	12722.40	12729.10	10360	0	140
2023.02.16	08:00:00	12728.90	12737.00	12682.00	12682.20	17755	0	140
2023.02.16	12:00:00	12682.10	12693.20	12487.50	12512.70	24268	0	140
2023.02.16	16:00:00	12512.40	12658.70	12451.50	12617.90	59081	0	60
2023.02.16	20:00:00	12617.60	12642.30	12416.60	12430.50	42638	0	60
2023.02.17	00:00:00	12389.50	12410.70	12380.60	12389.90	11231	0	140
2023.02.17	04:00:00	12389.80	12390.10	12356.20	12361.40	11900	0	140
2023.02.17	08:00:00	12361.50	12377.70	12299.50	12340.60	22895	0	140
2023.02.17	12:00:00	12340.30	12362.70	12304.90	12351.30	25852	0	170
2023.02.17	16:00:00	12351.20	12384.60	12231.70	12248.50	56134	0	60
2023.02.17	20:00:00	12248.30	12372.30	12241.10	12351.30	38558	0	60
2023.02.20	00:00:00	12321.50	12339.80	12310.60	12333.90	9294	0	140
2023.02.20	04:00:00	12333.50	12370.20	12330.80	12361.30	9957	0	140
2023.02.20	08:00:00	12361.50	12366.90	12318.30	12328.10	13967	0	140
2023.02.20	12:00:00	12327.90	12381.10	12324.20	12366.00	14239	0	140
2023.02.20	16:00:00	12365.90	12367.80	12330.90	12331.30	14379	0	60
2023.02.21	00:00:00	12337.40	12343.60	12298.40	12315.70	8907	0	140
2023.02.21	04:00:00	12316.20	12325.50	12304.10	12314.90	9290	0	140
2023.02.21	08:00:00	12315.00	12322.00	12192.30	12257.60	24595	0	140
2023.02.21	12:00:00	12257.80	12263.60	12203.70	12204.30	24840	0	150
2023.02.21	16:00:00	12204.20	12254.50	12109.90	12139.70	53105	0	60
2023.02.21	20:00:00	12140.10	12142.80	12059.10	12076.70	36889	0	60
2023.02.22	00:00:00	12080.40	12096.10	12065.60	12088.90	9838	0	140
2023.02.22	04:00:00	12088.60	12109.30	12084.80	12088.60	9489	0	140
2023.02.22	08:00:00	12088.10	12110.70	12030.30	12075.80	21751	0	140
2023.02.22	12:00:00	12075.50	12129.70	12030.60	12097.50	24875	0	150
2023.02.22	16:00:00	12096.70	12141.50	12001.80	12103.50	54789	0	60
2023.02.22	20:00:00	12103.90	12159.70	12018.00	12071.80	45301	0	60
2023.02.23	00:00:00	12126.90	12165.80	12119.90	12165.40	9020	0	140
2023.02.23	04:00:00	12165.30	12179.60	12154.50	12158.20	9922	0	140
2023.02.23	08:00:00	12157.90	12192.60	12117.50	12149.70	18524	0	140
2023.02.23	12:00:00	12149.80	12202.40	12139.10	12187.90	23671	0	150
2023.02.23	16:00:00	12188.10	12227.80	12002.40	12052.70	56252	0	60
2023.02.23	20:00:00	12053.20	12222.30	12029.50	12163.40	39996	0	60
2023.02.24	00:00:00	12159.90	12184.90	12135.00	12155.20	11596	0	140
2023.02.24	04:00:00	12154.70	12165.40	12144.80	12148.40	9352	0	140
2023.02.24	08:00:00	12148.30	12154.70	12093.30	12097.10	17335	0	140
2023.02.24	12:00:00	12096.80	12104.10	11944.90	11969.20	26457	0	140
2023.02.24	16:00:00	11968.90	12013.80	11894.70	11920.00	57229	0	60
2023.02.24	20:00:00	11919.80	11995.80	11906.40	11976.30	39613	0	60
2023.02.27	00:00:00	11976.10	12019.50	11963.80	12014.40	10300	0	140
2023.02.27	04:00:00	12014.00	12018.80	11981.10	11985.70	10712	0	140
2023.02.27	08:00:00	11985.90	12051.20	11980.50	12032.00	20120	0	140
2023.02.27	12:00:00	12032.10	12126.00	12023.00	12111.30	20251	0	140
2023.02.27	16:00:00	12111.50	12163.20	12040.20	12092.60	53305	0	60
2023.02.27	20:00:00	12093.00	12118.70	12032.80	12067.30	37952	0	60
2023.02.28	00:00:00	12079.00	12102.30	12063.40	12094.30	7907	0	140
2023.02.28	04:00:00	12094.80	12100.00	12057.80	12061.10	9672	0	140
2023.02.28	08:00:00	12061.70	12075.30	12003.70	12034.40	20545	0	140
2023.02.28	12:00:00	12034.30	12120.10	12033.20	12070.30	21465	0	150
2023.02.28	16:00:00	12070.40	12127.50	12016.80	12119.30	54796	0	60
2023.02.28	20:00:00	12119.60	12147.40	12000.50	12020.90	39553	0	60
2023.03.01	00:00:00	12011.50	12018.50	11964.70	12017.20	12595	0	140
2023.03.01	04:00:00	12017.10	12053.70	12012.20	12047.10	12830	0	140
2023.03.01	08:00:00	12047.20	12102.00	12046.20	12092.40	23389	0	140
2023.03.01	12:00:00	12092.50	12116.60	12013.80	12014.10	22610	0	140
2023.03.01	16:00:00	12013.80	12054.50	11903.10	11983.60	58551	0	70
2023.03.01	20:00:00	11983.90	11984.70	11913.70	11962.90	41306	0	60
2023.03.02	00:00:00	11944.20	11966.80	11830.70	11861.70	13887	0	140
2023.03.02	04:00:00	11862.10	11893.70	11854.70	11862.70	13975	0	140
2023.03.02	08:00:00	11862.50	11879.30	11807.60	11840.70	23302	0	140
2023.03.02	12:00:00	11838.20	11894.60	11814.30	11818.80	27081	0	190
2023.03.02	16:00:00	11818.60	11918.20	11817.10	11906.00	55862	0	60
2023.03.02	20:00:00	11905.90	12074.80	11893.50	12038.40	44699	0	60
2023.03.03	00:00:00	12022.00	12035.50	11995.20	11997.30	11284	0	140
2023.03.03	04:00:00	11997.20	12021.30	11990.70	12016.00	11258	0	140
2023.03.03	08:00:00	12016.30	12068.00	11997.40	12057.20	18233	0	140
2023.03.03	12:00:00	12057.50	12120.20	12057.30	12117.50	19799	0	140
2023.03.03	16:00:00	12117.60	12247.90	12091.30	12245.30	54459	0	60
2023.03.03	20:00:00	12245.80	12305.20	12233.00	12304.60	35914	0	60
2023.03.06	00:00:00	12268.20	12298.60	12255.40	12291.50	10790	0	140
2023.03.06	04:00:00	12291.00	12357.30	12283.40	12322.60	11230	0	140
2023.03.06	08:00:00	12322.20	12338.40	12283.10	12288.50	19202	0	140
2023.03.06	12:00:00	12288.40	12361.10	12275.30	12346.90	21113	0	140
2023.03.06	16:00:00	12347.10	12466.90	12327.20	12378.40	52872	0	60
2023.03.06	20:00:00	12378.00	12388.80	12296.50	12305.40	41763	0	60
2023.03.07	00:00:00	12297.90	12342.70	12297.50	12342.20	8564	0	140
2023.03.07	04:00:00	12342.40	12355.20	12332.90	12338.40	10152	0	140
2023.03.07	08:00:00	12338.30	12362.60	12312.90	12331.00	19031	0	140
2023.03.07	12:00:00	12331.50	12352.90	12323.00	12326.90	18225	0	140
2023.03.07	16:00:00	12326.70	12345.10	12165.90	12244.40	60140	0	60
2023.03.07	20:00:00	12244.90	12247.90	12128.50	12162.40	42578	0	60
2023.03.08	00:00:00	12164.20	12167.80	12135.70	12154.10	11003	0	140
2023.03.08	04:00:00	12153.90	12160.90	12123.40	12141.50	14636	0	140
2023.03.08	08:00:00	12141.90	12178.20	12133.10	12167.40	23951	0	140
2023.03.08	12:00:00	12168.20	12200.70	12129.80	12161.90	25993	0	140
2023.03.08	16:00:00	12160.60	12240.20	12094.00	12178.40	57263	0	60
2023.03.08	20:00:00	12178.90	12232.50	12128.20	12222.10	40992	0	60
2023.03.09	00:00:00	12215.70	12220.40	12168.00	12169.80	12214	0	140
2023.03.09	04:00:00	12169.70	12203.10	12167.30	12196.70	11262	0	140
2023.03.09	08:00:00	12197.20	12202.70	12129.20	12132.20	22821	0	140
2023.03.09	12:00:00	12131.80	12242.30	12121.30	12239.70	26968	0	140
2023.03.09	16:00:00	12239.20	12338.80	12202.50	12218.30	56730	0	60
2023.03.09	20:00:00	12218.80	12229.00	11967.00	12000.80	48228	0	60
2023.03.10	00:00:00	11947.90	11981.00	11933.30	11955.20	10734	0	140
2023.03.10	04:00:00	11954.90	11961.60	11915.20	11940.30	15145	0	140
2023.03.10	08:00:00	11940.80	12011.90	11912.50	11988.60	25520	0	140
2023.03.10	12:00:00	11988.20	12097.20	11936.20	12058.90	29465	0	220
2023.03.10	16:00:00	12059.10	12076.20	11856.70	11891.00	69063	0	80
2023.03.10	20:00:00	11891.10	11911.10	11788.90	11846.10	51612	0	80
2023.03.13	00:00:00	11872.90	12038.50	11845.60	11978.20	18542	0	220
2023.03.13	04:00:00	11977.40	12066.80	11943.90	12039.80	15579	0	140
2023.03.13	08:00:00	12039.90	12087.20	11915.50	11920.70	20166	0	150
2023.03.13	12:00:00	11920.80	11996.00	11681.80	11774.70	42495	0	220
2023.03.13	16:00:00	11775.20	12067.30	11698.30	11970.00	70039	0	80
2023.03.13	20:00:00	11970.70	12076.60	11913.90	11944.00	52136	0	80
2023.03.14	00:00:00	11942.80	11978.40	11924.80	11955.00	8871	0	140
2023.03.14	04:00:00	11952.80	12000.40	11939.40	11977.50	10856	0	140
2023.03.14	08:00:00	11976.30	11988.20	11919.00	11981.80	22627	0	150
2023.03.14	12:00:00	11981.30	12070.30	11924.30	12045.00	33117	0	220
2023.03.14	16:00:00	12043.10	12218.40	12036.00	12181.80	58698	0	60
2023.03.14	20:00:00	12182.30	12207.50	12032.50	12194.70	51996	0	70
2023.03.15	00:00:00	12194.60	12197.30	12172.40	12184.20	10841	0	140
2023.03.15	04:00:00	12183.80	12235.00	12182.10	12207.60	15738	0	140
2023.03.15	08:00:00	12207.20	12229.00	12182.20	12190.50	25416	0	140
2023.03.15	12:00:00	12190.40	12193.00	11959.00	12012.80	52789	0	220
2023.03.15	16:00:00	12013.20	12172.80	11989.40	12060.60	68941	0	80
2023.03.15	20:00:00	12061.20	12273.90	12054.90	12267.40	56623	0	80
2023.03.16	00:00:00	12260.10	12324.90	12251.70	12320.10	14717	0	140
2023.03.16	04:00:00	12319.70	12330.20	12282.40	12314.70	21894	0	140
2023.03.16	08:00:00	12314.90	12322.90	12255.40	12284.40	29396	0	150
2023.03.16	12:00:00	12284.60	12296.00	12222.50	12240.60	36830	0	220
2023.03.16	16:00:00	12240.80	12549.50	12182.00	12540.80	66589	0	70
2023.03.16	20:00:00	12541.30	12597.20	12500.30	12574.80	44166	0	60
2023.03.17	00:00:00	12568.10	12594.60	12563.00	12570.70	10106	0	140
2023.03.17	04:00:00	12570.60	12601.60	12565.80	12600.60	14962	0	140
2023.03.17	08:00:00	12600.30	12630.20	12580.80	12588.90	23326	0	140
2023.03.17	12:00:00	12589.40	12605.30	12523.10	12540.40	33718	0	200
2023.03.17	16:00:00	12542.20	12672.60	12441.70	12507.50	64631	0	70
2023.03.17	20:00:00	12507.80	12569.90	12454.50	12519.10	47091	0	70
2023.03.20	00:00:00	12571.00	12609.20	12539.30	12582.50	17355	0	150
2023.03.20	04:00:00	12582.10	12582.10	12507.50	12528.20	21139	0	140
2023.03.20	08:00:00	12528.70	12538.90	12397.00	12488.80	36460	0	150
2023.03.20	12:00:00	12488.70	12559.20	12474.80	12543.40	35825	0	220
2023.03.20	16:00:00	12543.30	12569.70	12402.10	12510.30	60603	0	70
2023.03.20	20:00:00	12513.40	12579.80	12506.00	12570.20	41008	0	60
2023.03.21	00:00:00	12561.10	12603.90	12549.20	12571.10	9370	0	140
2023.03.21	04:00:00	12570.90	12577.30	12544.10	12564.30	11927	0	140
2023.03.21	08:00:00	12564.70	12608.90	12558.90	12577.80	19327	0	140
2023.03.21	12:00:00	12577.90	12659.00	12561.30	12631.50	23504	0	180
2023.03.21	16:00:00	12630.80	12705.70	12581.70	12648.00	54492	0	60
2023.03.21	20:00:00	12649.50	12763.40	12640.40	12746.10	37461	0	60
2023.03.22	00:00:00	12735.20	12741.60	12723.60	12733.70	7193	0	140
2023.03.22	04:00:00	12733.90	12753.40	12730.20	12749.00	10398	0	140
2023.03.22	08:00:00	12748.90	12750.40	12676.70	12684.50	15180	0	140
2023.03.22	12:00:00	12685.20	12733.80	12677.60	12720.60	16543	0	140
2023.03.22	16:00:00	12720.20	12812.50	12717.80	12760.50	49139	0	60
2023.03.22	20:00:00	12761.10	12947.80	12543.80	12570.00	57121	0	60
2023.03.23	00:00:00	12581.90	12599.70	12572.40	12589.90	10201	0	140
2023.03.23	04:00:00	12590.80	12643.00	12587.00	12639.30	13445	0	140
2023.03.23	08:00:00	12639.40	12720.10	12631.20	12706.60	19039	0	140
2023.03.23	12:00:00	12707.20	12709.10	12656.80	12687.60	21799	0	150
2023.03.23	16:00:00	12687.40	12896.70	12668.60	12825.60	56460	0	60
2023.03.23	20:00:00	12825.80	12843.20	12599.80	12753.20	54514	0	70
2023.03.24	00:00:00	12742.90	12745.20	12708.20	12727.50	8253	0	140
2023.03.24	04:00:00	12727.20	12741.70	12693.70	12729.10	13397	0	140
2023.03.24	08:00:00	12729.00	12791.60	12694.40	12729.00	19805	0	140
2023.03.24	12:00:00	12729.20	12747.60	12625.20	12680.40	36662	0	220
2023.03.24	16:00:00	12680.20	12730.70	12601.20	12678.90	62957	0	70
2023.03.24	20:00:00	12678.80	12792.50	12659.60	12792.50	43555	0	70
2023.03.27	00:00:00	12795.10	12834.40	12786.60	12796.10	11050	0	140
2023.03.27	04:00:00	12796.30	12835.50	12781.80	12816.70	12246	0	140
2023.03.27	08:00:00	12816.30	12849.10	12724.10	12784.20	22288	0	140
2023.03.27	12:00:00	12784.30	12831.30	12772.60	12790.10	18556	0	140
2023.03.27	16:00:00	12790.70	12839.60	12643.40	12668.00	52099	0	60
2023.03.27	20:00:00	12668.30	12747.60	12645.70	12693.00	40277	0	60
2023.03.28	00:00:00	12690.90	12704.50	12682.30	12690.60	5795	0	140
2023.03.28	04:00:00	12690.80	12701.20	12670.10	12680.30	10808	0	140
2023.03.28	08:00:00	12680.00	12711.40	12630.60	12643.70	17277	0	140
2023.03.28	12:00:00	12643.00	12674.80	12631.20	12650.20	17089	0	140
2023.03.28	16:00:00	12649.70	12656.60	12530.10	12563.30	52252	0	60
2023.03.28	20:00:00	12564.70	12633.40	12516.20	12625.80	38699	0	60
2023.03.29	00:00:00	12627.60	12659.80	12621.90	12657.50	6352	0	140
2023.03.29	04:00:00	12657.30	12670.30	12641.90	12665.40	8827	0	140
2023.03.29	08:00:00	12665.50	12735.20	12663.00	12719.40	17268	0	140
2023.03.29	12:00:00	12719.30	12739.60	12709.80	12732.70	14940	0	140
2023.03.29	16:00:00	12732.50	12811.30	12731.70	12776.50	50140	0	60
2023.03.29	20:00:00	12776.60	12868.80	12768.60	12840.20	37494	0	60
2023.03.30	00:00:00	12834.60	12846.70	12807.20	12822.20	6874	0	140
2023.03.30	04:00:00	12822.10	12836.60	12811.00	12831.50	10791	0	140
2023.03.30	08:00:00	12831.30	12881.10	12829.00	12871.70	18863	0	140
2023.03.30	12:00:00	12871.50	12942.40	12871.00	12926.60	16563	0	140
2023.03.30	16:00:00	12926.90	12990.10	12907.00	12929.00	51713	0	60
2023.03.30	20:00:00	12929.50	12977.90	12890.30	12970.20	34668	0	60
2023.03.31	00:00:00	12957.40	13016.40	12953.30	13013.20	7982	0	140
2023.03.31	04:00:00	13012.70	13016.80	12992.50	13008.50	9869	0	140
2023.03.31	08:00:00	13009.00	13009.00	12953.90	12958.70	17573	0	140
2023.03.31	12:00:00	12959.40	13006.10	12937.80	12974.70	17571	0	140
2023.03.31	16:00:00	12974.40	13116.70	12961.70	13105.10	47222	0	60
2023.03.31	20:00:00	13105.20	13188.00	13086.70	13183.90	35649	0	60
2023.04.03	00:00:00	13126.30	13141.10	13076.10	13100.10	11510	0	140
2023.04.03	04:00:00	13099.90	13112.30	13076.70	13101.20	12649	0	140
2023.04.03	08:00:00	13100.90	13122.50	13079.40	13084.30	17816	0	140
2023.04.03	12:00:00	13085.10	13107.50	13055.80	13088.10	16056	0	140
2023.04.03	16:00:00	13088.40	13147.30	13033.50	13054.50	52470	0	60
2023.04.03	20:00:00	13054.40	13158.70	13039.20	13141.10	36169	0	60
2023.04.04	00:00:00	13128.60	13135.20	13114.70	13127.30	5629	0	140
2023.04.04	04:00:00	13127.20	13138.50	13104.00	13127.20	10339	0	140
2023.04.04	08:00:00	13127.50	13147.60	13110.50	13144.00	14981	0	140
2023.04.04	12:00:00	13143.70	13225.70	13143.20	13180.00	17997	0	140
2023.04.04	16:00:00	13180.20	13205.20	13063.70	13099.10	55650	0	60
2023.04.04	20:00:00	13100.10	13127.40	13048.60	13109.00	38162	0	60
2023.04.05	00:00:00	13107.70	13126.40	13107.20	13111.50	5859	0	140
2023.04.05	04:00:00	13111.80	13120.00	13092.10	13097.80	8671	0	140
2023.04.05	08:00:00	13097.30	13110.40	13055.80	13065.20	18505	0	140
2023.04.05	12:00:00	13065.40	13114.40	13063.20	13079.20	19376	0	140
2023.04.05	16:00:00	13079.10	13086.70	12894.00	12909.40	52989	0	60
2023.04.05	20:00:00	12909.50	12980.60	12901.50	12960.20	36261	0	60
2023.04.06	00:00:00	12948.00	12956.10	12923.30	12930.10	6659	0	140
2023.04.06	04:00:00	12929.90	12930.20	12905.10	12914.50	9836	0	140
2023.04.06	08:00:00	12914.40	12967.00	12906.40	12940.10	14080	0	140
2023.04.06	12:00:00	12940.30	12958.60	12872.50	12907.20	19751	0	140
2023.04.06	16:00:00	12906.80	13048.60	12842.80	13017.50	53866	0	60
2023.04.06	20:00:00	13018.00	13078.70	13009.40	13048.90	35931	0	60
2023.04.07	00:00:00	13047.40	13063.40	13044.40	13052.65	3194	0	90
2023.04.07	04:00:00	13052.40	13057.65	13045.65	13053.90	2858	0	90
2023.04.07	08:00:00	13053.65	13068.90	13046.77	13066.02	3703	0	90
2023.04.07	12:00:00	13065.90	13082.15	13015.35	13060.40	8391	0	90
2023.04.07	16:00:00	13059.90	13078.65	13059.90	13076.90	783	0	90
2023.04.10	00:00:00	13060.30	13089.70	13028.50	13032.00	7635	0	140
2023.04.10	04:00:00	13031.70	13037.30	13019.00	13024.20	7213	0	140
2023.04.10	08:00:00	13024.50	13030.40	12995.40	13029.70	8383	0	140
2023.04.10	12:00:00	13029.80	13053.30	12940.80	12947.10	13918	0	140
2023.04.10	16:00:00	12946.80	13010.70	12855.90	13005.60	50543	0	60
2023.04.10	20:00:00	13005.70	13061.40	13001.50	13055.40	36062	0	60
2023.04.11	00:00:00	13051.80	13074.10	13038.00	13049.90	6271	0	140
2023.04.11	04:00:00	13049.40	13061.90	13034.20	13034.50	11308	0	140
2023.04.11	08:00:00	13034.40	13078.50	13032.90	13077.90	14834	0	140
2023.04.11	12:00:00	13078.00	13096.50	13013.50	13024.40	15663	0	140
2023.04.11	16:00:00	13024.70	13051.00	12945.80	12989.50	54087	0	60
2023.04.11	20:00:00	12990.00	13024.10	12952.00	12968.20	34822	0	60
2023.04.12	00:00:00	12969.50	12987.30	12966.80	12974.40	4963	0	140
2023.04.12	04:00:00	12974.30	12980.80	12957.10	12965.40	8266	0	140
2023.04.12	08:00:00	12965.10	12981.00	12928.50	12967.10	13362	0	140
2023.04.12	12:00:00	12967.30	13130.80	12942.50	13063.60	19435	0	140
2023.04.12	16:00:00	13063.70	13080.00	12870.00	12979.40	58020	0	60
2023.04.12	20:00:00	12979.50	13002.80	12830.50	12846.20	42279	0	60
2023.04.13	00:00:00	12844.70	12852.60	12819.70	12851.60	6834	0	140
2023.04.13	04:00:00	12851.40	12871.40	12843.30	12867.40	10175	0	140
2023.04.13	08:00:00	12867.90	12902.50	12856.10	12868.20	16067	0	140
2023.04.13	12:00:00	12868.50	12927.50	12849.60	12917.30	20124	0	140
2023.04.13	16:00:00	12917.10	13054.50	12896.10	13044.70	52366	0	60
2023.04.13	20:00:00	13045.20	13124.60	13027.80	13084.60	34898	0	60
2023.04.14	00:00:00	13079.30	13113.40	13079.30	13105.50	6691	0	140
2023.04.14	04:00:00	13105.70	13105.70	13086.00	13091.70	8311	0	140
2023.04.14	08:00:00	13092.50	13113.60	13076.40	13079.10	14091	0	140
2023.04.14	12:00:00	13078.50	13081.20	12997.70	13018.30	22515	0	140
2023.04.14	16:00:00	13018.20	13152.00	12955.80	12970.80	56135	0	60
2023.04.14	20:00:00	12971.30	13111.90	12962.30	13104.60	40625	0	60
2023.04.17	00:00:00	13099.60	13104.60	13075.20	13076.40	6634	0	140
2023.04.17	04:00:00	13076.70	13090.50	13073.80	13080.00	9798	0	140
2023.04.17	08:00:00	13079.80	13117.20	13074.80	13086.90	15835	0	140
2023.04.17	12:00:00	13087.30	13101.40	13055.70	13074.90	19087	0	140
2023.04.17	16:00:00	13074.80	13105.60	12978.00	13010.50	56281	0	60
2023.04.17	20:00:00	13011.00	13096.20	12991.90	13087.20	36016	0	60
2023.04.18	00:00:00	13083.50	13085.50	13066.30	13068.10	3973	0	140
2023.04.18	04:00:00	13068.30	13082.40	13059.50	13063.50	8556	0	140
2023.04.18	08:00:00	13063.00	13149.70	13062.40	13141.60	13584	0	140
2023.04.18	12:00:00	13141.40	13197.60	13136.20	13187.70	16942	0	140
2023.04.18	16:00:00	13188.20	13197.50	13052.60	13080.00	55011	0	60
2023.04.18	20:00:00	13080.20	13103.60	13041.90	13091.80	36138	0	60
2023.04.19	00:00:00	13081.50	13089.10	13075.90	13084.10	4042	0	140
2023.04.19	04:00:00	13083.60	13089.70	13065.40	13067.70	6781	0	140
2023.04.19	08:00:00	13067.90	13070.20	13001.40	13017.50	15880	0	140
2023.04.19	12:00:00	13017.00	13019.10	12968.00	12981.70	18732	0	150
2023.04.19	16:00:00	12983.00	13111.70	12978.30	13096.40	50672	0	60
2023.04.19	20:00:00	13096.30	13131.80	13059.10	13072.00	35877	0	60
2023.04.20	00:00:00	13067.70	13068.90	13028.10	13046.70	5998	0	140
2023.04.20	04:00:00	13047.00	13058.10	13027.90	13037.90	9009	0	140
2023.04.20	08:00:00	13038.10	13041.10	12928.20	12938.40	17625	0	140
2023.04.20	12:00:00	12938.00	12977.90	12931.70	12971.90	18160	0	140
2023.04.20	16:00:00	12970.60	13081.70	12950.70	13080.40	52407	0	60
2023.04.20	20:00:00	13081.50	13105.70	12930.50	12998.80	40961	0	60
2023.04.21	00:00:00	12994.10	13017.10	12988.00	13016.90	5648	0	140
2023.04.21	04:00:00	13016.30	13018.80	12991.50	12993.50	9048	0	140
2023.04.21	08:00:00	12993.40	13002.00	12948.30	12994.00	16126	0	140
2023.04.21	12:00:00	12993.70	13001.00	12915.10	12964.70	18904	0	140
2023.04.21	16:00:00	12964.90	13007.50	12893.20	12984.70	53466	0	60
2023.04.21	20:00:00	12985.20	13032.20	12967.60	12989.00	33741	0	60
2023.04.24	00:00:00	12975.70	12984.50	12957.00	12967.00	5457	0	140
2023.04.24	04:00:00	12966.70	12975.50	12952.50	12955.50	9260	0	140
2023.04.24	08:00:00	12955.70	12956.90	12924.20	12944.60	14431	0	140
2023.04.24	12:00:00	12944.30	13009.10	12940.50	13003.60	15484	0	140
2023.04.24	16:00:00	13005.30	13047.80	12880.80	12926.10	50853	0	60
2023.04.24	20:00:00	12926.60	12982.00	12915.90	12966.00	33644	0	60
2023.04.25	00:00:00	12963.90	12974.20	12954.10	12956.00	4740	0	140
2023.04.25	04:00:00	12955.70	12962.10	12919.40	12923.90	9350	0	140
2023.04.25	08:00:00	12923.60	12941.20	12881.70	12907.40	19359	0	140
2023.04.25	12:00:00	12907.60	12932.00	12898.70	12912.70	16526	0	140
2023.04.25	16:00:00	12913.70	12929.80	12805.50	12824.00	49309	0	60
2023.04.25	20:00:00	12824.30	12859.60	12720.00	12831.20	43852	0	60
2023.04.26	00:00:00	12884.70	12911.80	12866.40	12897.90	10334	0	140
2023.04.26	04:00:00	12897.70	12912.00	12881.40	12888.20	11110	0	140
2023.04.26	08:00:00	12887.90	12908.90	12857.70	12889.70	18527	0	140
2023.04.26	12:00:00	12889.80	12893.40	12802.10	12864.70	24592	0	140
2023.04.26	16:00:00	12864.60	12929.50	12813.70	12872.40	56545	0	60
2023.04.26	20:00:00	12872.70	12888.80	12782.30	12883.70	44809	0	60
2023.04.27	00:00:00	12879.70	12881.90	12858.50	12864.50	5419	0	140
2023.04.27	04:00:00	12864.40	12891.20	12854.50	12890.50	7853	0	140
2023.04.27	08:00:00	12890.30	12933.60	12881.30	12910.30	15469	0	140
2023.04.27	12:00:00	12910.20	12961.30	12889.90	12938.90	19922	0	140
2023.04.27	16:00:00	12938.20	13096.60	12931.00	13095.10	50166	0	60
2023.04.27	20:00:00	13095.60	13252.60	13086.20	13198.60	36586	0	60
2023.04.28	00:00:00	13136.00	13148.00	13115.90	13131.40	7963	0	140
2023.04.28	04:00:00	13131.30	13154.00	13114.30	13131.30	11197	0	140
2023.04.28	08:00:00	13131.20	13158.30	13104.10	13112.90	19395	0	140
2023.04.28	12:00:00	13113.00	13147.00	13093.50	13132.70	20620	0	140
2023.04.28	16:00:00	13132.40	13216.50	13096.90	13208.30	55883	0	60
2023.04.28	20:00:00	13208.40	13258.60	13180.80	13250.30	37955	0	60
2023.05.01	00:00:00	13233.30	13246.30	13219.40	13237.40	7040	0	140
2023.05.01	04:00:00	13237.70	13265.60	13229.20	13255.40	7538	0	140
2023.05.01	08:00:00	13255.20	13289.30	13220.20	13236.50	8181	0	140
2023.05.01	12:00:00	13235.90	13256.60	13208.30	13226.40	10028	0	140
2023.05.01	16:00:00	13227.30	13276.40	13185.00	13272.20	50654	0	60
2023.05.01	20:00:00	13272.50	13286.80	13209.80	13214.00	37218	0	60
2023.05.02	00:00:00	13209.30	13222.30	13192.10	13201.10	5001	0	140
2023.05.02	04:00:00	13200.60	13230.20	13198.40	13223.10	9938	0	140
2023.05.02	08:00:00	13223.40	13259.10	13221.60	13226.70	15664	0	140
2023.05.02	12:00:00	13226.00	13249.10	13208.00	13221.20	15090	0	140
2023.05.02	16:00:00	13222.50	13238.30	13041.60	13101.70	56185	0	60
2023.05.02	20:00:00	13101.60	13150.50	13093.40	13095.70	41257	0	60
2023.05.03	00:00:00	13093.80	13125.40	13091.10	13120.70	4913	0	140
2023.05.03	04:00:00	13120.60	13122.50	13101.50	13115.10	6906	0	140
2023.05.03	08:00:00	13115.50	13140.80	13106.90	13134.20	13809	0	140
2023.05.03	12:00:00	13134.10	13159.30	13125.50	13130.10	16120	0	140
2023.05.03	16:00:00	13130.60	13170.70	13107.90	13156.40	50648	0	60
2023.05.03	20:00:00	13157.00	13236.50	13013.80	13014.10	51935	0	60
2023.05.04	00:00:00	12985.20	13045.50	12974.80	13035.60	8969	0	140
2023.05.04	04:00:00	13035.80	13096.50	13031.00	13088.50	10749	0	140
2023.05.04	08:00:00	13088.60	13100.20	13031.20	13061.80	19928	0	140
2023.05.04	12:00:00	13061.70	13072.20	12991.60	13007.80	22515	0	160
2023.05.04	16:00:00	13007.60	13042.60	12936.50	13026.10	55977	0	60
2023.05.04	20:00:00	13026.60	13065.30	12960.30	12975.00	44976	0	60
2023.05.05	00:00:00	12994.80	13045.10	12992.70	13041.40	6687	0	140
2023.05.05	04:00:00	13041.30	13046.10	13027.10	13040.40	8490	0	140
2023.05.05	08:00:00	13040.10	13045.60	13008.60	13040.40	14397	0	140
2023.05.05	12:00:00	13040.20	13080.50	13020.20	13046.50	19564	0	140
2023.05.05	16:00:00	13045.50	13209.80	13044.70	13203.50	50578	0	60
2023.05.05	20:00:00	13203.90	13291.80	13201.50	13243.70	33610	0	60
2023.05.08	00:00:00	13256.60	13265.90	13228.20	13239.70	6842	0	140
2023.05.08	04:00:00	13239.40	13263.00	13230.70	13246.50	8630	0	140
2023.05.08	08:00:00	13246.70	13268.70	13231.40	13235.70	11929	0	140
2023.05.08	12:00:00	13235.60	13257.80	13221.40	13228.20	10829	0	140
2023.05.08	16:00:00	13227.50	13266.90	13192.20	13264.60	47235	0	60
2023.05.08	20:00:00	13265.50	13304.70	13226.00	13275.00	34549	0	60
2023.05.09	00:00:00	13272.10	13277.00	13264.30	13267.00	3546	0	140
2023.05.09	04:00:00	13266.70	13284.10	13265.30	13278.30	5728	0	140
2023.05.09	08:00:00	13278.10	13282.10	13223.20	13232.60	12156	0	140
2023.05.09	12:00:00	13231.80	13241.00	13210.70	13213.20	13618	0	140
2023.05.09	16:00:00	13213.10	13254.80	13195.00	13223.90	48823	0	60
2023.05.09	20:00:00	13224.20	13232.50	13190.70	13202.10	30958	0	60
2023.05.10	00:00:00	13194.50	13222.10	13194.30	13215.20	4059	0	140
2023.05.10	04:00:00	13215.30	13220.70	13202.70	13210.70	6342	0	140
2023.05.10	08:00:00	13210.50	13221.80	13138.90	13169.50	15036	0	140
2023.05.10	12:00:00	13169.00	13328.80	13161.90	13320.00	19051	0	140
2023.05.10	16:00:00	13320.90	13370.30	13235.80	13270.60	57454	0	60
2023.05.10	20:00:00	13270.20	13385.00	13201.60	13345.50	44208	0	60
2023.05.11	00:00:00	13346.30	13377.70	13343.00	13371.00	5082	0	140
2023.05.11	04:00:00	13371.30	13383.20	13363.80	13370.60	7708	0	140
2023.05.11	08:00:00	13370.80	13398.50	13355.50	13385.60	15553	0	140
2023.05.11	12:00:00	13385.80	13403.30	13340.90	13370.20	21643	0	140
2023.05.11	16:00:00	13370.10	13403.40	13299.10	13394.50	54725	0	60
2023.05.11	20:00:00	13396.10	13413.40	13337.10	13392.40	38692	0	60
2023.05.12	00:00:00	13397.30	13421.20	13393.50	13420.10	5307	0	140
2023.05.12	04:00:00	13419.90	13433.30	13412.70	13430.20	8815	0	140
2023.05.12	08:00:00	13430.50	13430.70	13397.80	13423.10	14410	0	140
2023.05.12	12:00:00	13423.70	13433.70	13393.90	13403.80	12901	0	140
2023.05.12	16:00:00	13403.60	13427.40	13260.50	13269.00	52325	0	60
2023.05.12	20:00:00	13267.80	13343.90	13253.60	13314.10	36952	0	60
2023.05.15	00:00:00	13309.80	13312.50	13291.70	13299.90	5119	0	140
2023.05.15	04:00:00	13300.00	13340.50	13299.40	13338.90	9068	0	140
2023.05.15	08:00:00	13339.20	13383.90	13336.90	13372.90	14491	0	140
2023.05.15	12:00:00	13373.40	13388.50	13354.80	13365.40	12922	0	140
2023.05.15	16:00:00	13365.00	13395.70	13293.40	13395.20	48177	0	60
2023.05.15	20:00:00	13395.40	13421.00	13360.50	13406.10	34122	0	60
2023.05.16	00:00:00	13405.70	13412.10	13398.10	13408.40	3419	0	140
2023.05.16	04:00:00	13408.70	13408.90	13394.90	13399.70	6118	0	140
2023.05.16	08:00:00	13399.40	13435.10	13381.90	13417.80	13157	0	140
2023.05.16	12:00:00	13417.30	13425.60	13373.30	13376.60	14736	0	140
2023.05.16	16:00:00	13375.70	13499.40	13369.80	13494.00	51673	0	60
2023.05.16	20:00:00	13494.30	13499.40	13422.00	13451.90	36374	0	60
2023.05.17	00:00:00	13442.90	13447.30	13427.70	13445.40	4605	0	140
2023.05.17	04:00:00	13445.30	13462.70	13444.90	13455.30	6644	0	140
2023.05.17	08:00:00	13455.20	13460.80	13413.70	13447.00	15277	0	140
2023.05.17	12:00:00	13447.10	13461.30	13430.30	13461.20	13164	0	140
2023.05.17	16:00:00	13461.30	13556.50	13415.50	13548.20	50139	0	60
2023.05.17	20:00:00	13549.30	13609.50	13548.20	13584.70	36045	0	60
2023.05.18	00:00:00	13582.30	13587.10	13571.80	13572.10	4840	0	140
2023.05.18	04:00:00	13572.30	13594.60	13569.10	13585.40	9180	0	140
2023.05.18	08:00:00	13585.00	13616.30	13572.60	13605.30	13486	0	140
2023.05.18	12:00:00	13605.20	13624.00	13578.80	13579.00	12436	0	140
2023.05.18	16:00:00	13579.30	13796.40	13572.60	13734.80	54383	0	60
2023.05.18	20:00:00	13735.70	13858.20	13702.40	13853.90	40470	0	60
2023.05.19	00:00:00	13850.40	13906.70	13849.00	13876.70	8690	0	140
2023.05.19	04:00:00	13876.40	13887.20	13859.10	13869.60	9968	0	140
2023.05.19	08:00:00	13870.20	13876.30	13832.80	13871.60	16065	0	140
2023.05.19	12:00:00	13871.30	13872.80	13822.00	13857.40	17503	0	140
2023.05.19	16:00:00	13857.80	13873.90	13767.50	13797.60	58931	0	60
2023.05.19	20:00:00	13797.40	13821.40	13760.80	13787.60	38816	0	60
2023.05.22	00:00:00	13774.00	13807.70	13759.80	13802.90	6812	0	140
2023.05.22	04:00:00	13803.00	13824.20	13797.10	13819.90	10485	0	140
2023.05.22	08:00:00	13819.80	13821.00	13798.70	13807.90	13884	0	140
2023.05.22	12:00:00	13807.70	13814.10	13770.30	13800.60	13847	0	140
2023.05.22	16:00:00	13801.10	13892.50	13790.10	13845.00	50837	0	60
2023.05.22	20:00:00	13844.80	13890.10	13819.10	13863.20	33197	0	60
2023.05.23	00:00:00	13860.90	13902.30	13860.60	13891.80	6705	0	140
2023.05.23	04:00:00	13891.30	13923.50	13869.10	13873.80	12171	0	140
2023.05.23	08:00:00	13874.30	13882.90	13843.10	13853.90	15196	0	140
2023.05.23	12:00:00	13853.50	13858.70	13784.50	13786.90	16665	0	140
2023.05.23	16:00:00	13787.00	13824.50	13726.20	13744.70	51584	0	60
2023.05.23	20:00:00	13743.90	13769.10	13661.10	13682.70	40407	0	60
2023.05.24	00:00:00	13690.20	13706.90	13686.80	13702.30	4445	0	140
2023.05.24	04:00:00	13702.80	13704.00	13678.10	13698.60	8681	0	140
2023.05.24	08:00:00	13698.90	13702.10	13639.00	13670.10	19846	0	140
2023.05.24	12:00:00	13670.20	13680.50	13593.50	13595.60	20085	0	160
2023.05.24	16:00:00	13595.80	13624.80	13519.30	13555.30	54178	0	60
2023.05.24	20:00:00	13555.00	13769.40	13530.90	13768.90	46527	0	60
2023.05.25	00:00:00	13825.90	13828.50	13756.70	13800.80	12523	0	150
2023.05.25	04:00:00	13800.60	13810.70	13774.00	13783.40	12154	0	140
2023.05.25	08:00:00	13783.70	13851.80	13777.00	13851.30	16611	0	90
2023.05.25	12:00:00	13851.17	13936.30	13849.30	13930.55	17445	0	90
2023.05.25	16:00:00	13929.42	13968.42	13819.42	13939.05	67922	0	90
2023.05.25	20:00:00	13938.80	13993.55	13909.55	13948.30	43579	0	90
2023.05.26	00:00:00	13945.20	13947.60	13913.20	13928.40	5787	0	140
2023.05.26	04:00:00	13928.30	13931.40	13884.60	13913.60	9416	0	140
2023.05.26	08:00:00	13914.20	13955.50	13903.80	13949.40	17816	0	140
2023.05.26	12:00:00	13949.30	14003.90	13925.90	13982.10	20576	0	140
2023.05.26	16:00:00	13981.70	14287.40	13975.20	14280.60	54718	0	60
2023.05.26	20:00:00	14280.80	14328.60	14253.80	14324.80	38024	0	60
2023.05.29	00:00:00	14387.70	14405.40	14360.20	14365.80	9448	0	140
2023.05.29	04:00:00	14365.60	14377.30	14344.40	14355.20	11419	0	140
2023.05.29	08:00:00	14355.30	14391.90	14347.40	14358.20	12048	0	140
2023.05.29	12:00:00	14358.50	14378.60	14327.00	14333.60	10336	0	140
2023.05.29	16:00:00	14333.70	14371.00	14328.20	14367.10	10239	0	60
2023.05.30	00:00:00	14365.50	14370.20	14340.50	14347.70	6521	0	140
2023.05.30	04:00:00	14347.40	14358.40	14338.10	14353.40	9126	0	140
2023.05.30	08:00:00	14352.90	14444.00	14345.80	14431.90	18522	0	140
2023.05.30	12:00:00	14431.60	14529.00	14428.70	14485.30	22271	0	150
2023.05.30	16:00:00	14486.00	14518.90	14355.90	14409.60	59544	0	60
2023.05.30	20:00:00	14409.30	14410.10	14300.30	14370.20	43166	0	60
2023.05.31	00:00:00	14350.60	14389.50	14349.50	14375.20	6476	0	140
2023.05.31	04:00:00	14374.90	14376.10	14331.30	14332.60	14096	0	140
2023.05.31	08:00:00	14332.30	14332.30	14292.60	14325.70	23282	0	140
2023.05.31	12:00:00	14324.90	14347.40	14278.20	14281.50	18354	0	150
2023.05.31	16:00:00	14281.60	14373.50	14215.10	14241.80	54921	0	60
2023.05.31	20:00:00	14241.90	14327.20	14234.20	14249.90	44820	0	60
2023.06.01	00:00:00	14256.50	14276.30	14234.20	14240.80	7304	0	140
2023.06.01	04:00:00	14241.00	14290.70	14207.50	14243.90	15600	0	140
2023.06.01	08:00:00	14244.10	14284.40	14237.10	14269.00	17722	0	140
2023.06.01	12:00:00	14268.80	14295.40	14232.10	14255.70	19338	0	140
2023.06.01	16:00:00	14255.00	14433.90	14211.60	14430.30	56402	0	60
2023.06.01	20:00:00	14430.60	14496.00	14402.20	14461.90	41259	0	60
2023.06.02	00:00:00	14458.90	14462.90	14444.80	14446.10	4411	0	140
2023.06.02	04:00:00	14446.00	14479.70	14440.30	14473.50	9074	0	140
2023.06.02	08:00:00	14473.40	14494.80	14459.40	14494.80	15461	0	140
2023.06.02	12:00:00	14495.00	14529.80	14459.50	14476.70	21789	0	150
2023.06.02	16:00:00	14476.80	14593.90	14436.40	14562.80	53335	0	60
2023.06.02	20:00:00	14563.70	14575.40	14521.80	14551.80	38599	0	60
2023.06.05	00:00:00	14539.80	14546.50	14484.00	14498.80	9343	0	140
2023.06.05	04:00:00	14499.30	14517.60	14488.20	14495.40	12735	0	140
2023.06.05	08:00:00	14495.80	14544.40	14491.30	14511.60	16185	0	140
2023.06.05	12:00:00	14512.00	14538.60	14498.40	14530.70	13327	0	140
2023.06.05	16:00:00	14530.90	14661.20	14526.70	14659.90	56025	0	60
2023.06.05	20:00:00	14659.30	14663.80	14512.80	14560.00	43168	0	60
2023.06.06	00:00:00	14551.20	14553.50	14526.10	14543.60	5862	0	140
2023.06.06	04:00:00	14543.50	14569.90	14541.90	14557.60	12231	0	140
2023.06.06	08:00:00	14557.80	14583.10	14536.60	14550.70	17837	0	140
2023.06.06	12:00:00	14552.30	14563.40	14533.10	14540.90	14008	0	140
2023.06.06	16:00:00	14541.00	14595.80	14475.00	14505.00	56934	0	60
2023.06.06	20:00:00	14504.90	14575.20	14503.30	14565.70	38234	0	60
2023.06.07	00:00:00	14565.20	14573.00	14546.40	14563.80	5796	0	140
2023.06.07	04:00:00	14563.70	14565.60	14540.10	14552.90	11349	0	140
2023.06.07	08:00:00	14552.40	14557.80	14509.90	14528.60	14650	0	140
2023.06.07	12:00:00	14528.40	14585.90	14521.40	14570.00	13117	0	140
2023.06.07	16:00:00	14570.30	14647.10	14348.50	14364.40	59887	0	60
2023.06.07	20:00:00	14364.50	14384.40	14282.00	14295.70	43490	0	60
2023.06.08	00:00:00	14302.60	14312.20	14282.20	14309.80	6093	0	140
2023.06.08	04:00:00	14309.50	14313.00	14235.60	14246.60	13392	0	140
2023.06.08	08:00:00	14246.70	14309.70	14231.90	14298.90	18946	0	150
2023.06.08	12:00:00	14298.50	14346.40	14263.90	14334.60	18484	0	140
2023.06.08	16:00:00	14334.40	14504.80	14304.50	14463.20	57227	0	60
2023.06.08	20:00:00	14463.60	14507.40	14402.50	14503.90	39597	0	60
2023.06.09	00:00:00	14487.90	14495.00	14463.90	14469.00	4600	0	140
2023.06.09	04:00:00	14468.90	14486.50	14465.00	14469.90	7093	0	140
2023.06.09	08:00:00	14469.70	14488.90	14440.90	14482.90	12479	0	140
2023.06.09	12:00:00	14483.10	14537.50	14464.80	14533.30	16538	0	140
2023.06.09	16:00:00	14533.20	14670.80	14483.00	14540.40	56030	0	60
2023.06.09	20:00:00	14540.90	14602.30	14524.70	14549.00	34572	0	60
2023.06.12	00:00:00	14542.60	14593.50	14542.60	14580.50	5160	0	140
2023.06.12	04:00:00	14580.40	14587.40	14563.90	14571.20	5486	0	140
2023.06.12	08:00:00	14571.30	14627.60	14569.90	14624.80	10246	0	140
2023.06.12	12:00:00	14624.70	14638.90	14587.10	14620.30	12549	0	140
2023.06.12	16:00:00	14620.00	14664.60	14569.70	14658.50	48096	0	60
2023.06.12	20:00:00	14658.00	14812.40	14653.60	14808.70	32618	0	60
2023.06.13	00:00:00	14803.60	14823.90	14797.60	14799.90	5214	0	140
2023.06.13	04:00:00	14800.00	14855.90	14797.90	14850.60	7864	0	140
2023.06.13	08:00:00	14850.50	14886.80	14844.60	14872.10	14176	0	140
2023.06.13	12:00:00	14871.50	14913.10	14783.20	14913.00	19109	0	140
2023.06.13	16:00:00	14913.30	14952.60	14767.80	14905.70	59939	0	60
2023.06.13	20:00:00	14904.70	14918.70	14816.80	14913.50	41351	0	60
2023.06.14	00:00:00	14916.90	14922.10	14894.40	14894.80	5754	0	140
2023.06.14	04:00:00	14895.40	14914.30	14895.40	14904.90	8727	0	140
2023.06.14	08:00:00	14905.10	14954.90	14885.50	14937.50	14726	0	140
2023.06.14	12:00:00	14937.40	14947.50	14904.00	14907.90	16551	0	150
2023.06.14	16:00:00	14908.20	15020.00	14857.40	14981.50	54139	0	60
2023.06.14	20:00:00	14982.10	15045.50	14780.50	15043.30	51841	0	60
2023.06.15	00:00:00	15030.90	15033.70	15011.10	15015.20	5969	0	140
2023.06.15	04:00:00	15014.70	15019.20	14971.10	14998.40	13407	0	140
2023.06.15	08:00:00	14998.20	15011.90	14926.50	14928.90	18545	0	140
2023.06.15	12:00:00	14928.60	14941.30	14870.90	14927.40	23704	0	180
2023.06.15	16:00:00	14927.10	15136.40	14917.50	15111.30	57255	0	60
2023.06.15	20:00:00	15111.60	15250.90	15074.10	15175.20	45966	0	60
2023.06.16	00:00:00	15166.10	15182.70	15137.50	15143.50	6026	0	140
2023.06.16	04:00:00	15143.20	15164.20	15125.40	15154.50	11338	0	140
2023.06.16	08:00:00	15154.30	15217.20	15145.80	15205.60	18766	0	140
2023.06.16	12:00:00	15205.90	15249.40	15176.60	15240.40	19377	0	150
2023.06.16	16:00:00	15240.70	15282.70	15139.40	15218.30	56383	0	60
2023.06.16	20:00:00	15219.60	15223.60	15074.50	15113.00	41014	0	60
2023.06.19	00:00:00	15130.50	15136.00	15084.20	15093.40	6972	0	140
2023.06.19	04:00:00	15093.90	15111.70	15077.40	15083.70	11131	0	140
2023.06.19	08:00:00	15083.80	15120.10	15067.00	15082.90	15274	0	140
2023.06.19	12:00:00	15082.80	15096.00	15048.60	15069.70	12086	0	140
2023.06.19	16:00:00	15069.90	15078.80	15045.70	15055.10	13447	0	60
2023.06.20	00:00:00	15058.30	15072.50	15047.20	15064.60	5541	0	140
2023.06.20	04:00:00	15064.70	15070.70	15040.60	15046.00	9614	0	140
2023.06.20	08:00:00	15045.90	15065.50	14983.40	14992.40	17969	0	140
2023.06.20	12:00:00	14993.10	15067.20	14988.10	15067.00	17913	0	150
2023.06.20	16:00:00	15067.40	15129.40	14946.40	15075.70	53687	0	60
2023.06.20	20:00:00	15076.00	15104.80	15047.00	15064.80	35947	0	60
2023.06.21	00:00:00	15067.60	15088.40	15054.50	15082.30	5499	0	140
2023.06.21	04:00:00	15082.00	15084.70	15060.70	15075.90	8593	0	140
2023.06.21	08:00:00	15076.00	15080.90	15030.50	15062.10	16819	0	140
2023.06.21	12:00:00	15061.90	15074.80	15001.50	15015.90	17785	0	140
2023.06.21	16:00:00	15015.70	15034.50	14823.30	14881.90	56819	0	60
2023.06.21	20:00:00	14881.70	14969.90	14854.80	14863.20	43711	0	60
2023.06.22	00:00:00	14871.20	14880.00	14846.80	14859.20	5890	0	140
2023.06.22	04:00:00	14859.30	14864.30	14831.90	14836.50	7897	0	140
2023.06.22	08:00:00	14836.60	14838.70	14792.70	14815.20	20965	0	140
2023.06.22	12:00:00	14815.00	14846.00	14792.60	14812.60	18284	0	140
2023.06.22	16:00:00	14811.30	15007.00	14787.30	14953.10	54947	0	70
2023.06.22	20:00:00	14954.00	15059.70	14909.20	15056.80	41551	0	60
2023.06.23	00:00:00	15053.10	15059.00	15028.90	15030.60	4955	0	140
2023.06.23	04:00:00	15030.30	15033.10	14953.50	14962.10	14151	0	140
2023.06.23	08:00:00	14962.30	15001.20	14916.80	14925.00	19856	0	140
2023.06.23	12:00:00	14924.70	14970.50	14846.20	14866.40	18751	0	150
2023.06.23	16:00:00	14866.90	14957.60	14817.90	14952.20	55569	0	70
2023.06.23	20:00:00	14952.50	14986.00	14862.00	14888.70	42813	0	60
2023.06.26	00:00:00	14895.70	14939.10	14895.40	14927.40	9068	0	140
2023.06.26	04:00:00	14927.20	14948.70	14910.00	14929.80	11855	0	140
2023.06.26	08:00:00	14929.70	14930.90	14833.70	14843.60	20490	0	140
2023.06.26	12:00:00	14843.30	14904.20	14842.60	14894.20	16719	0	140
2023.06.26	16:00:00	14893.70	14984.60	14711.70	14747.80	59530	0	70
2023.06.26	20:00:00	14748.00	14781.60	14686.90	14705.90	41229	0	70
2023.06.27	00:00:00	14710.10	14729.30	14696.90	14710.50	6493	0	140
2023.06.27	04:00:00	14710.70	14725.50	14696.80	14715.50	11485	0	140
2023.06.27	08:00:00	14715.80	14759.70	14712.70	14743.10	16979	0	140
2023.06.27	12:00:00	14743.40	14771.40	14726.00	14749.10	16821	0	140
2023.06.27	16:00:00	14749.30	14901.60	14722.90	14887.80	52981	0	60
2023.06.27	20:00:00	14886.90	14970.10	14869.40	14922.40	36143	0	60
2023.06.28	00:00:00	14921.20	14921.40	14871.00	14878.60	8607	0	140
2023.06.28	04:00:00	14878.70	14902.10	14870.40	14889.30	11467	0	140
2023.06.28	08:00:00	14889.80	14911.60	14860.10	14869.10	16804	0	140
2023.06.28	12:00:00	14868.90	14923.50	14856.60	14879.40	16948	0	140
2023.06.28	16:00:00	14879.50	15052.90	14861.70	14923.80	57375	0	60
2023.06.28	20:00:00	14923.00	15013.10	14900.70	14989.80	39587	0	70
2023.06.29	00:00:00	14994.50	15017.60	14991.00	15009.20	5991	0	140
2023.06.29	04:00:00	15008.80	15015.00	14975.10	14981.40	10506	0	140
2023.06.29	08:00:00	14981.60	14997.70	14948.10	14991.50	16256	0	140
2023.06.29	12:00:00	14991.60	15034.30	14963.10	14972.00	19413	0	140
2023.06.29	16:00:00	14972.20	14980.70	14870.90	14931.20	54437	0	70
2023.06.29	20:00:00	14929.20	14957.70	14879.40	14952.50	35532	0	60
2023.06.30	00:00:00	14941.40	14964.80	14939.60	14950.60	6174	0	140
2023.06.30	04:00:00	14950.70	14983.70	14950.20	14969.20	11624	0	140
2023.06.30	08:00:00	14969.30	15010.00	14962.10	15006.20	15047	0	140
2023.06.30	12:00:00	15008.00	15100.50	15003.30	15076.20	17988	0	140
2023.06.30	16:00:00	15077.00	15218.00	15075.60	15197.00	49162	0	60
2023.06.30	20:00:00	15197.20	15207.10	15148.10	15155.50	35000	0	60
2023.07.03	00:00:00	15195.80	15201.40	15170.70	15179.90	6335	0	140
2023.07.03	04:00:00	15180.00	15201.30	15175.00	15197.80	7297	0	140
2023.07.03	08:00:00	15197.50	15235.60	15185.00	15224.90	12672	0	140
2023.07.03	12:00:00	15224.40	15224.90	15176.00	15195.80	14253	0	140
2023.07.03	16:00:00	15195.60	15235.00	15153.70	15211.90	45626	0	60
2023.07.03	20:00:00	15211.80	15212.60	15197.90	15202.40	1353	0	60
2023.07.04	00:00:00	15191.90	15197.70	15180.50	15189.50	4000	0	140
2023.07.04	04:00:00	15189.30	15202.10	15180.70	15195.90	5905	0	140
2023.07.04	08:00:00	15196.10	15207.00	15184.10	15191.90	8120	0	140
2023.07.04	12:00:00	15192.00	15205.10	15187.80	15204.50	6362	0	140
2023.07.04	16:00:00	15204.40	15215.10	15187.30	15189.40	8306	0	60
2023.07.05	00:00:00	15193.90	15197.40	15177.80	15188.30	3822	0	140
2023.07.05	04:00:00	15188.00	15203.30	15186.10	15187.50	6035	0	140
2023.07.05	08:00:00	15187.80	15194.80	15134.00	15144.00	13878	0	140
2023.07.05	12:00:00	15144.30	15150.20	15101.90	15130.50	15134	0	140
2023.07.05	16:00:00	15130.60	15279.60	15125.50	15208.20	51733	0	60
2023.07.05	20:00:00	15209.10	15235.60	15169.00	15199.60	35122	0	60
2023.07.06	00:00:00	15203.10	15211.80	15178.60	15183.10	4919	0	140
2023.07.06	04:00:00	15182.90	15201.10	15113.90	15133.90	12695	0	140
2023.07.06	08:00:00	15133.60	15151.70	15110.40	15138.60	18310	0	140
2023.07.06	12:00:00	15138.70	15152.30	15010.50	15038.20	21890	0	150
2023.07.06	16:00:00	15038.00	15075.80	14970.30	15071.80	50877	0	60
2023.07.06	20:00:00	15072.30	15107.60	15047.40	15073.90	34285	0	60
2023.07.07	00:00:00	15077.20	15093.10	15070.10	15092.10	5740	0	140
2023.07.07	04:00:00	15092.30	15098.40	15071.90	15078.90	9086	0	140
2023.07.07	08:00:00	15079.20	15093.00	15031.70	15068.10	17205	0	140
2023.07.07	12:00:00	15068.40	15168.70	15053.40	15073.40	20217	0	140
2023.07.07	16:00:00	15072.90	15192.80	15035.20	15188.60	51456	0	60
2023.07.07	20:00:00	15189.10	15212.90	15025.80	15044.20	35338	0	60
2023.07.10	00:00:00	15035.10	15046.60	14998.00	15016.40	9329	0	140
2023.07.10	04:00:00	15016.50	15029.50	14980.20	15002.50	14343	0	140
2023.07.10	08:00:00	15002.10	15008.90	14937.30	14985.80	19182	0	140
2023.07.10	12:00:00	14985.30	15057.00	14977.70	15027.20	16776	0	140
2023.07.10	16:00:00	15027.50	15076.50	14920.00	15005.00	53341	0	60
2023.07.10	20:00:00	15005.90	15073.30	14990.40	15053.00	35744	0	60
2023.07.11	00:00:00	15041.90	15052.20	15032.40	15051.30	5189	0	140
2023.07.11	04:00:00	15051.00	15059.50	15037.70	15051.70	7698	0	140
2023.07.11	08:00:00	15052.00	15094.50	15036.30	15051.80	16916	0	140
2023.07.11	12:00:00	15051.60	15096.90	15045.10	15087.20	16495	0	140
2023.07.11	16:00:00	15087.50	15110.10	14970.20	15075.60	52647	0	70
2023.07.11	20:00:00	15075.80	15136.90	15016.10	15120.70	36502	0	60
2023.07.12	00:00:00	15119.70	15141.80	15116.40	15122.80	6089	0	140
2023.07.12	04:00:00	15122.60	15151.70	15115.70	15142.00	8384	0	140
2023.07.12	08:00:00	15141.80	15159.70	15130.10	15152.00	12323	0	140
2023.07.12	12:00:00	15151.80	15284.70	15145.80	15261.70	16875	0	140
2023.07.12	16:00:00	15261.60	15364.50	15203.80	15272.70	56090	0	60
2023.07.12	20:00:00	15272.20	15337.10	15263.20	15317.20	36078	0	60
2023.07.13	00:00:00	15327.20	15348.40	15327.20	15343.50	5410	0	140
2023.07.13	04:00:00	15343.40	15394.80	15333.00	15359.00	9183	0	140
2023.07.13	08:00:00	15358.80	15407.50	15349.10	15405.60	14893	0	140
2023.07.13	12:00:00	15405.70	15439.00	15389.70	15418.10	16548	0	140
2023.07.13	16:00:00	15419.10	15525.50	15410.60	15514.60	46393	0	60
2023.07.13	20:00:00	15514.90	15603.00	15500.20	15557.60	33454	0	60
2023.07.14	00:00:00	15566.20	15582.60	15544.80	15555.80	6823	0	140
2023.07.14	04:00:00	15555.50	15592.60	15554.30	15586.30	9809	0	140
2023.07.14	08:00:00	15586.40	15601.50	15561.70	15573.70	13623	0	140
2023.07.14	12:00:00	15573.40	15588.10	15549.20	15573.80	14179	0	140
2023.07.14	16:00:00	15573.90	15721.60	15565.90	15629.70	53921	0	60
2023.07.14	20:00:00	15630.30	15631.40	15527.90	15557.10	39900	0	60
2023.07.17	00:00:00	15549.70	15556.20	15528.80	15542.20	6032	0	140
2023.07.17	04:00:00	15542.50	15555.60	15535.60	15548.20	6071	0	140
2023.07.17	08:00:00	15548.00	15594.70	15543.10	15577.70	12072	0	140
2023.07.17	12:00:00	15577.50	15579.60	15544.90	15574.60	14860	0	140
2023.07.17	16:00:00	15575.10	15677.40	15569.30	15661.20	49669	0	60
2023.07.17	20:00:00	15660.90	15747.70	15645.70	15692.90	34694	0	60
2023.07.18	00:00:00	15696.00	15700.70	15676.30	15682.20	5471	0	140
2023.07.18	04:00:00	15682.00	15693.00	15666.10	15683.00	8345	0	140
2023.07.18	08:00:00	15682.70	15709.90	15680.40	15690.70	11983	0	140
2023.07.18	12:00:00	15690.60	15703.70	15662.70	15678.90	14054	0	140
2023.07.18	16:00:00	15678.80	15797.00	15600.70	15776.40	52897	0	60
2023.07.18	20:00:00	15776.70	15898.30	15775.00	15819.50	37097	0	60
2023.07.19	00:00:00	15829.00	15836.20	15821.40	15826.80	4938	0	140
2023.07.19	04:00:00	15827.00	15836.50	15822.00	15825.80	7433	0	140
2023.07.19	08:00:00	15826.00	15861.10	15825.80	15856.00	14572	0	140
2023.07.19	12:00:00	15855.70	15883.20	15848.50	15878.20	13850	0	140
2023.07.19	16:00:00	15877.90	15932.50	15818.60	15845.10	54411	0	60
2023.07.19	20:00:00	15845.40	15867.90	15781.00	15811.60	40745	0	60
2023.07.20	00:00:00	15786.60	15790.00	15712.90	15742.80	9738	0	140
2023.07.20	04:00:00	15742.90	15767.20	15742.00	15760.30	9600	0	140
2023.07.20	08:00:00	15760.50	15774.90	15693.10	15703.70	17502	0	140
2023.07.20	12:00:00	15703.40	15744.00	15689.00	15703.60	17640	0	140
2023.07.20	16:00:00	15702.70	15769.00	15562.40	15570.50	57482	0	60
2023.07.20	20:00:00	15568.70	15593.90	15428.50	15477.80	43494	0	70
2023.07.21	00:00:00	15477.80	15483.40	15435.80	15467.90	7375	0	140
2023.07.21	04:00:00	15467.10	15492.60	15452.30	15481.70	10470	0	140
2023.07.21	08:00:00	15481.10	15546.10	15472.00	15535.90	16098	0	140
2023.07.21	12:00:00	15536.00	15579.90	15510.90	15578.90	16751	0	140
2023.07.21	16:00:00	15578.70	15600.70	15432.20	15460.70	55684	0	70
2023.07.21	20:00:00	15460.80	15538.30	15406.70	15438.00	40782	0	60
2023.07.24	00:00:00	15452.20	15452.60	15424.30	15441.00	6563	0	140
2023.07.24	04:00:00	15440.70	15453.30	15416.90	15440.10	12284	0	140
2023.07.24	08:00:00	15439.90	15483.30	15416.70	15462.10	17169	0	140
2023.07.24	12:00:00	15461.90	15484.10	15454.10	15464.20	15287	0	140
2023.07.24	16:00:00	15464.70	15509.80	15374.90	15437.80	52428	0	60
2023.07.24	20:00:00	15437.60	15484.20	15412.30	15457.50	35372	0	60
2023.07.25	00:00:00	15453.10	15459.60	15436.50	15441.90	4479	0	140
2023.07.25	04:00:00	15441.40	15451.40	15437.50	15444.10	8678	0	140
2023.07.25	08:00:00	15444.40	15516.00	15442.70	15509.20	13661	0	140
2023.07.25	12:00:00	15508.70	15515.30	15480.30	15493.30	11896	0	140
2023.07.25	16:00:00	15492.80	15585.40	15469.20	15584.10	48880	0	60
2023.07.25	20:00:00	15584.60	15624.20	15500.30	15608.10	39201	0	60
2023.07.26	00:00:00	15584.90	15585.80	15510.60	15524.30	10089	0	140
2023.07.26	04:00:00	15524.10	15550.30	15519.30	15538.40	8912	0	140
2023.07.26	08:00:00	15538.30	15566.90	15530.00	15534.00	16148	0	140
2023.07.26	12:00:00	15533.50	15543.70	15495.90	15504.20	18771	0	140
2023.07.26	16:00:00	15504.90	15529.00	15407.00	15443.40	50757	0	60
2023.07.26	20:00:00	15442.40	15599.00	15412.80	15517.00	47788	0	60
2023.07.27	00:00:00	15532.50	15563.10	15523.50	15562.00	5752	0	140
2023.07.27	04:00:00	15562.30	15615.10	15561.80	15601.80	12475	0	140
2023.07.27	08:00:00	15601.70	15695.50	15589.10	15692.90	17960	0	140
2023.07.27	12:00:00	15693.00	15733.70	15674.90	15710.90	21140	0	140
2023.07.27	16:00:00	15711.90	15795.00	15655.50	15727.50	54680	0	60
2023.07.27	20:00:00	15728.50	15740.60	15412.70	15483.60	49276	0	60
2023.07.28	00:00:00	15474.40	15513.90	15467.80	15509.70	7875	0	140
2023.07.28	04:00:00	15510.50	15568.60	15445.40	15513.40	22849	0	140
2023.07.28	08:00:00	15513.20	15598.60	15513.20	15567.20	24931	0	180
2023.07.28	12:00:00	15566.90	15646.50	15557.00	15640.90	22829	0	180
2023.07.28	16:00:00	15640.60	15790.10	15615.50	15748.20	53455	0	60
2023.07.28	20:00:00	15747.50	15774.50	15670.00	15736.70	38079	0	60
2023.07.31	00:00:00	15751.30	15811.70	15744.90	15750.30	9785	0	140
2023.07.31	04:00:00	15749.80	15758.00	15687.00	15700.60	17835	0	140
2023.07.31	08:00:00	15700.30	15756.40	15692.50	15753.70	18058	0	140
2023.07.31	12:00:00	15753.00	15792.40	15730.70	15783.10	15368	0	140
2023.07.31	16:00:00	15783.30	15805.40	15706.90	15727.40	48217	0	60
2023.07.31	20:00:00	15726.40	15775.70	15700.60	15770.80	34169	0	60
2023.08.01	00:00:00	15777.10	15779.30	15754.20	15776.50	5285	0	140
2023.08.01	04:00:00	15776.60	15790.70	15765.00	15771.00	10574	0	140
2023.08.01	08:00:00	15770.70	15772.50	15695.80	15714.10	14953	0	140
2023.08.01	12:00:00	15712.10	15730.30	15657.90	15674.80	19694	0	140
2023.08.01	16:00:00	15674.60	15740.00	15631.00	15728.40	49522	0	60
2023.08.01	20:00:00	15729.00	15751.40	15697.60	15711.10	32417	0	60
2023.08.02	00:00:00	15637.80	15675.50	15621.80	15669.00	9953	0	140
2023.08.02	04:00:00	15669.30	15692.10	15614.00	15620.50	14199	0	140
2023.08.02	08:00:00	15620.30	15633.70	15494.80	15537.50	24997	0	150
2023.08.02	12:00:00	15537.80	15622.50	15521.10	15582.70	26564	0	200
2023.08.02	16:00:00	15582.20	15582.20	15321.90	15387.20	57192	0	70
2023.08.02	20:00:00	15387.10	15421.10	15341.20	15354.40	41053	0	70
2023.08.03	00:00:00	15375.90	15407.40	15372.20	15398.00	8915	0	140
2023.08.03	04:00:00	15397.50	15415.00	15357.50	15360.50	13554	0	140
2023.08.03	08:00:00	15360.20	15384.20	15247.20	15299.70	28548	0	160
2023.08.03	12:00:00	15299.90	15352.90	15270.70	15286.60	29326	0	220
2023.08.03	16:00:00	15285.40	15438.60	15258.60	15423.30	55373	0	70
2023.08.03	20:00:00	15423.50	15464.80	15327.80	15351.60	43998	0	60
2023.08.04	00:00:00	15365.60	15423.70	15355.50	15423.30	9991	0	140
2023.08.04	04:00:00	15423.20	15450.50	15413.60	15431.40	13559	0	140
2023.08.04	08:00:00	15431.10	15475.20	15401.20	15434.90	19605	0	140
2023.08.04	12:00:00	15435.50	15460.30	15315.50	15427.30	26981	0	180
2023.08.04	16:00:00	15426.10	15527.70	15310.60	15512.60	56424	0	60
2023.08.04	20:00:00	15513.10	15515.70	15257.40	15286.20	43797	0	60
2023.08.07	00:00:00	15304.90	15357.00	15303.20	15354.00	8502	0	140
2023.08.07	04:00:00	15353.90	15367.80	15334.50	15357.40	12564	0	140
2023.08.07	08:00:00	15357.30	15389.20	15327.30	15344.50	19518	0	140
2023.08.07	12:00:00	15344.20	15365.90	15317.30	15364.70	18786	0	160
2023.08.07	16:00:00	15364.80	15395.90	15254.00	15343.50	54857	0	70
2023.08.07	20:00:00	15343.60	15411.60	15328.30	15410.80	37623	0	60
2023.08.08	00:00:00	15415.40	15415.60	15392.80	15398.20	5922	0	140
2023.08.08	04:00:00	15397.90	15398.70	15339.00	15361.60	15892	0	140
2023.08.08	08:00:00	15362.10	15364.50	15321.50	15352.70	20366	0	140
2023.08.08	12:00:00	15352.60	15354.80	15238.60	15294.90	26555	0	190
2023.08.08	16:00:00	15294.60	15307.10	15145.70	15198.80	54851	0	60
2023.08.08	20:00:00	15199.30	15293.90	15187.80	15273.10	39585	0	70
2023.08.09	00:00:00	15279.90	15305.40	15268.40	15295.90	6617	0	140
2023.08.09	04:00:00	15296.30	15318.70	15293.00	15304.00	12030	0	140
2023.08.09	08:00:00	15304.30	15356.10	15302.40	15346.30	17892	0	140
2023.08.09	12:00:00	15346.40	15347.60	15287.40	15296.00	19480	0	150
2023.08.09	16:00:00	15296.10	15300.40	15073.60	15115.10	54805	0	60
2023.08.09	20:00:00	15115.10	15233.50	15094.50	15124.60	39612	0	60
2023.08.10	00:00:00	15142.50	15162.60	15130.90	15161.50	6754	0	140
2023.08.10	04:00:00	15161.30	15174.90	15136.10	15159.70	11637	0	140
2023.08.10	08:00:00	15160.20	15219.80	15146.90	15204.50	18397	0	140
2023.08.10	12:00:00	15203.50	15282.50	15170.30	15256.40	23557	0	150
2023.08.10	16:00:00	15255.20	15366.80	15126.30	15140.50	62265	0	80
2023.08.10	20:00:00	15142.90	15178.80	15067.60	15146.50	46585	0	80
2023.08.11	00:00:00	15158.40	15196.50	15154.00	15191.90	5883	0	140
2023.08.11	04:00:00	15192.10	15195.60	15129.50	15135.10	13049	0	140
2023.08.11	08:00:00	15134.10	15171.40	15085.90	15102.10	20220	0	140
2023.08.11	12:00:00	15102.40	15125.00	15013.90	15027.00	24586	0	210
2023.08.11	16:00:00	15027.10	15104.10	14967.90	14994.00	57514	0	70
2023.08.11	20:00:00	14994.50	15068.00	14983.60	15037.10	40074	0	70
2023.08.14	00:00:00	15063.50	15084.30	15045.40	15047.90	8914	0	140
2023.08.14	04:00:00	15047.30	15053.40	14958.30	14985.00	20061	0	150
2023.08.14	08:00:00	14986.00	15158.90	14985.10	15083.50	23708	0	160
2023.08.14	12:00:00	15084.50	15102.50	14993.60	15018.90	21172	0	200
2023.08.14	16:00:00	15018.80	15184.10	14972.20	15149.00	53517	0	70
2023.08.14	20:00:00	15148.70	15211.80	15119.90	15210.00	36043	0	60
2023.08.15	00:00:00	15211.80	15250.30	15208.70	15229.60	7649	0	140
2023.08.15	04:00:00	15230.30	15267.40	15224.70	15253.00	13868	0	140
2023.08.15	08:00:00	15253.40	15262.90	15120.70	15161.70	22736	0	140
2023.08.15	12:00:00	15161.90	15167.60	15085.70	15116.60	27822	0	220
2023.08.15	16:00:00	15117.00	15192.40	15042.10	15096.90	54584	0	60
2023.08.15	20:00:00	15097.20	15119.20	15012.40	15047.60	36178	0	60
2023.08.16	00:00:00	15048.90	15062.60	15016.70	15042.80	8032	0	140
2023.08.16	04:00:00	15043.10	15069.20	15032.90	15044.60	16246	0	140
2023.08.16	08:00:00	15044.70	15099.20	15025.60	15082.40	20409	0	140
2023.08.16	12:00:00	15082.50	15085.80	14998.40	15001.60	20665	0	180
2023.08.16	16:00:00	15001.80	15077.40	14940.50	14949.10	56701	0	60
2023.08.16	20:00:00	14949.40	15019.90	14856.20	14870.00	46129	0	60
2023.08.17	00:00:00	14881.80	14887.10	14834.70	14849.60	7781	0	140
2023.08.17	04:00:00	14849.70	14886.10	14823.00	14876.40	17523	0	140
2023.08.17	08:00:00	14876.60	14916.30	14840.20	14896.50	21999	0	180
2023.08.17	12:00:00	14896.30	14952.70	14887.60	14945.00	20267	0	180
2023.08.17	16:00:00	14945.10	14948.80	14798.40	14893.00	57020	0	60
2023.08.17	20:00:00	14893.10	14898.00	14682.80	14683.80	43715	0	70
2023.08.18	00:00:00	14692.50	14716.10	14673.80	14713.00	9945	0	140
2023.08.18	04:00:00	14714.20	14731.30	14688.10	14704.30	15942	0	150
2023.08.18	08:00:00	14704.90	14717.10	14665.30	14694.80	22729	0	170
2023.08.18	12:00:00	14694.70	14699.80	14571.10	14589.80	26204	0	200
2023.08.18	16:00:00	14589.40	14694.80	14553.10	14658.50	58121	0	70
2023.08.18	20:00:00	14657.90	14746.30	14610.80	14691.10	41213	0	70
2023.08.21	00:00:00	14725.50	14741.10	14707.40	14734.40	7849	0	140
2023.08.21	04:00:00	14734.30	14734.30	14682.00	14700.20	16383	0	140
2023.08.21	08:00:00	14700.40	14781.30	14667.30	14778.20	19508	0	140
2023.08.21	12:00:00	14778.00	14805.00	14760.60	14761.60	18913	0	180
2023.08.21	16:00:00	14762.10	14874.70	14735.70	14848.20	55071	0	60
2023.08.21	20:00:00	14848.00	14959.70	14832.30	14916.30	40639	0	60
2023.08.22	00:00:00	14916.70	14921.70	14890.70	14910.70	7315	0	140
2023.08.22	04:00:00	14910.80	14931.30	14894.70	14909.20	13969	0	140
2023.08.22	08:00:00	14909.40	15010.80	14900.60	15003.30	21113	0	140
2023.08.22	12:00:00	15004.70	15065.60	14990.30	15034.50	19946	0	170
2023.08.22	16:00:00	15034.10	15044.50	14883.00	14923.00	54920	0	60
2023.08.22	20:00:00	14923.30	14958.40	14881.20	14907.10	36039	0	60
2023.08.23	00:00:00	14921.90	14945.60	14908.00	14945.30	5734	0	140
2023.08.23	04:00:00	14945.10	14978.30	14940.30	14962.10	12494	0	140
2023.08.23	08:00:00	14961.20	15032.20	14957.40	15014.50	18842	0	160
2023.08.23	12:00:00	15015.10	15025.40	14908.20	14933.00	22667	0	160
2023.08.23	16:00:00	14932.20	15153.70	14930.60	15126.30	50613	0	60
2023.08.23	20:00:00	15125.50	15297.20	15121.10	15282.80	39761	0	60
2023.08.24	00:00:00	15287.90	15296.50	15247.00	15289.90	10404	0	140
2023.08.24	04:00:00	15289.80	15348.10	15277.10	15342.50	14690	0	140
2023.08.24	08:00:00	15342.60	15367.30	15317.70	15328.20	21335	0	150
2023.08.24	12:00:00	15328.50	15345.30	15273.10	15289.30	23221	0	160
2023.08.24	16:00:00	15289.50	15309.60	14899.80	14955.50	57297	0	70
2023.08.24	20:00:00	14956.10	14968.80	14772.50	14785.10	40890	0	70
2023.08.25	00:00:00	14805.60	14831.40	14790.70	14820.00	8432	0	140
2023.08.25	04:00:00	14820.20	14828.10	14783.90	14800.40	13699	0	140
2023.08.25	08:00:00	14801.10	14845.00	14742.90	14834.00	21003	0	150
2023.08.25	12:00:00	14833.90	14875.00	14805.50	14855.80	19988	0	190
2023.08.25	16:00:00	14855.90	15005.40	14711.50	14841.60	61494	0	70
2023.08.25	20:00:00	14841.80	14985.00	14796.80	14930.30	40715	0	70
2023.08.28	00:00:00	14977.60	14991.60	14935.60	14948.90	8396	0	140
2023.08.28	04:00:00	14949.10	14980.10	14939.80	14951.70	13535	0	140
2023.08.28	08:00:00	14951.20	14993.10	14937.70	14982.20	15180	0	140
2023.08.28	12:00:00	14982.60	15054.10	14956.20	15052.10	16249	0	170
2023.08.28	16:00:00	15051.70	15088.70	14944.50	15033.60	53192	0	60
2023.08.28	20:00:00	15033.30	15070.60	14958.10	15058.00	35445	0	70
2023.08.29	00:00:00	15072.30	15074.00	15038.90	15059.80	5153	0	140
2023.08.29	04:00:00	15059.30	15077.20	15047.10	15071.50	10196	0	140
2023.08.29	08:00:00	15071.60	15106.70	15030.00	15035.30	18089	0	140
2023.08.29	12:00:00	15035.50	15074.20	15010.50	15033.30	20351	0	190
2023.08.29	16:00:00	15033.50	15351.80	15020.10	15339.60	51210	0	60
2023.08.29	20:00:00	15340.00	15390.90	15319.00	15385.00	33275	0	60
2023.08.30	00:00:00	15395.90	15411.40	15390.20	15405.10	5763	0	140
2023.08.30	04:00:00	15405.50	15429.10	15398.70	15401.80	11138	0	140
2023.08.30	08:00:00	15401.50	15409.00	15338.60	15340.20	19239	0	140
2023.08.30	12:00:00	15339.60	15412.30	15322.60	15388.40	21811	0	150
2023.08.30	16:00:00	15386.60	15484.00	15336.50	15470.70	50680	0	60
2023.08.30	20:00:00	15470.80	15481.80	15412.20	15472.40	33691	0	60
2023.08.31	00:00:00	15467.90	15477.40	15461.50	15463.70	2849	0	140
2023.08.31	04:00:00	15464.00	15490.60	15461.90	15467.90	6887	0	140
2023.08.31	08:00:00	15467.60	15477.10	15444.10	15466.80	11115	0	140
2023.08.31	12:00:00	15467.90	15504.00	15420.70	15468.50	21071	0	150
2023.08.31	16:00:00	15468.70	15573.90	15441.50	15497.50	51545	0	60
2023.08.31	20:00:00	15497.30	15563.50	15489.30	15506.00	35382	0	60
2023.09.01	00:00:00	15494.70	15513.40	15489.60	15509.90	5303	0	140
2023.09.01	04:00:00	15510.20	15525.30	15507.30	15515.90	6904	0	140
2023.09.01	08:00:00	15515.80	15531.40	15469.00	15511.40	15021	0	140
2023.09.01	12:00:00	15511.30	15620.00	15508.40	15604.40	21149	0	150
2023.09.01	16:00:00	15604.50	15627.80	15427.00	15487.50	56272	0	60
2023.09.01	20:00:00	15487.30	15498.60	15431.00	15484.10	33998	0	60
2023.09.04	00:00:00	15488.00	15504.10	15476.00	15501.60	4942	0	140
2023.09.04	04:00:00	15501.70	15518.10	15491.40	15509.20	9997	0	140
2023.09.04	08:00:00	15508.70	15543.70	15504.70	15533.40	13775	0	140
2023.09.04	12:00:00	15533.50	15545.90	15521.40	15527.40	10523	0	140
2023.09.04	16:00:00	15527.20	15554.40	15488.20	15499.70	14232	0	60
2023.09.05	00:00:00	15500.00	15508.30	15467.40	15470.10	5990	0	140
2023.09.05	04:00:00	15470.40	15486.00	15464.00	15483.00	10787	0	140
2023.09.05	08:00:00	15483.80	15488.20	15393.40	15426.00	20371	0	140
2023.09.05	12:00:00	15426.80	15474.10	15412.40	15465.50	21047	0	170
2023.09.05	16:00:00	15465.60	15548.50	15417.50	15525.30	51022	0	60
2023.09.05	20:00:00	15526.50	15559.30	15485.20	15488.70	32266	0	60
2023.09.06	00:00:00	15485.90	15503.80	15485.80	15497.10	4036	0	140
2023.09.06	04:00:00	15497.30	15499.60	15465.60	15478.30	9064	0	140
2023.09.06	08:00:00	15479.30	15488.60	15410.30	15454.60	17971	0	140
2023.09.06	12:00:00	15455.00	15481.40	15438.30	15469.90	18198	0	170
2023.09.06	16:00:00	15469.70	15485.80	15290.30	15304.00	52332	0	60
2023.09.06	20:00:00	15303.40	15379.90	15287.40	15363.10	36650	0	60
2023.09.07	00:00:00	15365.60	15371.10	15352.00	15354.80	5084	0	140
2023.09.07	04:00:00	15354.40	15366.40	15331.00	15334.40	10476	0	140
2023.09.07	08:00:00	15334.30	15336.00	15250.00	15273.60	20988	0	140
2023.09.07	12:00:00	15273.10	15308.60	15163.80	15177.30	22811	0	170
2023.09.07	16:00:00	15177.00	15263.40	15134.20	15223.00	53919	0	70
2023.09.07	20:00:00	15222.70	15291.50	15218.60	15266.70	35633	0	60
2023.09.08	00:00:00	15271.80	15273.60	15240.70	15252.50	5199	0	140
2023.09.08	04:00:00	15252.70	15272.00	15238.00	15262.50	7817	0	140
2023.09.08	08:00:00	15262.70	15327.10	15245.10	15246.70	19802	0	140
2023.09.08	12:00:00	15246.60	15274.30	15207.10	15255.90	23332	0	200
2023.09.08	16:00:00	15256.40	15375.90	15252.10	15314.60	49920	0	60
2023.09.08	20:00:00	15314.70	15328.30	15241.90	15304.40	35769	0	60
2023.09.11	00:00:00	15290.40	15324.10	15288.00	15301.10	6478	0	140
2023.09.11	04:00:00	15301.30	15329.90	15287.70	15328.90	10900	0	140
2023.09.11	08:00:00	15329.20	15390.90	15329.00	15359.60	17245	0	150
2023.09.11	12:00:00	15359.30	15413.80	15356.40	15412.20	16580	0	150
2023.09.11	16:00:00	15412.80	15437.80	15326.10	15383.00	51320	0	60
2023.09.11	20:00:00	15382.80	15483.60	15375.10	15460.20	30181	0	60
2023.09.12	00:00:00	15448.80	15455.00	15428.80	15433.00	4619	0	140
2023.09.12	04:00:00	15432.80	15461.10	15427.80	15447.60	8715	0	140
2023.09.12	08:00:00	15448.50	15465.70	15406.50	15412.60	13707	0	140
2023.09.12	12:00:00	15412.50	15439.90	15400.40	15405.60	15591	0	140
2023.09.12	16:00:00	15404.60	15446.50	15310.50	15353.00	49658	0	60
2023.09.12	20:00:00	15352.60	15406.00	15278.40	15300.20	38257	0	60
2023.09.13	00:00:00	15298.40	15303.40	15289.90	15297.60	4683	0	140
2023.09.13	04:00:00	15297.90	15306.50	15265.60	15297.00	11639	0	140
2023.09.13	08:00:00	15297.40	15322.50	15260.00	15272.80	21424	0	150
2023.09.13	12:00:00	15273.10	15307.40	15199.00	15287.40	25735	0	170
2023.09.13	16:00:00	15287.60	15403.60	15251.00	15388.20	59117	0	60
2023.09.13	20:00:00	15388.40	15415.40	15304.40	15370.30	39931	0	60
2023.09.14	00:00:00	15362.30	15392.00	15357.00	15390.20	5543	0	140
2023.09.14	04:00:00	15390.00	15418.80	15381.80	15406.80	11064	0	140
2023.09.14	08:00:00	15405.30	15426.80	15359.40	15390.50	18864	0	140
2023.09.14	12:00:00	15390.80	15430.30	15362.20	15409.30	25086	0	160
2023.09.14	16:00:00	15409.40	15509.10	15331.40	15505.20	54656	0	60
2023.09.14	20:00:00	15505.30	15513.80	15452.80	15487.40	33253	0	60
2023.09.15	00:00:00	15478.90	15494.60	15474.30	15487.10	5709	0	140
2023.09.15	04:00:00	15487.30	15519.60	15473.90	15514.60	11407	0	140
2023.09.15	08:00:00	15514.30	15518.90	15451.40	15454.80	21693	0	140
2023.09.15	12:00:00	15455.00	15472.50	15418.00	15421.30	18409	0	150
2023.09.15	16:00:00	15421.00	15433.20	15224.40	15273.90	54879	0	60
2023.09.15	20:00:00	15273.60	15275.30	15170.20	15202.70	40433	0	60
2023.09.18	00:00:00	15214.60	15234.80	15210.40	15231.50	5093	0	140
2023.09.18	04:00:00	15231.80	15233.80	15211.00	15224.80	10366	0	140
2023.09.18	08:00:00	15225.00	15243.40	15206.90	15227.90	16761	0	140
2023.09.18	12:00:00	15228.00	15240.80	15146.40	15178.50	19618	0	160
2023.09.18	16:00:00	15178.90	15270.70	15159.60	15245.60	51113	0	60
2023.09.18	20:00:00	15246.10	15266.50	15190.40	15236.40	33031	0	60
2023.09.19	00:00:00	15239.80	15248.40	15229.50	15236.10	4991	0	140
2023.09.19	04:00:00	15236.30	15238.50	15206.00	15209.90	8781	0	140
2023.09.19	08:00:00	15209.80	15248.70	15191.50	15240.30	15605	0	140
2023.09.19	12:00:00	15241.50	15253.90	15193.90	15195.50	15500	0	140
2023.09.19	16:00:00	15195.80	15200.40	15065.40	15119.80	49675	0	60
2023.09.19	20:00:00	15119.70	15221.70	15114.70	15197.20	34699	0	60
2023.09.20	00:00:00	15195.10	15199.60	15173.80	15177.70	5276	0	140
2023.09.20	04:00:00	15177.40	15186.10	15154.30	15159.60	10744	0	140
2023.09.20	08:00:00	15159.80	15217.50	15155.00	15214.10	18532	0	140
2023.09.20	12:00:00	15214.50	15243.10	15199.80	15242.00	14504	0	150
2023.09.20	16:00:00	15241.80	15247.70	15142.40	15198.60	45576	0	60
2023.09.20	20:00:00	15198.90	15207.30	14946.30	14955.80	47416	0	60
2023.09.21	00:00:00	14965.40	14968.00	14909.80	14918.10	9410	0	140
2023.09.21	04:00:00	14918.20	14929.10	14900.10	14911.20	12351	0	140
2023.09.21	08:00:00	14912.40	14931.10	14870.20	14877.60	21520	0	140
2023.09.21	12:00:00	14877.20	14891.30	14763.60	14780.60	26656	0	180
2023.09.21	16:00:00	14780.70	14846.90	14747.40	14779.20	54443	0	60
2023.09.21	20:00:00	14778.60	14831.50	14671.10	14675.60	37319	0	60
2023.09.22	00:00:00	14687.60	14703.20	14668.20	14688.20	8882	0	140
2023.09.22	04:00:00	14687.40	14736.30	14674.50	14732.70	15886	0	140
2023.09.22	08:00:00	14732.60	14758.00	14721.30	14747.20	23465	0	140
2023.09.22	12:00:00	14746.90	14803.00	14736.00	14785.50	19040	0	170
2023.09.22	16:00:00	14785.80	14858.80	14719.70	14839.40	50468	0	60
2023.09.22	20:00:00	14839.50	14841.50	14684.10	14707.60	42584	0	60
2023.09.25	00:00:00	14731.70	14750.00	14702.80	14723.70	8545	0	140
2023.09.25	04:00:00	14723.40	14762.80	14722.70	14757.50	13267	0	140
2023.09.25	08:00:00	14757.20	14780.80	14632.40	14674.10	21441	0	140
2023.09.25	12:00:00	14673.80	14709.30	14634.60	14655.90	23310	0	220
2023.09.25	16:00:00	14654.60	14768.60	14618.50	14716.40	51836	0	60
2023.09.25	20:00:00	14716.70	14789.10	14676.50	14786.90	39527	0	60
2023.09.26	00:00:00	14782.00	14783.20	14701.00	14710.10	7259	0	140
2023.09.26	04:00:00	14710.80	14717.80	14684.60	14710.90	14863	0	140
2023.09.26	08:00:00	14710.80	14719.60	14627.60	14690.30	24947	0	140
2023.09.26	12:00:00	14690.50	14724.60	14668.10	14677.10	24710	0	190
2023.09.26	16:00:00	14677.00	14678.80	14560.70	14600.30	52548	0	60
2023.09.26	20:00:00	14600.20	14620.60	14504.80	14561.10	39627	0	60
2023.09.27	00:00:00	14561.50	14587.80	14552.00	14569.20	8456	0	140
2023.09.27	04:00:00	14569.30	14591.10	14566.30	14590.10	14819	0	140
2023.09.27	08:00:00	14589.90	14633.80	14578.60	14618.80	19374	0	140
2023.09.27	12:00:00	14619.30	14621.80	14571.90	14609.70	21849	0	160
2023.09.27	16:00:00	14609.50	14647.00	14485.20	14497.50	52583	0	60
2023.09.27	20:00:00	14497.20	14663.80	14430.10	14606.50	45722	0	70
2023.09.28	00:00:00	14599.70	14634.40	14583.90	14628.90	9009	0	140
2023.09.28	04:00:00	14628.70	14632.00	14553.50	14582.30	16542	0	140
2023.09.28	08:00:00	14582.50	14616.50	14549.70	14559.40	25482	0	160
2023.09.28	12:00:00	14559.20	14617.40	14518.50	14534.20	32284	0	220
2023.09.28	16:00:00	14533.60	14791.10	14499.40	14734.80	56780	0	70
2023.09.28	20:00:00	14735.30	14756.60	14655.60	14726.90	39822	0	60
2023.09.29	00:00:00	14734.40	14740.20	14675.60	14677.10	7113	0	140
2023.09.29	04:00:00	14677.00	14735.40	14670.30	14713.50	13882	0	140
2023.09.29	08:00:00	14713.80	14808.60	14701.70	14781.80	23505	0	160
2023.09.29	12:00:00	14783.30	14853.60	14764.60	14846.80	25763	0	180
2023.09.29	16:00:00	14846.10	14905.30	14734.90	14744.50	57492	0	70
2023.09.29	20:00:00	14743.20	14777.20	14660.10	14747.60	43314	0	70
2023.10.02	00:00:00	14806.30	14832.30	14785.50	14816.00	11506	0	160
2023.10.02	04:00:00	14816.10	14843.70	14812.80	14817.90	12525	0	140
2023.10.02	08:00:00	14817.80	14860.50	14780.50	14816.00	22326	0	150
2023.10.02	12:00:00	14815.90	14816.00	14697.10	14704.90	27132	0	190
2023.10.02	16:00:00	14704.60	14895.70	14678.00	14739.80	58974	0	70
2023.10.02	20:00:00	14740.40	14853.20	14715.40	14849.90	44667	0	70
2023.10.03	00:00:00	14838.00	14851.10	14800.20	14834.90	9820	0	140
2023.10.03	04:00:00	14835.00	14841.20	14797.90	14798.30	16720	0	150
2023.10.03	08:00:00	14798.00	14874.40	14787.70	14850.00	24328	0	150
2023.10.03	12:00:00	14849.90	14852.90	14691.30	14696.70	31379	0	220
2023.10.03	16:00:00	14697.00	14818.30	14563.40	14615.60	57246	0	70
2023.10.03	20:00:00	14614.10	14637.50	14504.40	14573.40	40191	0	70
2023.10.04	00:00:00	14559.80	14583.80	14538.30	14548.30	11676	0	140
2023.10.04	04:00:00	14548.20	14553.00	14492.60	14535.00	21690	0	170
2023.10.04	08:00:00	14536.00	14538.00	14440.60	14524.80	30944	0	190
2023.10.04	12:00:00	14525.00	14650.70	14519.10	14627.50	31926	0	220
2023.10.04	16:00:00	14627.30	14750.60	14586.60	14727.90	57101	0	70
2023.10.04	20:00:00	14728.30	14806.20	14655.90	14752.00	40865	0	70
2023.10.05	00:00:00	14747.90	14768.80	14737.90	14765.80	10217	0	140
2023.10.05	04:00:00	14765.90	14794.60	14756.10	14783.00	17203	0	140
2023.10.05	08:00:00	14782.70	14783.50	14717.80	14719.40	24865	0	150
2023.10.05	12:00:00	14719.70	14809.80	14703.10	14742.30	30973	0	220
2023.10.05	16:00:00	14742.20	14778.50	14580.10	14667.10	55601	0	70
2023.10.05	20:00:00	14667.20	14767.70	14635.00	14715.70	38892	0	70
2023.10.06	00:00:00	14719.00	14733.10	14705.10	14731.10	7748	0	140
2023.10.06	04:00:00	14731.20	14738.30	14712.60	14717.70	14687	0	140
2023.10.06	08:00:00	14717.50	14753.50	14697.40	14726.60	21413	0	150
2023.10.06	12:00:00	14726.80	14781.80	14520.50	14543.70	29124	0	170
2023.10.06	16:00:00	14543.50	14930.00	14531.20	14909.80	61055	0	70
2023.10.06	20:00:00	14910.00	15021.60	14900.20	14994.20	37047	0	60
2023.10.09	00:00:00	14877.60	14903.90	14854.60	14882.60	15784	0	180
2023.10.09	04:00:00	14882.20	14882.90	14843.90	14859.10	13039	0	140
2023.10.09	08:00:00	14859.00	14897.80	14837.10	14881.10	33813	0	150
2023.10.09	12:00:00	14881.30	14892.90	14837.10	14851.90	29262	0	190
2023.10.09	16:00:00	14851.80	14956.80	14815.30	14924.50	69800	0	60
2023.10.09	20:00:00	14924.80	15072.00	14923.50	15047.30	49492	0	60
2023.10.10	00:00:00	15050.30	15081.40	15049.30	15074.50	8974	0	140
2023.10.10	04:00:00	15074.30	15097.50	15066.60	15071.50	18120	0	140
2023.10.10	08:00:00	15071.40	15098.70	15047.00	15089.00	34122	0	140
2023.10.10	12:00:00	15089.10	15097.30	15032.70	15055.70	34249	0	150
2023.10.10	16:00:00	15054.80	15242.10	15040.60	15219.60	71987	0	60
2023.10.10	20:00:00	15219.10	15219.10	15113.90	15139.70	53464	0	60
2023.10.11	00:00:00	15139.60	15163.10	15136.40	15146.90	8393	0	140
2023.10.11	04:00:00	15147.00	15166.00	15143.60	15154.50	16663	0	140
2023.10.11	08:00:00	15154.70	15177.50	15135.40	15163.40	31532	0	140
2023.10.11	12:00:00	15163.50	15207.30	15146.10	15198.20	34692	0	180
2023.10.11	16:00:00	15197.20	15249.00	15138.70	15167.00	70913	0	60
2023.10.11	20:00:00	15167.30	15278.40	15116.90	15273.10	49329	0	60
2023.10.12	00:00:00	15267.50	15295.30	15262.60	15288.40	8319	0	140
2023.10.12	04:00:00	15288.10	15293.60	15276.50	15292.70	14458	0	140
2023.10.12	08:00:00	15292.20	15311.60	15277.30	15300.90	23248	0	140
2023.10.12	12:00:00	15301.30	15311.90	15226.70	15255.70	30063	0	140
2023.10.12	16:00:00	15255.80	15338.00	15231.50	15304.90	73398	0	60
2023.10.12	20:00:00	15305.40	15307.70	15086.10	15193.40	58623	0	70
2023.10.13	00:00:00	15188.00	15212.60	15186.90	15203.90	10018	0	140
2023.10.13	04:00:00	15203.30	15217.00	15190.00	15191.90	16485	0	140
2023.10.13	08:00:00	15192.00	15211.60	15159.50	15167.00	27674	0	140
2023.10.13	12:00:00	15166.70	15204.80	15089.80	15200.60	41619	0	210
2023.10.13	16:00:00	15200.70	15239.00	14981.90	15039.10	44775	0	60
2023.10.13	20:00:00	15039.30	15045.00	14939.60	14987.00	33676	0	70
2023.10.16	00:00:00	15035.20	15065.90	15017.70	15048.10	11450	0	140
2023.10.16	04:00:00	15048.20	15066.30	15030.70	15044.20	15488	0	140
2023.10.16	08:00:00	15044.40	15064.00	14961.90	15009.80	26048	0	140
2023.10.16	12:00:00	15009.50	15058.30	14970.00	15050.00	26227	0	180
2023.10.16	16:00:00	15050.60	15201.70	15043.80	15157.30	40929	0	60
2023.10.16	20:00:00	15157.40	15211.90	15087.70	15173.30	32117	0	60
2023.10.17	00:00:00	15177.40	15177.70	15149.30	15161.50	8373	0	140
2023.10.17	04:00:00	15161.30	15164.80	15140.00	15142.50	12911	0	140
2023.10.17	08:00:00	15142.30	15178.70	15115.80	15125.60	21749	0	140
2023.10.17	12:00:00	15125.30	15157.50	15041.80	15044.70	29287	0	190
2023.10.17	16:00:00	15044.90	15188.50	14931.40	15153.10	58197	0	70
2023.10.17	20:00:00	15152.90	15163.40	15058.10	15121.50	44732	0	60
2023.10.18	00:00:00	15108.80	15116.10	15065.50	15069.60	8275	0	140
2023.10.18	04:00:00	15069.30	15107.10	15064.40	15090.20	16677	0	140
2023.10.18	08:00:00	15090.50	15102.20	15042.10	15083.60	28092	0	140
2023.10.18	12:00:00	15083.50	15093.20	15004.50	15007.70	31016	0	180
2023.10.18	16:00:00	15008.30	15105.30	14963.80	14971.80	59377	0	70
2023.10.18	20:00:00	14971.70	15055.50	14863.80	14946.40	49758	0	70
2023.10.19	00:00:00	14927.00	14939.50	14911.10	14932.40	11237	0	140
2023.10.19	04:00:00	14932.30	14942.00	14865.50	14899.50	17743	0	140
2023.10.19	08:00:00	14899.80	14920.90	14824.40	14877.70	31384	0	140
2023.10.19	12:00:00	14878.20	14977.80	14873.30	14971.30	32053	0	200
2023.10.19	16:00:00	14970.80	15027.20	14816.70	14947.20	63214	0	60
2023.10.19	20:00:00	14947.30	15007.00	14733.00	14743.50	51672	0	80
2023.10.20	00:00:00	14747.50	14750.20	14717.00	14743.40	11442	0	140
2023.10.20	04:00:00	14743.20	14751.60	14713.10	14745.30	17300	0	140
2023.10.20	08:00:00	14745.40	14782.50	14691.50	14762.10	28889	0	140
2023.10.20	12:00:00	14762.30	14765.50	14699.80	14722.00	32251	0	210
2023.10.20	16:00:00	14721.30	14781.50	14558.10	14671.90	60344	0	70
2023.10.20	20:00:00	14672.00	14702.00	14545.30	14555.40	46558	0	80
2023.10.23	00:00:00	14587.20	14613.50	14582.70	14606.50	9338	0	140
2023.10.23	04:00:00	14606.80	14616.50	14585.00	14600.50	11379	0	140
2023.10.23	08:00:00	14600.30	14608.70	14529.50	14533.70	25282	0	140
2023.10.23	12:00:00	14532.30	14532.80	14422.50	14507.80	35800	0	200
2023.10.23	16:00:00	14507.70	14749.80	14417.10	14749.80	58903	0	60
2023.10.23	20:00:00	14750.40	14751.80	14598.50	14647.40	45778	0	60
2023.10.24	00:00:00	14638.60	14663.10	14625.10	14638.50	9090	0	140
2023.10.24	04:00:00	14638.60	14669.90	14619.80	14669.10	21244	0	140
2023.10.24	08:00:00	14669.40	14722.00	14640.50	14676.60	27341	0	140
2023.10.24	12:00:00	14677.00	14717.80	14672.70	14703.00	27110	0	180
2023.10.24	16:00:00	14702.70	14778.70	14607.70	14624.50	59784	0	60
2023.10.24	20:00:00	14624.20	14849.60	14620.20	14732.70	48765	0	60
2023.10.25	00:00:00	14718.30	14723.60	14679.80	14702.30	12111	0	140
2023.10.25	04:00:00	14702.00	14717.20	14682.70	14690.50	13985	0	140
2023.10.25	08:00:00	14690.60	14694.40	14615.20	14660.10	26450	0	140
2023.10.25	12:00:00	14660.00	14692.30	14634.20	14650.10	26116	0	160
2023.10.25	16:00:00	14649.40	14660.60	14445.60	14459.40	60055	0	70
2023.10.25	20:00:00	14459.10	14466.80	14357.60	14388.60	51720	0	70
2023.10.26	00:00:00	14292.90	14299.50	14240.60	14246.00	16293	0	140
2023.10.26	04:00:00	14246.10	14261.20	14214.90	14228.60	19542	0	140
2023.10.26	08:00:00	14228.30	14255.20	14170.60	14244.70	30657	0	150
2023.10.26	12:00:00	14244.40	14326.40	14215.90	14317.20	33731	0	210
2023.10.26	16:00:00	14317.40	14371.50	14059.00	14065.00	63640	0	80
2023.10.26	20:00:00	14065.10	14247.60	14054.00	14124.00	52696	0	80
2023.10.27	00:00:00	14182.80	14234.80	14177.40	14197.70	11937	0	140
2023.10.27	04:00:00	14197.60	14239.90	14194.60	14236.80	16163	0	140
2023.10.27	08:00:00	14236.50	14259.00	14193.00	14256.00	26008	0	140
2023.10.27	12:00:00	14256.50	14260.00	14187.00	14230.60	30750	0	180
2023.10.27	16:00:00	14230.80	14324.60	14191.70	14221.50	59360	0	70
2023.10.27	20:00:00	14220.90	14229.40	14127.40	14188.10	47186	0	70
2023.10.30	00:00:00	14240.40	14263.90	14236.10	14258.20	11572	0	140
2023.10.30	04:00:00	14258.00	14270.00	14245.00	14253.40	13747	0	140
2023.10.30	08:00:00	14253.90	14301.80	14244.80	14277.90	19124	0	140
2023.10.30	12:00:00	14276.40	14309.10	14263.10	14278.00	23321	0	170
2023.10.30	16:00:00	14277.80	14394.30	14222.20	14246.00	59388	0	60
2023.10.30	20:00:00	14246.10	14387.60	14237.20	14322.50	43681	0	70
2023.10.31	00:00:00	14332.30	14332.40	14285.70	14299.30	8609	0	140
2023.10.31	04:00:00	14299.10	14304.20	14244.20	14255.30	23906	0	140
2023.10.31	08:00:00	14255.20	14335.30	14238.50	14333.60	24172	0	140
2023.10.31	12:00:00	14332.70	14371.80	14298.10	14330.80	30525	0	180
2023.10.31	16:00:00	14331.20	14357.30	14230.20	14352.70	61401	0	60
2023.10.31	20:00:00	14353.70	14421.90	14331.40	14365.80	45377	0	70
2023.11.01	00:00:00	14379.80	14384.80	14362.10	14371.60	7903	0	140
2023.11.01	04:00:00	14371.30	14395.30	14357.90	14391.40	14809	0	140
2023.11.01	08:00:00	14391.30	14410.90	14350.50	14359.30	19015	0	140
2023.11.01	12:00:00	14358.80	14432.90	14331.90	14418.50	26666	0	160
2023.11.01	16:00:00	14417.70	14568.70	14388.60	14505.90	57853	0	60
2023.11.01	20:00:00	14505.70	14679.40	14477.70	14673.40	50329	0	60
2023.11.02	00:00:00	14681.70	14724.90	14680.00	14715.60	10008	0	140
2023.11.02	04:00:00	14715.50	14734.50	14713.70	14723.60	12818	0	140
2023.11.02	08:00:00	14723.30	14766.20	14701.60	14759.00	18040	0	140
2023.11.02	12:00:00	14759.90	14873.00	14758.50	14866.80	27649	0	160
2023.11.02	16:00:00	14867.00	14892.90	14791.30	14875.00	57420	0	60
2023.11.02	20:00:00	14874.50	14933.90	14854.00	14882.80	41493	0	60
2023.11.03	00:00:00	14864.50	14883.90	14857.10	14874.30	6531	0	140
2023.11.03	04:00:00	14874.20	14888.60	14870.30	14879.10	10029	0	140
2023.11.03	08:00:00	14879.20	14889.80	14862.30	14866.80	14759	0	140
2023.11.03	12:00:00	14867.20	14987.50	14854.20	14968.20	25012	0	140
2023.11.03	16:00:00	14967.90	15115.20	14941.20	15108.20	57896	0	60
2023.11.03	20:00:00	15107.80	15149.90	15078.30	15108.00	40038	0	60
2023.11.06	00:00:00	15116.30	15124.70	15088.90	15104.30	11944	0	140
2023.11.06	04:00:00	15104.40	15115.80	15100.40	15104.00	9981	0	140
2023.11.06	08:00:00	15104.50	15140.80	15102.30	15135.70	16967	0	140
2023.11.06	12:00:00	15136.70	15148.40	15112.40	15128.30	17899	0	140
2023.11.06	16:00:00	15128.70	15180.90	15106.00	15129.30	51403	0	60
2023.11.06	20:00:00	15129.60	15158.40	15061.10	15145.60	39379	0	60
2023.11.07	00:00:00	15140.40	15147.10	15122.80	15139.40	8949	0	140
2023.11.07	04:00:00	15139.30	15141.90	15121.70	15132.50	10722	0	140
2023.11.07	08:00:00	15132.80	15151.70	15108.70	15117.90	17351	0	140
2023.11.07	12:00:00	15117.20	15177.50	15100.80	15177.00	21676	0	150
2023.11.07	16:00:00	15177.50	15327.60	15149.50	15296.50	54486	0	60
2023.11.07	20:00:00	15297.00	15336.20	15278.40	15300.70	37051	0	60
2023.11.08	00:00:00	15290.40	15302.00	15285.60	15291.60	9008	0	140
2023.11.08	04:00:00	15291.80	15301.10	15273.20	15275.50	12196	0	140
2023.11.08	08:00:00	15275.00	15295.10	15263.30	15285.90	18028	0	140
2023.11.08	12:00:00	15284.40	15315.00	15275.90	15300.70	18567	0	140
2023.11.08	16:00:00	15301.00	15343.80	15215.10	15255.50	55078	0	60
2023.11.08	20:00:00	15256.00	15320.30	15246.50	15290.70	37072	0	60
2023.11.09	00:00:00	15271.30	15304.00	15271.20	15296.10	8630	0	140
2023.11.09	04:00:00	15296.30	15311.20	15287.70	15298.60	9077	0	140
2023.11.09	08:00:00	15298.10	15327.90	15291.90	15303.90	17427	0	140
2023.11.09	12:00:00	15303.60	15334.10	15293.30	15333.40	18922	0	140
2023.11.09	16:00:00	15333.70	15385.90	15279.50	15348.40	55256	0	60
2023.11.09	20:00:00	15348.80	15351.20	15170.00	15188.60	47199	0	60
2023.11.10	00:00:00	15175.90	15179.60	15140.30	15174.40	11671	0	140
2023.11.10	04:00:00	15174.30	15186.30	15166.60	15179.20	9840	0	140
2023.11.10	08:00:00	15178.90	15204.80	15141.70	15172.90	19911	0	140
2023.11.10	12:00:00	15172.60	15253.20	15140.10	15251.10	24347	0	150
2023.11.10	16:00:00	15251.00	15469.30	15238.70	15454.00	55976	0	60
2023.11.10	20:00:00	15453.80	15542.80	15433.70	15518.60	40486	0	60
2023.11.13	00:00:00	15510.80	15519.60	15473.30	15475.50	10543	0	140
2023.11.13	04:00:00	15475.30	15478.10	15442.50	15454.30	10171	0	140
2023.11.13	08:00:00	15454.00	15490.90	15449.30	15485.90	18098	0	140
2023.11.13	12:00:00	15484.20	15508.90	15462.60	15470.90	19302	0	140
2023.11.13	16:00:00	15471.00	15524.80	15401.10	15492.80	53247	0	60
2023.11.13	20:00:00	15493.00	15523.80	15472.80	15490.30	35964	0	60
2023.11.14	00:00:00	15489.00	15503.50	15485.80	15500.60	7353	0	140
2023.11.14	04:00:00	15500.40	15512.60	15496.10	15503.40	7655	0	140
2023.11.14	08:00:00	15503.20	15542.50	15497.60	15528.30	14105	0	140
2023.11.14	12:00:00	15529.30	15774.30	15491.70	15754.90	22237	0	140
2023.11.14	16:00:00	15755.00	15834.20	15725.90	15807.50	56719	0	60
2023.11.14	20:00:00	15807.60	15850.10	15753.60	15827.00	37997	0	60
2023.11.15	00:00:00	15835.20	15841.80	15824.30	15840.50	9924	0	140
2023.11.15	04:00:00	15840.30	15867.10	15836.10	15856.20	10676	0	140
2023.11.15	08:00:00	15856.40	15892.80	15841.90	15861.80	19055	0	140
2023.11.15	12:00:00	15862.10	15976.00	15859.80	15894.00	24311	0	140
2023.11.15	16:00:00	15894.10	15906.40	15817.40	15821.90	60471	0	60
2023.11.15	20:00:00	15821.70	15859.40	15762.40	15772.30	42864	0	60
2023.11.16	00:00:00	15786.30	15810.20	15763.50	15764.00	10663	0	140
2023.11.16	04:00:00	15764.30	15797.20	15754.90	15793.10	13574	0	140
2023.11.16	08:00:00	15793.00	15806.60	15780.10	15787.40	20129	0	140
2023.11.16	12:00:00	15788.30	15817.10	15755.90	15815.80	23655	0	140
2023.11.16	16:00:00	15815.50	15839.60	15734.30	15819.30	58159	0	60
2023.11.16	20:00:00	15820.00	15842.60	15768.70	15835.80	40114	0	60
2023.11.17	00:00:00	15826.00	15835.20	15820.90	15830.50	9522	0	140
2023.11.17	04:00:00	15830.80	15840.40	15814.90	15824.00	10357	0	140
2023.11.17	08:00:00	15823.80	15856.50	15813.30	15835.00	17098	0	140
2023.11.17	12:00:00	15834.70	15857.30	15818.80	15827.90	22282	0	140
2023.11.17	16:00:00	15827.60	15837.80	15766.40	15833.90	57417	0	60
2023.11.17	20:00:00	15834.50	15878.90	15809.60	15813.90	38400	0	60
2023.11.20	00:00:00	15822.20	15822.20	15790.60	15802.20	12886	0	140
2023.11.20	04:00:00	15802.50	15807.00	15779.90	15781.00	12178	0	140
2023.11.20	08:00:00	15781.10	15870.40	15780.70	15869.90	18869	0	140
2023.11.20	12:00:00	15870.40	15873.10	15829.00	15854.50	18661	0	140
2023.11.20	16:00:00	15855.00	15974.20	15831.90	15954.00	53483	0	60
2023.11.20	20:00:00	15953.60	16059.00	15952.70	16027.50	36670	0	60
2023.11.21	00:00:00	16037.50	16054.90	16034.40	16047.20	9667	0	140
2023.11.21	04:00:00	16046.90	16063.80	16042.30	16045.00	10508	0	140
2023.11.21	08:00:00	16045.20	16046.80	16012.60	16016.10	16084	0	140
2023.11.21	12:00:00	16015.50	16035.30	15945.30	15948.60	20400	0	140
2023.11.21	16:00:00	15948.80	15964.10	15863.90	15933.60	53002	0	60
2023.11.21	20:00:00	15933.30	15961.50	15857.70	15912.60	41350	0	60
2023.11.22	00:00:00	15906.40	15922.30	15889.70	15917.80	8725	0	140
2023.11.22	04:00:00	15918.10	15933.70	15910.10	15911.30	8999	0	140
2023.11.22	08:00:00	15911.40	15938.30	15892.90	15934.60	16931	0	140
2023.11.22	12:00:00	15934.30	16019.30	15933.20	16014.80	23756	0	150
2023.11.22	16:00:00	16014.70	16123.50	15957.50	16024.80	56088	0	60
2023.11.22	20:00:00	16024.80	16057.00	15964.90	15992.90	36622	0	60
2023.11.23	00:00:00	15992.10	16014.40	15992.10	16013.50	6224	0	140
2023.11.23	04:00:00	16013.20	16018.10	15999.50	16017.50	6568	0	140
2023.11.23	08:00:00	16017.70	16039.20	16016.00	16035.00	14447	0	140
2023.11.23	12:00:00	16034.80	16039.70	16010.30	16020.70	10231	0	140
2023.11.23	16:00:00	16020.30	16025.90	16005.10	16013.30	12525	0	60
2023.11.24	00:00:00	16018.10	16021.60	16009.60	16017.50	6831	0	140
2023.11.24	04:00:00	16017.40	16019.90	16008.10	16012.10	6260	0	140
2023.11.24	08:00:00	16012.00	16022.20	15977.80	16006.50	12408	0	140
2023.11.24	12:00:00	16006.60	16008.20	15976.00	16001.80	15641	0	140
2023.11.24	16:00:00	16000.80	16004.80	15936.40	15979.10	43033	0	60
2023.11.24	20:00:00	15979.60	15982.30	15967.30	15968.30	1045	0	60
2023.11.27	00:00:00	15950.90	15951.20	15924.10	15928.50	9003	0	140
2023.11.27	04:00:00	15928.90	15929.80	15897.00	15899.30	9467	0	140
2023.11.27	08:00:00	15899.50	15957.80	15899.10	15932.50	14552	0	140
2023.11.27	12:00:00	15932.90	15979.50	15932.00	15958.10	16217	0	140
2023.11.27	16:00:00	15958.30	16033.60	15928.70	16031.10	49390	0	60
2023.11.27	20:00:00	16031.30	16047.30	15957.10	15961.20	33427	0	60
2023.11.28	00:00:00	15967.70	15969.50	15944.40	15964.60	7704	0	140
2023.11.28	04:00:00	15964.90	15971.80	15949.40	15961.00	7456	0	140
2023.11.28	08:00:00	15960.40	15971.00	15907.80	15948.00	16539	0	140
2023.11.28	12:00:00	15948.50	15968.60	15903.40	15944.80	17943	0	140
2023.11.28	16:00:00	15944.50	16032.20	15919.30	15983.90	52623	0	60
2023.11.28	20:00:00	15984.40	16018.00	15929.60	16015.30	38721	0	60
2023.11.29	00:00:00	16000.40	16045.00	15999.90	16031.60	10497	0	140
2023.11.29	04:00:00	16031.70	16038.40	16018.10	16029.50	9859	0	140
2023.11.29	08:00:00	16029.40	16080.80	16014.90	16073.80	19127	0	140
2023.11.29	12:00:00	16073.90	16131.50	16071.20	16104.10	20984	0	140
2023.11.29	16:00:00	16104.30	16167.20	15995.90	16053.20	54575	0	60
2023.11.29	20:00:00	16054.30	16061.90	15975.90	16007.80	38209	0	60
2023.11.30	00:00:00	16000.80	16017.20	15997.60	16006.00	8759	0	140
2023.11.30	04:00:00	16005.70	16027.70	16003.00	16027.10	9193	0	140
2023.11.30	08:00:00	16026.80	16034.90	15995.50	16017.60	17579	0	140
2023.11.30	12:00:00	16017.70	16062.00	16011.50	16014.50	20652	0	140
2023.11.30	16:00:00	16013.60	16015.50	15828.30	15870.80	55938	0	60
2023.11.30	20:00:00	15871.20	15957.60	15823.30	15924.50	40414	0	60
2023.12.01	00:00:00	15926.40	15932.00	15917.00	15919.10	7317	0	140
2023.12.01	04:00:00	15919.30	15935.80	15912.10	15922.00	9007	0	140
2023.12.01	08:00:00	15921.80	15966.30	15911.50	15949.20	15045	0	140
2023.12.01	12:00:00	15948.80	15952.70	15884.70	15895.70	18704	0	140
2023.12.01	16:00:00	15895.80	16017.60	15830.70	16006.30	56169	0	60
2023.12.01	20:00:00	16005.90	16009.70	15953.90	16000.80	35678	0	60
2023.12.04	00:00:00	15970.90	15973.70	15940.00	15951.80	12994	0	140
2023.12.04	04:00:00	15951.60	15952.10	15930.40	15931.10	9721	0	140
2023.12.04	08:00:00	15931.40	15969.50	15910.40	15936.20	17746	0	140
2023.12.04	12:00:00	15936.70	15942.80	15871.00	15874.20	19788	0	140
2023.12.04	16:00:00	15873.80	15875.70	15691.70	15833.40	57227	0	60
2023.12.04	20:00:00	15833.50	15853.30	15766.20	15823.00	38344	0	60
2023.12.05	00:00:00	15824.20	15828.30	15800.10	15810.00	8147	0	140
2023.12.05	04:00:00	15809.90	15810.60	15790.20	15795.60	9781	0	140
2023.12.05	08:00:00	15795.80	15796.10	15730.50	15770.30	19687	0	140
2023.12.05	12:00:00	15769.30	15786.80	15731.80	15767.50	23089	0	150
2023.12.05	16:00:00	15767.80	15933.00	15739.00	15845.20	57755	0	60
2023.12.05	20:00:00	15845.10	15897.50	15827.70	15872.30	39151	0	60
2023.12.06	00:00:00	15867.00	15952.80	15867.00	15948.50	9726	0	140
2023.12.06	04:00:00	15948.70	15961.40	15939.60	15949.90	10732	0	140
2023.12.06	08:00:00	15950.20	15960.60	15915.80	15929.80	18075	0	140
2023.12.06	12:00:00	15928.30	15989.30	15895.00	15986.30	19811	0	140
2023.12.06	16:00:00	15986.70	16010.60	15837.70	15842.50	55529	0	60
2023.12.06	20:00:00	15842.60	15863.90	15777.90	15787.70	38663	0	60
2023.12.07	00:00:00	15786.10	15800.00	15774.90	15778.80	11276	0	140
2023.12.07	04:00:00	15778.30	15795.80	15770.20	15776.60	12172	0	140
2023.12.07	08:00:00	15776.80	15829.80	15768.10	15822.70	19461	0	140
2023.12.07	12:00:00	15823.00	15893.80	15812.40	15887.20	22275	0	150
2023.12.07	16:00:00	15887.70	16032.60	15866.50	16010.90	56454	0	60
2023.12.07	20:00:00	16010.60	16043.50	15983.90	15993.60	36715	0	60
2023.12.08	00:00:00	16006.90	16010.10	15987.00	15991.40	9955	0	140
2023.12.08	04:00:00	15991.00	16009.30	15990.20	15997.30	9880	0	140
2023.12.08	08:00:00	15997.40	16009.00	15968.40	16007.40	14005	0	140
2023.12.08	12:00:00	16007.50	16018.70	15871.00	15945.00	24491	0	140
2023.12.08	16:00:00	15945.90	16097.40	15918.40	16051.80	56636	0	60
2023.12.08	20:00:00	16051.50	16102.60	16044.20	16075.00	31794	0	60
2023.12.11	00:00:00	16073.30	16098.70	16047.50	16053.40	14219	0	140
2023.12.11	04:00:00	16053.30	16058.20	16034.40	16047.80	11247	0	140
2023.12.11	08:00:00	16047.70	16075.70	16037.30	16055.50	18959	0	140
2023.12.11	12:00:00	16055.60	16070.50	16030.30	16065.00	18288	0	140
2023.12.11	16:00:00	16064.40	16191.20	16054.80	16188.40	53496	0	60
2023.12.11	20:00:00	16188.90	16233.40	16175.50	16228.70	31553	0	60
2023.12.12	00:00:00	16220.90	16257.60	16216.70	16237.60	11317	0	140
2023.12.12	04:00:00	16237.50	16255.60	16235.70	16251.80	9859	0	140
2023.12.12	08:00:00	16251.90	16268.30	16237.60	16254.20	13249	0	140
2023.12.12	12:00:00	16254.40	16322.00	16217.80	16225.50	20768	0	140
2023.12.12	16:00:00	16225.40	16292.60	16175.80	16275.50	50835	0	60
2023.12.12	20:00:00	16276.00	16375.40	16269.20	16372.70	31480	0	60
2023.12.13	00:00:00	16377.20	16387.80	16372.70	16378.80	6706	0	140
2023.12.13	04:00:00	16379.10	16385.40	16373.80	16379.20	6901	0	140
2023.12.13	08:00:00	16378.80	16394.50	16369.30	16377.80	12725	0	140
2023.12.13	12:00:00	16377.50	16407.90	16371.10	16406.50	16864	0	140
2023.12.13	16:00:00	16406.00	16434.10	16367.60	16372.00	49026	0	60
2023.12.13	20:00:00	16372.10	16585.40	16355.20	16545.20	45861	0	60
2023.12.14	00:00:00	16570.20	16659.40	16568.00	16656.30	13619	0	140
2023.12.14	04:00:00	16656.50	16662.90	16628.50	16649.60	13128	0	140
2023.12.14	08:00:00	16650.00	16661.70	16600.20	16610.90	24640	0	140
2023.12.14	12:00:00	16611.10	16635.40	16587.10	16632.60	26701	0	150
2023.12.14	16:00:00	16633.00	16657.50	16516.20	16517.20	60033	0	60
2023.12.14	20:00:00	16516.70	16555.10	16417.90	16532.30	44101	0	60
2023.12.15	00:00:00	16530.40	16562.40	16524.40	16549.10	10872	0	140
2023.12.15	04:00:00	16549.00	16569.00	16547.90	16565.20	12369	0	140
2023.12.15	08:00:00	16565.00	16599.80	16556.50	16598.40	20314	0	140
2023.12.15	12:00:00	16599.10	16603.30	16546.90	16578.00	25045	0	140
2023.12.15	16:00:00	16578.20	16678.60	16547.40	16594.00	55110	0	60
2023.12.15	20:00:00	16594.10	16653.30	16555.40	16602.90	43363	0	60
2023.12.18	00:00:00	16611.10	16626.10	16589.60	16616.40	11428	0	140
2023.12.18	04:00:00	16616.20	16646.40	16614.70	16641.00	9964	0	140
2023.12.18	08:00:00	16641.20	16646.40	16596.10	16630.50	17300	0	140
2023.12.18	12:00:00	16630.70	16643.20	16605.50	16642.00	18916	0	140
2023.12.18	16:00:00	16641.70	16728.50	16621.70	16723.10	52384	0	60
2023.12.18	20:00:00	16723.30	16765.10	16703.70	16709.80	34168	0	60
2023.12.19	00:00:00	16714.70	16718.00	16700.00	16711.20	8304	0	140
2023.12.19	04:00:00	16711.10	16727.00	16709.30	16720.30	12081	0	140
2023.12.19	08:00:00	16720.20	16738.90	16707.00	16732.70	16795	0	140
2023.12.19	12:00:00	16732.40	16777.70	16727.50	16748.30	18986	0	140
2023.12.19	16:00:00	16748.10	16802.10	16734.50	16783.90	54365	0	60
2023.12.19	20:00:00	16784.40	16817.60	16754.30	16810.70	35430	0	60
2023.12.20	00:00:00	16813.10	16829.50	16813.10	16828.20	7409	0	140
2023.12.20	04:00:00	16828.00	16836.30	16820.80	16827.20	8811	0	140
2023.12.20	08:00:00	16826.50	16830.50	16752.40	16766.10	18225	0	140
2023.12.20	12:00:00	16766.20	16778.10	16754.30	16772.80	16437	0	140
2023.12.20	16:00:00	16772.90	16862.90	16762.80	16850.70	47905	0	60
2023.12.20	20:00:00	16850.60	16853.10	16545.70	16572.40	45961	0	60
2023.12.21	00:00:00	16587.50	16608.20	16584.10	16607.30	9158	0	140
2023.12.21	04:00:00	16607.20	16645.50	16606.70	16644.50	10681	0	140
2023.12.21	08:00:00	16645.00	16689.10	16636.20	16676.90	15096	0	140
2023.12.21	12:00:00	16676.70	16768.10	16657.60	16739.10	20228	0	140
2023.12.21	16:00:00	16740.00	16757.20	16624.70	16636.00	59880	0	60
2023.12.21	20:00:00	16635.80	16767.30	16614.70	16752.90	44254	0	60
2023.12.22	00:00:00	16743.00	16759.10	16710.50	16713.00	10662	0	140
2023.12.22	04:00:00	16713.30	16726.40	16699.50	16700.00	12276	0	140
2023.12.22	08:00:00	16701.80	16725.70	16694.80	16717.00	16230	0	140
2023.12.22	12:00:00	16716.50	16807.30	16713.70	16803.00	18989	0	140
2023.12.22	16:00:00	16802.60	16844.50	16769.50	16808.50	54091	0	60
2023.12.22	20:00:00	16808.80	16822.20	16697.10	16761.70	41285	0	60
2023.12.26	00:00:00	16796.70	16811.50	16789.10	16806.80	7880	0	140
2023.12.26	04:00:00	16806.90	16829.80	16800.70	16825.30	5462	0	140
2023.12.26	08:00:00	16825.40	16838.40	16804.60	16814.80	5194	0	140
2023.12.26	12:00:00	16813.90	16820.00	16786.20	16805.50	8282	0	140
2023.12.26	16:00:00	16805.70	16862.40	16805.30	16847.60	41652	0	60
2023.12.26	20:00:00	16848.00	16910.10	16843.90	16883.10	28253	0	60
2023.12.27	00:00:00	16892.50	16897.20	16868.80	16877.30	8723	0	140
2023.12.27	04:00:00	16877.40	16887.10	16870.10	16887.10	8715	0	140
2023.12.27	08:00:00	16887.20	16897.50	16869.20	16878.70	15187	0	140
2023.12.27	12:00:00	16878.40	16902.80	16870.40	16897.40	13178	0	140
2023.12.27	16:00:00	16897.20	16924.80	16856.20	16875.70	46866	0	60
2023.12.27	20:00:00	16875.60	16931.90	16862.40	16929.20	38041	0	60
2023.12.28	00:00:00	16925.80	16957.60	16921.70	16953.90	7589	0	140
2023.12.28	04:00:00	16953.80	16958.20	16943.60	16953.60	8957	0	140
2023.12.28	08:00:00	16953.40	16966.50	16951.20	16956.40	12565	0	140
2023.12.28	12:00:00	16956.70	16973.70	16951.10	16951.50	13151	0	140
2023.12.28	16:00:00	16952.30	16968.10	16914.90	16943.20	44637	0	60
2023.12.28	20:00:00	16943.30	16948.80	16890.40	16898.70	34508	0	60
2023.12.29	00:00:00	16903.50	16920.80	16903.00	16912.40	7824	0	140
2023.12.29	04:00:00	16912.20	16916.30	16900.40	16912.40	7521	0	140
2023.12.29	08:00:00	16912.10	16943.60	16912.10	16920.30	11758	0	140
2023.12.29	12:00:00	16920.10	16933.30	16879.60	16897.40	14670	0	140
2023.12.29	16:00:00	16897.70	16921.70	16753.00	16808.80	51388	0	60
2023.12.29	20:00:00	16808.50	16864.20	16802.70	16823.20	38115	0	60
2024.01.02	00:00:00	16828.50	16850.90	16823.30	16826.80	7546	0	140
2024.01.02	04:00:00	16826.90	16831.90	16813.20	16830.50	7426	0	140
2024.01.02	08:00:00	16830.40	16849.00	16800.50	16807.40	16013	0	140
2024.01.02	12:00:00	16807.50	16810.00	16629.70	16666.40	29074	0	150
2024.01.02	16:00:00	16666.70	16690.90	16509.80	16544.80	56046	0	60
2024.01.02	20:00:00	16544.70	16566.50	16447.60	16554.70	42020	0	60
2024.01.03	00:00:00	16559.40	16560.40	16532.00	16536.00	7498	0	140
2024.01.03	04:00:00	16535.90	16539.30	16513.50	16529.20	8382	0	140
2024.01.03	08:00:00	16529.30	16554.30	16466.50	16467.70	19374	0	140
2024.01.03	12:00:00	16467.50	16498.90	16423.00	16442.10	24420	0	160
2024.01.03	16:00:00	16442.20	16477.90	16371.60	16428.30	58154	0	60
2024.01.03	20:00:00	16427.90	16455.70	16349.90	16365.60	43698	0	60
2024.01.04	00:00:00	16382.70	16393.10	16363.50	16386.00	8537	0	140
2024.01.04	04:00:00	16386.00	16388.90	16373.10	16377.20	7258	0	140
2024.01.04	08:00:00	16377.50	16420.70	16373.20	16410.20	17544	0	140
2024.01.04	12:00:00	16410.10	16411.10	16285.10	16292.30	23473	0	150
2024.01.04	16:00:00	16291.60	16421.60	16277.10	16343.70	56835	0	60
2024.01.04	20:00:00	16343.90	16367.10	16274.30	16291.30	39601	0	60
2024.01.05	00:00:00	16300.70	16309.30	16291.30	16300.50	7406	0	140
2024.01.05	04:00:00	16300.50	16301.00	16266.60	16269.40	7748	0	140
2024.01.05	08:00:00	16269.30	16279.70	16232.40	16238.70	19305	0	140
2024.01.05	12:00:00	16238.30	16266.40	16175.80	16240.90	26526	0	140
2024.01.05	16:00:00	16241.20	16419.30	16241.00	16311.70	56847	0	60
2024.01.05	20:00:00	16311.60	16351.70	16247.00	16303.50	40104	0	60
2024.01.08	00:00:00	16328.50	16343.60	16311.50	16312.30	9621	0	140
2024.01.08	04:00:00	16312.10	16312.20	16280.00	16285.00	11995	0	140
2024.01.08	08:00:00	16285.30	16305.10	16221.50	16263.40	24471	0	140
2024.01.08	12:00:00	16263.40	16340.50	16253.50	16320.70	25904	0	180
2024.01.08	16:00:00	16320.70	16561.50	16315.50	16559.90	53966	0	60
2024.01.08	20:00:00	16559.80	16653.90	16549.00	16632.70	36646	0	60
2024.01.09	00:00:00	16628.80	16637.30	16625.10	16633.00	9282	0	140
2024.01.09	04:00:00	16633.00	16639.80	16617.00	16619.60	10172	0	140
2024.01.09	08:00:00	16619.60	16631.60	16563.60	16584.40	18764	0	140
2024.01.09	12:00:00	16584.20	16585.90	16502.20	16509.00	24106	0	160
2024.01.09	16:00:00	16509.50	16694.50	16505.00	16692.30	55615	0	60
2024.01.09	20:00:00	16692.40	16714.80	16624.40	16678.80	45839	0	60
2024.01.10	00:00:00	16667.60	16695.80	16664.00	16679.80	10296	0	140
2024.01.10	04:00:00	16679.80	16686.60	16665.40	16671.20	10853	0	140
2024.01.10	08:00:00	16670.90	16750.40	16652.00	16742.80	18552	0	140
2024.01.10	12:00:00	16742.50	16746.00	16659.90	16661.30	21319	0	150
2024.01.10	16:00:00	16660.80	16763.20	16647.60	16760.00	54351	0	10
2024.01.10	20:00:00	16760.00	16832.00	16735.70	16803.30	41779	0	60
2024.01.11	00:00:00	16800.50	16841.50	16798.50	16835.90	11333	0	140
2024.01.11	04:00:00	16835.90	16862.80	16833.90	16851.50	10836	0	140
2024.01.11	08:00:00	16851.50	16901.10	16846.10	16857.70	19018	0	140
2024.01.11	12:00:00	16857.90	16898.90	16745.50	16760.10	24343	0	140
2024.01.11	16:00:00	16760.50	16899.00	16613.00	16697.40	64197	0	0
2024.01.11	20:00:00	16697.50	16841.10	16694.70	16815.90	44419	0	70
2024.01.12	00:00:00	16804.30	16821.60	16779.00	16800.10	14497	0	140
2024.01.12	04:00:00	16800.20	16820.70	16794.80	16801.10	13750	0	140
2024.01.12	08:00:00	16801.30	16834.60	16772.80	16784.60	24759	0	140
2024.01.12	12:00:00	16784.60	16836.10	16724.00	16821.10	32534	0	210
2024.01.12	16:00:00	16821.00	16900.20	16775.00	16815.10	60599	0	0
2024.01.12	20:00:00	16815.60	16853.70	16792.20	16813.10	40098	0	60
2024.01.15	00:00:00	16800.10	16819.60	16797.30	16816.70	10747	0	140
2024.01.15	04:00:00	16816.60	16850.30	16814.80	16841.60	9239	0	110
2024.01.15	08:00:00	16841.60	16880.40	16812.60	16819.80	18772	0	140
2024.01.15	12:00:00	16819.80	16838.90	16805.20	16818.80	18308	0	140
2024.01.15	16:00:00	16819.70	16837.80	16795.40	16828.10	18613	0	60
2024.01.16	00:00:00	16815.70	16822.50	16742.60	16771.70	16305	0	140
2024.01.16	04:00:00	16771.70	16778.00	16735.80	16738.30	16367	0	140
2024.01.16	08:00:00	16738.30	16754.50	16673.00	16715.70	27880	0	140
2024.01.16	12:00:00	16716.00	16790.10	16686.60	16753.70	29277	0	190
2024.01.16	16:00:00	16753.30	16898.70	16720.40	16760.00	62178	0	0
2024.01.16	20:00:00	16759.00	16837.50	16725.20	16835.80	42176	0	60
2024.01.17	00:00:00	16840.40	16846.30	16811.30	16816.40	12149	0	140
2024.01.17	04:00:00	16816.30	16820.00	16758.00	16758.70	16001	0	140
2024.01.17	08:00:00	16758.90	16758.90	16681.70	16737.10	33712	0	150
2024.01.17	12:00:00	16737.20	16772.80	16671.80	16686.10	30076	0	170
2024.01.17	16:00:00	16685.90	16710.30	16558.50	16677.30	58479	0	0
2024.01.17	20:00:00	16677.30	16753.60	16602.40	16728.60	40531	0	60
2024.01.18	00:00:00	16717.10	16738.80	16703.10	16725.30	14211	0	140
2024.01.18	04:00:00	16725.20	16738.60	16710.60	16735.30	16154	0	140
2024.01.18	08:00:00	16735.30	16806.80	16734.30	16788.90	24814	0	140
2024.01.18	12:00:00	16788.90	16914.70	16780.30	16853.30	29280	0	150
2024.01.18	16:00:00	16853.30	16973.20	16853.30	16872.60	60233	0	60
2024.01.18	20:00:00	16872.80	16996.60	16814.00	16986.60	46969	0	60
2024.01.19	00:00:00	16984.30	17032.50	16982.70	17030.10	14413	0	140
2024.01.19	04:00:00	17029.80	17051.40	17021.10	17022.90	13744	0	140
2024.01.19	08:00:00	17022.60	17109.10	17022.40	17098.80	25534	0	140
2024.01.19	12:00:00	17098.80	17127.90	17083.30	17093.00	25519	0	160
2024.01.19	16:00:00	17092.50	17199.00	17039.90	17198.30	59326	0	60
2024.01.19	20:00:00	17198.20	17339.50	17180.20	17334.90	45940	0	60
2024.01.22	00:00:00	17366.60	17436.60	17343.10	17416.50	18541	0	150
2024.01.22	04:00:00	17416.70	17429.70	17398.30	17403.70	14986	0	140
2024.01.22	08:00:00	17403.40	17427.80	17386.30	17405.70	26809	0	140
2024.01.22	12:00:00	17405.70	17450.30	17385.30	17394.60	23569	0	150
2024.01.22	16:00:00	17394.40	17452.80	17307.40	17351.50	57562	0	60
2024.01.22	20:00:00	17351.90	17362.70	17303.00	17333.50	42883	0	60
2024.01.23	00:00:00	17326.00	17356.00	17325.00	17349.40	11102	0	140
2024.01.23	04:00:00	17349.30	17359.30	17337.10	17344.10	17345	0	140
2024.01.23	08:00:00	17343.90	17360.80	17295.40	17337.20	23589	0	140
2024.01.23	12:00:00	17336.70	17399.00	17309.80	17373.30	24709	0	150
2024.01.23	16:00:00	17373.00	17374.30	17284.50	17364.90	54151	0	60
2024.01.23	20:00:00	17365.40	17431.40	17335.40	17431.40	40168	0	60
2024.01.24	00:00:00	17441.80	17461.10	17441.50	17455.50	10123	0	140
2024.01.24	04:00:00	17455.50	17482.10	17448.50	17476.30	11573	0	140
2024.01.24	08:00:00	17476.50	17540.90	17473.70	17536.20	23996	0	140
2024.01.24	12:00:00	17536.20	17566.80	17516.20	17538.90	20698	0	140
2024.01.24	16:00:00	17538.60	17668.00	17513.00	17660.10	56309	0	60
2024.01.24	20:00:00	17660.30	17660.30	17445.30	17498.60	48678	0	60
2024.01.25	00:00:00	17498.80	17512.80	17472.60	17489.90	13747	0	140
2024.01.25	04:00:00	17490.20	17509.40	17471.30	17508.20	14167	0	140
2024.01.25	08:00:00	17508.20	17537.10	17484.70	17509.80	23454	0	140
2024.01.25	12:00:00	17509.30	17597.00	17492.30	17588.50	27814	0	150
2024.01.25	16:00:00	17589.20	17632.00	17514.40	17532.30	61415	0	20
2024.01.25	20:00:00	17532.80	17562.40	17423.70	17473.90	48637	0	60
2024.01.26	00:00:00	17443.30	17447.00	17392.10	17402.80	13703	0	140
2024.01.26	04:00:00	17402.80	17423.30	17366.90	17390.20	13272	0	140
2024.01.26	08:00:00	17391.00	17417.90	17351.20	17417.00	24687	0	150
2024.01.26	12:00:00	17417.00	17496.30	17403.90	17482.70	26900	0	160
2024.01.26	16:00:00	17482.90	17517.70	17390.20	17414.90	59962	0	60
2024.01.26	20:00:00	17414.10	17460.40	17383.10	17388.10	40992	0	60
2024.01.29	00:00:00	17359.50	17427.00	17349.30	17425.90	11420	0	140
2024.01.29	04:00:00	17425.90	17436.10	17413.60	17421.80	9348	0	140
2024.01.29	08:00:00	17421.80	17479.70	17419.00	17436.40	15436	0	140
2024.01.29	12:00:00	17436.10	17466.70	17427.30	17435.10	16040	0	150
2024.01.29	16:00:00	17435.00	17496.70	17409.80	17485.50	53355	0	60
2024.01.29	20:00:00	17486.60	17604.30	17466.70	17589.80	40135	0	60
2024.01.30	00:00:00	17609.40	17624.40	17591.40	17601.10	10809	0	140
2024.01.30	04:00:00	17601.20	17617.10	17594.50	17612.10	10107	0	140
2024.01.30	08:00:00	17612.60	17616.10	17553.80	17580.30	21026	0	140
2024.01.30	12:00:00	17580.30	17600.60	17541.60	17549.30	18746	0	140
2024.01.30	16:00:00	17549.00	17573.40	17455.60	17466.00	55335	0	60
2024.01.30	20:00:00	17466.00	17499.50	17363.40	17365.70	46564	0	60
2024.01.31	00:00:00	17341.40	17353.50	17321.80	17325.40	12238	0	140
2024.01.31	04:00:00	17325.30	17347.50	17316.90	17335.60	10143	0	140
2024.01.31	08:00:00	17335.80	17361.90	17236.50	17273.00	20337	0	140
2024.01.31	12:00:00	17272.40	17346.00	17227.00	17299.30	26879	0	160
2024.01.31	16:00:00	17299.00	17319.60	17177.70	17266.20	59493	0	60
2024.01.31	20:00:00	17266.20	17378.40	17116.70	17154.60	54676	0	60
2024.02.01	00:00:00	17169.00	17213.30	17166.50	17202.60	12328	0	140
2024.02.01	04:00:00	17202.10	17227.50	17188.90	17200.60	12503	0	140
2024.02.01	08:00:00	17200.50	17258.40	17166.10	17234.40	23836	0	150
2024.02.01	12:00:00	17234.40	17266.50	17205.20	17238.70	22825	0	160
2024.02.01	16:00:00	17238.40	17317.10	17170.20	17287.70	59430	0	0
2024.02.01	20:00:00	17287.60	17528.40	17233.70	17528.30	50555	0	60
2024.02.02	00:00:00	17508.10	17535.70	17484.90	17526.70	12754	0	140
2024.02.02	04:00:00	17526.70	17529.70	17505.00	17517.30	12669	0	140
2024.02.02	08:00:00	17517.60	17540.40	17484.30	17517.10	21482	0	140
2024.02.02	12:00:00	17517.60	17547.90	17388.40	17401.20	26032	0	150
2024.02.02	16:00:00	17401.70	17663.50	17371.80	17617.30	62421	0	0
2024.02.02	20:00:00	17618.20	17682.50	17588.50	17606.90	45931	0	60
2024.02.05	00:00:00	17615.60	17633.10	17570.00	17590.10	17418	0	150
2024.02.05	04:00:00	17589.50	17602.80	17575.20	17596.90	14288	0	140
2024.02.05	08:00:00	17596.70	17633.20	17582.20	17591.70	20690	0	140
2024.02.05	12:00:00	17591.60	17646.50	17591.50	17607.90	21535	0	140
2024.02.05	16:00:00	17607.80	17645.10	17464.30	17604.60	56701	0	60
2024.02.05	20:00:00	17604.50	17654.00	17583.40	17606.20	43090	0	60
2024.02.06	00:00:00	17614.60	17632.00	17604.40	17630.50	8944	0	140
2024.02.06	04:00:00	17630.70	17662.40	17627.50	17649.20	12681	0	140
2024.02.06	08:00:00	17649.20	17679.40	17634.80	17640.40	20046	0	140
2024.02.06	12:00:00	17640.70	17654.40	17580.90	17646.70	23746	0	150
2024.02.06	16:00:00	17646.50	17678.00	17471.90	17501.90	58160	0	60
2024.02.06	20:00:00	17502.90	17580.40	17473.40	17561.70	42893	0	60
2024.02.07	00:00:00	17571.00	17626.60	17560.80	17601.70	11066	0	140
2024.02.07	04:00:00	17601.60	17605.10	17568.50	17579.60	13152	0	140
2024.02.07	08:00:00	17579.60	17592.00	17545.30	17589.60	16461	0	140
2024.02.07	12:00:00	17589.40	17661.70	17568.50	17650.30	21522	0	140
2024.02.07	16:00:00	17650.40	17788.30	17633.70	17730.70	57386	0	60
2024.02.07	20:00:00	17730.60	17777.90	17700.70	17762.30	40665	0	60
2024.02.08	00:00:00	17755.70	17768.50	17747.80	17767.60	8086	0	140
2024.02.08	04:00:00	17767.40	17774.00	17759.10	17763.20	8826	0	140
2024.02.08	08:00:00	17763.10	17778.50	17739.30	17763.60	14061	0	140
2024.02.08	12:00:00	17763.90	17767.30	17709.70	17741.70	19481	0	140
2024.02.08	16:00:00	17740.70	17814.00	17724.50	17773.90	54564	0	60
2024.02.08	20:00:00	17774.00	17812.30	17747.50	17784.60	37908	0	60
2024.02.09	00:00:00	17777.90	17797.60	17772.70	17775.00	9352	0	140
2024.02.09	04:00:00	17774.50	17791.40	17773.90	17783.80	6967	0	140
2024.02.09	08:00:00	17783.80	17846.40	17780.20	17825.00	14668	0	140
2024.02.09	12:00:00	17824.20	17891.00	17819.90	17850.40	20094	0	140
2024.02.09	16:00:00	17850.90	17946.30	17796.00	17943.10	53499	0	60
2024.02.09	20:00:00	17943.30	17989.20	17940.10	17954.50	34903	0	60
2024.02.12	00:00:00	17929.20	17961.00	17928.10	17956.40	5586	0	140
2024.02.12	04:00:00	17956.40	17956.90	17936.00	17939.10	3803	0	140
2024.02.12	08:00:00	17939.10	17979.40	17938.50	17971.80	12179	0	140
2024.02.12	12:00:00	17971.60	17979.00	17947.00	17949.60	11671	0	140
2024.02.12	16:00:00	17949.70	18041.90	17928.20	18024.20	51693	0	60
2024.02.12	20:00:00	18024.30	18029.90	17833.20	17842.40	45357	0	60
2024.02.13	00:00:00	17853.50	17862.70	17839.90	17848.90	8091	0	140
2024.02.13	04:00:00	17848.80	17867.10	17844.50	17863.50	6947	0	140
2024.02.13	08:00:00	17863.60	17886.70	17785.20	17792.80	21390	0	140
2024.02.13	12:00:00	17792.90	17796.70	17561.80	17585.10	28769	0	150
2024.02.13	16:00:00	17584.90	17719.60	17511.00	17602.10	61447	0	60
2024.02.13	20:00:00	17600.60	17628.90	17476.50	17626.90	47075	0	60
2024.02.14	00:00:00	17611.70	17621.30	17595.40	17605.60	11816	0	140
2024.02.14	04:00:00	17605.90	17617.70	17595.00	17612.20	9449	0	140
2024.02.14	08:00:00	17612.20	17722.00	17611.70	17719.70	20422	0	140
2024.02.14	12:00:00	17719.70	17738.10	17684.70	17705.10	23238	0	150
2024.02.14	16:00:00	17705.30	17774.70	17617.10	17704.20	57551	0	60
2024.02.14	20:00:00	17704.40	17813.50	17657.50	17801.10	44427	0	60
2024.02.15	00:00:00	17796.00	17809.30	17771.90	17787.00	7995	0	140
2024.02.15	04:00:00	17787.00	17818.70	17781.50	17810.50	8837	0	140
2024.02.15	08:00:00	17810.50	17861.30	17802.50	17825.80	18114	0	140
2024.02.15	12:00:00	17825.80	17868.00	17817.60	17834.30	19753	0	140
2024.02.15	16:00:00	17834.60	17838.20	17717.20	17790.50	58748	0	60
2024.02.15	20:00:00	17790.00	17900.90	17787.50	17887.50	44771	0	60
2024.02.16	00:00:00	17887.00	17890.80	17846.20	17864.00	9168	0	140
2024.02.16	04:00:00	17864.10	17883.50	17857.10	17867.10	9126	0	140
2024.02.16	08:00:00	17867.00	17953.20	17867.00	17941.90	16399	0	140
2024.02.16	12:00:00	17941.80	17961.00	17837.90	17874.90	20719	0	140
2024.02.16	16:00:00	17874.90	17885.10	17653.30	17794.90	59580	0	60
2024.02.16	20:00:00	17794.90	17841.20	17652.20	17657.80	44752	0	60
2024.02.19	00:00:00	17692.00	17740.60	17684.40	17705.10	13175	0	140
2024.02.19	04:00:00	17705.10	17725.40	17697.40	17719.60	11114	0	140
2024.02.19	08:00:00	17719.70	17724.60	17676.20	17719.40	18407	0	140
2024.02.19	12:00:00	17719.60	17723.00	17692.50	17715.80	15272	0	140
2024.02.19	16:00:00	17715.80	17744.90	17710.50	17727.00	16451	0	60
2024.02.19	20:00:00	17737.30	17737.30	17737.30	17737.30	3	0	100
2024.02.20	00:00:00	17719.70	17720.30	17617.10	17620.40	14271	0	140
2024.02.20	04:00:00	17620.60	17633.40	17605.60	17623.70	13890	0	140
2024.02.20	08:00:00	17623.10	17663.00	17574.90	17603.50	25383	0	140
2024.02.20	12:00:00	17602.40	17637.60	17552.40	17611.10	28033	0	190
2024.02.20	16:00:00	17611.60	17662.00	17396.30	17446.40	58830	0	60
2024.02.20	20:00:00	17446.10	17556.70	17418.50	17533.20	45276	0	60
2024.02.21	00:00:00	17515.80	17530.30	17479.10	17503.40	11700	0	140
2024.02.21	04:00:00	17503.70	17507.30	17486.60	17502.40	10934	0	140
2024.02.21	08:00:00	17502.40	17526.30	17454.50	17471.60	20731	0	140
2024.02.21	12:00:00	17471.80	17494.30	17421.60	17444.80	24537	0	170
2024.02.21	16:00:00	17445.10	17466.20	17377.00	17419.30	56421	0	60
2024.02.21	20:00:00	17418.90	17625.50	17314.50	17616.10	52428	0	60
2024.02.22	00:00:00	17634.70	17742.40	17618.50	17716.20	17120	0	150
2024.02.22	04:00:00	17715.90	17763.70	17706.00	17739.60	11808	0	140
2024.02.22	08:00:00	17739.40	17844.30	17733.90	17831.50	26714	0	140
2024.02.22	12:00:00	17831.50	17873.00	17817.20	17844.80	24840	0	160
2024.02.22	16:00:00	17844.00	17968.10	17813.10	17967.90	57278	0	60
2024.02.22	20:00:00	17967.60	18035.90	17952.10	17971.00	43441	0	0
2024.02.23	00:00:00	17982.20	18000.00	17966.00	17990.70	11377	0	140
2024.02.23	04:00:00	17991.10	18004.70	17986.60	18000.60	8789	0	140
2024.02.23	08:00:00	18000.50	18005.40	17950.30	17967.50	19155	0	140
2024.02.23	12:00:00	17967.20	18033.00	17953.20	18024.10	20324	0	140
2024.02.23	16:00:00	18023.30	18095.20	17897.20	17994.00	58674	0	60
2024.02.23	20:00:00	17994.00	18012.40	17907.30	17919.00	41904	0	60
2024.02.26	00:00:00	17918.60	17942.20	17875.70	17893.00	14508	0	140
2024.02.26	04:00:00	17893.50	17918.40	17889.00	17906.70	10609	0	130
2024.02.26	08:00:00	17907.00	17946.90	17883.20	17945.60	17834	0	140
2024.02.26	12:00:00	17945.40	17981.60	17926.20	17969.00	18553	0	140
2024.02.26	16:00:00	17969.00	18013.20	17920.40	17981.40	53250	0	60
2024.02.26	20:00:00	17981.60	17998.70	17904.80	17906.90	39455	0	60
2024.02.27	00:00:00	17902.10	17923.30	17891.70	17916.80	8890	0	140
2024.02.27	04:00:00	17916.90	17921.60	17882.30	17892.90	9254	0	140
2024.02.27	08:00:00	17893.10	17971.10	17887.10	17969.10	17159	0	140
2024.02.27	12:00:00	17969.30	17995.60	17942.30	17981.90	19861	0	140
2024.02.27	16:00:00	17981.70	17988.70	17878.80	17884.70	55935	0	60
2024.02.27	20:00:00	17884.90	17987.50	17865.60	17976.80	41391	0	60
2024.02.28	00:00:00	17975.80	17975.80	17949.50	17966.20	7808	0	100
2024.02.28	04:00:00	17966.20	17973.30	17950.70	17953.90	7651	0	140
2024.02.28	08:00:00	17953.90	17960.60	17848.70	17853.80	19965	0	140
2024.02.28	12:00:00	17854.10	17917.40	17851.60	17902.00	24807	0	150
2024.02.28	16:00:00	17902.00	17932.60	17834.20	17875.00	53295	0	60
2024.02.28	20:00:00	17875.10	17913.40	17804.00	17805.80	41863	0	60
2024.02.29	00:00:00	17826.80	17863.10	17823.90	17854.20	8757	0	140
2024.02.29	04:00:00	17854.90	17893.40	17854.90	17882.50	10578	0	140
2024.02.29	08:00:00	17882.30	17882.60	17789.70	17833.90	21462	0	140
2024.02.29	12:00:00	17832.90	17988.60	17821.10	17968.90	24805	0	150
2024.02.29	16:00:00	17969.00	18035.50	17862.80	17983.40	57961	0	70
2024.02.29	20:00:00	17983.20	18071.10	17969.70	18032.70	42390	0	60
2024.03.01	00:00:00	18044.40	18080.50	18003.70	18077.30	10758	0	140
2024.03.01	04:00:00	18077.00	18092.20	18070.80	18088.10	9990	0	140
2024.03.01	08:00:00	18088.30	18123.00	18076.90	18088.70	18121	0	140
2024.03.01	12:00:00	18088.80	18088.80	17991.40	18050.80	26530	0	160
2024.03.01	16:00:00	18050.20	18254.20	18042.30	18248.40	53864	0	60
2024.03.01	20:00:00	18248.80	18335.00	18243.50	18280.10	40677	0	60
2024.03.04	00:00:00	18309.20	18329.30	18290.40	18310.70	12634	0	140
2024.03.04	04:00:00	18310.80	18325.40	18306.70	18311.50	8318	0	140
2024.03.04	08:00:00	18311.30	18340.40	18294.40	18295.60	16081	0	140
2024.03.04	12:00:00	18295.90	18315.80	18274.10	18298.30	19180	0	150
2024.03.04	16:00:00	18298.50	18299.90	18245.00	18269.40	54309	0	60
2024.03.04	20:00:00	18269.10	18312.10	18202.80	18205.30	40249	0	60
2024.03.05	00:00:00	18218.80	18219.10	18158.70	18171.10	10709	0	140
2024.03.05	04:00:00	18171.10	18184.20	18150.50	18157.60	10647	0	140
2024.03.05	08:00:00	18157.80	18163.00	18091.10	18095.00	21316	0	140
2024.03.05	12:00:00	18095.50	18151.20	18074.00	18101.20	22639	0	150
2024.03.05	16:00:00	18101.40	18113.50	17878.70	17922.70	57820	0	60
2024.03.05	20:00:00	17923.00	17949.40	17803.50	17948.60	46831	0	60
2024.03.06	00:00:00	17939.40	17941.80	17912.10	17929.50	10553	0	140
2024.03.06	04:00:00	17929.80	17956.70	17927.80	17951.70	10839	0	140
2024.03.06	08:00:00	17951.60	18033.80	17937.50	18026.30	19727	0	140
2024.03.06	12:00:00	18026.20	18067.60	18003.90	18067.60	26416	0	150
2024.03.06	16:00:00	18066.60	18147.70	17935.80	18105.60	58287	0	60
2024.03.06	20:00:00	18105.70	18134.00	17957.90	18015.70	49558	0	60
2024.03.07	00:00:00	18010.00	18024.10	17929.50	17936.80	15420	0	140
2024.03.07	04:00:00	17936.60	17968.90	17909.80	17956.60	18744	0	140
2024.03.07	08:00:00	17956.60	18054.80	17893.60	18048.00	27140	0	140
2024.03.07	12:00:00	18047.80	18140.30	18047.80	18131.30	26048	0	150
2024.03.07	16:00:00	18131.00	18306.70	18098.50	18287.10	57052	0	60
2024.03.07	20:00:00	18287.30	18338.70	18137.90	18217.70	45590	0	60
2024.03.08	00:00:00	18242.80	18259.30	18229.70	18254.80	11862	0	140
2024.03.08	04:00:00	18254.40	18290.50	18242.40	18272.90	12671	0	140
2024.03.08	08:00:00	18273.10	18334.90	18252.70	18316.00	20966	0	140
2024.03.08	12:00:00	18316.30	18350.50	18195.70	18332.80	30895	0	170
2024.03.08	16:00:00	18332.90	18417.20	18035.00	18046.20	68113	0	80
2024.03.08	20:00:00	18046.20	18156.70	17994.80	18039.40	51044	0	70
2024.03.11	00:00:00	17983.30	18028.00	17957.60	17998.90	12001	0	150
2024.03.11	04:00:00	17999.00	18036.50	17955.30	17966.60	13678	0	140
2024.03.11	08:00:00	17966.70	18029.70	17921.30	17994.10	22597	0	140
2024.03.11	12:00:00	17994.00	18033.00	17906.50	17935.70	27204	0	170
2024.03.11	16:00:00	17935.90	18006.10	17875.50	17971.20	63157	0	60
2024.03.11	20:00:00	17971.20	18006.30	17922.70	17977.30	45255	0	60
2024.03.12	00:00:00	17996.70	18046.60	17994.90	18021.90	7452	0	140
2024.03.12	04:00:00	18021.80	18055.40	18018.00	18053.90	9613	0	140
2024.03.12	08:00:00	18054.20	18079.20	18013.00	18022.70	15704	0	140
2024.03.12	12:00:00	18022.80	18114.20	17943.30	18050.30	25204	0	150
2024.03.12	16:00:00	18050.40	18197.40	17913.10	18096.10	63444	0	70
2024.03.12	20:00:00	18095.80	18227.80	18065.40	18212.50	42259	0	60
2024.03.13	00:00:00	18203.30	18226.80	18197.30	18200.80	6833	0	140
2024.03.13	04:00:00	18200.90	18209.60	18184.40	18207.60	13182	0	140
2024.03.13	08:00:00	18207.80	18245.60	18176.20	18200.40	18219	0	140
2024.03.13	12:00:00	18200.50	18226.70	18152.80	18165.30	24341	0	160
2024.03.13	16:00:00	18165.20	18181.00	18026.30	18095.10	55823	0	60
2024.03.13	20:00:00	18095.40	18147.70	18032.50	18091.30	41369	0	60
2024.03.14	00:00:00	18089.20	18122.70	18087.00	18113.40	6573	0	140
2024.03.14	04:00:00	18113.50	18126.30	18106.60	18125.80	10078	0	140
2024.03.14	08:00:00	18125.30	18173.00	18120.40	18161.60	16088	0	140
2024.03.14	12:00:00	18161.70	18168.90	18096.80	18115.50	23804	0	150
2024.03.14	16:00:00	18115.60	18143.60	17950.20	18002.40	62096	0	70
2024.03.14	20:00:00	18002.20	18080.80	17909.90	18018.40	48771	0	70
2024.03.15	00:00:00	18003.60	18013.70	17973.50	18010.30	7760	0	140
2024.03.15	04:00:00	18010.50	18018.30	17971.30	17976.20	12360	0	140
2024.03.15	08:00:00	17975.90	18015.30	17957.00	18010.20	16459	0	140
2024.03.15	12:00:00	18010.10	18073.70	17983.70	18003.70	24808	0	170
2024.03.15	16:00:00	18003.70	18006.20	17760.90	17765.30	61655	0	70
2024.03.15	20:00:00	17765.30	17861.60	17763.40	17816.90	43653	0	60
2024.03.18	00:00:00	17829.40	17857.40	17817.80	17843.70	10791	0	140
2024.03.18	04:00:00	17843.80	17896.40	17840.20	17892.20	12490	0	140
2024.03.18	08:00:00	17892.30	17942.80	17890.20	17942.30	16265	0	140
2024.03.18	12:00:00	17942.20	18042.70	17922.30	18032.90	23253	0	150
2024.03.18	16:00:00	18032.90	18126.60	17994.30	17996.90	56978	0	60
2024.03.18	20:00:00	17997.60	18061.30	17959.30	17984.10	45257	0	60
2024.03.19	00:00:00	17967.90	17974.10	17913.30	17918.00	9486	0	140
2024.03.19	04:00:00	17917.90	17965.10	17905.30	17944.60	18786	0	140
2024.03.19	08:00:00	17944.70	18007.30	17914.50	17977.70	20138	0	140
2024.03.19	12:00:00	17977.80	17987.30	17832.80	17886.10	28846	0	180
2024.03.19	16:00:00	17886.30	18025.10	17809.20	18000.00	57181	0	60
2024.03.19	20:00:00	18001.20	18044.50	17971.50	18032.80	42074	0	60
2024.03.20	00:00:00	18024.70	18034.80	17997.60	18003.00	5596	0	140
2024.03.20	04:00:00	18003.10	18006.50	17978.70	17989.00	7777	0	140
2024.03.20	08:00:00	17989.10	18031.10	17986.30	17996.50	13934	0	140
2024.03.20	12:00:00	17996.30	18083.10	17988.20	18050.40	19709	0	150
2024.03.20	16:00:00	18050.80	18086.30	17999.10	18047.90	49000	0	60
2024.03.20	20:00:00	18048.10	18296.60	18000.10	18290.80	51825	0	60
2024.03.21	00:00:00	18284.90	18343.10	18284.50	18319.20	10363	0	140
2024.03.21	04:00:00	18318.50	18364.10	18316.90	18359.30	11294	0	140
2024.03.21	08:00:00	18359.70	18425.60	18355.90	18377.60	18269	0	140
2024.03.21	12:00:00	18377.80	18433.10	18348.20	18417.10	23695	0	160
2024.03.21	16:00:00	18417.30	18467.30	18377.70	18448.40	55054	0	60
2024.03.21	20:00:00	18448.40	18448.70	18311.60	18335.50	42648	0	60
2024.03.22	00:00:00	18344.20	18355.70	18330.10	18348.70	7481	0	140
2024.03.22	04:00:00	18348.70	18356.10	18292.70	18336.80	17746	0	140
2024.03.22	08:00:00	18336.60	18361.80	18301.80	18357.20	19320	0	140
2024.03.22	12:00:00	18357.40	18369.70	18257.20	18293.60	25053	0	160
2024.03.22	16:00:00	18294.30	18346.40	18265.70	18345.60	54954	0	60
2024.03.22	20:00:00	18345.30	18389.50	18310.00	18326.60	40273	0	60
2024.03.25	00:00:00	18337.40	18361.40	18316.60	18347.70	7961	0	140
2024.03.25	04:00:00	18347.80	18364.50	18329.50	18331.20	12932	0	140
2024.03.25	08:00:00	18331.40	18335.60	18295.70	18314.70	15309	0	140
2024.03.25	12:00:00	18314.60	18319.80	18220.40	18239.40	21337	0	150
2024.03.25	16:00:00	18239.40	18321.20	18179.40	18297.70	52318	0	60
2024.03.25	20:00:00	18297.80	18340.20	18275.70	18289.60	35950	0	60
2024.03.26	00:00:00	18307.80	18318.50	18296.00	18316.20	5697	0	140
2024.03.26	04:00:00	18316.20	18324.90	18285.90	18303.80	9995	0	140
2024.03.26	08:00:00	18303.50	18377.00	18301.90	18361.20	16084	0	140
2024.03.26	12:00:00	18361.20	18387.10	18326.10	18337.40	20696	0	140
2024.03.26	16:00:00	18337.90	18379.10	18305.10	18315.00	54551	0	60
2024.03.26	20:00:00	18315.00	18334.00	18211.10	18247.10	39973	0	60
2024.03.27	00:00:00	18247.20	18272.10	18239.50	18268.00	5138	0	140
2024.03.27	04:00:00	18267.90	18297.00	18261.90	18296.70	8399	0	140
2024.03.27	08:00:00	18296.50	18303.60	18252.00	18290.60	13828	0	140
2024.03.27	12:00:00	18290.90	18330.60	18281.90	18329.10	16387	0	150
2024.03.27	16:00:00	18329.30	18353.40	18156.40	18219.30	55012	0	60
2024.03.27	20:00:00	18220.00	18301.80	18175.90	18288.80	43448	0	60
2024.03.28	00:00:00	18272.00	18279.40	18251.60	18277.00	8518	0	140
2024.03.28	04:00:00	18277.30	18283.20	18259.70	18279.00	11963	0	140
2024.03.28	08:00:00	18279.00	18292.30	18256.30	18259.60	14775	0	140
2024.03.28	12:00:00	18259.50	18304.60	18237.10	18276.40	21643	0	150
2024.03.28	16:00:00	18276.90	18313.10	18235.70	18253.20	54254	0	60
2024.03.28	20:00:00	18253.30	18289.90	18221.60	18237.20	41488	0	60
2024.04.01	00:00:00	18340.40	18392.10	18339.10	18375.10	11138	0	140
2024.04.01	04:00:00	18375.00	18377.30	18344.00	18370.30	10568	0	140
2024.04.01	08:00:00	18370.20	18385.80	18340.30	18361.00	9728	0	140
2024.04.01	12:00:00	18361.20	18366.70	18277.70	18298.20	13660	0	140
2024.04.01	16:00:00	18298.40	18389.90	18202.00	18256.00	53461	0	60
2024.04.01	20:00:00	18256.20	18300.40	18213.00	18286.10	36968	0	60
2024.04.02	00:00:00	18278.00	18282.70	18245.40	18253.10	8229	0	140
2024.04.02	04:00:00	18252.50	18280.40	18245.00	18266.20	13175	0	140
2024.04.02	08:00:00	18266.10	18303.60	18240.60	18269.90	22633	0	140
2024.04.02	12:00:00	18269.70	18284.40	18121.70	18131.20	26769	0	170
2024.04.02	16:00:00	18130.90	18132.70	17997.00	18084.90	56063	0	60
2024.04.02	20:00:00	18086.00	18140.20	18063.80	18137.40	37344	0	60
2024.04.03	00:00:00	18128.10	18129.20	18091.70	18101.80	7826	0	140
2024.04.03	04:00:00	18101.90	18104.70	18082.90	18091.20	12368	0	140
2024.04.03	08:00:00	18091.30	18098.90	18055.20	18082.20	21795	0	140
2024.04.03	12:00:00	18082.30	18113.70	18043.50	18061.90	25660	0	160
2024.04.03	16:00:00	18062.00	18245.70	18026.40	18204.80	54368	0	60
2024.04.03	20:00:00	18206.50	18224.90	18095.60	18184.10	39137	0	60
2024.04.04	00:00:00	18172.80	18278.40	18172.80	18234.70	8489	0	140
2024.04.04	04:00:00	18234.80	18259.40	18228.80	18250.50	6900	0	140
2024.04.04	08:00:00	18250.50	18260.20	18209.70	18243.80	17195	0	140
2024.04.04	12:00:00	18244.10	18339.50	18239.10	18334.70	20370	0	150
2024.04.04	16:00:00	18334.70	18367.30	18277.30	18353.80	49673	0	60
2024.04.04	20:00:00	18353.80	18355.40	17862.80	17886.00	52046	0	60
2024.04.05	00:00:00	17911.30	17924.80	17864.70	17907.00	15102	0	150
2024.04.05	04:00:00	17907.30	17930.10	17873.20	17922.70	15105	0	140
2024.04.05	08:00:00	17922.60	17957.90	17907.70	17948.70	24157	0	150
2024.04.05	12:00:00	17948.90	18000.70	17863.50	17954.90	26808	0	160
2024.04.05	16:00:00	17955.90	18208.60	17914.10	18203.30	61577	0	60
2024.04.05	20:00:00	18203.40	18210.00	18050.70	18105.60	45330	0	60
2024.04.08	00:00:00	18131.40	18136.30	18085.90	18118.30	9889	0	140
2024.04.08	04:00:00	18118.40	18137.80	18074.90	18093.90	13502	0	140
2024.04.08	08:00:00	18093.90	18149.50	18053.20	18080.90	25356	0	140
2024.04.08	12:00:00	18081.40	18169.80	18070.90	18160.80	26648	0	190
2024.04.08	16:00:00	18161.10	18183.00	18041.60	18120.60	55093	0	60
2024.04.08	20:00:00	18120.70	18138.50	18086.20	18115.60	35680	0	60
2024.04.09	00:00:00	18124.50	18127.30	18098.40	18101.70	5235	0	140
2024.04.09	04:00:00	18101.50	18123.70	18092.00	18120.70	10385	0	140
2024.04.09	08:00:00	18121.10	18141.00	18072.90	18111.40	18738	0	140
2024.04.09	12:00:00	18111.30	18178.80	18060.40	18169.80	27249	0	160
2024.04.09	16:00:00	18169.60	18212.20	17970.80	18073.60	58088	0	60
2024.04.09	20:00:00	18073.40	18212.10	18024.10	18187.90	42463	0	60
2024.04.10	00:00:00	18184.80	18190.50	18175.00	18187.20	4886	0	140
2024.04.10	04:00:00	18187.40	18194.10	18175.90	18189.70	9311	0	140
2024.04.10	08:00:00	18189.90	18216.60	18178.40	18211.30	17642	0	140
2024.04.10	12:00:00	18211.70	18273.15	17862.05	17912.25	29163	0	160
2024.04.10	16:00:00	17913.25	18050.45	17867.75	18009.15	60545	0	70
2024.04.10	20:00:00	18009.25	18041.45	17930.25	17996.15	51244	0	80
2024.04.11	00:00:00	17985.55	17997.15	17961.35	17983.65	9267	0	150
2024.04.11	04:00:00	17982.65	18030.15	17978.15	18027.25	11717	0	150
2024.04.11	08:00:00	18027.35	18041.15	17983.55	17983.75	23032	0	150
2024.04.11	12:00:00	17983.55	18088.75	17915.65	18071.65	37459	0	220
2024.04.11	16:00:00	18071.75	18150.85	17994.15	18132.05	58716	0	70
2024.04.11	20:00:00	18132.35	18341.35	18116.75	18308.55	43978	0	70
2024.04.12	00:00:00	18303.55	18322.85	18293.05	18312.25	6793	0	150
2024.04.12	04:00:00	18312.35	18322.85	18302.85	18309.45	9942	0	150
2024.04.12	08:00:00	18309.45	18329.85	18265.85	18266.25	21650	0	150
2024.04.12	12:00:00	18266.85	18268.85	18135.35	18141.05	33952	0	200
2024.04.12	16:00:00	18140.85	18165.95	17976.85	17987.95	62722	0	80
2024.04.12	20:00:00	17987.65	18026.25	17949.55	18008.75	46854	0	70
2024.04.15	00:00:00	18016.45	18084.55	18000.65	18053.55	18861	0	160
2024.04.15	04:00:00	18053.45	18081.25	18024.55	18078.75	17068	0	150
2024.04.15	08:00:00	18078.75	18117.15	18072.15	18106.55	27546	0	160
2024.04.15	12:00:00	18106.45	18174.05	18089.15	18157.65	29401	0	180
2024.04.15	16:00:00	18157.55	18176.75	17914.65	17937.65	59121	0	70
2024.04.15	20:00:00	17938.15	17959.65	17675.55	17685.75	50765	0	80
2024.04.16	00:00:00	17711.65	17727.55	17681.05	17715.15	11927	0	160
2024.04.16	04:00:00	17715.55	17718.45	17630.25	17677.85	19592	0	160
2024.04.16	08:00:00	17678.05	17717.25	17663.55	17701.35	30999	0	180
2024.04.16	12:00:00	17701.25	17751.75	17627.75	17727.05	35945	0	230
2024.04.16	16:00:00	17727.55	17771.05	17657.05	17747.85	59567	0	80
2024.04.16	20:00:00	17748.35	17821.65	17656.05	17724.85	51332	0	80
2024.04.17	00:00:00	17748.75	17777.45	17728.05	17748.05	10233	0	150
2024.04.17	04:00:00	17747.85	17775.15	17741.55	17772.45	14636	0	150
2024.04.17	08:00:00	17772.35	17772.35	17615.45	17749.75	33777	0	150
2024.04.17	12:00:00	17749.35	17779.85	17720.35	17767.35	30330	0	210
2024.04.17	16:00:00	17765.75	17805.85	17457.45	17482.25	60705	0	80
2024.04.17	20:00:00	17483.25	17635.45	17477.45	17502.35	48740	0	80
2024.04.18	00:00:00	17520.55	17544.55	17515.45	17541.15	8852	0	150
2024.04.18	04:00:00	17541.05	17582.75	17536.95	17572.25	13693	0	150
2024.04.18	08:00:00	17572.75	17616.75	17555.55	17568.95	25831	0	150
2024.04.18	12:00:00	17568.35	17577.55	17510.15	17527.65	30058	0	210
2024.04.18	16:00:00	17527.65	17595.45	17399.45	17460.25	58683	0	70
2024.04.18	20:00:00	17459.75	17474.65	17355.25	17366.15	49223	0	80
2024.04.19	00:00:00	17390.55	17392.85	17271.75	17288.75	15233	0	150
2024.04.19	04:00:00	17287.85	17296.25	17032.95	17218.65	46266	0	230
2024.04.19	08:00:00	17218.85	17310.25	17198.65	17263.15	34093	0	230
2024.04.19	12:00:00	17263.25	17403.25	17259.75	17368.45	33150	0	230
2024.04.19	16:00:00	17368.15	17373.45	17058.75	17138.25	63830	0	90
2024.04.19	20:00:00	17137.05	17194.75	16969.65	17030.85	52354	0	90
2024.04.22	00:00:00	17085.15	17128.75	17057.05	17074.55	15117	0	160
2024.04.22	04:00:00	17074.05	17124.75	17069.65	17122.15	20566	0	150
2024.04.22	08:00:00	17122.05	17161.95	17090.65	17118.75	25768	0	160
2024.04.22	12:00:00	17118.25	17170.45	17104.35	17152.35	27655	0	220
2024.04.22	16:00:00	17152.45	17187.35	17006.05	17132.25	55639	0	70
2024.04.22	20:00:00	17131.65	17305.65	17125.45	17193.85	42805	0	70
2024.04.23	00:00:00	17220.75	17221.35	17146.05	17191.25	11170	0	150
2024.04.23	04:00:00	17191.05	17201.55	17151.15	17190.55	18643	0	150
2024.04.23	08:00:00	17190.15	17261.65	17177.05	17243.75	25126	0	150
2024.04.23	12:00:00	17243.25	17289.95	17221.15	17282.45	27798	0	210
2024.04.23	16:00:00	17282.65	17473.45	17272.95	17452.85	56501	0	80
2024.04.23	20:00:00	17452.85	17516.85	17431.55	17515.25	42389	0	70
2024.04.24	00:00:00	17539.75	17580.05	17525.95	17574.15	11888	0	150
2024.04.24	04:00:00	17574.15	17604.25	17567.75	17587.65	13824	0	150
2024.04.24	08:00:00	17588.05	17606.35	17551.45	17556.65	21421	0	150
2024.04.24	12:00:00	17556.55	17614.45	17527.85	17565.85	27826	0	210
2024.04.24	16:00:00	17566.05	17656.45	17429.55	17484.85	58984	0	80
2024.04.24	20:00:00	17484.65	17566.65	17344.55	17369.55	49114	0	70
2024.04.25	00:00:00	17328.15	17362.85	17315.75	17357.05	11627	0	160
2024.04.25	04:00:00	17357.15	17360.05	17317.05	17322.55	12324	0	150
2024.04.25	08:00:00	17322.55	17377.55	17276.55	17364.65	25010	0	150
2024.04.25	12:00:00	17364.05	17393.15	17236.85	17248.15	32175	0	210
2024.04.25	16:00:00	17252.55	17379.55	17177.75	17367.85	64082	0	80
2024.04.25	20:00:00	17368.85	17697.65	17337.25	17695.95	51997	0	80
2024.04.26	00:00:00	17652.35	17658.55	17615.95	17628.75	12027	0	160
2024.04.26	04:00:00	17628.85	17659.65	17621.65	17639.15	16110	0	150
2024.04.26	08:00:00	17639.15	17666.55	17600.95	17608.15	22817	0	160
2024.04.26	12:00:00	17608.45	17690.85	17567.85	17600.95	30394	0	190
2024.04.26	16:00:00	17600.95	17759.85	17542.15	17754.05	60405	0	80
2024.04.26	20:00:00	17754.25	17771.85	17700.85	17710.15	41003	0	70
2024.04.29	00:00:00	17728.85	17766.55	17725.85	17756.65	8433	0	150
2024.04.29	04:00:00	17756.65	17788.75	17750.55	17782.65	18368	0	150
2024.04.29	08:00:00	17782.65	17794.55	17754.55	17766.95	20964	0	150
2024.04.29	12:00:00	17766.25	17800.65	17738.45	17793.75	22361	0	160
2024.04.29	16:00:00	17794.25	17821.15	17702.95	17771.25	57405	0	70
2024.04.29	20:00:00	17771.05	17805.75	17665.95	17788.35	44695	0	70
2024.04.30	00:00:00	17786.05	17790.95	17774.25	17781.75	5370	0	150
2024.04.30	04:00:00	17781.85	17796.85	17779.35	17781.65	7452	0	150
2024.04.30	08:00:00	17781.95	17787.15	17747.15	17747.15	18217	0	150
2024.04.30	12:00:00	17747.75	17772.05	17668.15	17702.55	24722	0	170
2024.04.30	16:00:00	17702.55	17771.85	17561.85	17583.85	58537	0	70
2024.04.30	20:00:00	17583.05	17624.05	17356.25	17396.85	46576	0	70
2024.05.01	00:00:00	17378.45	17396.75	17353.65	17393.95	11145	0	160
2024.05.01	04:00:00	17393.85	17409.15	17379.45	17407.95	8373	0	150
2024.05.01	08:00:00	17407.45	17408.35	17335.45	17354.45	15192	0	150
2024.05.01	12:00:00	17353.95	17395.25	17292.25	17378.25	25148	0	190
2024.05.01	16:00:00	17378.15	17400.55	17282.15	17316.05	57307	0	70
2024.05.01	20:00:00	17316.05	17673.05	17296.35	17354.35	57348	0	70
2024.05.02	00:00:00	17384.95	17430.25	17378.05	17425.45	10905	0	150
2024.05.02	04:00:00	17425.65	17447.95	17412.95	17439.85	14125	0	150
2024.05.02	08:00:00	17439.85	17486.25	17406.85	17447.95	25259	0	150
2024.05.02	12:00:00	17446.95	17506.45	17446.35	17464.15	27667	0	200
2024.05.02	16:00:00	17464.25	17488.35	17283.95	17426.35	59302	0	80
2024.05.02	20:00:00	17427.45	17648.05	17427.35	17641.45	47684	0	70
2024.05.03	00:00:00	17628.15	17701.55	17618.15	17657.95	9792	0	150
2024.05.03	04:00:00	17658.05	17681.25	17642.95	17645.75	9482	0	150
2024.05.03	08:00:00	17645.55	17662.45	17613.65	17654.55	16823	0	150
2024.05.03	12:00:00	17655.05	17856.15	17634.65	17817.75	25279	0	170
2024.05.03	16:00:00	17817.55	17936.55	17784.65	17861.15	61004	0	70
2024.05.03	20:00:00	17861.45	17916.45	17856.45	17908.75	35916	0	70
2024.05.06	00:00:00	17935.65	17935.65	17886.85	17898.05	8126	0	150
2024.05.06	04:00:00	17897.95	17905.25	17881.95	17886.35	9335	0	150
2024.05.06	08:00:00	17886.25	17927.95	17875.65	17919.75	15801	0	150
2024.05.06	12:00:00	17919.75	17963.85	17916.15	17950.45	17454	0	150
2024.05.06	16:00:00	17950.95	18015.35	17936.45	18011.65	48857	0	70
2024.05.06	20:00:00	18011.95	18093.95	17988.05	18080.15	35578	0	70
2024.05.07	00:00:00	18072.75	18091.55	18066.15	18072.75	5947	0	150
2024.05.07	04:00:00	18072.75	18085.25	18064.05	18079.25	8485	0	150
2024.05.07	08:00:00	18079.55	18090.95	18049.45	18089.25	14488	0	150
2024.05.07	12:00:00	18089.05	18092.95	18045.25	18086.25	18162	0	150
2024.05.07	16:00:00	18086.25	18156.45	18075.55	18132.75	52494	0	70
2024.05.07	20:00:00	18132.55	18157.85	18059.75	18095.65	42103	0	70
2024.05.08	00:00:00	18085.15	18106.25	18075.85	18103.45	6363	0	150
2024.05.08	04:00:00	18103.45	18109.25	18080.05	18080.55	8935	0	150
2024.05.08	08:00:00	18080.25	18110.45	18075.55	18086.65	15440	0	150
2024.05.08	12:00:00	18086.65	18096.95	17967.65	17986.95	21743	0	150
2024.05.08	16:00:00	17986.95	18137.85	17975.15	18064.75	50449	0	70
2024.05.08	20:00:00	18064.65	18097.05	18035.45	18053.05	36857	0	70
2024.05.09	00:00:00	18055.85	18072.55	18050.45	18063.25	5142	0	150
2024.05.09	04:00:00	18063.25	18078.15	18050.85	18051.15	7874	0	150
2024.05.09	08:00:00	18051.25	18063.05	18021.25	18025.85	14446	0	150
2024.05.09	12:00:00	18025.85	18101.55	18005.65	18092.05	21899	0	150
2024.05.09	16:00:00	18092.15	18140.35	18010.85	18116.95	53686	0	70
2024.05.09	20:00:00	18117.05	18141.85	18091.65	18131.05	39260	0	70
2024.05.10	00:00:00	18124.15	18145.55	18123.75	18133.95	5509	0	150
2024.05.10	04:00:00	18133.85	18137.45	18116.35	18130.45	9783	0	150
2024.05.10	08:00:00	18130.45	18193.65	18124.45	18193.55	16691	0	150
2024.05.10	12:00:00	18193.45	18207.35	18152.65	18155.15	19062	0	150
2024.05.10	16:00:00	18155.25	18251.25	18092.25	18147.95	50841	0	70
2024.05.10	20:00:00	18147.55	18173.15	18110.65	18146.15	34944	0	70
2024.05.13	00:00:00	18147.95	18165.15	18135.55	18164.85	6447	0	150
2024.05.13	04:00:00	18164.75	18192.45	18157.45	18191.15	9254	0	150
2024.05.13	08:00:00	18191.45	18205.05	18177.85	18183.05	13375	0	150
2024.05.13	12:00:00	18182.95	18232.85	18180.55	18229.45	14157	0	150
2024.05.13	16:00:00	18229.45	18239.15	18156.95	18198.95	50206	0	70
2024.05.13	20:00:00	18198.95	18204.35	18140.35	18188.85	35598	0	70
2024.05.14	00:00:00	18189.15	18194.35	18178.55	18182.05	4591	0	150
2024.05.14	04:00:00	18182.25	18185.05	18167.85	18174.55	10127	0	150
2024.05.14	08:00:00	18174.45	18212.65	18174.45	18210.55	12877	0	150
2024.05.14	12:00:00	18210.35	18212.85	18073.65	18166.25	21331	0	150
2024.05.14	16:00:00	18166.45	18275.55	18155.15	18224.05	58357	0	70
2024.05.14	20:00:00	18224.25	18336.65	18205.65	18313.55	39825	0	70
2024.05.15	00:00:00	18311.55	18330.15	18303.45	18312.75	6804	0	150
2024.05.15	04:00:00	18312.85	18341.45	18312.15	18314.85	8369	0	150
2024.05.15	08:00:00	18314.85	18322.55	18296.55	18320.05	13621	0	150
2024.05.15	12:00:00	18320.05	18450.45	18297.05	18413.45	22171	0	150
2024.05.15	16:00:00	18413.25	18535.15	18352.35	18533.25	56570	0	70
2024.05.15	20:00:00	18533.25	18608.05	18532.75	18586.25	42410	0	70
2024.05.16	00:00:00	18590.45	18635.45	18590.25	18629.15	10177	0	150
2024.05.16	04:00:00	18629.15	18639.65	18615.55	18625.85	13184	0	150
2024.05.16	08:00:00	18625.95	18634.65	18607.25	18621.35	18651	0	150
2024.05.16	12:00:00	18621.35	18634.55	18587.75	18595.75	20490	0	150
2024.05.16	16:00:00	18595.55	18671.75	18573.85	18644.75	54998	0	70
2024.05.16	20:00:00	18644.85	18651.85	18540.65	18547.75	44030	0	70
2024.05.17	00:00:00	18555.75	18565.35	18551.15	18563.25	6648	0	150
2024.05.17	04:00:00	18563.05	18575.35	18553.55	18567.05	10891	0	150
2024.05.17	08:00:00	18567.05	18582.75	18525.55	18543.35	17927	0	150
2024.05.17	12:00:00	18543.55	18595.25	18543.25	18593.15	19813	0	150
2024.05.17	16:00:00	18592.65	18593.95	18520.85	18553.35	52777	0	70
2024.05.17	20:00:00	18552.95	18554.15	18457.25	18542.55	40369	0	70
2024.05.20	00:00:00	18559.55	18584.15	18559.45	18577.95	6984	0	150
2024.05.20	04:00:00	18577.95	18590.15	18571.15	18583.45	10829	0	150
2024.05.20	08:00:00	18583.45	18590.55	18566.55	18572.75	12462	0	150
2024.05.20	12:00:00	18572.65	18602.15	18556.45	18561.55	12546	0	150
2024.05.20	16:00:00	18562.05	18706.65	18548.85	18703.75	47680	0	70
2024.05.20	20:00:00	18703.25	18705.75	18617.35	18656.65	39187	0	70
2024.05.21	00:00:00	18664.95	18672.45	18656.75	18668.85	4573	0	150
2024.05.21	04:00:00	18668.85	18669.75	18654.75	18666.85	9761	0	150
2024.05.21	08:00:00	18666.85	18676.45	18649.35	18654.55	10508	0	150
2024.05.21	12:00:00	18654.85	18672.95	18630.25	18630.95	15042	0	150
2024.05.21	16:00:00	18631.25	18686.65	18592.25	18662.45	50877	0	70
2024.05.21	20:00:00	18661.55	18722.05	18648.55	18719.25	34182	0	70
2024.05.22	00:00:00	18715.65	18732.35	18715.65	18725.95	4441	0	150
2024.05.22	04:00:00	18725.85	18739.05	18721.95	18724.75	7551	0	150
2024.05.22	08:00:00	18724.75	18736.05	18701.45	18708.05	13183	0	150
2024.05.22	12:00:00	18708.05	18725.85	18670.15	18718.45	16606	0	150
2024.05.22	16:00:00	18718.25	18756.05	18705.05	18721.75	47494	0	70
2024.05.22	20:00:00	18721.05	18806.45	18602.65	18729.25	50799	0	70
2024.05.23	00:00:00	18781.35	18795.05	18760.75	18786.35	7983	0	150
2024.05.23	04:00:00	18786.25	18897.15	18781.85	18890.35	14789	0	150
2024.05.23	08:00:00	18890.35	18891.65	18855.45	18862.95	18374	0	150
2024.05.23	12:00:00	18862.85	18948.55	18856.85	18932.25	18514	0	150
2024.05.23	16:00:00	18932.25	18934.05	18730.65	18771.45	55738	0	70
2024.05.23	20:00:00	18771.75	18787.05	18551.75	18611.65	49725	0	80
2024.05.24	00:00:00	18622.15	18655.45	18613.45	18649.25	7250	0	150
2024.05.24	04:00:00	18648.45	18661.65	18638.05	18643.55	10643	0	150
2024.05.24	08:00:00	18642.75	18675.65	18613.25	18666.35	18814	0	150
2024.05.24	12:00:00	18666.85	18702.55	18654.15	18683.05	20319	0	150
2024.05.24	16:00:00	18682.55	18849.75	18663.75	18815.95	54886	0	70
2024.05.24	20:00:00	18816.15	18854.95	18764.65	18799.45	37049	0	70
2024.05.27	00:00:00	18808.65	18815.65	18763.25	18777.85	8202	0	150
2024.05.27	04:00:00	18777.85	18791.95	18767.25	18791.45	10553	0	150
2024.05.27	08:00:00	18791.45	18819.65	18790.35	18805.95	12577	0	150
2024.05.27	12:00:00	18806.45	18815.45	18797.75	18799.45	9856	0	150
2024.05.27	16:00:00	18799.45	18886.45	18798.45	18880.65	16724	0	70
2024.05.28	00:00:00	18862.25	18864.45	18817.05	18829.65	9648	0	150
2024.05.28	04:00:00	18829.55	18862.55	18826.05	18851.65	10275	0	150
2024.05.28	08:00:00	18851.95	18908.85	18839.25	18907.55	17680	0	150
2024.05.28	12:00:00	18907.55	18910.25	18829.65	18846.25	22197	0	150
2024.05.28	16:00:00	18845.95	18875.45	18773.75	18853.55	52625	0	70
2024.05.28	20:00:00	18853.65	18898.85	18751.55	18878.85	44453	0	70
2024.05.29	00:00:00	18872.65	18881.95	18836.65	18842.85	7090	0	150
2024.05.29	04:00:00	18842.85	18851.85	18809.15	18831.25	14575	0	150
2024.05.29	08:00:00	18831.65	18834.55	18736.15	18756.65	25780	0	150
2024.05.29	12:00:00	18756.75	18768.85	18706.85	18713.85	26813	0	170
2024.05.29	16:00:00	18714.15	18814.55	18689.55	18807.55	52940	0	70
2024.05.29	20:00:00	18807.55	18809.85	18684.15	18686.65	42441	0	70
2024.05.30	00:00:00	18690.15	18691.45	18641.85	18651.45	10795	0	150
2024.05.30	04:00:00	18651.95	18658.65	18606.95	18617.35	16575	0	150
2024.05.30	08:00:00	18615.95	18676.55	18597.15	18673.65	21810	0	150
2024.05.30	12:00:00	18673.65	18725.35	18653.85	18704.05	22753	0	160
2024.05.30	16:00:00	18704.35	18712.35	18558.65	18631.15	53952	0	70
2024.05.30	20:00:00	18632.35	18664.25	18484.25	18521.65	42425	0	70
2024.05.31	00:00:00	18512.95	18514.55	18439.15	18465.15	11877	0	150
2024.05.31	04:00:00	18465.65	18508.75	18463.65	18495.55	18683	0	150
2024.05.31	08:00:00	18495.25	18514.05	18455.15	18485.65	22274	0	150
2024.05.31	12:00:00	18484.95	18608.65	18426.65	18588.25	29815	0	190
2024.05.31	16:00:00	18588.05	18597.05	18187.25	18238.55	59072	0	70
2024.05.31	20:00:00	18237.75	18573.25	18237.55	18522.15	45404	0	70
2024.06.03	00:00:00	18500.35	18591.05	18485.85	18579.65	13441	0	160
2024.06.03	04:00:00	18579.65	18599.85	18562.85	18594.85	13466	0	150
2024.06.03	08:00:00	18594.85	18624.35	18569.95	18613.95	24781	0	150
2024.06.03	12:00:00	18614.05	18650.85	18597.55	18632.95	25124	0	200
2024.06.03	16:00:00	18632.95	18703.95	18419.15	18435.15	59816	0	80
2024.06.03	20:00:00	18434.85	18624.85	18387.55	18612.65	44618	0	70
2024.06.04	00:00:00	18607.05	18628.95	18600.95	18622.95	8230	0	150
2024.06.04	04:00:00	18623.15	18625.95	18591.95	18598.45	12652	0	150
2024.06.04	08:00:00	18598.65	18603.35	18496.45	18507.05	26518	0	150
2024.06.04	12:00:00	18507.85	18564.25	18463.75	18560.95	30258	0	200
2024.06.04	16:00:00	18560.55	18607.55	18520.95	18579.65	55659	0	70
2024.06.04	20:00:00	18579.65	18700.95	18544.55	18657.05	45172	0	70
2024.06.05	00:00:00	18655.15	18696.35	18646.05	18678.75	9147	0	150
2024.06.05	04:00:00	18679.05	18715.45	18665.95	18707.65	12984	0	150
2024.06.05	08:00:00	18707.65	18713.55	18653.15	18706.45	19799	0	150
2024.06.05	12:00:00	18706.75	18778.15	18704.35	18776.15	22438	0	150
2024.06.05	16:00:00	18775.95	18959.55	18756.35	18956.65	51833	0	70
2024.06.05	20:00:00	18956.45	19043.25	18930.65	19038.05	40376	0	70
2024.06.06	00:00:00	19035.45	19062.25	19021.15	19039.75	8097	0	150
2024.06.06	04:00:00	19040.55	19064.25	19028.85	19052.75	12152	0	150
2024.06.06	08:00:00	19052.85	19061.75	19027.15	19043.95	17914	0	150
2024.06.06	12:00:00	19044.25	19075.65	19010.35	19046.75	22005	0	150
2024.06.06	16:00:00	19046.45	19069.25	18986.15	19009.85	55919	0	70
2024.06.06	20:00:00	19010.15	19043.75	18971.35	19020.95	42432	0	70
2024.06.07	00:00:00	19021.25	19041.85	19019.45	19040.35	6332	0	150
2024.06.07	04:00:00	19040.55	19055.45	19035.55	19051.25	9474	0	150
2024.06.07	08:00:00	19051.15	19064.05	19034.25	19038.75	17003	0	150
2024.06.07	12:00:00	19038.75	19060.95	18901.75	18944.35	26817	0	150
2024.06.07	16:00:00	18944.45	19108.95	18935.75	19105.45	57245	0	70
2024.06.07	20:00:00	19105.35	19116.05	18959.75	18987.95	47778	0	70
2024.06.10	00:00:00	19003.55	19022.85	18978.75	18996.75	10655	0	150
2024.06.10	04:00:00	18996.65	19014.65	18991.35	19010.45	8503	0	150
2024.06.10	08:00:00	19010.25	19015.15	18955.25	18960.25	24766	0	150
2024.06.10	12:00:00	18960.35	19003.05	18937.85	18957.95	23003	0	170
2024.06.10	16:00:00	18958.25	19086.35	18943.45	19071.35	54806	0	70
2024.06.10	20:00:00	19071.25	19093.05	18997.85	19063.75	43973	0	70
2024.06.11	00:00:00	19065.25	19067.95	19040.85	19045.75	7529	0	150
2024.06.11	04:00:00	19045.65	19061.55	19043.75	19053.75	12064	0	150
2024.06.11	08:00:00	19053.65	19078.45	19022.35	19029.05	18686	0	150
2024.06.11	12:00:00	19029.15	19040.65	18994.15	19022.75	28997	0	170
2024.06.11	16:00:00	19022.25	19106.45	18961.35	19068.05	57556	0	70
2024.06.11	20:00:00	19068.65	19223.05	19056.75	19206.45	41762	0	70
2024.06.12	00:00:00	19205.45	19237.95	19203.05	19213.55	7734	0	150
2024.06.12	04:00:00	19213.55	19235.95	19212.05	19225.35	10803	0	150
2024.06.12	08:00:00	19225.05	19244.15	19209.35	19227.85	16525	0	150
2024.06.12	12:00:00	19227.75	19423.82	19224.55	19390.59	14352	0	150
2024.06.12	16:00:00	19390.89	19515.39	19344.09	19477.29	32760	0	83
2024.06.12	20:00:00	19478.29	19578.29	19403.39	19573.79	30755	0	83
2024.06.13	00:00:00	19561.85	19592.49	19550.69	19584.79	4528	0	150
2024.06.13	04:00:00	19584.79	19609.69	19580.19	19607.89	6143	0	163
2024.06.13	08:00:00	19608.19	19640.69	19588.89	19609.29	11063	0	163
2024.06.13	12:00:00	19609.99	19658.99	19553.19	19600.09	16558	0	173
2024.06.13	16:00:00	19600.59	19633.99	19473.09	19516.49	33838	0	83
2024.06.13	20:00:00	19515.49	19609.89	19509.69	19567.99	24232	0	83
2024.06.14	00:00:00	19566.05	19595.09	19564.75	19586.69	4818	0	150
2024.06.14	04:00:00	19586.89	19614.49	19583.39	19611.19	5701	0	163
2024.06.14	08:00:00	19610.99	19633.59	19583.99	19590.89	14199	0	163
2024.06.14	12:00:00	19590.99	19600.09	19477.69	19537.59	23119	0	233
2024.06.14	16:00:00	19537.29	19628.79	19528.49	19612.79	33163	0	83
2024.06.14	20:00:00	19612.59	19677.79	19608.19	19667.39	23451	0	83
2024.06.17	00:00:00	19661.85	19705.39	19661.75	19680.59	5944	0	150
2024.06.17	04:00:00	19680.59	19687.49	19665.49	19674.59	6788	0	163
2024.06.17	08:00:00	19674.99	19728.69	19655.59	19687.09	14743	0	163
2024.06.17	12:00:00	19686.99	19704.09	19661.99	19673.59	14021	0	163
2024.06.17	16:00:00	19673.49	19829.65	19623.65	19808.65	31039	0	70
2024.06.17	20:00:00	19808.95	19980.65	19808.95	19887.05	25857	0	70
2024.06.18	00:00:00	19910.75	19928.75	19882.15	19897.15	6557	0	150
2024.06.18	04:00:00	19897.05	19909.35	19872.55	19893.75	8667	0	150
2024.06.18	08:00:00	19893.75	19946.15	19888.05	19938.45	13075	0	150
2024.06.18	12:00:00	19938.65	19982.35	19908.25	19924.45	15579	0	150
2024.06.18	16:00:00	19924.95	19935.85	19842.05	19917.85	32472	0	70
2024.06.18	20:00:00	19917.05	19942.85	19875.15	19915.85	24400	0	70
2024.06.19	00:00:00	19922.25	19943.75	19921.05	19923.65	4299	0	150
2024.06.19	04:00:00	19923.25	19939.85	19922.15	19930.15	5432	0	150
2024.06.19	08:00:00	19930.65	19952.75	19927.45	19941.65	9439	0	150
2024.06.19	12:00:00	19941.85	19960.45	19940.65	19955.05	7515	0	150
2024.06.19	16:00:00	19955.65	19965.35	19937.05	19944.55	10865	0	70
2024.06.20	00:00:00	19952.85	19971.45	19943.45	19966.65	4014	0	150
2024.06.20	04:00:00	19966.25	20029.85	19965.75	20023.25	7779	0	150
2024.06.20	08:00:00	20022.55	20086.35	20021.25	20045.15	14212	0	150
2024.06.20	12:00:00	20045.65	20052.55	19974.05	19982.75	14873	0	150
2024.06.20	16:00:00	19982.75	19985.75	19728.35	19801.15	35028	0	70
2024.06.20	20:00:00	19800.45	19800.45	19681.65	19769.85	29972	0	80
2024.06.21	00:00:00	19776.05	19798.95	19765.05	19767.25	5483	0	150
2024.06.21	04:00:00	19768.05	19800.95	19764.15	19799.45	8160	0	150
2024.06.21	08:00:00	19799.55	19817.15	19679.85	19707.05	14713	0	150
2024.06.21	12:00:00	19707.15	19775.05	19698.85	19764.15	17174	0	180
2024.06.21	16:00:00	19764.65	19802.95	19647.25	19728.15	33547	0	70
2024.06.21	20:00:00	19727.95	19743.75	19679.15	19736.45	24107	0	70
2024.06.24	00:00:00	19734.35	19757.05	19729.05	19736.75	5387	0	150
2024.06.24	04:00:00	19736.55	19739.05	19647.05	19698.55	12057	0	150
2024.06.24	08:00:00	19698.25	19757.75	19697.95	19734.25	13020	0	150
2024.06.24	12:00:00	19734.25	19738.05	19651.05	19661.65	15884	0	160
2024.06.24	16:00:00	19661.65	19723.85	19550.05	19580.25	47444	0	80
2024.06.24	20:00:00	19579.25	19594.95	19459.15	19482.75	37183	0	80
2024.06.25	00:00:00	19497.55	19508.25	19483.35	19485.65	5829	0	150
2024.06.25	04:00:00	19485.85	19535.05	19475.95	19534.05	10013	0	150
2024.06.25	08:00:00	19533.95	19550.55	19459.75	19549.35	18121	0	150
2024.06.25	12:00:00	19549.55	19583.55	19537.95	19565.95	19246	0	180
2024.06.25	16:00:00	19565.75	19700.55	19528.05	19607.45	45684	0	70
2024.06.25	20:00:00	19607.35	19715.55	19570.95	19699.35	31572	0	70
2024.06.26	00:00:00	19716.35	19726.35	19699.15	19725.35	6010	0	150
2024.06.26	04:00:00	19725.25	19743.55	19716.85	19727.15	11370	0	150
2024.06.26	08:00:00	19727.15	19805.25	19726.15	19782.45	16241	0	150
2024.06.26	12:00:00	19782.25	19784.05	19667.45	19671.15	20828	0	190
2024.06.26	16:00:00	19671.15	19764.95	19637.95	19711.75	46887	0	70
2024.06.26	20:00:00	19710.75	19764.55	19656.95	19681.45	36367	0	70
2024.06.27	00:00:00	19692.05	19699.15	19615.75	19635.05	8381	0	150
2024.06.27	04:00:00	19634.85	19686.35	19634.55	19685.05	10666	0	150
2024.06.27	08:00:00	19685.15	19715.75	19676.35	19702.35	17486	0	150
2024.06.27	12:00:00	19701.85	19747.15	19694.55	19746.45	22960	0	160
2024.06.27	16:00:00	19745.95	19854.95	19693.05	19769.75	57718	0	70
2024.06.27	20:00:00	19769.25	19820.05	19735.55	19807.15	42361	0	70
2024.06.28	00:00:00	19809.55	19850.15	19808.25	19830.75	6644	0	150
2024.06.28	04:00:00	19830.75	19889.65	19829.35	19858.75	14049	0	150
2024.06.28	08:00:00	19858.85	19881.75	19841.75	19864.75	18056	0	150
2024.06.28	12:00:00	19864.85	19921.75	19828.35	19831.95	21331	0	150
2024.06.28	16:00:00	19831.75	20026.05	19738.25	19788.35	62282	0	80
2024.06.28	20:00:00	19788.55	19826.15	19660.95	19726.15	47010	0	70
2024.07.01	00:00:00	19722.15	19741.45	19689.45	19739.95	13286	0	150
2024.07.01	04:00:00	19740.05	19762.15	19731.85	19737.55	12483	0	150
2024.07.01	08:00:00	19737.45	19777.15	19673.65	19683.45	26270	0	150
2024.07.01	12:00:00	19684.15	19746.85	19658.55	19735.55	25169	0	180
2024.07.01	16:00:00	19735.65	19785.85	19569.65	19773.35	60910	0	80
2024.07.01	20:00:00	19772.65	19829.85	19736.85	19799.95	45717	0	70
2024.07.02	00:00:00	19810.45	19812.35	19727.15	19744.15	9285	0	150
2024.07.02	04:00:00	19744.05	19759.95	19722.65	19743.35	14529	0	150
2024.07.02	08:00:00	19743.65	19776.55	19694.65	19719.35	24594	0	150
2024.07.02	12:00:00	19719.65	19729.75	19670.25	19706.55	24688	0	190
2024.07.02	16:00:00	19706.25	19917.75	19703.95	19883.65	59343	0	30
2024.07.02	20:00:00	19883.65	20015.55	19877.05	19991.75	44181	0	70
2024.07.03	00:00:00	19990.15	20008.25	19988.85	20001.85	7364	0	150
2024.07.03	04:00:00	20001.55	20004.25	19989.25	20001.65	11088	0	150
2024.07.03	08:00:00	20001.95	20041.65	19994.65	20026.85	17925	0	150
2024.07.03	12:00:00	20027.15	20038.35	19965.65	19979.15	21457	0	150
2024.07.03	16:00:00	19979.35	20188.25	19967.35	20176.75	57115	0	0
2024.07.03	20:00:00	20177.45	20199.85	20170.65	20184.45	2743	0	70
2024.07.04	00:00:00	20164.75	20174.75	20155.65	20167.65	6327	0	150
2024.07.04	04:00:00	20167.65	20180.35	20160.55	20165.15	9577	0	150
2024.07.04	08:00:00	20165.25	20172.75	20160.05	20162.25	11643	0	150
2024.07.04	12:00:00	20162.55	20171.45	20159.25	20169.75	7905	0	150
2024.07.04	16:00:00	20169.75	20172.65	20142.45	20143.55	15191	0	70
2024.07.05	00:00:00	20147.65	20179.25	20140.85	20174.15	6948	0	150
2024.07.05	04:00:00	20174.15	20196.35	20170.85	20192.05	9149	0	150
2024.07.05	08:00:00	20192.05	20233.95	20187.15	20205.85	17743	0	150
2024.07.05	12:00:00	20206.05	20266.35	20156.75	20198.15	21926	0	150
2024.07.05	16:00:00	20198.15	20385.85	20183.65	20356.25	58878	0	70
2024.07.05	20:00:00	20356.25	20405.25	20343.95	20366.05	42071	0	70
2024.07.08	00:00:00	20372.55	20386.05	20352.55	20356.45	8693	0	150
2024.07.08	04:00:00	20356.55	20370.95	20347.75	20356.05	11967	0	150
2024.07.08	08:00:00	20355.95	20382.75	20350.55	20369.65	17740	0	150
2024.07.08	12:00:00	20369.85	20404.35	20368.65	20396.25	15383	0	150
2024.07.08	16:00:00	20396.55	20443.15	20360.75	20407.05	55302	0	30
2024.07.08	20:00:00	20407.35	20459.55	20382.55	20450.75	40939	0	70
2024.07.09	00:00:00	20453.95	20522.05	20452.65	20501.15	9148	0	150
2024.07.09	04:00:00	20501.05	20512.95	20476.85	20510.95	12340	0	150
2024.07.09	08:00:00	20510.95	20515.15	20485.25	20505.65	16716	0	150
2024.07.09	12:00:00	20505.75	20520.55	20476.45	20494.65	15744	0	150
2024.07.09	16:00:00	20494.95	20545.95	20419.25	20450.95	57197	0	70
2024.07.09	20:00:00	20449.65	20464.75	20390.35	20460.25	42251	0	70
2024.07.10	00:00:00	20460.75	20484.15	20460.25	20483.05	5272	0	150
2024.07.10	04:00:00	20483.05	20494.35	20478.55	20492.85	7333	0	150
2024.07.10	08:00:00	20493.65	20508.55	20473.65	20508.35	14306	0	150
2024.07.10	12:00:00	20508.35	20543.65	20498.25	20530.75	13111	0	150
2024.07.10	16:00:00	20530.95	20624.05	20479.65	20622.15	54997	0	70
2024.07.10	20:00:00	20621.95	20688.85	20615.05	20662.85	43564	0	70
2024.07.11	00:00:00	20673.65	20675.05	20635.65	20637.45	6398	0	150
2024.07.11	04:00:00	20637.45	20659.85	20628.85	20655.25	9421	0	150
2024.07.11	08:00:00	20655.25	20666.65	20642.65	20656.35	13637	0	150
2024.07.11	12:00:00	20656.65	20758.75	20641.55	20667.25	18322	0	150
2024.07.11	16:00:00	20667.45	20694.35	20214.65	20222.15	66110	0	90
2024.07.11	20:00:00	20223.45	20280.55	20164.25	20223.15	50935	0	80
2024.07.12	00:00:00	20233.85	20249.45	20193.75	20225.85	11723	0	150
2024.07.12	04:00:00	20225.75	20234.75	20178.65	20187.35	11905	0	150
2024.07.12	08:00:00	20187.45	20228.25	20166.15	20227.15	20824	0	160
2024.07.12	12:00:00	20227.35	20258.55	20128.85	20231.05	24842	0	160
2024.07.12	16:00:00	20231.05	20457.95	20213.55	20422.25	60592	0	70
2024.07.12	20:00:00	20421.95	20530.65	20299.55	20330.15	48696	0	70
2024.07.15	00:00:00	20329.65	20369.35	20300.15	20362.05	12054	0	150
2024.07.15	04:00:00	20362.15	20385.65	20352.15	20383.15	12078	0	150
2024.07.15	08:00:00	20383.05	20427.75	20380.95	20422.95	17264	0	150
2024.07.15	12:00:00	20422.65	20447.05	20390.65	20397.35	19894	0	150
2024.07.15	16:00:00	20397.35	20591.45	20380.35	20447.65	60607	0	70
2024.07.15	20:00:00	20447.15	20447.85	20301.95	20414.75	49419	0	80
2024.07.16	00:00:00	20431.45	20444.25	20416.45	20425.55	7667	0	150
2024.07.16	04:00:00	20425.45	20452.25	20417.25	20436.65	12716	0	150
2024.07.16	08:00:00	20436.75	20445.85	20338.65	20399.35	21841	0	150
2024.07.16	12:00:00	20399.55	20450.15	20373.15	20435.25	24466	0	160
2024.07.16	16:00:00	20435.05	20481.15	20262.85	20343.55	60464	0	70
2024.07.16	20:00:00	20340.55	20411.95	20283.75	20394.15	46255	0	70
2024.07.17	00:00:00	20389.95	20392.15	20356.05	20362.55	7956	0	150
2024.07.17	04:00:00	20362.55	20363.05	20315.85	20322.35	13674	0	150
2024.07.17	08:00:00	20322.55	20333.25	20106.55	20141.15	34277	0	150
2024.07.17	12:00:00	20141.15	20165.95	20058.15	20078.65	34480	0	180
2024.07.17	16:00:00	20078.75	20095.05	19813.45	19869.05	65458	0	90
2024.07.17	20:00:00	19868.55	19886.45	19770.95	19817.45	53244	0	80
2024.07.18	00:00:00	19865.15	19881.45	19842.85	19871.25	11896	0	150
2024.07.18	04:00:00	19871.35	19887.65	19832.35	19860.65	18339	0	150
2024.07.18	08:00:00	19860.65	19969.65	19843.95	19932.85	33546	0	160
2024.07.18	12:00:00	19932.85	19955.75	19826.15	19953.15	31099	0	230
2024.07.18	16:00:00	19952.95	19970.45	19583.65	19724.15	67234	0	90
2024.07.18	20:00:00	19724.15	19775.25	19570.05	19759.45	58214	0	90
2024.07.19	00:00:00	19776.75	19791.85	19750.95	19763.15	11272	0	150
2024.07.19	04:00:00	19763.35	19778.35	19751.55	19773.95	14318	0	150
2024.07.19	08:00:00	19773.95	19795.65	19574.55	19656.55	28668	0	150
2024.07.19	12:00:00	19657.25	19760.15	19623.95	19756.05	35660	0	230
2024.07.19	16:00:00	19755.45	19792.55	19507.85	19550.15	68790	0	90
2024.07.19	20:00:00	19550.35	19605.55	19475.55	19522.95	53974	0	90
2024.07.22	00:00:00	19581.55	19663.05	19557.95	19632.15	18301	0	180
2024.07.22	04:00:00	19632.55	19635.15	19541.45	19623.05	27582	0	180
2024.07.22	08:00:00	19623.15	19662.75	19580.25	19637.95	28960	0	180
2024.07.22	12:00:00	19638.05	19753.05	19631.25	19734.95	25536	0	190
2024.07.22	16:00:00	19734.75	19846.55	19627.05	19783.55	67085	0	80
2024.07.22	20:00:00	19783.95	19861.95	19779.95	19786.95	49921	0	80
2024.07.23	00:00:00	19807.85	19820.75	19748.85	19761.25	9714	0	150
2024.07.23	04:00:00	19761.35	19792.05	19735.95	19765.05	17374	0	150
2024.07.23	08:00:00	19765.35	19777.45	19691.95	19743.85	27825	0	150
2024.07.23	12:00:00	19743.95	19838.95	19743.95	19794.05	27275	0	180
2024.07.23	16:00:00	19794.05	19911.15	19754.15	19776.05	63918	0	80
2024.07.23	20:00:00	19776.15	19824.35	19730.55	19786.95	47615	0	70
2024.07.24	00:00:00	19663.45	19673.35	19614.05	19655.45	14831	0	180
2024.07.24	04:00:00	19656.15	19664.45	19550.25	19557.65	15909	0	150
2024.07.24	08:00:00	19558.55	19603.55	19512.35	19574.55	30565	0	180
2024.07.24	12:00:00	19574.85	19579.75	19438.25	19463.65	31259	0	170
2024.07.24	16:00:00	19463.75	19484.45	19145.25	19158.35	62189	0	80
2024.07.24	20:00:00	19158.35	19216.35	19005.85	19106.05	53130	0	80
2024.07.25	00:00:00	19108.55	19141.95	19095.55	19130.25	15254	0	180
2024.07.25	04:00:00	19129.95	19140.25	19054.95	19093.25	24000	0	160
2024.07.25	08:00:00	19093.35	19113.35	18900.95	19036.35	44183	0	170
2024.07.25	12:00:00	19036.45	19074.05	18928.25	19073.25	45373	0	230
2024.07.25	16:00:00	19070.45	19198.55	18724.05	19170.85	74649	0	90
2024.07.25	20:00:00	19171.65	19228.75	18779.65	18820.85	64079	0	90
2024.07.26	00:00:00	18867.05	18906.55	18838.95	18895.25	14594	0	160
2024.07.26	04:00:00	18895.15	18957.85	18893.75	18955.05	21432	0	160
2024.07.26	08:00:00	18955.15	19072.15	18915.25	19070.35	31848	0	180
2024.07.26	12:00:00	19070.85	19086.35	19005.75	19029.55	32446	0	220
2024.07.26	16:00:00	19030.15	19139.05	18894.15	19127.35	68726	0	90
2024.07.26	20:00:00	19126.35	19148.15	18956.25	19027.45	57017	0	90
2024.07.29	00:00:00	19052.35	19179.25	19049.95	19149.35	17851	0	180
2024.07.29	04:00:00	19149.75	19166.85	19129.85	19150.65	21046	0	150
2024.07.29	08:00:00	19150.45	19183.35	19069.85	19098.15	28799	0	160
2024.07.29	12:00:00	19099.45	19212.75	19084.95	19160.85	26887	0	200
2024.07.29	16:00:00	19161.85	19228.45	18966.85	19161.15	68585	0	90
2024.07.29	20:00:00	19162.05	19201.75	19038.25	19061.45	53705	0	80
2024.07.30	00:00:00	19082.05	19082.85	18975.25	19008.05	10432	0	150
2024.07.30	04:00:00	19008.05	19034.55	18928.55	19032.35	23013	0	190
2024.07.30	08:00:00	19032.75	19107.95	19020.85	19097.15	26764	0	170
2024.07.30	12:00:00	19095.95	19129.75	19058.25	19119.45	23199	0	170
2024.07.30	16:00:00	19119.15	19170.55	18671.05	18673.25	68012	0	80
2024.07.30	20:00:00	18672.75	18873.45	18585.95	18745.15	59352	0	90
2024.07.31	00:00:00	18813.95	18936.25	18804.55	18933.35	20181	0	200
2024.07.31	04:00:00	18933.45	19003.25	18913.35	18962.35	23408	0	150
2024.07.31	08:00:00	18962.55	19102.95	18951.85	19070.95	38279	0	220
2024.07.31	12:00:00	19071.35	19212.15	19049.95	19204.95	33458	0	220
2024.07.31	16:00:00	19204.65	19371.65	19169.95	19285.15	67412	0	90
2024.07.31	20:00:00	19285.85	19501.45	19201.85	19434.05	62750	0	80
2024.08.01	00:00:00	19486.05	19575.25	19461.75	19504.15	19315	0	190
2024.08.01	04:00:00	19504.55	19547.35	19477.85	19528.05	29007	0	180
2024.08.01	08:00:00	19528.25	19550.25	19363.55	19382.15	38392	0	190
2024.08.01	12:00:00	19383.15	19505.25	19374.85	19454.65	37329	0	230
2024.08.01	16:00:00	19454.65	19540.05	18939.35	18957.45	73148	0	90
2024.08.01	20:00:00	18959.45	18974.35	18720.25	18795.25	64922	0	90
2024.08.02	00:00:00	18830.05	18830.05	18714.55	18780.95	23185	0	230
2024.08.02	04:00:00	18781.15	18792.45	18559.05	18637.75	17870	0	230
2024.08.02	08:00:00	18637.65	18674.05	18513.95	18601.95	33583	0	230
2024.08.02	12:00:00	18601.15	18611.15	18383.85	18460.55	37876	0	230
2024.08.02	16:00:00	18460.95	18636.55	18263.05	18384.75	76309	0	90
2024.08.02	20:00:00	18386.35	18464.65	18322.05	18398.65	61759	0	90
2024.08.05	00:00:00	18187.85	18264.25	18043.15	18058.65	14652	0	230
2024.08.05	04:00:00	18058.65	18064.15	17773.65	17783.05	20572	0	230
2024.08.05	08:00:00	17783.05	17871.95	17237.95	17712.15	35539	0	230
2024.08.05	12:00:00	17712.75	17769.75	17247.55	17420.05	35957	0	230
2024.08.05	16:00:00	17416.65	18174.85	17394.65	17926.45	70151	0	90
2024.08.05	20:00:00	17927.25	18054.55	17780.25	17995.25	66072	0	90
2024.08.06	00:00:00	18087.15	18225.15	18054.25	18222.15	16748	0	230
2024.08.06	04:00:00	18221.75	18321.55	18195.75	18219.65	22519	0	230
2024.08.06	08:00:00	18220.95	18262.45	18015.65	18056.05	30421	0	230
2024.08.06	12:00:00	18055.75	18139.95	17905.15	17971.95	32278	0	230
2024.08.06	16:00:00	17970.45	18334.25	17854.05	18315.65	71966	0	90
2024.08.06	20:00:00	18316.35	18371.15	17987.25	17988.25	64913	0	90
2024.08.07	00:00:00	17959.25	18084.75	17938.95	18058.95	15898	0	230
2024.08.07	04:00:00	18058.75	18326.45	18035.25	18289.45	24656	0	230
2024.08.07	08:00:00	18289.45	18296.05	18110.95	18287.15	29550	0	230
2024.08.07	12:00:00	18286.45	18351.05	18262.65	18322.45	30569	0	230
2024.08.07	16:00:00	18320.45	18448.25	18151.45	18173.95	70848	0	90
2024.08.07	20:00:00	18173.75	18188.95	17773.65	17774.65	64750	0	90
2024.08.08	00:00:00	17764.75	17835.65	17642.85	17801.95	18053	0	230
2024.08.08	04:00:00	17801.85	17972.95	17789.05	17883.95	23367	0	230
2024.08.08	08:00:00	17883.85	17948.05	17773.95	17891.55	26574	0	230
2024.08.08	12:00:00	17891.45	18099.15	17806.15	18050.75	26254	0	230
2024.08.08	16:00:00	18053.85	18363.85	17961.35	18300.35	70414	0	90
2024.08.08	20:00:00	18300.85	18485.25	18251.75	18453.45	58556	0	90
2024.08.09	00:00:00	18457.45	18513.55	18387.05	18418.45	14987	0	190
2024.08.09	04:00:00	18418.25	18493.25	18329.25	18354.25	20229	0	210
2024.08.09	08:00:00	18354.25	18549.55	18334.15	18534.65	28276	0	230
2024.08.09	12:00:00	18534.75	18543.75	18283.25	18323.75	30416	0	230
2024.08.09	16:00:00	18325.25	18481.25	18305.05	18431.65	67851	0	90
2024.08.09	20:00:00	18431.75	18572.95	18424.35	18497.05	52162	0	90
2024.08.12	00:00:00	18545.35	18554.25	18413.35	18502.05	10991	0	230
2024.08.12	04:00:00	18500.35	18562.05	18481.25	18543.55	11226	0	160
2024.08.12	08:00:00	18543.55	18586.05	18499.35	18529.55	16834	0	170
2024.08.12	12:00:00	18530.05	18588.25	18523.25	18556.75	15545	0	220
2024.08.12	16:00:00	18556.55	18664.25	18424.25	18526.15	64231	0	80
2024.08.12	20:00:00	18524.85	18593.25	18484.95	18529.45	50230	0	80
2024.08.13	00:00:00	18548.35	18588.55	18531.45	18575.15	10711	0	150
2024.08.13	04:00:00	18575.55	18597.95	18541.25	18595.25	17881	0	160
2024.08.13	08:00:00	18595.05	18718.75	18588.05	18648.25	25005	0	170
2024.08.13	12:00:00	18648.25	18725.25	18550.15	18718.85	32601	0	210
2024.08.13	16:00:00	18718.25	18976.65	18695.55	18976.65	58345	0	70
2024.08.13	20:00:00	18976.45	19020.55	18909.65	18987.45	43689	0	70
2024.08.14	00:00:00	19018.65	19025.15	18990.75	19009.45	12445	0	160
2024.08.14	04:00:00	19008.95	19053.65	18984.45	19006.25	22361	0	160
2024.08.14	08:00:00	19006.25	19034.75	18966.15	18990.25	23644	0	170
2024.08.14	12:00:00	18990.25	19064.45	18935.61	19034.45	26020	0	190
2024.08.14	16:00:00	19035.25	19109.65	18832.65	18977.05	64822	0	80
2024.08.14	20:00:00	18976.25	19061.35	18944.95	19049.25	48746	0	70
2024.08.15	00:00:00	19042.85	19071.65	19000.15	19064.85	9873	0	150
2024.08.15	04:00:00	19065.05	19122.35	19045.05	19110.95	17276	0	150
2024.08.15	08:00:00	19110.85	19111.35	19025.15	19053.55	20871	0	170
2024.08.15	12:00:00	19053.45	19271.05	19006.65	19237.05	29093	0	190
2024.08.15	16:00:00	19237.95	19472.15	19219.15	19437.25	58489	0	70
2024.08.15	20:00:00	19438.05	19502.95	19419.75	19477.05	39916	0	70
2024.08.16	00:00:00	19480.45	19537.45	19467.85	19503.85	13385	0	160
2024.08.16	04:00:00	19503.55	19544.65	19490.55	19522.75	13733	0	150
2024.08.16	08:00:00	19522.55	19584.05	19506.65	19526.85	23557	0	150
2024.08.16	12:00:00	19526.95	19543.95	19350.35	19380.35	31469	0	220
2024.08.16	16:00:00	19380.85	19570.45	19365.15	19561.95	60464	0	70
2024.08.16	20:00:00	19561.95	19564.65	19482.55	19519.25	37917	0	70
2024.08.19	00:00:00	19566.05	19583.05	19532.65	19563.25	11880	0	170
2024.08.19	04:00:00	19563.25	19594.95	19502.75	19518.55	16691	0	160
2024.08.19	08:00:00	19518.95	19530.95	19435.65	19482.05	24403	0	210
2024.08.19	12:00:00	19482.05	19545.35	19454.25	19531.95	21491	0	190
2024.08.19	16:00:00	19531.85	19609.75	19440.05	19603.25	56223	0	70
2024.08.19	20:00:00	19601.85	19776.35	19585.45	19764.55	35300	0	70
2024.08.20	00:00:00	19777.45	19785.35	19761.95	19770.05	8152	0	150
2024.08.20	04:00:00	19769.85	19816.85	19749.25	19788.25	17779	0	150
2024.08.20	08:00:00	19788.25	19835.95	19754.95	19780.55	21131	0	170
2024.08.20	12:00:00	19780.55	19805.05	19747.85	19753.35	19698	0	170
2024.08.20	16:00:00	19753.85	19832.95	19652.15	19686.95	60368	0	70
2024.08.20	20:00:00	19686.95	19776.25	19657.45	19717.65	39961	0	70
2024.08.21	00:00:00	19714.25	19737.35	19695.35	19734.55	10304	0	150
2024.08.21	04:00:00	19734.25	19757.65	19716.25	19757.35	15783	0	150
2024.08.21	08:00:00	19757.35	19764.25	19703.55	19710.75	20004	0	160
2024.08.21	12:00:00	19710.75	19771.75	19699.35	19747.65	20384	0	160
2024.08.21	16:00:00	19747.85	19896.05	19685.35	19784.95	61783	0	70
2024.08.21	20:00:00	19784.95	19866.45	19746.75	19827.05	47166	0	70
2024.08.22	00:00:00	19832.55	19855.75	19828.25	19840.65	8897	0	150
2024.08.22	04:00:00	19840.55	19845.25	19778.35	19812.15	16483	0	150
2024.08.22	08:00:00	19812.25	19840.05	19798.95	19829.15	17170	0	150
2024.08.22	12:00:00	19829.25	19905.35	19824.45	19895.55	21430	0	160
2024.08.22	16:00:00	19896.05	19936.75	19578.05	19620.85	65827	0	70
2024.08.22	20:00:00	19620.95	19651.85	19456.35	19528.75	56307	0	80
2024.08.23	00:00:00	19537.35	19573.95	19534.05	19558.65	10195	0	150
2024.08.23	04:00:00	19558.45	19613.15	19557.35	19601.05	15389	0	150
2024.08.23	08:00:00	19601.45	19635.55	19593.95	19635.45	17657	0	150
2024.08.23	12:00:00	19635.55	19682.35	19609.85	19679.75	18993	0	150
2024.08.23	16:00:00	19679.85	19823.95	19514.45	19601.85	67407	0	90
2024.08.23	20:00:00	19601.95	19731.85	19587.85	19701.25	48989	0	70
2024.08.26	00:00:00	19728.55	19754.75	19641.55	19730.95	14053	0	180
2024.08.26	04:00:00	19731.35	19756.45	19679.25	19701.75	16644	0	150
2024.08.26	08:00:00	19701.75	19770.05	19688.75	19767.75	19085	0	150
2024.08.26	12:00:00	19767.75	19769.35	19670.05	19699.35	22537	0	150
2024.08.26	16:00:00	19699.35	19726.65	19432.25	19546.95	63467	0	70
2024.08.26	20:00:00	19547.25	19552.65	19440.85	19480.85	48183	0	70
2024.08.27	00:00:00	19497.35	19520.35	19450.45	19485.25	10962	0	150
2024.08.27	04:00:00	19485.15	19535.95	19471.25	19532.35	14989	0	150
2024.08.27	08:00:00	19532.25	19573.55	19511.75	19546.25	18449	0	150
2024.08.27	12:00:00	19546.45	19573.95	19430.65	19441.25	25781	0	180
2024.08.27	16:00:00	19441.45	19622.95	19370.95	19553.85	63467	0	70
2024.08.27	20:00:00	19553.55	19620.85	19548.65	19561.35	38295	0	70
2024.08.28	00:00:00	19572.35	19574.55	19490.95	19533.15	12716	0	160
2024.08.28	04:00:00	19532.95	19565.65	19514.05	19561.15	14464	0	150
2024.08.28	08:00:00	19560.85	19620.15	19548.75	19612.25	16720	0	150
2024.08.28	12:00:00	19612.45	19620.35	19535.75	19572.45	19951	0	160
2024.08.28	16:00:00	19572.45	19587.05	19273.35	19387.15	65813	0	80
2024.08.28	20:00:00	19386.85	19416.55	19162.55	19221.55	58125	0	80
2024.08.29	00:00:00	19185.45	19200.95	19078.55	19178.65	16955	0	210
2024.08.29	04:00:00	19178.45	19235.45	19152.85	19228.75	17584	0	160
2024.08.29	08:00:00	19228.75	19362.45	19215.65	19350.35	27437	0	210
2024.08.29	12:00:00	19350.05	19453.35	19346.85	19406.35	35483	0	230
2024.08.29	16:00:00	19406.55	19630.95	19401.45	19591.85	65858	0	70
2024.08.29	20:00:00	19591.75	19591.75	19276.35	19377.05	57065	0	80
2024.08.30	00:00:00	19380.85	19391.35	19332.95	19382.45	9802	0	160
2024.08.30	04:00:00	19382.35	19417.85	19362.45	19411.25	14544	0	150
2024.08.30	08:00:00	19411.05	19485.65	19398.85	19465.15	21381	0	160
2024.08.30	12:00:00	19465.15	19519.15	19445.45	19475.05	22363	0	170
2024.08.30	16:00:00	19475.25	19576.85	19320.65	19412.95	67046	0	90
2024.08.30	20:00:00	19411.95	19582.25	19384.45	19545.05	47703	0	70
2024.09.02	00:00:00	19569.45	19569.85	19518.95	19558.35	9131	0	150
2024.09.02	04:00:00	19558.25	19576.75	19515.55	19532.85	14458	0	150
2024.09.02	08:00:00	19532.45	19548.15	19460.95	19519.45	19231	0	150
2024.09.02	12:00:00	19519.35	19573.55	19514.85	19557.85	13762	0	150
2024.09.02	16:00:00	19557.95	19619.35	19538.25	19598.95	21258	0	70
2024.09.03	00:00:00	19631.75	19634.65	19495.55	19541.65	13172	0	150
2024.09.03	04:00:00	19541.75	19557.85	19463.65	19503.35	19033	0	150
2024.09.03	08:00:00	19503.55	19593.55	19450.95	19451.45	26146	0	150
2024.09.03	12:00:00	19448.05	19472.85	19395.35	19430.85	34115	0	220
2024.09.03	16:00:00	19430.65	19461.25	19088.65	19093.15	66727	0	80
2024.09.03	20:00:00	19092.95	19133.15	18864.45	18923.75	56048	0	70
2024.09.04	00:00:00	18936.05	18948.45	18793.35	18800.35	18005	0	170
2024.09.04	04:00:00	18800.75	18882.45	18776.35	18816.25	28068	0	230
2024.09.04	08:00:00	18816.45	18879.25	18781.55	18857.75	33463	0	230
2024.09.04	12:00:00	18858.35	18891.55	18795.55	18863.05	29447	0	210
2024.09.04	16:00:00	18863.25	19067.75	18792.97	19020.05	67579	0	80
2024.09.04	20:00:00	19018.85	19021.75	18862.95	18907.45	54743	0	80
2024.09.05	00:00:00	18929.15	18955.45	18843.45	18942.55	14342	0	150
2024.09.05	04:00:00	18942.65	18957.55	18849.35	18863.05	22248	0	160
2024.09.05	08:00:00	18862.65	18953.65	18836.05	18921.65	25733	0	220
2024.09.05	12:00:00	18921.45	18922.95	18784.95	18845.35	32322	0	210
2024.09.05	16:00:00	18845.75	19107.95	18801.05	18892.85	67588	0	80
2024.09.05	20:00:00	18892.35	18999.35	18848.25	18880.15	53689	0	80
2024.09.06	00:00:00	18886.65	18891.75	18797.65	18799.45	13326	0	150
2024.09.06	04:00:00	18799.55	18870.25	18755.65	18858.75	19113	0	160
2024.09.06	08:00:00	18858.85	18859.35	18671.25	18692.15	28996	0	180
2024.09.06	12:00:00	18691.75	18923.25	18671.05	18900.15	32776	0	220
2024.09.06	16:00:00	18899.75	18937.35	18398.45	18417.85	72465	0	80
2024.09.06	20:00:00	18418.65	18513.35	18325.75	18336.45	56356	0	80
2024.09.09	00:00:00	18397.25	18470.85	18354.15	18446.75	19023	0	220
2024.09.09	04:00:00	18446.75	18551.35	18446.75	18534.75	23989	0	160
2024.09.09	08:00:00	18534.75	18589.85	18509.85	18578.05	26983	0	220
2024.09.09	12:00:00	18577.05	18614.25	18534.25	18572.95	27874	0	170
2024.09.09	16:00:00	18573.25	18684.85	18463.65	18676.45	62460	0	70
2024.09.09	20:00:00	18676.75	18701.45	18535.55	18683.85	50938	0	70
2024.09.10	00:00:00	18707.75	18707.95	18606.85	18649.75	15025	0	160
2024.09.10	04:00:00	18649.85	18664.55	18581.75	18587.05	21745	0	160
2024.09.10	08:00:00	18587.45	18662.05	18574.55	18613.05	22833	0	180
2024.09.10	12:00:00	18613.05	18737.45	18551.95	18728.35	30292	0	190
2024.09.10	16:00:00	18728.25	18791.35	18561.75	18659.65	66071	0	70
2024.09.10	20:00:00	18658.95	18846.65	18656.45	18796.75	46975	0	70
2024.09.11	00:00:00	18806.15	18829.05	18774.55	18783.25	11590	0	150
2024.09.11	04:00:00	18783.65	18797.35	18692.65	18704.55	25036	0	180
2024.09.11	08:00:00	18704.65	18796.85	18677.25	18747.75	30825	0	180
2024.09.11	12:00:00	18747.85	18847.85	18705.35	18833.85	31179	0	170
2024.09.11	16:00:00	18832.95	18914.95	18523.45	18887.25	70643	0	90
2024.09.11	20:00:00	18888.15	19266.05	18885.05	19218.05	55798	0	80
2024.09.12	00:00:00	19208.15	19256.45	19205.95	19224.85	10713	0	150
2024.09.12	04:00:00	19224.65	19298.15	19211.65	19287.45	22698	0	150
2024.09.12	08:00:00	19287.55	19315.95	19233.85	19272.15	28855	0	150
2024.09.12	12:00:00	19272.35	19304.05	19223.95	19232.95	30290	0	180
2024.09.12	16:00:00	19232.85	19362.95	19161.05	19356.25	68162	0	70
2024.09.12	20:00:00	19356.85	19458.25	19333.75	19383.85	52171	0	70
2024.09.13	00:00:00	19397.05	19448.15	19394.05	19430.35	9464	0	150
2024.09.13	04:00:00	19430.35	19433.45	19395.15	19424.35	13329	0	150
2024.09.13	08:00:00	19424.45	19462.65	19400.15	19427.65	21133	0	150
2024.09.13	12:00:00	19427.65	19452.85	19387.55	19423.05	25618	0	150
2024.09.13	16:00:00	19423.35	19543.05	19374.75	19524.95	63770	0	70
2024.09.13	20:00:00	19524.95	19556.95	19474.95	19488.65	44598	0	70
2024.09.16	00:00:00	19499.45	19525.75	19458.55	19499.45	10687	0	150
2024.09.16	04:00:00	19499.05	19512.35	19475.95	19508.85	9829	0	150
2024.09.16	08:00:00	19508.65	19525.05	19461.55	19508.95	18132	0	150
2024.09.16	12:00:00	19509.05	19520.35	19408.75	19418.25	26270	0	150
2024.09.16	16:00:00	19417.45	19445.85	19285.65	19372.85	62418	0	70
2024.09.16	20:00:00	19372.65	19435.65	19344.05	19409.15	45410	0	70
2024.09.17	00:00:00	19417.65	19450.25	19404.35	19407.25	10414	0	150
2024.09.17	04:00:00	19407.15	19424.55	19388.75	19423.55	14330	0	150
2024.09.17	08:00:00	19423.65	19504.25	19423.15	19494.15	21588	0	150
2024.09.17	12:00:00	19494.05	19569.85	19492.15	19551.05	28092	0	150
2024.09.17	16:00:00	19551.25	19604.35	19353.55	19391.35	65166	0	70
2024.09.17	20:00:00	19390.85	19453.85	19330.25	19442.35	51220	0	70
2024.09.18	00:00:00	19437.55	19463.35	19433.75	19456.55	7650	0	150
2024.09.18	04:00:00	19457.05	19469.15	19424.55	19433.05	11992	0	150
2024.09.18	08:00:00	19432.75	19479.85	19411.25	19439.75	21043	0	150
2024.09.18	12:00:00	19439.55	19486.75	19426.15	19481.85	20232	0	150
2024.09.18	16:00:00	19481.45	19490.65	19341.25	19462.85	56200	0	70
2024.09.18	20:00:00	19463.15	19654.55	19317.85	19396.35	57469	0	70
2024.09.19	00:00:00	19416.85	19601.75	19400.25	19477.95	19228	0	150
2024.09.19	04:00:00	19478.35	19628.25	19435.95	19620.65	30523	0	190
2024.09.19	08:00:00	19620.45	19700.55	19600.35	19693.45	32244	0	200
2024.09.19	12:00:00	19693.75	19778.55	19683.25	19761.45	29071	0	180
2024.09.19	16:00:00	19761.55	19926.05	19718.75	19910.15	62891	0	70
2024.09.19	20:00:00	19910.25	19955.25	19805.45	19818.45	49225	0	70
2024.09.20	00:00:00	19825.55	19831.05	19780.85	19792.95	8153	0	150
2024.09.20	04:00:00	19792.95	19828.85	19779.55	19816.95	15137	0	150
2024.09.20	08:00:00	19816.75	19828.05	19766.25	19780.15	22523	0	150
2024.09.20	12:00:00	19780.15	19834.85	19740.45	19824.35	25339	0	160
2024.09.20	16:00:00	19824.25	19842.45	19624.35	19783.35	62721	0	70
2024.09.20	20:00:00	19783.35	19847.45	19698.65	19779.55	47997	0	70
2024.09.23	00:00:00	19772.45	19898.95	19759.35	19894.15	10965	0	150
2024.09.23	04:00:00	19895.05	19926.65	19888.75	19905.25	14171	0	150
2024.09.23	08:00:00	19905.55	19906.85	19718.45	19809.05	25073	0	150
2024.09.23	12:00:00	19808.85	19858.45	19789.95	19849.85	23494	0	160
2024.09.23	16:00:00	19850.05	19896.75	19795.45	19815.55	62214	0	70
2024.09.23	20:00:00	19815.55	19862.65	19788.15	19833.85	39680	0	70
2024.09.24	00:00:00	19838.15	19853.25	19817.45	19833.85	8635	0	150
2024.09.24	04:00:00	19833.65	19871.05	19799.25	19849.75	16814	0	150
2024.09.24	08:00:00	19850.35	19954.55	19850.35	19940.15	23695	0	150
2024.09.24	12:00:00	19940.15	19941.05	19827.05	19888.75	25885	0	160
2024.09.24	16:00:00	19888.75	19992.45	19733.05	19939.95	60734	0	70
2024.09.24	20:00:00	19940.25	19971.35	19887.65	19961.75	42861	0	70
2024.09.25	00:00:00	19957.05	19968.45	19915.25	19919.15	7863	0	150
2024.09.25	04:00:00	19919.25	19932.25	19886.45	19906.05	15819	0	150
2024.09.25	08:00:00	19905.95	19916.55	19841.15	19873.15	24339	0	150
2024.09.25	12:00:00	19873.25	19933.75	19857.65	19926.85	19446	0	150
2024.09.25	16:00:00	19926.55	20048.95	19917.35	19956.85	58543	0	70
2024.09.25	20:00:00	19957.75	20019.75	19915.05	20018.55	42863	0	70
2024.09.26	00:00:00	20013.65	20091.75	20009.45	20073.55	9175	0	150
2024.09.26	04:00:00	20073.55	20156.55	20064.15	20155.85	14525	0	150
2024.09.26	08:00:00	20155.95	20276.05	20140.85	20243.85	26862	0	150
2024.09.26	12:00:00	20243.35	20297.35	20227.35	20293.65	23597	0	160
2024.09.26	16:00:00	20294.65	20313.95	19963.55	20027.85	66324	0	70
2024.09.26	20:00:00	20026.45	20136.25	19964.85	20115.95	43664	0	70
2024.09.27	00:00:00	20126.95	20159.85	20085.15	20114.35	12002	0	150
2024.09.27	04:00:00	20114.15	20129.95	20060.35	20126.85	19916	0	150
2024.09.27	08:00:00	20126.65	20137.15	20018.55	20072.55	29699	0	160
2024.09.27	12:00:00	20072.35	20174.95	20060.85	20156.75	29138	0	180
2024.09.27	16:00:00	20157.25	20171.85	19987.95	20039.45	62897	0	70
2024.09.27	20:00:00	20040.15	20073.65	19954.15	19982.35	44438	0	70
2024.09.30	00:00:00	19964.85	20066.85	19963.25	20028.25	12752	0	150
2024.09.30	04:00:00	20027.75	20028.75	19940.05	19981.65	24699	0	150
2024.09.30	08:00:00	19981.75	20033.05	19931.75	19983.75	27105	0	160
2024.09.30	12:00:00	19983.35	20004.35	19906.35	19956.85	26279	0	170
2024.09.30	16:00:00	19956.65	20049.05	19914.95	19999.95	58160	0	70
2024.09.30	20:00:00	20000.05	20070.95	19845.25	20033.15	48189	0	70
2024.10.01	00:00:00	20026.25	20063.05	19998.65	20054.55	11124	0	150
2024.10.01	04:00:00	20054.35	20118.05	20040.95	20045.45	16690	0	150
2024.10.01	08:00:00	20045.05	20078.45	20003.05	20057.95	26528	0	160
2024.10.01	12:00:00	20056.35	20112.65	20041.85	20064.25	23037	0	170
2024.10.01	16:00:00	20063.85	20068.55	19611.05	19729.55	67640	0	70
2024.10.01	20:00:00	19727.85	19874.15	19641.35	19750.65	55061	0	80
2024.10.02	00:00:00	19726.95	19755.35	19682.55	19739.15	12126	0	170
2024.10.02	04:00:00	19739.15	19784.85	19705.15	19724.25	19320	0	150
2024.10.02	08:00:00	19724.05	19766.65	19675.25	19739.45	25907	0	200
2024.10.02	12:00:00	19739.25	19804.75	19673.55	19774.05	26738	0	220
2024.10.02	16:00:00	19775.25	19884.05	19629.15	19774.85	64939	0	70
2024.10.02	20:00:00	19774.35	19864.95	19765.25	19860.55	42790	0	70
2024.10.03	00:00:00	19854.95	19863.15	19778.45	19794.85	11705	0	150
2024.10.03	04:00:00	19795.15	19809.85	19732.05	19740.55	23437	0	160
2024.10.03	08:00:00	19740.75	19768.05	19647.35	19705.35	30306	0	160
2024.10.03	12:00:00	19705.65	19790.05	19694.55	19716.65	29707	0	160
2024.10.03	16:00:00	19716.85	19910.85	19692.15	19718.45	65824	0	70
2024.10.03	20:00:00	19718.75	19817.25	19678.65	19770.05	46550	0	50
2024.10.04	00:00:00	19755.45	19799.25	19745.35	19788.85	12321	0	150
2024.10.04	04:00:00	19788.45	19877.35	19779.45	19812.45	26917	0	160
2024.10.04	08:00:00	19812.65	19851.15	19780.15	19811.15	25775	0	160
2024.10.04	12:00:00	19811.35	20053.85	19805.15	20053.05	30079	0	180
2024.10.04	16:00:00	20053.15	20069.35	19814.85	19954.25	67539	0	80
2024.10.04	20:00:00	19954.25	20045.45	19886.05	20000.05	44306	0	70
2024.10.07	00:00:00	20041.55	20066.65	20004.45	20019.95	14725	0	150
2024.10.07	04:00:00	20019.85	20065.95	20005.75	20018.85	24760	0	150
2024.10.07	08:00:00	20019.15	20022.15	19914.25	19914.95	29206	0	160
2024.10.07	12:00:00	19915.45	19944.85	19860.75	19927.45	28579	0	180
2024.10.07	16:00:00	19927.55	19989.65	19892.05	19944.45	62001	0	70
2024.10.07	20:00:00	19944.45	19971.25	19756.75	19834.25	49562	0	70
2024.10.08	00:00:00	19826.95	19839.35	19714.35	19825.35	15234	0	150
2024.10.08	04:00:00	19825.75	19830.25	19764.85	19811.75	27457	0	150
2024.10.08	08:00:00	19811.85	19836.75	19752.25	19826.45	34023	0	180
2024.10.08	12:00:00	19826.55	19911.85	19826.55	19872.65	30725	0	200
2024.10.08	16:00:00	19872.85	20081.45	19864.85	20039.15	60033	0	70
2024.10.08	20:00:00	20038.85	20135.05	19971.45	20095.25	41814	0	70
2024.10.09	00:00:00	20091.85	20104.65	20073.25	20085.65	7652	0	150
2024.10.09	04:00:00	20085.65	20096.95	20031.45	20039.35	23094	0	150
2024.10.09	08:00:00	20039.15	20059.35	20003.85	20051.05	32126	0	150
2024.10.09	12:00:00	20051.25	20100.05	20050.45	20079.75	21881	0	160
2024.10.09	16:00:00	20079.25	20255.15	20048.45	20202.35	59047	0	70
2024.10.09	20:00:00	20202.45	20289.35	20163.05	20243.55	44203	0	70
2024.10.10	00:00:00	20245.25	20269.65	20244.35	20259.45	8238	0	150
2024.10.10	04:00:00	20259.05	20282.05	20251.75	20272.55	16486	0	150
2024.10.10	08:00:00	20272.35	20282.35	20215.15	20226.65	21594	0	150
2024.10.10	12:00:00	20227.05	20259.95	20130.35	20168.75	23354	0	150
2024.10.10	16:00:00	20168.75	20320.15	20110.35	20251.55	62792	0	70
2024.10.10	20:00:00	20251.75	20285.95	20185.65	20251.15	46123	0	70
2024.10.11	00:00:00	20244.35	20280.35	20242.45	20266.15	8810	0	150
2024.10.11	04:00:00	20266.05	20286.95	20252.25	20254.55	10016	0	150
2024.10.11	08:00:00	20254.55	20255.05	20174.65	20179.15	19470	0	150
2024.10.11	12:00:00	20179.45	20236.05	20175.15	20188.95	23121	0	150
2024.10.11	16:00:00	20189.05	20302.75	20135.55	20261.95	58234	0	70
2024.10.11	20:00:00	20262.75	20315.55	20226.65	20236.45	36244	0	70
2024.10.14	00:00:00	20239.65	20271.55	20232.25	20236.85	9019	0	150
2024.10.14	04:00:00	20236.85	20240.35	20204.95	20234.05	17578	0	150
2024.10.14	08:00:00	20234.05	20304.55	20232.35	20285.45	18031	0	150
2024.10.14	12:00:00	20285.25	20361.25	20285.25	20360.05	16163	0	150
2024.10.14	16:00:00	20360.05	20500.45	20349.35	20427.75	53480	0	70
2024.10.14	20:00:00	20427.75	20489.45	20417.45	20452.25	34543	0	70
2024.10.15	00:00:00	20464.25	20464.65	20414.55	20424.85	7835	0	150
2024.10.15	04:00:00	20424.15	20458.85	20421.35	20452.95	14031	0	150
2024.10.15	08:00:00	20452.95	20454.25	20387.05	20404.75	21192	0	150
2024.10.15	12:00:00	20404.85	20452.35	20391.65	20446.85	21181	0	160
2024.10.15	16:00:00	20447.15	20482.65	20154.65	20200.65	65216	0	70
2024.10.15	20:00:00	20200.85	20213.65	20078.85	20158.65	49944	0	70
2024.10.16	00:00:00	20143.25	20197.05	20141.75	20181.25	10276	0	150
2024.10.16	04:00:00	20181.15	20219.45	20165.45	20214.85	15979	0	150
2024.10.16	08:00:00	20214.95	20221.45	20155.95	20184.35	25638	0	150
2024.10.16	12:00:00	20183.35	20210.55	20166.55	20175.75	20581	0	160
2024.10.16	16:00:00	20175.85	20203.05	20032.25	20161.15	59537	0	70
2024.10.16	20:00:00	20161.85	20204.85	20129.25	20158.75	37425	0	70
2024.10.17	00:00:00	20157.35	20160.65	20104.95	20142.05	9574	0	150
2024.10.17	04:00:00	20142.05	20152.95	20108.45	20122.25	17818	0	150
2024.10.17	08:00:00	20122.35	20321.35	20119.85	20318.45	28637	0	150
2024.10.17	12:00:00	20318.65	20384.95	20293.95	20384.25	24624	0	170
2024.10.17	16:00:00	20383.95	20418.45	20192.95	20294.05	63375	0	70
2024.10.17	20:00:00	20295.65	20327.85	20179.85	20211.65	46546	0	70
2024.10.18	00:00:00	20209.25	20247.65	20155.05	20194.55	10398	0	150
2024.10.18	04:00:00	20193.75	20225.95	20184.25	20208.05	18517	0	150
2024.10.18	08:00:00	20208.45	20301.75	20204.15	20283.25	18538	0	150
2024.10.18	12:00:00	20283.25	20319.45	20252.45	20312.55	20595	0	150
2024.10.18	16:00:00	20312.55	20366.45	20268.45	20333.55	55708	0	70
2024.10.18	20:00:00	20333.55	20360.35	20289.15	20322.15	35488	0	70
2024.10.21	00:00:00	20339.15	20361.35	20334.65	20346.15	9318	0	150
2024.10.21	04:00:00	20345.95	20356.25	20301.95	20305.55	15757	0	150
2024.10.21	08:00:00	20305.55	20307.95	20261.55	20291.05	19139	0	150
2024.10.21	12:00:00	20291.35	20294.05	20180.75	20237.95	25806	0	160
2024.10.21	16:00:00	20238.35	20391.95	20183.85	20308.85	58342	0	70
2024.10.21	20:00:00	20309.25	20385.15	20284.45	20384.55	38069	0	70
2024.10.22	00:00:00	20372.15	20383.35	20313.45	20317.45	9850	0	150
2024.10.22	04:00:00	20317.95	20324.45	20291.35	20291.75	19578	0	150
2024.10.22	08:00:00	20291.45	20328.65	20271.05	20271.45	25484	0	150
2024.10.22	12:00:00	20271.45	20285.35	20201.35	20235.05	30798	0	180
2024.10.22	16:00:00	20234.85	20361.45	20203.95	20341.65	57945	0	70
2024.10.22	20:00:00	20341.55	20444.45	20323.25	20369.95	39117	0	70
2024.10.23	00:00:00	20347.85	20379.35	20332.15	20341.65	7273	0	150
2024.10.23	04:00:00	20341.65	20373.45	20336.35	20362.55	11611	0	150
2024.10.23	08:00:00	20362.65	20385.95	20327.95	20332.85	15744	0	150
2024.10.23	12:00:00	20332.45	20350.05	20289.15	20300.35	22801	0	160
2024.10.23	16:00:00	20300.35	20308.25	20081.85	20097.35	60052	0	70
2024.10.23	20:00:00	20096.55	20146.65	19928.05	20131.85	52260	0	70
2024.10.24	00:00:00	20140.95	20186.85	20117.25	20186.05	10653	0	150
2024.10.24	04:00:00	20185.55	20192.45	20159.75	20171.95	17711	0	150
2024.10.24	08:00:00	20171.95	20251.45	20155.35	20223.15	21469	0	150
2024.10.24	12:00:00	20223.15	20277.15	20212.75	20233.35	22403	0	160
2024.10.24	16:00:00	20233.85	20256.15	20112.85	20207.65	62513	0	90
2024.10.24	20:00:00	20207.75	20263.75	20179.15	20231.45	41053	0	90
2024.10.25	00:00:00	20234.05	20260.15	20217.05	20254.15	7551	0	150
2024.10.25	04:00:00	20254.35	20269.95	20222.55	20229.65	14266	0	170
2024.10.25	08:00:00	20229.75	20300.95	20225.05	20277.85	20991	0	170
2024.10.25	12:00:00	20277.65	20351.15	20267.35	20349.65	18175	0	170
2024.10.25	16:00:00	20349.35	20565.25	20348.15	20496.55	56958	0	90
2024.10.25	20:00:00	20497.55	20499.65	20318.65	20333.55	49275	0	90
2024.10.28	00:00:00	20447.45	20508.75	20446.85	20475.55	15303	0	160
2024.10.28	04:00:00	20475.55	20518.65	20461.85	20516.75	20008	0	170
2024.10.28	08:00:00	20516.75	20527.65	20462.45	20519.55	23067	0	180
2024.10.28	12:00:00	20519.85	20535.15	20439.25	20517.35	26831	0	190
2024.10.28	16:00:00	20516.65	20522.95	20375.25	20389.05	62394	0	90
2024.10.28	20:00:00	20389.05	20418.85	20344.95	20370.95	41085	0	90
2024.10.29	00:00:00	20371.35	20381.05	20334.05	20370.85	8215	0	150
2024.10.29	04:00:00	20371.15	20376.75	20309.35	20349.95	20050	0	170
2024.10.29	08:00:00	20350.05	20412.35	20339.55	20383.65	22776	0	170
2024.10.29	12:00:00	20383.65	20386.95	20321.65	20348.45	30634	0	220
2024.10.29	16:00:00	20348.65	20518.55	20293.05	20508.95	59077	0	90
2024.10.29	20:00:00	20509.35	20617.55	20508.95	20561.25	43932	0	90
2024.10.30	00:00:00	20586.45	20634.35	20586.45	20627.85	10706	0	150
2024.10.30	04:00:00	20627.65	20649.15	20574.25	20584.05	17936	0	170
2024.10.30	08:00:00	20583.95	20627.45	20566.75	20585.75	22627	0	170
2024.10.30	12:00:00	20583.35	20617.35	20536.45	20550.55	30810	0	190
2024.10.30	16:00:00	20550.65	20561.65	20406.45	20508.55	62526	0	90
2024.10.30	20:00:00	20507.65	20516.65	20336.75	20383.05	48608	0	90
2024.10.31	00:00:00	20316.75	20327.85	20267.75	20301.35	12435	0	170
2024.10.31	04:00:00	20301.45	20327.75	20268.25	20273.35	17825	0	170
2024.10.31	08:00:00	20272.65	20275.35	20150.95	20181.75	28166	0	170
2024.10.31	12:00:00	20180.75	20279.28	20156.85	20246.75	33382	0	200
2024.10.31	16:00:00	20245.95	20260.25	19893.15	19954.85	67068	0	90
2024.10.31	20:00:00	19955.15	19999.75	19876.75	19918.15	54469	0	0
2024.11.01	00:00:00	19949.35	19980.55	19921.05	19945.95	14128	0	170
2024.11.01	04:00:00	19944.95	19977.55	19890.75	19957.95	21662	0	170
2024.11.01	08:00:00	19957.65	20002.85	19931.45	19972.15	25772	0	180
2024.11.01	12:00:00	19972.75	20023.85	19961.92	19991.45	26272	0	180
2024.11.01	16:00:00	19991.55	20165.65	19937.25	20089.05	65842	0	90
2024.11.01	20:00:00	20089.05	20130.65	20001.75	20041.45	51930	0	90
2024.11.04	00:00:00	19979.75	20077.65	19959.25	20068.55	15920	0	180
2024.11.04	04:00:00	20068.65	20126.65	20061.95	20108.55	16394	0	170
2024.11.04	08:00:00	20108.85	20128.45	20016.15	20046.15	27553	0	170
2024.11.04	12:00:00	20046.05	20092.75	19982.05	20027.65	29311	0	200
2024.11.04	16:00:00	20028.15	20107.75	19894.85	20010.25	62881	0	0
2024.11.04	20:00:00	20010.55	20057.15	19952.25	19990.55	45348	0	0
2024.11.05	00:00:00	20004.55	20004.85	19925.35	19982.85	16500	0	170
2024.11.05	04:00:00	19982.25	19998.85	19963.25	19985.85	16418	0	170
2024.11.05	08:00:00	19986.05	20049.96	19982.35	20032.86	21790	0	170
2024.11.05	12:00:00	20032.26	20054.16	19996.16	20008.36	22649	0	189
2024.11.05	16:00:00	20008.36	20256.46	19990.46	20235.56	58023	0	0
2024.11.05	20:00:00	20235.76	20268.35	20164.66	20240.55	46687	0	69
2024.11.06	00:00:00	20236.86	20308.66	20209.56	20287.86	19719	0	259
2024.11.06	04:00:00	20287.36	20525.16	20280.26	20470.46	35313	0	299
2024.11.06	08:00:00	20470.56	20615.36	20459.26	20613.66	35004	0	339
2024.11.06	12:00:00	20613.86	20613.86	20466.36	20572.36	33173	0	309
2024.11.06	16:00:00	20572.46	20706.76	20531.16	20698.46	65596	0	119
2024.11.06	20:00:00	20698.36	20811.56	20692.06	20799.86	46271	0	109
2024.11.07	00:00:00	20795.45	20803.46	20744.76	20795.16	18905	0	150
2024.11.07	04:00:00	20794.66	20836.66	20779.16	20831.96	20478	0	189
2024.11.07	08:00:00	20832.46	20847.36	20791.36	20824.11	27508	0	189
2024.11.07	12:00:00	20824.31	20882.41	20808.51	20869.11	25091	0	179
2024.11.07	16:00:00	20868.41	21082.65	20865.91	21078.35	56262	0	90
2024.11.07	20:00:00	21078.85	21137.15	21035.45	21105.46	47351	0	90
2024.11.08	00:00:00	21094.15	21118.75	21092.65	21114.05	11602	0	150
2024.11.08	04:00:00	21113.95	21145.15	21100.95	21134.05	14176	0	170
2024.11.08	08:00:00	21133.95	21139.55	21093.65	21107.65	22810	0	170
2024.11.08	12:00:00	21107.65	21107.75	21003.85	21045.25	30426	0	170
2024.11.08	16:00:00	21046.65	21124.75	21039.35	21106.45	55229	0	90
2024.11.08	20:00:00	21106.95	21154.15	21098.95	21118.46	38255	0	90
2024.11.11	00:00:00	21161.25	21200.45	21147.35	21172.65	14238	0	150
2024.11.11	04:00:00	21172.75	21189.45	21152.35	21178.35	12793	0	170
2024.11.11	08:00:00	21178.45	21214.35	21167.65	21183.55	17949	0	170
2024.11.11	12:00:00	21183.35	21231.35	21159.65	21192.25	20975	0	170
2024.11.11	16:00:00	21192.45	21198.15	21047.25	21049.85	56820	0	90
2024.11.11	20:00:00	21049.55	21122.76	20990.15	21109.86	40004	0	90
2024.11.12	00:00:00	21097.85	21142.35	21090.75	21123.25	13152	0	130
2024.11.12	04:00:00	21123.35	21134.05	21082.95	21088.55	19470	0	150
2024.11.12	08:00:00	21088.25	21133.25	21072.55	21076.95	24787	0	150
2024.11.12	12:00:00	21076.75	21125.25	21022.55	21114.15	33344	0	160
2024.11.12	16:00:00	21114.25	21144.25	20958.15	20958.55	59372	0	80
2024.11.12	20:00:00	20958.55	21102.45	20947.75	21078.96	41761	0	80
2024.11.13	00:00:00	21053.25	21063.75	21028.35	21034.25	13979	0	150
2024.11.13	04:00:00	21034.15	21055.95	21011.35	21015.05	17102	0	150
2024.11.13	08:00:00	21015.05	21077.35	20995.75	21071.05	22191	0	150
2024.11.13	12:00:00	21071.25	21137.35	21009.15	21067.95	29886	0	150
2024.11.13	16:00:00	21068.15	21126.65	20953.55	21123.65	62882	0	80
2024.11.13	20:00:00	21123.65	21161.55	21016.25	21058.04	46161	0	80
2024.11.14	00:00:00	21043.15	21068.45	21024.15	21027.05	12226	0	130
2024.11.14	04:00:00	21027.05	21045.05	21000.85	21015.35	18125	0	150
2024.11.14	08:00:00	21014.45	21083.75	20983.85	21048.05	25568	0	150
2024.11.14	12:00:00	21046.75	21076.05	21006.35	21027.75	27884	0	150
2024.11.14	16:00:00	21027.65	21068.05	20911.25	20976.85	62266	0	80
2024.11.14	20:00:00	20975.15	21013.95	20844.04	20871.04	51750	0	80
2024.11.15	00:00:00	20855.75	20859.15	20778.85	20785.85	17783	0	150
2024.11.15	04:00:00	20785.55	20823.45	20779.55	20794.15	20124	0	150
2024.11.15	08:00:00	20794.25	20794.25	20688.75	20716.95	30634	0	160
2024.11.15	12:00:00	20716.85	20762.85	20699.32	20709.45	27813	0	150
2024.11.15	16:00:00	20709.55	20715.95	20349.25	20386.15	64144	0	80
2024.11.15	20:00:00	20385.85	20423.44	20308.45	20402.44	47938	0	80
2024.11.18	00:00:00	20426.15	20532.15	20422.85	20511.75	16494	0	150
2024.11.18	04:00:00	20511.75	20559.15	20495.75	20542.05	16619	0	150
2024.11.18	08:00:00	20542.05	20554.45	20447.35	20460.25	29024	0	150
2024.11.18	12:00:00	20460.15	20492.75	20384.25	20457.45	31207	0	160
2024.11.18	16:00:00	20456.95	20627.25	20404.35	20564.05	56050	0	80
2024.11.18	20:00:00	20562.35	20570.85	20494.95	20537.14	41455	0	80
2024.11.19	00:00:00	20529.95	20555.75	20509.85	20543.35	13803	0	150
2024.11.19	04:00:00	20543.15	20602.15	20536.75	20574.85	17978	0	150
2024.11.19	08:00:00	20575.55	20593.55	20398.15	20446.45	35073	0	150
2024.11.19	12:00:00	20444.05	20530.05	20323.45	20328.75	42193	0	190
2024.11.19	16:00:00	20328.75	20616.45	20289.75	20602.75	63235	0	80
2024.11.19	20:00:00	20601.95	20699.95	20587.15	20672.44	41715	0	80
2024.11.20	00:00:00	20676.65	20773.65	20676.55	20731.15	9417	0	120
2024.11.20	04:00:00	20730.90	20755.40	20713.65	20737.15	12325	0	120
2024.11.20	08:00:00	20737.15	20784.15	20724.40	20736.15	20948	0	120
2024.11.20	12:00:00	20735.90	20770.65	20694.40	20734.15	21034	0	120
2024.11.20	16:00:00	20734.15	20734.15	20419.40	20547.90	42849	0	120
2024.11.20	20:00:00	20546.90	20726.04	20497.15	20667.79	38300	0	120
2024.11.21	00:00:00	20640.05	20671.75	20530.15	20540.65	21619	0	150
2024.11.21	04:00:00	20541.15	20613.45	20537.75	20587.65	20445	0	150
2024.11.21	08:00:00	20588.75	20633.85	20505.75	20556.55	39170	0	160
2024.11.21	12:00:00	20555.35	20781.85	20541.75	20753.65	41514	0	190
2024.11.21	16:00:00	20754.75	20816.35	20430.35	20732.35	68674	0	90
2024.11.21	20:00:00	20732.55	20791.05	20702.64	20711.44	49957	0	80
2024.11.22	00:00:00	20699.35	20730.25	20677.55	20718.25	15871	0	160
2024.11.22	04:00:00	20717.95	20762.75	20678.85	20683.75	22647	0	150
2024.11.22	08:00:00	20683.75	20749.25	20612.55	20675.55	35859	0	160
2024.11.22	12:00:00	20676.15	20733.95	20612.15	20703.75	38778	0	180
2024.11.22	16:00:00	20703.75	20791.85	20641.95	20774.85	63875	0	80
2024.11.22	20:00:00	20774.55	20799.35	20715.15	20796.54	43959	0	80
2024.11.25	00:00:00	20862.85	20889.05	20851.15	20874.35	10033	0	150
2024.11.25	04:00:00	20874.45	20893.55	20874.05	20892.45	10983	0	150
2024.11.25	08:00:00	20892.35	20892.35	20853.15	20889.15	19087	0	150
2024.11.25	12:00:00	20889.45	20947.95	20864.45	20920.05	23211	0	150
2024.11.25	16:00:00	20919.75	21002.15	20703.15	20773.95	65973	0	80
2024.11.25	20:00:00	20774.25	20839.84	20748.55	20823.34	44179	0	80
2024.11.26	00:00:00	20850.35	20858.25	20680.25	20768.15	26041	0	150
2024.11.26	04:00:00	20768.05	20838.35	20767.55	20807.75	20655	0	150
2024.11.26	08:00:00	20807.95	20849.05	20776.55	20811.15	30346	0	150
2024.11.26	12:00:00	20810.85	20879.95	20786.65	20869.05	31294	0	160
2024.11.26	16:00:00	20869.05	20950.65	20846.25	20907.15	58887	0	80
2024.11.26	20:00:00	20907.15	20933.15	20830.05	20927.24	40672	0	80
2024.11.27	00:00:00	20909.95	20923.35	20897.55	20920.25	11099	0	150
2024.11.27	04:00:00	20920.55	20943.05	20877.65	20884.25	15051	0	150
2024.11.27	08:00:00	20884.55	20918.35	20833.15	20850.35	27521	0	150
2024.11.27	12:00:00	20850.25	20900.15	20834.55	20883.55	25704	0	150
2024.11.27	16:00:00	20883.35	20885.35	20609.05	20676.65	58669	0	80
2024.11.27	20:00:00	20676.35	20762.95	20669.15	20739.44	39871	0	80
2024.11.28	00:00:00	20765.35	20788.05	20754.05	20770.65	9164	0	150
2024.11.28	04:00:00	20771.15	20795.65	20768.35	20791.35	10204	0	150
2024.11.28	08:00:00	20791.35	20803.65	20777.45	20791.25	13048	0	150
2024.11.28	12:00:00	20791.25	20811.75	20782.65	20804.95	11362	0	150
2024.11.28	16:00:00	20804.95	20843.45	20798.85	20821.35	17320	0	80
2024.11.29	00:00:00	20811.25	20830.35	20761.15	20814.85	15142	0	150
2024.11.29	04:00:00	20814.65	20875.65	20814.35	20840.45	15870	0	150
2024.11.29	08:00:00	20840.85	20850.85	20803.85	20835.75	21678	0	150
2024.11.29	12:00:00	20835.75	20847.15	20750.95	20766.95	23947	0	150
2024.11.29	16:00:00	20766.95	20955.15	20744.65	20928.65	52019	0	80
2024.11.29	20:00:00	20928.75	20932.95	20918.55	20926.65	2332	0	80
2024.12.02	00:00:00	20929.25	20929.55	20882.85	20897.45	18598	0	160
2024.12.02	04:00:00	20897.55	20907.05	20886.45	20894.85	15337	0	150
2024.12.02	08:00:00	20894.55	20914.25	20880.95	20893.25	16884	0	150
2024.12.02	12:00:00	20893.35	20976.55	20880.85	20967.35	24951	0	150
2024.12.02	16:00:00	20967.25	21200.05	20964.75	21168.35	54998	0	80
2024.12.02	20:00:00	21168.55	21180.95	21116.85	21154.74	40213	0	80
2024.12.03	00:00:00	21149.85	21168.55	21145.75	21158.25	10544	0	150
2024.12.03	04:00:00	21158.35	21181.25	21151.75	21173.05	10579	0	150
2024.12.03	08:00:00	21173.25	21185.05	21153.45	21158.95	16626	0	150
2024.12.03	12:00:00	21158.85	21169.15	21129.35	21139.55	18903	0	150
2024.12.03	16:00:00	21139.85	21206.75	21079.35	21187.15	57228	0	80
2024.12.03	20:00:00	21186.85	21273.54	21157.85	21272.44	39019	0	80
2024.12.04	00:00:00	21259.25	21283.65	21253.95	21271.95	11721	0	150
2024.12.04	04:00:00	21272.05	21315.95	21272.05	21304.85	11281	0	150
2024.12.04	08:00:00	21305.05	21350.35	21285.75	21346.95	18907	0	150
2024.12.04	12:00:00	21347.55	21396.85	21334.15	21396.35	20339	0	150
2024.12.04	16:00:00	21395.85	21443.85	21336.45	21430.05	53585	0	80
2024.12.04	20:00:00	21429.65	21497.65	21389.25	21460.44	39399	0	80
2024.12.05	00:00:00	21459.15	21473.35	21445.65	21464.35	9575	0	150
2024.12.05	04:00:00	21464.55	21470.55	21453.25	21464.75	9058	0	150
2024.12.05	08:00:00	21466.15	21469.75	21439.25	21457.25	15505	0	150
2024.12.05	12:00:00	21457.15	21487.75	21450.25	21476.65	15875	0	150
2024.12.05	16:00:00	21476.35	21518.05	21438.65	21511.05	51639	0	80
2024.12.05	20:00:00	21511.35	21511.85	21388.04	21406.14	43148	0	80
2024.12.06	00:00:00	21396.15	21425.55	21374.75	21419.25	10983	0	150
2024.12.06	04:00:00	21419.35	21437.85	21415.55	21433.35	11419	0	150
2024.12.06	08:00:00	21433.15	21450.85	21420.55	21427.05	13035	0	150
2024.12.06	12:00:00	21427.55	21486.35	21400.55	21448.05	20784	0	150
2024.12.06	16:00:00	21448.15	21602.35	21443.65	21576.05	55037	0	80
2024.12.06	20:00:00	21575.35	21625.55	21570.45	21589.74	39902	0	80
2024.12.09	00:00:00	21597.35	21627.25	21584.85	21609.15	12430	0	150
2024.12.09	04:00:00	21609.35	21614.85	21592.55	21605.65	10209	0	150
2024.12.09	08:00:00	21605.65	21663.25	21583.65	21591.25	21133	0	150
2024.12.09	12:00:00	21590.75	21594.05	21545.75	21577.35	22711	0	150
2024.12.09	16:00:00	21577.25	21605.55	21395.25	21446.45	55178	0	80
2024.12.09	20:00:00	21446.45	21508.25	21400.35	21433.94	40353	0	80
2024.12.10	00:00:00	21434.35	21445.55	21419.85	21429.35	11739	0	150
2024.12.10	04:00:00	21429.25	21437.75	21413.55	21424.85	10300	0	150
2024.12.10	08:00:00	21424.95	21429.35	21409.75	21422.45	13888	0	150
2024.12.10	12:00:00	21422.05	21498.35	21419.85	21462.55	17186	0	150
2024.12.10	16:00:00	21462.25	21567.55	21405.85	21430.95	56871	0	80
2024.12.10	20:00:00	21431.15	21445.85	21314.45	21395.84	41323	0	80
2024.12.11	00:00:00	21392.65	21397.95	21371.35	21391.65	9262	0	150
2024.12.11	04:00:00	21391.65	21400.25	21376.85	21392.85	9955	0	150
2024.12.11	08:00:00	21392.95	21418.55	21368.25	21411.65	17221	0	150
2024.12.11	12:00:00	21411.35	21497.85	21394.05	21491.75	18502	0	150
2024.12.11	16:00:00	21491.25	21752.05	21488.95	21743.65	55817	0	80
2024.12.11	20:00:00	21743.35	21782.95	21716.14	21719.94	38967	0	80
2024.12.12	00:00:00	21725.45	21733.85	21709.75	21719.35	9935	0	150
2024.12.12	04:00:00	21719.55	21731.85	21716.05	21731.75	8828	0	150
2024.12.12	08:00:00	21731.75	21739.25	21698.05	21700.95	13958	0	150
2024.12.12	12:00:00	21701.05	21715.25	21618.35	21652.75	22640	0	150
2024.12.12	16:00:00	21652.95	21710.85	21594.65	21708.95	55351	0	80
2024.12.12	20:00:00	21709.35	21714.05	21574.64	21612.84	41695	0	80
2024.12.13	00:00:00	21699.05	21738.65	21687.15	21704.25	12976	0	150
2024.12.13	04:00:00	21703.95	21704.25	21672.55	21699.95	13631	0	150
2024.12.13	08:00:00	21699.55	21763.95	21699.55	21762.95	19207	0	150
2024.12.13	12:00:00	21763.15	21820.15	21757.75	21798.45	20390	0	150
2024.12.13	16:00:00	21798.65	21884.95	21644.35	21662.05	62001	0	80
2024.12.13	20:00:00	21662.05	21802.55	21659.05	21736.84	40797	0	80
2024.12.16	00:00:00	21747.95	21792.45	21742.75	21792.25	12757	0	150
2024.12.16	04:00:00	21792.05	21800.15	21763.05	21769.35	12545	0	150
2024.12.16	08:00:00	21769.05	21828.65	21768.65	21827.35	18675	0	150
2024.12.16	12:00:00	21827.55	21893.85	21818.55	21891.25	23169	0	150
2024.12.16	16:00:00	21891.35	22067.95	21860.85	22067.15	60726	0	80
2024.12.16	20:00:00	22067.55	22131.95	22061.15	22090.64	42252	0	80
2024.12.17	00:00:00	22088.35	22099.05	22061.85	22096.15	12193	0	150
2024.12.17	04:00:00	22096.35	22106.15	22084.35	22087.55	11757	0	150
2024.12.17	08:00:00	22087.55	22092.15	22010.35	22069.75	25231	0	150
2024.12.17	12:00:00	22069.75	22102.25	22007.65	22035.25	26444	0	150
2024.12.17	16:00:00	22034.85	22063.75	21928.05	22020.05	64378	0	80
2024.12.17	20:00:00	22019.25	22027.85	21938.25	21980.74	49824	0	80
2024.12.18	00:00:00	21998.75	22044.75	21932.45	22006.05	12763	0	150
2024.12.18	04:00:00	22006.35	22027.75	21985.15	22025.95	12887	0	150
2024.12.18	08:00:00	22025.85	22044.75	21999.45	22035.65	19651	0	150
2024.12.18	12:00:00	22035.75	22072.95	21970.15	21972.65	23563	0	150
2024.12.18	16:00:00	21972.95	22037.35	21897.35	21985.85	57496	0	80
2024.12.18	20:00:00	21986.05	21997.05	20996.94	21144.14	59204	0	80
2024.12.19	00:00:00	21202.05	21246.45	21142.95	21204.95	23646	0	180
2024.12.19	04:00:00	21204.85	21210.65	21131.55	21144.65	24094	0	160
2024.12.19	08:00:00	21144.45	21302.15	21142.45	21273.45	37062	0	190
2024.12.19	12:00:00	21274.45	21385.45	21249.55	21328.65	38019	0	190
2024.12.19	16:00:00	21326.55	21403.15	21138.65	21224.75	71250	0	80
2024.12.19	20:00:00	21224.65	21304.15	21052.64	21124.64	59152	0	110
2024.12.20	00:00:00	21116.65	21124.85	20971.25	20984.65	23376	0	170
2024.12.20	04:00:00	20984.75	20987.95	20917.75	20977.35	24663	0	160
2024.12.20	08:00:00	20977.15	21015.15	20820.95	20837.05	37067	0	170
2024.12.20	12:00:00	20837.05	20946.95	20722.05	20931.55	47692	0	210
2024.12.20	16:00:00	20931.05	21529.95	20879.05	21479.45	70402	0	110
2024.12.20	20:00:00	21479.55	21489.55	21230.84	21253.44	60226	0	100
2024.12.23	00:00:00	21380.05	21419.15	21316.35	21412.05	17397	0	190
2024.12.23	04:00:00	21411.75	21456.75	21379.55	21454.25	19491	0	150
2024.12.23	08:00:00	21454.05	21467.05	21380.95	21392.75	30990	0	150
2024.12.23	12:00:00	21392.75	21406.25	21271.85	21299.35	37714	0	190
2024.12.23	16:00:00	21299.45	21452.95	21204.95	21422.95	67099	0	80
2024.12.23	20:00:00	21423.15	21505.15	21394.85	21466.24	51194	0	80
2024.12.24	00:00:00	21486.55	21498.65	21448.05	21477.05	11564	0	160
2024.12.24	04:00:00	21476.95	21500.75	21468.05	21487.65	11973	0	150
2024.12.24	08:00:00	21488.05	21544.15	21479.65	21538.85	15817	0	150
2024.12.24	12:00:00	21538.75	21568.15	21506.35	21567.75	18494	0	160
2024.12.24	16:00:00	21567.35	21777.95	21542.55	21776.25	55196	0	80
2024.12.24	20:00:00	21776.65	21794.15	21767.65	21791.85	2789	0	80
2024.12.26	00:00:00	21801.05	21829.25	21792.95	21809.15	8205	0	150
2024.12.26	04:00:00	21809.15	21860.05	21800.65	21839.05	9280	0	150
2024.12.26	08:00:00	21839.15	21847.05	21671.45	21682.05	20634	0	150
2024.12.26	12:00:00	21682.05	21725.75	21643.75	21699.55	26479	0	190
2024.12.26	16:00:00	21698.35	21829.75	21620.65	21760.85	57553	0	80
2024.12.26	20:00:00	21760.45	21815.45	21735.04	21743.34	44400	0	80
2024.12.27	00:00:00	21755.55	21771.65	21714.75	21727.15	10322	0	150
2024.12.27	04:00:00	21727.15	21735.95	21706.75	21717.05	10969	0	150
2024.12.27	08:00:00	21716.85	21718.05	21661.85	21676.25	20476	0	150
2024.12.27	12:00:00	21676.15	21719.15	21649.25	21657.65	21984	0	150
2024.12.27	16:00:00	21657.55	21662.75	21272.55	21343.75	69030	0	100
2024.12.27	20:00:00	21343.95	21503.54	21327.95	21486.74	53124	0	80
2024.12.30	00:00:00	21515.15	21515.15	21449.85	21488.65	13162	0	150
2024.12.30	04:00:00	21488.65	21490.55	21426.55	21436.55	11878	0	150
2024.12.30	08:00:00	21435.45	21465.85	21390.75	21420.95	25249	0	160
2024.12.30	12:00:00	21420.95	21444.85	21135.85	21155.15	31578	0	150
2024.12.30	16:00:00	21155.55	21344.25	21030.95	21330.05	68942	0	90
2024.12.30	20:00:00	21330.85	21345.75	21128.24	21171.74	54557	0	80
2024.12.31	00:00:00	21157.25	21201.55	21123.05	21196.65	9258	0	150
2024.12.31	04:00:00	21197.05	21234.45	21155.85	21186.85	13068	0	150
2024.12.31	08:00:00	21186.85	21289.15	21139.25	21267.65	20843	0	180
2024.12.31	12:00:00	21267.05	21303.25	21215.15	21239.55	25134	0	160
2024.12.31	16:00:00	21240.25	21267.55	20989.45	21094.05	66531	0	100
2024.12.31	20:00:00	21092.95	21116.45	20961.45	21014.74	55929	0	150
2025.01.02	00:00:00	21100.15	21104.25	20905.65	21078.85	20342	0	210
2025.01.02	04:00:00	21077.85	21160.65	21071.85	21155.05	20116	0	160
2025.01.02	08:00:00	21155.15	21207.85	21102.35	21186.55	31739	0	160
2025.01.02	12:00:00	21186.45	21273.95	21144.05	21201.45	36902	0	200
2025.01.02	16:00:00	21201.55	21232.65	20773.25	20864.25	73556	0	120
2025.01.02	20:00:00	20865.95	20991.54	20777.25	20974.14	58022	0	120
2025.01.03	00:00:00	20960.85	21040.35	20936.85	21017.25	14278	0	150
2025.01.03	04:00:00	21017.25	21052.15	20999.85	21025.65	14933	0	150
2025.01.03	08:00:00	21025.15	21087.25	21010.75	21070.95	25305	0	150
2025.01.03	12:00:00	21070.55	21073.15	21008.45	21027.25	23673	0	150
2025.01.03	16:00:00	21030.25	21291.45	21027.75	21272.35	65356	0	80
2025.01.03	20:00:00	21271.95	21359.25	21251.65	21286.54	42950	0	80
2025.01.06	00:00:00	21333.25	21343.05	21284.85	21305.75	15058	0	160
2025.01.06	04:00:00	21305.75	21356.55	21288.85	21344.65	14470	0	150
2025.01.06	08:00:00	21344.55	21475.95	21335.95	21474.65	21731	0	150
2025.01.06	12:00:00	21474.55	21565.35	21447.75	21556.55	35737	0	180
2025.01.06	16:00:00	21556.55	21703.45	21451.35	21600.85	66032	0	80
2025.01.06	20:00:00	21600.35	21601.65	21456.65	21589.84	54167	0	80
2025.01.07	00:00:00	21602.75	21603.25	21557.55	21579.05	13016	0	150
2025.01.07	04:00:00	21578.75	21595.85	21471.85	21516.05	18888	0	150
2025.01.07	08:00:00	21516.55	21584.25	21494.65	21538.05	27837	0	160
2025.01.07	12:00:00	21538.15	21589.45	21527.35	21589.25	29243	0	160
2025.01.07	16:00:00	21589.25	21616.45	21200.25	21259.55	70345	0	80
2025.01.07	20:00:00	21259.45	21331.15	21094.05	21194.74	54569	0	80
2025.01.08	00:00:00	21181.25	21249.65	21159.45	21244.65	12933	0	150
2025.01.08	04:00:00	21244.55	21251.75	21200.95	21244.75	16461	0	150
2025.01.08	08:00:00	21245.45	21249.65	21175.75	21244.95	24626	0	150
2025.01.08	12:00:00	21244.85	21262.95	21036.25	21192.75	45647	0	160
2025.01.08	16:00:00	21189.65	21233.95	20981.95	21083.75	71022	0	110
2025.01.08	20:00:00	21082.95	21246.35	21080.65	21147.14	57469	0	100
2025.01.09	00:00:00	21145.55	21164.15	21088.85	21133.45	14445	0	150
2025.01.09	04:00:00	21133.45	21166.45	21113.25	21142.35	15328	0	150
2025.01.09	08:00:00	21142.75	21147.55	21036.95	21129.95	26833	0	150
2025.01.09	12:00:00	21130.45	21155.75	21095.95	21126.05	27687	0	170
2025.01.09	16:00:00	21125.75	21131.85	21086.75	21121.35	5283	0	210
2025.01.10	00:00:00	21110.95	21120.85	21003.55	21074.45	19209	0	180
2025.01.10	04:00:00	21074.75	21155.45	21066.45	21128.55	17327	0	150
2025.01.10	08:00:00	21128.75	21128.75	21061.45	21104.95	24715	0	160
2025.01.10	12:00:00	21104.75	21199.25	20874.65	20945.45	33933	0	180
2025.01.10	16:00:00	20947.65	21024.85	20706.15	20864.45	72410	0	120
2025.01.10	20:00:00	20864.65	21006.35	20813.15	20828.04	58096	0	110
2025.01.13	00:00:00	20806.55	20868.45	20721.05	20758.15	17295	0	170
2025.01.13	04:00:00	20757.75	20780.05	20691.75	20719.25	18673	0	170
2025.01.13	08:00:00	20718.75	20761.15	20527.65	20554.65	30569	0	180
2025.01.13	12:00:00	20554.75	20678.65	20542.35	20645.15	40272	0	210
2025.01.13	16:00:00	20645.25	20728.75	20539.25	20724.65	70179	0	120
2025.01.13	20:00:00	20724.25	20827.44	20670.85	20817.04	54740	0	90
2025.01.14	00:00:00	20857.55	20923.95	20856.45	20862.35	18407	0	160
2025.01.14	04:00:00	20862.05	20894.95	20833.05	20893.75	18414	0	150
2025.01.14	08:00:00	20894.95	20979.15	20857.25	20936.55	29062	0	160
2025.01.14	12:00:00	20936.45	20971.75	20778.15	20890.65	37507	0	180
2025.01.14	16:00:00	20891.15	20963.45	20628.95	20700.45	69210	0	110
2025.01.14	20:00:00	20699.85	20848.75	20611.75	20810.94	54027	0	80
2025.01.15	00:00:00	20796.05	20799.75	20774.85	20790.35	9858	0	150
2025.01.15	04:00:00	20790.45	20793.55	20765.05	20780.95	10596	0	150
2025.01.15	08:00:00	20780.95	20809.55	20747.15	20797.75	17259	0	150
2025.01.15	12:00:00	20798.15	21166.85	20770.85	21119.65	30259	0	150
2025.01.15	16:00:00	21117.35	21245.75	21026.25	21160.05	66952	0	80
2025.01.15	20:00:00	21160.05	21288.55	21159.25	21213.04	42229	0	80
2025.01.16	00:00:00	21228.75	21285.45	21227.15	21238.95	13132	0	150
2025.01.16	04:00:00	21238.75	21250.25	21193.45	21204.75	15749	0	150
2025.01.16	08:00:00	21204.55	21403.45	21191.35	21312.65	36299	0	160
2025.01.16	12:00:00	21311.75	21356.05	21258.25	21312.45	36290	0	180
2025.01.16	16:00:00	21310.25	21336.85	21158.55	21226.25	66563	0	80
2025.01.16	20:00:00	21226.75	21253.25	21012.34	21047.64	51782	0	80
2025.01.17	00:00:00	21066.75	21123.45	21051.65	21114.95	12913	0	150
2025.01.17	04:00:00	21115.35	21158.65	21095.65	21147.95	16495	0	150
2025.01.17	08:00:00	21147.75	21205.75	21101.95	21192.35	25187	0	150
2025.01.17	12:00:00	21192.35	21395.45	21156.25	21390.95	31968	0	160
2025.01.17	16:00:00	21391.55	21529.45	21332.05	21474.25	62063	0	80
2025.01.17	20:00:00	21473.95	21520.25	21418.64	21431.74	43940	0	80
2025.01.20	00:00:00	21433.25	21433.45	21374.15	21410.65	17572	0	170
2025.01.20	04:00:00	21410.65	21421.05	21392.75	21414.95	13918	0	150
2025.01.20	08:00:00	21416.15	21484.15	21411.45	21469.15	21441	0	150
2025.01.20	12:00:00	21469.15	21539.15	21384.75	21534.95	27422	0	150
2025.01.20	16:00:00	21534.65	21624.00	21472.10	21533.50	47629	0	90
2025.01.21	00:00:00	21545.35	21595.20	21229.40	21434.80	24792	0	170
2025.01.21	04:00:00	21435.80	21496.50	21411.70	21440.30	17595	0	160
2025.01.21	08:00:00	21440.40	21557.70	21432.70	21557.40	22076	0	170
2025.01.21	12:00:00	21557.50	21580.00	21493.50	21575.00	32781	0	200
2025.01.21	16:00:00	21577.00	21592.75	21375.75	21590.85	63250	0	80
2025.01.21	20:00:00	21590.95	21632.04	21547.55	21623.74	43814	0	80
2025.01.22	00:00:00	21624.65	21694.65	21621.95	21686.45	15824	0	150
2025.01.22	04:00:00	21685.85	21728.65	21682.05	21710.25	12378	0	150
2025.01.22	08:00:00	21710.25	21758.95	21691.85	21734.95	21646	0	150
2025.01.22	12:00:00	21734.95	21786.55	21721.05	21782.05	24046	0	150
2025.01.22	16:00:00	21782.05	21944.85	21751.05	21908.85	57260	0	80
2025.01.22	20:00:00	21908.85	21913.65	21820.04	21822.04	43330	0	80
2025.01.23	00:00:00	21827.55	21832.75	21797.95	21802.55	12136	0	150
2025.01.23	04:00:00	21802.45	21823.05	21780.65	21806.85	13106	0	150
2025.01.23	08:00:00	21807.15	21817.95	21709.65	21748.05	23482	0	150
2025.01.23	12:00:00	21747.95	21771.85	21726.55	21750.05	26542	0	150
2025.01.23	16:00:00	21750.05	21826.95	21720.45	21794.45	57816	0	80
2025.01.23	20:00:00	21794.25	21903.84	21779.15	21870.54	42703	0	80
2025.01.24	00:00:00	21855.75	21895.15	21853.75	21871.75	11495	0	150
2025.01.24	04:00:00	21871.75	21919.85	21840.65	21857.55	20846	0	150
2025.01.24	08:00:00	21857.35	21884.15	21833.35	21867.35	23341	0	150
2025.01.24	12:00:00	21866.45	21905.95	21847.65	21873.95	24486	0	150
2025.01.24	16:00:00	21873.95	21941.45	21795.25	21805.05	58999	0	80
2025.01.24	20:00:00	21804.25	21816.15	21707.75	21763.94	45805	0	80
2025.01.27	00:00:00	21546.05	21574.45	21354.95	21393.95	29895	0	170
2025.01.27	04:00:00	21394.05	21428.55	21278.05	21298.15	32047	0	170
2025.01.27	08:00:00	21298.35	21305.65	21021.15	21029.85	53241	0	210
2025.01.27	12:00:00	21029.45	21039.65	20630.95	21027.85	57012	0	210
2025.01.27	16:00:00	21025.55	21284.35	20972.35	21010.15	74047	0	120
2025.01.27	20:00:00	21010.45	21197.24	20965.05	21166.14	63617	0	120
2025.01.28	00:00:00	21188.45	21226.15	21098.95	21107.35	20878	0	200
2025.01.28	04:00:00	21107.15	21201.65	21090.65	21162.95	21171	0	160
2025.01.28	08:00:00	21163.15	21274.65	21135.65	21265.75	31211	0	170
2025.01.28	12:00:00	21266.75	21293.25	21128.35	21171.35	41602	0	200
2025.01.28	16:00:00	21170.25	21434.45	21031.95	21415.85	67312	0	80
2025.01.28	20:00:00	21415.65	21496.95	21385.15	21436.64	45895	0	80
2025.01.29	00:00:00	21417.75	21452.75	21410.75	21441.45	11089	0	150
2025.01.29	04:00:00	21441.45	21482.65	21433.35	21454.65	10303	0	150
2025.01.29	08:00:00	21467.95	21570.95	21466.25	21541.65	27579	0	160
2025.01.29	12:00:00	21542.05	21563.95	21434.85	21477.85	31051	0	160
2025.01.29	16:00:00	21477.85	21501.35	21333.25	21361.25	62964	0	80
2025.01.29	20:00:00	21362.05	21484.44	21245.25	21464.04	64286	0	90
2025.01.30	00:00:00	21431.25	21545.45	21384.75	21528.85	17718	0	150
2025.01.30	04:00:00	21528.85	21558.55	21524.85	21537.95	12345	0	150
2025.01.30	08:00:00	21538.05	21587.55	21502.25	21512.95	22267	0	150
2025.01.30	12:00:00	21513.15	21548.45	21453.05	21546.05	34968	0	180
2025.01.30	16:00:00	21545.95	21626.75	21298.75	21431.95	70783	0	90
2025.01.30	20:00:00	21432.35	21578.95	21403.75	21496.74	53908	0	80
2025.01.31	00:00:00	21594.25	21658.75	21539.65	21654.05	16633	0	160
2025.01.31	04:00:00	21653.65	21665.65	21601.45	21616.15	15144	0	150
2025.01.31	08:00:00	21616.15	21686.05	21610.85	21661.15	22827	0	150
2025.01.31	12:00:00	21661.65	21691.75	21637.75	21672.25	25623	0	150
2025.01.31	16:00:00	21671.75	21846.55	21630.95	21796.55	63244	0	80
2025.01.31	20:00:00	21796.75	21807.75	21418.24	21449.34	63216	0	80
2025.02.03	00:00:00	20895.85	21042.05	20883.85	20961.25	34333	0	210
2025.02.03	04:00:00	20960.95	20964.55	20864.25	20958.35	32030	0	190
2025.02.03	08:00:00	20957.05	21135.45	20930.45	21067.35	36996	0	210
2025.02.03	12:00:00	21067.45	21156.55	21042.75	21087.45	38708	0	210
2025.02.03	16:00:00	21087.25	21353.55	20999.25	21288.05	72314	0	120
2025.02.03	20:00:00	21287.65	21463.54	21237.75	21461.44	58987	0	80
2025.02.04	00:00:00	21462.45	21474.15	21370.95	21399.35	17040	0	160
2025.02.04	04:00:00	21400.05	21405.35	21133.45	21248.25	26475	0	160
2025.02.04	08:00:00	21248.05	21314.45	21202.95	21260.25	29370	0	210
2025.02.04	12:00:00	21259.15	21387.15	21247.95	21325.45	26801	0	200
2025.02.04	16:00:00	21324.95	21584.85	21296.55	21514.15	65996	0	80
2025.02.04	20:00:00	21513.15	21581.64	21461.05	21491.74	46675	0	80
2025.02.05	00:00:00	21473.95	21516.35	21448.65	21463.35	18786	0	160
2025.02.05	04:00:00	21463.15	21479.85	21423.95	21432.05	20069	0	150
2025.02.05	08:00:00	21433.45	21441.75	21329.85	21333.65	32598	0	170
2025.02.05	12:00:00	21334.25	21444.55	21323.25	21422.65	30857	0	110
2025.02.05	16:00:00	21422.95	21635.95	21394.85	21599.35	62902	0	90
2025.02.05	20:00:00	21601.15	21687.44	21566.85	21648.14	43474	0	90
2025.02.06	00:00:00	21649.45	21693.05	21645.85	21663.45	13350	0	100
2025.02.06	04:00:00	21663.55	21727.75	21653.85	21724.05	15287	0	100
2025.02.06	08:00:00	21724.45	21725.95	21666.75	21689.85	23167	0	100
2025.02.06	12:00:00	21689.95	21704.65	21602.25	21671.65	32018	0	100
2025.02.06	16:00:00	21671.35	21744.05	21633.95	21711.95	57850	0	90
2025.02.06	20:00:00	21711.75	21777.85	21608.55	21732.74	47265	0	90
2025.02.07	00:00:00	21726.15	21798.35	21723.75	21793.75	12223	0	100
2025.02.07	04:00:00	21793.55	21801.25	21747.35	21755.05	13579	0	100
2025.02.07	08:00:00	21755.05	21783.25	21728.75	21757.25	22203	0	100
2025.02.07	12:00:00	21755.95	21806.07	21694.21	21780.35	25346	0	100
2025.02.07	16:00:00	21780.75	21869.55	21488.15	21555.45	71322	0	100
2025.02.07	20:00:00	21555.55	21633.15	21459.15	21487.44	52687	0	90
2025.02.10	00:00:00	21430.95	21602.25	21418.95	21574.15	20364	0	100
2025.02.10	04:00:00	21574.15	21633.45	21562.35	21616.75	14864	0	100
2025.02.10	08:00:00	21617.25	21618.25	21585.85	21611.55	19796	0	100
2025.02.10	12:00:00	21611.55	21687.65	21597.95	21682.65	22084	0	100
2025.02.10	16:00:00	21683.25	21796.15	21646.95	21768.65	56115	0	90
2025.02.10	20:00:00	21768.35	21787.85	21723.74	21738.64	35499	0	90
2025.02.11	00:00:00	21715.25	21720.05	21679.45	21699.55	11455	0	100
2025.02.11	04:00:00	21699.85	21702.15	21655.35	21693.55	14490	0	100
2025.02.11	08:00:00	21693.45	21694.85	21624.35	21632.25	22017	0	100
2025.02.11	12:00:00	21632.05	21674.85	21579.65	21581.15	25935	0	100
2025.02.11	16:00:00	21580.65	21776.45	21575.05	21669.45	60311	0	90
2025.02.11	20:00:00	21669.45	21745.65	21653.45	21698.04	41041	0	90
2025.02.12	00:00:00	21712.55	21738.55	21687.75	21734.45	13182	0	100
2025.02.12	04:00:00	21734.45	21735.55	21674.25	21682.35	12612	0	100
2025.02.12	08:00:00	21682.75	21721.25	21643.35	21676.75	19003	0	100
2025.02.12	12:00:00	21676.75	21755.75	21423.75	21451.85	29055	0	100
2025.02.12	16:00:00	21452.35	21733.25	21418.75	21725.75	68125	0	90
2025.02.12	20:00:00	21726.05	21763.84	21667.55	21763.44	43947	0	90
2025.02.13	00:00:00	21764.45	21823.45	21756.15	21801.95	13158	0	100
2025.02.13	04:00:00	21801.35	21836.65	21783.35	21809.75	13894	0	100
2025.02.13	08:00:00	21809.55	21830.35	21663.55	21738.55	30836	0	100
2025.02.13	12:00:00	21738.55	21808.95	21698.75	21788.05	33037	0	100
2025.02.13	16:00:00	21787.25	21968.05	21746.35	21877.25	60028	0	90
2025.02.13	20:00:00	21877.25	22033.75	21800.95	22000.34	47658	0	90
2025.02.14	00:00:00	21983.25	22053.45	21981.15	22053.35	14541	0	100
2025.02.14	04:00:00	22053.45	22057.25	22023.05	22029.85	12268	0	100
2025.02.14	08:00:00	22029.65	22075.05	22015.55	22037.65	22076	0	100
2025.02.14	12:00:00	22037.65	22039.35	21955.65	22017.85	27737	0	110
2025.02.14	16:00:00	22018.05	22085.35	22004.45	22071.85	55403	0	90
2025.02.14	20:00:00	22073.35	22135.25	22059.45	22117.64	37853	0	90
2025.02.17	00:00:00	22131.95	22170.15	22118.65	22165.25	14104	0	100
2025.02.17	04:00:00	22165.15	22199.65	22160.85	22188.35	12395	0	100
2025.02.17	08:00:00	22188.35	22194.95	22144.45	22165.25	15038	0	100
2025.02.17	12:00:00	22165.25	22187.85	22156.85	22172.35	12112	0	100
2025.02.17	16:00:00	22171.15	22177.45	22110.95	22149.95	22498	0	90
2025.02.18	00:00:00	22142.95	22164.65	22116.55	22161.75	12050	0	100
2025.02.18	04:00:00	22161.65	22187.65	22153.45	22170.85	12080	0	100
2025.02.18	08:00:00	22170.95	22237.35	22168.85	22192.35	22021	0	100
2025.02.18	12:00:00	22192.35	22231.95	22182.15	22229.95	21279	0	100
2025.02.18	16:00:00	22230.45	22237.15	22044.25	22114.35	57596	0	90
2025.02.18	20:00:00	22114.35	22168.64	22023.25	22138.14	41942	0	90
2025.02.19	00:00:00	22167.45	22208.75	22156.25	22196.25	11617	0	100
2025.02.19	04:00:00	22194.95	22213.85	22175.75	22185.25	11720	0	100
2025.02.19	08:00:00	22185.25	22198.45	22163.95	22169.95	17197	0	100
2025.02.19	12:00:00	22169.75	22178.35	22102.65	22127.75	28837	0	100
2025.02.19	16:00:00	22127.85	22178.95	22041.25	22168.45	56015	0	90
2025.02.19	20:00:00	22168.45	22223.05	22118.15	22147.14	44152	0	90
2025.02.20	00:00:00	22153.15	22156.95	22085.65	22091.95	13880	0	100
2025.02.20	04:00:00	22091.65	22113.55	22080.25	22091.45	16015	0	100
2025.02.20	08:00:00	22091.25	22130.25	22063.15	22127.85	20644	0	100
2025.02.20	12:00:00	22127.65	22142.15	22096.45	22125.65	23738	0	100
2025.02.20	16:00:00	22125.85	22145.35	21873.45	21962.55	61164	0	90
2025.02.20	20:00:00	21962.45	22071.54	21950.65	22059.04	44093	0	90
2025.02.21	00:00:00	22081.15	22103.55	22057.45	22070.55	13395	0	100
2025.02.21	04:00:00	22070.95	22087.75	22042.55	22056.45	12597	0	100
2025.02.21	08:00:00	22056.45	22100.15	22035.05	22098.55	19831	0	100
2025.02.21	12:00:00	22098.45	22175.85	22083.75	22154.85	21292	0	100
2025.02.21	16:00:00	22152.75	22167.35	21768.85	21782.85	65649	0	100
2025.02.21	20:00:00	21782.65	21784.75	21594.15	21602.24	56380	0	100
2025.02.24	00:00:00	21649.85	21729.75	21641.25	21682.65	22144	0	110
2025.02.24	04:00:00	21682.75	21736.05	21677.45	21727.55	17315	0	100
2025.02.24	08:00:00	21727.35	21746.65	21636.25	21717.05	30723	0	100
2025.02.24	12:00:00	21716.95	21737.05	21674.65	21734.05	28574	0	100
2025.02.24	16:00:00	21733.95	21739.25	21371.45	21539.35	68373	0	100
2025.02.24	20:00:00	21539.25	21594.15	21341.54	21356.24	53102	0	90
2025.02.25	00:00:00	21372.15	21385.65	21302.85	21378.35	20636	0	110
2025.02.25	04:00:00	21378.15	21387.85	21333.75	21373.15	16797	0	100
2025.02.25	08:00:00	21373.25	21381.05	21238.65	21241.55	36335	0	100
2025.02.25	12:00:00	21240.35	21387.55	21222.85	21339.85	38889	0	110
2025.02.25	16:00:00	21340.05	21349.55	20927.65	21156.55	72238	0	100
2025.02.25	20:00:00	21157.05	21217.25	21058.75	21127.34	60777	0	100
2025.02.26	00:00:00	21172.85	21189.65	21149.25	21155.75	13366	0	100
2025.02.26	04:00:00	21156.05	21218.65	21139.25	21217.95	14673	0	100
2025.02.26	08:00:00	21217.35	21266.55	21201.05	21244.05	23303	0	100
2025.02.26	12:00:00	21244.05	21270.43	21194.53	21211.53	29155	0	110
2025.02.26	16:00:00	21211.73	21347.43	21128.53	21188.03	71092	0	104
2025.02.26	20:00:00	21186.63	21264.24	21003.73	21157.74	63600	0	104
2025.02.27	00:00:00	21183.55	21194.05	21048.63	21108.83	22967	0	114
2025.02.27	04:00:00	21108.83	21204.83	21088.33	21185.93	22982	0	104
2025.02.27	08:00:00	21185.63	21274.93	21180.23	21264.93	32276	0	114
2025.02.27	12:00:00	21264.93	21326.93	21211.43	21249.33	35761	0	114
2025.02.27	16:00:00	21249.23	21322.13	20838.43	20980.73	72553	0	104
2025.02.27	20:00:00	20980.13	21059.63	20525.74	20589.54	64059	0	104
2025.02.28	00:00:00	20612.05	20634.73	20486.23	20573.13	23646	0	110
2025.02.28	04:00:00	20572.83	20592.63	20464.03	20569.83	31910	0	114
2025.02.28	08:00:00	20570.03	20630.53	20501.03	20605.63	28509	0	114
2025.02.28	12:00:00	20605.53	20625.83	20508.60	20546.90	40092	0	114
2025.02.28	16:00:00	20547.00	20724.20	20408.20	20486.40	73214	0	140
2025.02.28	20:00:00	20487.20	20891.00	20432.80	20849.10	63797	0	140
2025.03.03	00:00:00	20943.10	20990.00	20794.60	20898.20	30029	0	150
2025.03.03	04:00:00	20898.10	20955.60	20838.80	20941.50	25659	0	130
2025.03.03	08:00:00	20941.40	20975.20	20842.70	20968.20	38187	0	140
2025.03.03	12:00:00	20968.10	21054.60	20940.50	21019.60	37194	0	140
2025.03.03	16:00:00	21019.30	21074.60	20715.80	20804.50	70882	0	130
2025.03.03	20:00:00	20804.60	20810.80	20272.30	20479.10	64602	0	140
2025.03.04	00:00:00	20455.50	20526.00	20423.60	20433.60	26185	0	150
2025.03.04	04:00:00	20432.80	20543.60	20428.10	20525.60	28355	0	140
2025.03.04	08:00:00	20525.50	20538.30	20422.50	20452.00	40762	0	150
2025.03.04	12:00:00	20451.60	20470.20	20218.20	20281.10	54362	0	150
2025.03.04	16:00:00	20281.10	20385.80	20032.10	20292.90	77260	0	140
2025.03.04	20:00:00	20294.90	20688.60	20268.90	20491.00	67336	0	140
2025.03.05	00:00:00	20528.20	20552.70	20411.50	20460.70	24982	0	140
2025.03.05	04:00:00	20460.70	20525.40	20399.90	20507.70	29923	0	140
2025.03.05	08:00:00	20508.60	20587.10	20471.60	20566.90	37748	0	140
2025.03.05	12:00:00	20567.00	20580.00	20364.60	20377.10	45484	0	150
2025.03.05	16:00:00	20377.10	20533.30	20175.30	20527.90	74561	0	140
2025.03.05	20:00:00	20527.20	20682.40	20404.90	20560.60	61811	0	140
2025.03.06	00:00:00	20588.00	20601.70	20543.40	20573.00	14551	0	140
2025.03.06	04:00:00	20573.40	20606.00	20549.50	20570.90	15422	0	130
2025.03.06	08:00:00	20570.80	20600.80	20335.20	20367.70	39588	0	130
2025.03.06	12:00:00	20367.20	20397.50	20258.50	20285.10	47668	0	150
2025.03.06	16:00:00	20285.00	20471.50	20049.80	20130.50	74394	0	140
2025.03.06	20:00:00	20130.80	20175.00	19961.90	20144.40	65488	0	140
2025.03.07	00:00:00	20178.70	20178.80	20101.20	20156.10	19440	0	140
2025.03.07	04:00:00	20156.30	20176.60	20099.30	20112.80	21657	0	140
2025.03.07	08:00:00	20113.60	20187.00	20073.70	20157.00	35262	0	140
2025.03.07	12:00:00	20158.30	20230.10	20000.00	20026.80	40717	0	140
2025.03.07	16:00:00	20026.00	20201.10	19726.80	19904.30	76100	0	140
2025.03.07	20:00:00	19904.80	20244.90	19903.60	20168.90	63943	0	140
2025.03.10	00:00:00	20062.25	20064.75	19899.15	20031.15	22559	0	210
2025.03.10	04:00:00	20030.75	20118.75	20025.85	20059.35	26378	0	170
2025.03.10	08:00:00	20059.45	20104.65	19914.35	19923.85	32019	0	180
2025.03.10	12:00:00	19923.75	20020.15	19826.35	19877.75	44371	0	210
2025.03.10	16:00:00	19878.35	19902.85	19486.95	19508.65	75027	0	120
2025.03.10	20:00:00	19509.35	19517.55	19237.85	19442.39	65921	0	120
2025.03.11	00:00:00	19426.15	19427.05	19111.35	19174.65	26309	0	210
2025.03.11	04:00:00	19176.05	19461.65	19113.85	19434.05	38265	0	200
2025.03.11	08:00:00	19433.65	19535.55	19371.85	19531.35	34339	0	200
2025.03.11	12:00:00	19530.55	19550.05	19407.85	19420.25	42582	0	210
2025.03.11	16:00:00	19420.65	19580.25	19233.35	19290.05	76779	0	120
2025.03.11	20:00:00	19291.85	19653.85	19170.45	19372.79	67949	0	120
2025.03.12	00:00:00	19373.55	19468.85	19373.55	19435.75	19548	0	200
2025.03.12	04:00:00	19436.25	19461.65	19405.15	19423.65	21303	0	160
2025.03.12	08:00:00	19424.65	19524.85	19356.55	19516.05	30713	0	160
2025.03.12	12:00:00	19517.35	19754.96	19493.25	19691.65	42858	0	200
2025.03.12	16:00:00	19692.15	19744.75	19365.55	19595.95	75852	0	120
2025.03.12	20:00:00	19596.55	19689.35	19502.05	19546.29	61786	0	120
2025.03.13	00:00:00	19559.95	19664.55	19550.85	19614.55	17208	0	190
2025.03.13	04:00:00	19614.45	19626.95	19435.85	19452.25	26462	0	180
2025.03.13	08:00:00	19452.45	19482.35	19371.85	19463.35	41212	0	210
2025.03.13	12:00:00	19463.45	19601.75	19431.55	19526.35	46510	0	180
2025.03.13	16:00:00	19526.35	19561.35	19212.25	19259.25	73919	0	120
2025.03.13	20:00:00	19259.55	19366.55	19141.65	19266.29	61297	0	120
2025.03.14	00:00:00	19284.05	19395.25	19280.75	19370.65	21924	0	200
2025.03.14	04:00:00	19371.25	19428.85	19357.65	19411.95	25183	0	170
2025.03.14	08:00:00	19411.55	19424.55	19340.25	19397.75	32338	0	170
2025.03.14	12:00:00	19397.85	19503.05	19369.05	19465.55	42847	0	200
2025.03.14	16:00:00	19466.15	19679.85	19411.07	19659.05	69398	0	110
2025.03.14	20:00:00	19659.15	19715.05	19584.95	19638.69	59046	0	90
2025.03.17	00:00:00	19636.25	19639.15	19530.15	19580.65	21155	0	160
2025.03.17	04:00:00	19580.65	19607.05	19563.25	19574.65	22433	0	170
2025.03.17	08:00:00	19574.45	19605.75	19533.25	19598.15	27820	0	160
2025.03.17	12:00:00	19598.15	19757.05	19583.25	19731.05	37858	0	180
2025.03.17	16:00:00	19730.75	19826.45	19607.95	19678.15	71191	0	110
2025.03.17	20:00:00	19678.25	19937.75	19653.35	19809.79	57539	0	90
2025.03.18	00:00:00	19826.55	19838.45	19763.65	19775.25	15029	0	160
2025.03.18	04:00:00	19775.25	19787.55	19692.55	19700.35	21462	0	150
2025.03.18	08:00:00	19700.35	19808.45	19699.05	19795.15	26199	0	160
2025.03.18	12:00:00	19795.75	19809.25	19676.55	19679.55	40636	0	190
2025.03.18	16:00:00	19679.45	19704.55	19383.85	19509.35	72229	0	100
2025.03.18	20:00:00	19509.15	19559.45	19434.95	19488.49	59623	0	110
2025.03.19	00:00:00	19490.85	19583.05	19452.85	19561.85	14295	0	180
2025.03.19	04:00:00	19561.65	19572.25	19517.15	19521.55	15921	0	150
2025.03.19	08:00:00	19521.45	19548.15	19446.65	19507.55	25741	0	160
2025.03.19	12:00:00	19507.25	19575.55	19492.15	19546.75	31235	0	180
2025.03.19	16:00:00	19547.75	19721.55	19493.95	19660.35	63413	0	80
2025.03.19	20:00:00	19659.85	19925.15	19566.75	19733.49	58527	0	100
2025.03.20	00:00:00	19745.35	19840.75	19738.55	19831.85	12869	0	160
2025.03.20	04:00:00	19831.35	19875.95	19809.35	19863.95	15213	0	150
2025.03.20	08:00:00	19863.95	19873.75	19820.65	19839.25	21444	0	150
2025.03.20	12:00:00	19839.25	19842.85	19519.55	19611.85	49087	0	200
2025.03.20	16:00:00	19611.45	19888.75	19541.65	19660.15	69567	0	110
2025.03.20	20:00:00	19660.15	19725.35	19580.35	19690.59	55817	0	120
2025.03.21	00:00:00	19687.75	19719.65	19640.45	19706.65	11635	0	160
2025.03.21	04:00:00	19706.15	19725.65	19654.95	19662.35	19417	0	160
2025.03.21	08:00:00	19662.55	19690.05	19557.75	19590.55	30808	0	170
2025.03.21	12:00:00	19591.55	19637.95	19466.95	19474.25	40067	0	0
2025.03.21	16:00:00	19474.05	19692.25	19401.85	19691.35	71896	0	120
2025.03.21	20:00:00	19688.55	19773.19	19598.25	19761.09	55725	0	90
2025.03.24	00:00:00	19876.35	19936.75	19854.95	19921.25	17407	0	160
2025.03.24	04:00:00	19919.95	19925.05	19895.25	19911.15	15219	0	150
2025.03.24	08:00:00	19911.05	20025.25	19909.05	20008.85	21208	0	150
2025.03.24	12:00:00	20009.05	20074.75	19977.75	20071.25	29419	0	170
2025.03.24	16:00:00	20071.35	20179.65	20028.55	20140.65	58864	0	80
2025.03.24	20:00:00	20140.85	20207.55	20107.85	20166.79	44960	0	80
2025.03.25	00:00:00	20160.65	20169.85	20134.35	20168.15	9422	0	150
2025.03.25	04:00:00	20167.95	20174.45	20129.05	20136.15	13392	0	150
2025.03.25	08:00:00	20136.05	20171.75	20093.35	20104.15	17786	0	150
2025.03.25	12:00:00	20104.35	20246.25	20096.05	20206.15	29213	0	170
2025.03.25	16:00:00	20206.35	20294.25	20162.65	20249.85	57626	0	80
2025.03.25	20:00:00	20249.45	20323.29	20201.95	20315.79	43826	0	80
2025.03.26	00:00:00	20315.85	20337.95	20305.85	20328.85	9343	0	150
2025.03.26	04:00:00	20328.75	20328.75	20271.35	20285.35	14869	0	150
2025.03.26	08:00:00	20285.35	20299.25	20242.25	20253.95	21116	0	150
2025.03.26	12:00:00	20254.25	20294.15	20230.95	20281.65	28632	0	160
2025.03.26	16:00:00	20281.55	20287.25	19928.35	19936.15	64473	0	80
2025.03.26	20:00:00	19934.15	19960.85	19848.75	19902.49	53785	0	80
2025.03.27	00:00:00	19877.05	19901.05	19809.25	19877.45	20752	0	170
2025.03.27	04:00:00	19877.75	19952.85	19875.95	19939.65	19722	0	150
2025.03.27	08:00:00	19939.45	19949.25	19826.05	19917.05	31303	0	150
2025.03.27	12:00:00	19917.55	19943.25	19836.35	19870.15	40081	0	200
2025.03.27	16:00:00	19870.05	20004.75	19744.85	19814.55	67924	0	110
2025.03.27	20:00:00	19814.75	19935.25	19780.95	19819.79	56385	0	90
2025.03.28	00:00:00	19806.95	19817.85	19743.75	19795.25	14659	0	150
2025.03.28	04:00:00	19795.05	19808.25	19773.45	19792.35	18061	0	150
2025.03.28	08:00:00	19792.35	19819.25	19656.35	19715.25	31936	0	150
2025.03.28	12:00:00	19715.55	19779.75	19674.25	19675.35	38644	0	180
2025.03.28	16:00:00	19675.75	19776.25	19297.75	19304.15	68927	0	100
2025.03.28	20:00:00	19303.35	19330.25	19194.09	19197.69	55254	0	80
2025.03.31	00:00:00	19116.25	19139.85	18977.75	19029.55	29807	0	180
2025.03.31	04:00:00	19029.75	19088.75	18997.35	19046.25	33867	0	170
2025.03.31	08:00:00	19046.45	19089.25	19011.25	19021.65	42936	0	180
2025.03.31	12:00:00	19020.25	19050.55	18936.25	19038.05	45252	0	210
2025.03.31	16:00:00	19038.15	19103.85	18795.55	19035.85	69615	0	120
2025.03.31	20:00:00	19033.85	19308.25	19026.65	19239.79	58819	0	120
2025.04.01	00:00:00	19219.05	19227.05	19114.05	19139.75	23520	0	190
2025.04.01	04:00:00	19139.55	19206.65	19104.75	19186.25	25974	0	160
2025.04.01	08:00:00	19187.05	19299.35	19170.85	19289.35	37537	0	160
2025.04.01	12:00:00	19289.35	19331.35	19132.45	19203.05	48119	0	190
2025.04.01	16:00:00	19203.05	19465.35	19082.45	19386.05	70396	0	120
2025.04.01	20:00:00	19385.55	19449.79	19207.45	19417.39	59112	0	120
2025.04.02	00:00:00	19432.75	19514.45	19379.95	19394.55	20591	0	190
2025.04.02	04:00:00	19394.55	19425.05	19383.75	19413.15	21266	0	150
2025.04.02	08:00:00	19412.95	19414.05	19321.75	19352.15	32675	0	150
2025.04.02	12:00:00	19351.95	19376.95	19165.95	19210.65	44373	0	200
2025.04.02	16:00:00	19210.15	19653.15	19143.15	19638.35	69745	0	110
2025.04.02	20:00:00	19638.65	19867.09	18902.79	19034.49	66807	0	110
2025.04.03	00:00:00	18780.35	18891.15	18643.35	18818.45	30430	0	210
2025.04.03	04:00:00	18819.15	18971.15	18817.85	18945.35	31800	0	210
2025.04.03	08:00:00	18945.35	18994.45	18846.95	18976.35	37722	0	210
2025.04.03	12:00:00	18974.85	18999.35	18668.55	18674.55	44676	0	210
2025.04.03	16:00:00	18672.85	18896.85	18544.25	18698.55	74508	0	120
2025.04.03	20:00:00	18700.85	18741.85	18449.99	18472.89	63589	0	120
2025.04.04	00:00:00	18529.25	18555.05	18437.15	18515.55	23405	0	200
2025.04.04	04:00:00	18515.55	18541.65	18317.95	18326.25	36234	0	200
2025.04.04	08:00:00	18326.25	18517.15	18304.65	18429.55	54433	0	210
2025.04.04	12:00:00	18436.05	18442.55	17663.45	18051.55	64776	0	210
2025.04.04	16:00:00	18050.95	18114.45	17505.25	17605.05	78498	0	120
2025.04.04	20:00:00	17605.05	17766.15	17241.19	17351.19	71480	0	120
2025.04.07	00:00:00	16556.35	16704.45	16322.45	16628.15	31616	0	210
2025.04.07	04:00:00	16628.35	16884.45	16529.05	16595.95	56131	0	210
2025.04.07	08:00:00	16596.15	16815.85	16341.15	16703.05	56631	0	210
2025.04.07	12:00:00	16702.95	17136.55	16608.55	17026.35	62800	0	210
2025.04.07	16:00:00	17025.15	18216.99	16535.65	17114.09	78317	0	120
2025.04.07	20:00:00	17113.59	17679.69	17108.09	17491.99	69516	0	132
2025.04.08	00:00:00	17526.25	17717.69	17526.25	17575.49	22627	0	200
2025.04.08	04:00:00	17572.69	17746.29	17525.59	17643.09	36225	0	222
2025.04.08	08:00:00	17641.49	17753.05	17531.19	17687.35	40597	0	210
2025.04.08	12:00:00	17687.15	17923.35	17556.35	17846.35	54332	0	210
2025.04.08	16:00:00	17844.65	18218.05	17518.05	17524.05	78705	0	120
2025.04.08	20:00:00	17526.05	17622.75	16836.75	17090.59	72807	0	120
2025.04.09	00:00:00	16970.95	17002.25	16711.45	16765.55	28999	0	210
2025.04.09	04:00:00	16764.05	17065.75	16619.15	16689.55	46224	0	210
2025.04.09	08:00:00	16690.25	17291.45	16605.05	17218.25	48944	0	210
2025.04.09	12:00:00	17217.95	17265.45	16739.25	16996.65	50882	0	210
2025.04.09	16:00:00	16993.75	17462.35	16988.75	17398.35	76630	0	120
2025.04.09	20:00:00	17398.85	19234.59	17290.45	19176.49	70975	0	120
2025.04.10	00:00:00	19099.75	19234.89	18995.39	19078.79	24573	0	210
2025.04.10	04:00:00	19078.19	19129.49	18822.69	18898.39	44396	0	222
2025.04.10	08:00:00	18898.39	19037.45	18558.55	18634.45	54323	0	210
2025.04.10	12:00:00	18634.35	18855.45	18586.05	18675.45	56639	0	210
2025.04.10	16:00:00	18675.45	18751.45	17776.95	18167.75	78084	0	120
2025.04.10	20:00:00	18167.05	18526.55	17894.25	18327.06	70080	0	120
2025.04.11	00:00:00	18380.65	18456.25	17931.25	18043.65	23615	0	210
2025.04.11	04:00:00	18041.65	18405.45	18020.05	18345.25	35457	0	210
2025.04.11	08:00:00	18347.45	18650.75	18173.95	18255.65	49532	0	210
2025.04.11	12:00:00	18254.95	18561.65	18217.05	18351.55	56524	0	210
2025.04.11	16:00:00	18351.55	18647.45	18135.35	18598.45	77076	0	120
2025.04.11	20:00:00	18601.95	18735.45	18457.85	18697.46	64732	0	120
2025.04.14	00:00:00	18929.85	18980.05	18800.95	18876.15	31985	0	210
2025.04.14	04:00:00	18876.45	18995.25	18825.55	18982.25	33953	0	170
2025.04.14	08:00:00	18981.15	19045.05	18932.35	18984.25	36127	0	200
2025.04.14	12:00:00	18984.35	19059.55	18889.25	19048.15	41214	0	210
2025.04.14	16:00:00	19048.35	19117.65	18602.15	18646.85	73967	0	120
2025.04.14	20:00:00	18647.05	18955.95	18637.65	18772.66	64283	0	120
2025.04.15	00:00:00	18756.55	18785.05	18672.85	18776.05	19400	0	200
2025.04.15	04:00:00	18775.05	18811.05	18723.35	18775.15	28052	0	170
2025.04.15	08:00:00	18775.25	18902.15	18731.15	18862.45	38228	0	190
2025.04.15	12:00:00	18862.55	18887.85	18697.85	18797.95	45839	0	210
2025.04.15	16:00:00	18798.55	19006.85	18789.65	18827.15	70544	0	120
2025.04.15	20:00:00	18826.75	18871.65	18747.85	18803.36	57939	0	120
2025.04.16	00:00:00	18598.15	18640.85	18501.55	18534.55	26090	0	200
2025.04.16	04:00:00	18534.55	18594.65	18522.05	18531.05	25900	0	170
2025.04.16	08:00:00	18532.45	18723.85	18369.05	18575.85	48216	0	200
2025.04.16	12:00:00	18576.25	18626.65	18495.25	18500.55	44514	0	210
2025.04.16	16:00:00	18501.05	18599.95	18376.05	18429.25	69761	0	120
2025.04.16	20:00:00	18429.75	18464.45	17987.05	18259.36	64798	0	120
2025.04.17	00:00:00	18293.95	18369.95	18218.75	18360.35	21416	0	200
2025.04.17	04:00:00	18358.15	18420.75	18325.35	18413.25	25958	0	170
2025.04.17	08:00:00	18413.55	18528.05	18394.75	18414.95	39679	0	170
2025.04.17	12:00:00	18415.05	18501.25	18333.95	18410.15	47972	0	210
2025.04.17	16:00:00	18409.95	18425.65	18142.15	18334.35	74410	0	120
2025.04.17	20:00:00	18335.65	18406.05	18210.55	18309.76	60566	0	120
2025.04.21	00:00:00	18191.25	18259.35	18140.35	18189.95	16652	0	190
2025.04.21	04:00:00	18190.15	18202.45	18078.15	18108.65	24660	0	160
2025.04.21	08:00:00	18108.65	18144.55	18033.75	18059.85	22095	0	170
2025.04.21	12:00:00	18060.35	18101.35	17968.15	18009.45	30200	0	190
2025.04.21	16:00:00	18009.45	18052.95	17671.85	17679.75	64622	0	100
2025.04.21	20:00:00	17679.65	17836.85	17585.45	17803.16	54869	0	90
2025.04.22	00:00:00	17787.85	17908.05	17751.45	17882.65	17958	0	190
2025.04.22	04:00:00	17883.05	17953.45	17837.05	17872.65	30083	0	190
2025.04.22	08:00:00	17871.85	18057.55	17858.85	18000.25	38100	0	190
2025.04.22	12:00:00	18000.75	18026.35	17930.95	18025.25	37224	0	200
2025.04.22	16:00:00	18024.95	18400.05	17988.45	18335.85	65639	0	110
2025.04.22	20:00:00	18335.85	18378.35	18098.45	18236.56	58245	0	100
2025.04.23	00:00:00	18631.45	18688.15	18531.95	18588.75	29422	0	200
2025.04.23	04:00:00	18589.55	18623.65	18512.25	18611.75	28539	0	180
2025.04.23	08:00:00	18611.55	18745.95	18569.15	18718.15	37548	0	200
2025.04.23	12:00:00	18718.45	18859.45	18701.95	18853.95	39801	0	190
2025.04.23	16:00:00	18853.75	19052.75	18632.35	18800.85	73060	0	120
2025.04.23	20:00:00	18799.55	18849.65	18615.25	18741.96	64649	0	120
2025.04.24	00:00:00	18654.85	18761.95	18627.25	18726.95	21802	0	200
2025.04.24	04:00:00	18728.65	18736.15	18599.75	18650.05	26404	0	170
2025.04.24	08:00:00	18650.45	18667.85	18482.85	18517.35	40879	0	170
2025.04.24	12:00:00	18517.05	18750.45	18517.05	18739.25	45267	0	200
2025.04.24	16:00:00	18738.95	19165.95	18711.55	19150.25	66435	0	100
2025.04.24	20:00:00	19150.25	19291.86	19092.25	19230.36	55993	0	80
2025.04.25	00:00:00	19250.35	19348.95	19240.85	19343.25	20054	0	170
2025.04.25	04:00:00	19343.55	19383.75	19251.05	19295.55	28930	0	180
2025.04.25	08:00:00	19295.85	19361.45	19260.85	19290.25	36151	0	200
2025.04.25	12:00:00	19290.05	19298.45	19105.35	19133.35	45835	0	200
2025.04.25	16:00:00	19133.25	19362.25	19105.05	19360.65	67629	0	90
2025.04.25	20:00:00	19360.65	19479.76	19268.65	19443.46	55903	0	80
2025.04.28	00:00:00	19374.95	19408.45	19300.55	19309.85	11076	0	150
2025.04.28	04:00:00	19309.85	19346.55	19288.95	19308.45	17543	0	150
2025.04.28	08:00:00	19307.15	19414.35	19301.15	19396.65	29121	0	170
2025.04.28	12:00:00	19396.75	19445.75	19362.55	19436.15	32708	0	180
2025.04.28	16:00:00	19435.85	19519.05	19163.35	19213.65	67788	0	90
2025.04.28	20:00:00	19212.65	19474.65	19154.75	19371.46	54941	0	90
2025.04.29	00:00:00	19367.25	19457.45	19353.35	19450.65	15411	0	160
2025.04.29	04:00:00	19450.55	19527.55	19438.85	19449.95	21785	0	170
2025.04.29	08:00:00	19449.85	19517.55	19423.25	19478.45	29927	0	170
2025.04.29	12:00:00	19478.45	19486.05	19342.75	19346.35	38581	0	180
2025.04.29	16:00:00	19346.65	19511.75	19276.55	19390.85	70181	0	100
2025.04.29	20:00:00	19391.05	19583.35	19380.65	19477.26	57632	0	80
2025.04.30	00:00:00	19474.15	19506.95	19415.95	19427.55	17438	0	160
2025.04.30	04:00:00	19427.65	19440.45	19381.55	19415.85	24203	0	160
2025.04.30	08:00:00	19415.85	19518.95	19401.65	19471.65	30288	0	170
2025.04.30	12:00:00	19471.55	19510.75	19154.75	19182.85	36892	0	170
2025.04.30	16:00:00	19183.85	19372.25	19002.39	19338.15	72639	0	120
2025.04.30	20:00:00	19338.45	19774.46	19237.35	19749.46	63949	0	110
2025.05.01	00:00:00	19767.35	19853.65	19761.45	19845.95	22220	0	180
2025.05.01	04:00:00	19846.15	19866.65	19807.05	19840.95	18720	0	150
2025.05.01	08:00:00	19841.35	19886.45	19800.95	19883.25	25429	0	170
2025.05.01	12:00:00	19883.45	19933.65	19849.21	19853.15	34816	0	190
2025.05.01	16:00:00	19852.95	20025.45	19766.35	19844.15	69540	0	90
2025.05.01	20:00:00	19844.25	19949.45	19657.96	19698.76	59718	0	80
2025.05.02	00:00:00	19667.65	19874.05	19655.95	19848.45	23324	0	170
2025.05.02	04:00:00	19846.75	19906.75	19812.55	19890.95	30771	0	160
2025.05.02	08:00:00	19890.95	19894.35	19773.55	19776.05	37392	0	160
2025.05.02	12:00:00	19775.75	20010.95	19769.95	20001.05	40813	0	190
2025.05.02	16:00:00	20001.55	20168.05	19926.25	20144.05	69058	0	80
2025.05.02	20:00:00	20143.85	20176.75	20055.85	20082.76	54221	0	80
2025.05.05	00:00:00	20065.75	20077.25	19963.25	20013.45	19507	0	190
2025.05.05	04:00:00	20013.35	20013.45	19901.55	19946.25	27574	0	170
2025.05.05	08:00:00	19946.55	20008.45	19887.95	19909.95	28739	0	180
2025.05.05	12:00:00	19910.15	19937.95	19877.95	19911.95	30392	0	190
2025.05.05	16:00:00	19911.75	20054.65	19893.65	20043.55	63647	0	80
2025.05.05	20:00:00	20043.45	20101.15	19912.36	19942.76	49429	0	80
2025.05.06	00:00:00	19931.45	19948.45	19887.95	19905.55	11788	0	150
2025.05.06	04:00:00	19905.25	19915.65	19844.55	19885.15	21857	0	150
2025.05.06	08:00:00	19885.25	19887.95	19744.35	19784.95	32546	0	160
2025.05.06	12:00:00	19785.35	19818.85	19715.25	19752.35	38364	0	180
2025.05.06	16:00:00	19751.25	19939.85	19652.05	19778.65	67734	0	90
2025.05.06	20:00:00	19778.65	19884.45	19720.06	19760.46	57465	0	80
2025.05.07	00:00:00	19964.25	20042.95	19916.25	19997.15	29441	0	200
2025.05.07	04:00:00	19996.85	20019.95	19891.95	19927.35	31115	0	170
2025.05.07	08:00:00	19927.65	19938.75	19866.85	19920.85	32520	0	180
2025.05.07	12:00:00	19920.95	19943.85	19822.75	19847.55	31861	0	180
2025.05.07	16:00:00	19847.25	19893.05	19705.35	19812.15	68387	0	100
2025.05.07	20:00:00	19812.25	19972.05	19596.05	19878.46	62841	0	80
2025.05.08	00:00:00	19835.95	19957.35	19835.35	19946.35	15847	0	170
2025.05.08	04:00:00	19945.65	20116.95	19932.95	20102.95	31637	0	170
2025.05.08	08:00:00	20103.15	20149.85	20043.35	20145.15	30465	0	180
2025.05.08	12:00:00	20145.25	20181.25	20055.05	20093.65	33006	0	170
2025.05.08	16:00:00	20094.85	20248.95	19900.25	20243.45	68901	0	80
2025.05.08	20:00:00	20242.85	20247.55	20056.35	20076.06	56239	0	80
2025.05.09	00:00:00	20064.15	20090.35	20000.45	20040.95	17493	0	170
2025.05.09	04:00:00	20040.85	20120.05	20031.85	20102.55	24405	0	160
2025.05.09	08:00:00	20102.45	20151.25	20075.95	20093.65	30685	0	180
2025.05.09	12:00:00	20092.85	20202.95	20062.25	20151.65	33205	0	170
2025.05.09	16:00:00	20151.85	20199.25	19977.75	20010.95	66697	0	80
2025.05.09	20:00:00	20011.15	20107.05	19984.65	20053.26	52712	0	80
2025.05.12	00:00:00	20351.15	20433.15	20303.45	20419.25	22775	0	190
2025.05.12	04:00:00	20418.65	20471.95	20413.95	20452.45	21263	0	150
2025.05.12	08:00:00	20452.55	20851.75	20445.15	20797.45	39999	0	150
2025.05.12	12:00:00	20797.65	20912.55	20795.45	20837.75	45123	0	190
2025.05.12	16:00:00	20838.05	20861.05	20606.95	20796.15	67022	0	80
2025.05.12	20:00:00	20796.45	20910.06	20774.35	20868.86	51152	0	80
2025.05.13	00:00:00	20872.75	20881.35	20784.25	20792.85	17304	0	160
2025.05.13	04:00:00	20793.05	20812.55	20736.35	20757.85	22026	0	160
2025.05.13	08:00:00	20757.65	20800.05	20743.55	20752.15	27835	0	170
2025.05.13	12:00:00	20752.35	20976.62	20746.35	20926.35	32165	0	170
2025.05.13	16:00:00	20926.35	21254.55	20892.15	21238.05	65304	0	80
2025.05.13	20:00:00	21237.85	21262.55	21163.16	21177.26	51208	0	80
2025.05.14	00:00:00	21174.05	21220.45	21172.05	21187.95	13962	0	150
2025.05.14	04:00:00	21187.65	21235.35	21166.85	21227.15	18806	0	150
2025.05.14	08:00:00	21226.85	21273.35	21176.85	21193.85	28918	0	150
2025.05.14	12:00:00	21193.55	21302.45	21158.05	21244.35	33056	0	160
2025.05.14	16:00:00	21244.55	21340.25	21196.25	21287.85	65974	0	80
2025.05.14	20:00:00	21288.05	21330.76	21202.45	21319.76	53976	0	80
2025.05.15	00:00:00	21283.45	21306.75	21273.95	21298.05	12355	0	150
2025.05.15	04:00:00	21297.85	21328.85	21281.85	21301.05	15939	0	150
2025.05.15	08:00:00	21301.35	21303.55	21115.55	21131.85	31899	0	160
2025.05.15	12:00:00	21132.05	21246.15	21108.85	21204.95	34689	0	180
2025.05.15	16:00:00	21204.85	21409.35	21165.55	21408.85	64822	0	80
2025.05.15	20:00:00	21408.95	21445.95	21220.45	21320.26	54326	0	80
2025.05.16	00:00:00	21304.55	21352.95	21276.15	21278.65	12354	0	150
2025.05.16	04:00:00	21278.65	21336.75	21267.45	21320.55	17377	0	150
2025.05.16	08:00:00	21320.55	21395.75	21279.55	21378.95	22812	0	150
2025.05.16	12:00:00	21379.05	21418.85	21348.65	21356.85	26066	0	160
2025.05.16	16:00:00	21356.55	21421.25	21242.65	21348.35	63119	0	80
2025.05.16	20:00:00	21348.65	21432.65	21341.15	21376.46	44574	0	80
2025.05.19	00:00:00	21261.45	21337.65	21185.55	21223.45	23225	0	160
2025.05.19	04:00:00	21223.25	21229.35	21117.05	21141.85	26500	0	160
2025.05.19	08:00:00	21142.05	21209.45	21033.85	21055.95	35113	0	170
2025.05.19	12:00:00	21055.25	21140.55	21039.05	21133.15	32865	0	180
2025.05.19	16:00:00	21133.45	21423.65	21076.15	21419.45	62817	0	80
2025.05.19	20:00:00	21419.45	21464.75	21366.05	21434.56	47734	0	80
2025.05.20	00:00:00	21426.25	21484.95	21416.35	21437.25	13092	0	150
2025.05.20	04:00:00	21436.85	21436.85	21344.55	21370.35	21971	0	150
2025.05.20	08:00:00	21370.25	21409.35	21316.75	21356.75	29324	0	170
2025.05.20	12:00:00	21357.25	21406.55	21338.25	21358.35	26352	0	160
2025.05.20	16:00:00	21358.75	21398.65	21279.15	21385.65	61116	0	80
2025.05.20	20:00:00	21385.95	21399.85	21224.35	21342.36	52466	0	80
2025.05.21	00:00:00	21336.05	21369.55	21269.75	21349.85	16858	0	150
2025.05.21	04:00:00	21349.85	21360.95	21276.25	21284.55	19923	0	150
2025.05.21	08:00:00	21284.25	21310.45	21212.65	21249.05	28609	0	160
2025.05.21	12:00:00	21249.65	21281.35	21156.15	21239.05	33783	0	180
2025.05.21	16:00:00	21238.55	21484.35	21188.75	21441.35	63804	0	80
2025.05.21	20:00:00	21443.05	21449.25	20999.75	21075.26	62910	0	110
2025.05.22	00:00:00	21082.45	21128.45	21041.85	21125.65	18776	0	170
2025.05.22	04:00:00	21125.35	21136.25	21074.35	21093.45	18163	0	150
2025.05.22	08:00:00	21092.65	21155.05	21084.25	21125.95	28871	0	150
2025.05.22	12:00:00	21125.75	21171.35	20968.65	21119.35	39799	0	170
2025.05.22	16:00:00	21119.15	21257.05	21042.15	21147.65	69197	0	90
2025.05.22	20:00:00	21148.35	21265.35	21095.75	21132.26	54591	0	80
2025.05.23	00:00:00	21138.35	21143.75	21066.25	21132.95	14984	0	160
2025.05.23	04:00:00	21132.95	21148.45	21083.25	21093.25	18870	0	150
2025.05.23	08:00:00	21093.35	21171.05	21033.65	21127.55	28302	0	150
2025.05.23	12:00:00	21126.95	21131.65	20668.15	20741.35	47185	0	190
2025.05.23	16:00:00	20741.05	20949.95	20699.15	20925.45	69103	0	90
2025.05.23	20:00:00	20925.35	21024.95	20872.56	20885.56	55511	0	90
2025.05.26	00:00:00	20937.35	21172.25	20936.35	21130.15	23538	0	180
2025.05.26	04:00:00	21129.65	21176.45	21111.75	21163.75	21013	0	150
2025.05.26	08:00:00	21163.55	21229.45	21132.95	21189.65	22455	0	150
2025.05.26	12:00:00	21189.55	21231.95	21186.75	21205.35	14060	0	150
2025.05.26	16:00:00	21205.45	21250.85	21158.85	21227.35	29169	0	80
2025.05.27	00:00:00	21211.65	21227.15	21147.55	21185.85	14850	0	160
2025.05.27	04:00:00	21185.05	21185.25	21086.95	21121.05	18953	0	150
2025.05.27	08:00:00	21121.05	21304.15	21104.65	21258.55	28620	0	150
2025.05.27	12:00:00	21258.65	21297.05	21199.65	21221.05	31105	0	180
2025.05.27	16:00:00	21221.25	21401.85	21138.75	21373.45	55367	0	80
2025.05.27	20:00:00	21373.25	21430.05	21356.45	21415.86	39575	0	80
2025.05.28	00:00:00	21408.95	21428.55	21397.75	21413.25	11348	0	150
2025.05.28	04:00:00	21413.55	21427.25	21380.05	21382.35	14905	0	150
2025.05.28	08:00:00	21382.55	21406.35	21360.55	21363.25	21544	0	150
2025.05.28	12:00:00	21363.25	21481.35	21351.05	21450.85	28779	0	160
2025.05.28	16:00:00	21450.45	21508.35	21372.55	21409.95	57577	0	80
2025.05.28	20:00:00	21409.95	21459.45	21277.06	21447.06	51038	0	80
2025.05.29	00:00:00	21452.65	21780.05	21443.15	21768.85	34081	0	180
2025.05.29	04:00:00	21768.65	21771.05	21701.05	21744.05	30432	0	160
2025.05.29	08:00:00	21744.05	21806.05	21694.25	21730.05	29505	0	160
2025.05.29	12:00:00	21731.05	21765.85	21568.25	21592.05	40892	0	180
2025.05.29	16:00:00	21592.25	21640.25	21250.05	21405.25	67848	0	90
2025.05.29	20:00:00	21404.25	21430.75	21265.75	21334.86	55454	0	80
2025.05.30	00:00:00	21317.75	21342.65	21263.25	21289.55	18087	0	170
2025.05.30	04:00:00	21289.55	21312.75	21216.75	21299.25	20692	0	150
2025.05.30	08:00:00	21299.25	21361.95	21269.35	21310.25	30791	0	170
2025.05.30	12:00:00	21310.25	21370.95	21176.95	21284.85	33987	0	180
2025.05.30	16:00:00	21285.05	21349.45	21026.55	21067.65	67942	0	100
2025.05.30	20:00:00	21067.45	21389.05	21047.65	21308.26	58960	0	90
2025.06.02	00:00:00	21279.75	21305.85	21235.05	21252.25	16346	0	170
2025.06.02	04:00:00	21253.25	21271.25	21176.55	21193.55	22247	0	150
2025.06.02	08:00:00	21193.45	21224.35	21120.65	21192.55	33808	0	170
2025.06.02	12:00:00	21192.85	21251.55	21159.05	21242.65	32195	0	190
2025.06.02	16:00:00	21242.25	21415.75	21193.05	21404.15	65937	0	80
2025.06.02	20:00:00	21404.25	21533.36	21383.65	21514.86	49626	0	80
2025.06.03	00:00:00	21495.75	21504.55	21427.25	21443.65	13311	0	150
2025.06.03	04:00:00	21443.95	21460.05	21397.35	21413.25	16523	0	150
2025.06.03	08:00:00	21413.45	21440.55	21359.15	21403.95	27039	0	150
2025.06.03	12:00:00	21403.65	21502.55	21391.05	21494.25	29305	0	170
2025.06.03	16:00:00	21493.85	21706.35	21470.85	21696.85	58941	0	80
2025.06.03	20:00:00	21697.65	21718.35	21595.55	21652.26	48100	0	80
2025.06.04	00:00:00	21654.85	21687.15	21652.05	21660.45	13344	0	150
2025.06.04	04:00:00	21660.45	21671.45	21628.25	21638.85	15658	0	150
2025.06.04	08:00:00	21638.85	21709.15	21634.85	21678.25	23330	0	150
2025.06.04	12:00:00	21678.75	21727.65	21616.55	21669.85	29827	0	150
2025.06.04	16:00:00	21669.85	21754.25	21602.55	21715.05	63603	0	80
2025.06.04	20:00:00	21715.05	21762.85	21703.36	21717.96	42703	0	80
2025.06.05	00:00:00	21706.35	21732.35	21698.85	21706.75	10959	0	150
2025.06.05	04:00:00	21706.45	21720.65	21693.15	21709.85	13661	0	150
2025.06.05	08:00:00	21709.85	21802.85	21686.15	21750.85	22700	0	150
2025.06.05	12:00:00	21750.55	21855.95	21674.12	21762.05	30639	0	160
2025.06.05	16:00:00	21759.95	21889.95	21633.45	21648.65	68540	0	80
2025.06.05	20:00:00	21645.25	21751.25	21465.55	21514.76	62246	0	80
2025.06.06	00:00:00	21458.85	21553.25	21451.15	21537.25	17284	0	160
2025.06.06	04:00:00	21537.45	21616.95	21529.15	21615.75	16582	0	150
2025.06.06	08:00:00	21615.15	21651.75	21595.75	21627.45	25123	0	160
2025.06.06	12:00:00	21627.55	21748.45	21608.95	21727.85	30553	0	170
2025.06.06	16:00:00	21727.35	21832.75	21692.35	21725.45	66863	0	80
2025.06.06	20:00:00	21725.65	21839.05	21707.45	21773.86	49067	0	80
2025.06.09	00:00:00	21772.15	21781.95	21697.95	21718.05	16445	0	160
2025.06.09	04:00:00	21717.65	21725.15	21686.35	21716.25	14009	0	150
2025.06.09	08:00:00	21716.15	21769.35	21698.95	21761.35	20866	0	150
2025.06.09	12:00:00	21761.45	21793.15	21733.25	21766.65	22255	0	150
2025.06.09	16:00:00	21767.15	21858.75	21722.65	21841.85	57899	0	80
2025.06.09	20:00:00	21841.85	21853.05	21769.06	21786.96	42013	0	80
2025.06.10	00:00:00	21811.25	21847.05	21790.55	21839.15	8937	0	150
2025.06.10	04:00:00	21839.15	21948.25	21838.45	21892.95	16723	0	150
2025.06.10	08:00:00	21892.85	21906.05	21708.15	21788.45	39538	0	150
2025.06.10	12:00:00	21787.75	21842.15	21780.05	21829.85	26655	0	170
2025.06.10	16:00:00	21831.05	21887.85	21718.65	21883.35	59335	0	80
2025.06.10	20:00:00	21883.75	21965.75	21794.55	21923.66	48651	0	80
2025.06.11	00:00:00	21925.05	21976.05	21885.75	21889.05	16123	0	150
2025.06.11	04:00:00	21888.95	21898.15	21847.25	21850.95	16109	0	150
2025.06.11	08:00:00	21851.35	21932.45	21840.75	21917.25	22930	0	160
2025.06.11	12:00:00	21917.15	22067.85	21856.45	22003.85	31129	0	150
2025.06.11	16:00:00	22003.75	22042.65	21884.85	21954.15	61654	0	80
2025.06.11	20:00:00	21954.35	21994.65	21767.45	21857.66	56080	0	80
2025.06.12	00:00:00	21826.65	21871.85	21761.25	21779.25	15216	0	160
2025.06.12	04:00:00	21779.35	21808.65	21732.75	21808.05	17060	0	150
2025.06.12	08:00:00	21807.95	21836.45	21695.65	21776.75	29286	0	150
2025.06.12	12:00:00	21776.65	21825.75	21713.25	21812.75	36520	0	180
2025.06.12	16:00:00	21812.95	21955.15	21797.55	21902.15	62372	0	80
2025.06.12	20:00:00	21902.55	21945.85	21870.95	21892.26	44429	0	80
2025.06.13	00:00:00	21871.75	21874.85	21507.65	21547.55	22200	0	150
2025.06.13	04:00:00	21547.55	21597.45	21451.85	21522.65	39529	0	190
2025.06.13	08:00:00	21523.45	21642.65	21503.45	21583.35	39806	0	190
2025.06.13	12:00:00	21583.55	21685.15	21560.65	21641.05	41405	0	190
2025.06.13	16:00:00	21641.35	21837.35	21602.35	21811.45	63150	0	80
2025.06.13	20:00:00	21810.85	21817.35	21586.75	21635.66	57599	0	80
2025.06.16	00:00:00	21585.65	21691.15	21537.85	21681.05	20986	0	170
2025.06.16	04:00:00	21680.95	21704.85	21652.75	21667.25	15566	0	150
2025.06.16	08:00:00	21667.35	21775.55	21666.35	21766.35	27452	0	150
2025.06.16	12:00:00	21765.75	21826.15	21717.75	21800.55	26885	0	150
2025.06.16	16:00:00	21800.75	21981.85	21775.45	21924.65	58665	0	80
2025.06.16	20:00:00	21924.75	21966.55	21897.75	21933.16	45855	0	80
2025.06.17	00:00:00	21924.95	21926.05	21771.85	21849.65	25594	0	150
2025.06.17	04:00:00	21849.85	21876.65	21783.65	21832.25	28313	0	170
2025.06.17	08:00:00	21832.15	21886.35	21770.05	21826.55	34436	0	170
2025.06.17	12:00:00	21826.55	21858.05	21760.45	21815.85	33244	0	170
2025.06.17	16:00:00	21815.75	21896.15	21790.25	21800.85	59587	0	80
2025.06.17	20:00:00	21799.45	21821.45	21674.45	21710.36	53658	0	80
2025.06.18	00:00:00	21675.05	21752.95	21629.85	21743.75	19047	0	170
2025.06.18	04:00:00	21743.75	21776.55	21711.85	21746.35	17737	0	150
2025.06.18	08:00:00	21746.35	21802.95	21744.95	21797.65	23765	0	150
2025.06.18	12:00:00	21797.85	21830.75	21718.05	21754.35	26812	0	150
2025.06.18	16:00:00	21755.65	21864.85	21694.85	21796.45	56232	0	80
2025.06.18	20:00:00	21796.45	21848.25	21652.85	21732.66	54863	0	80
2025.06.19	00:00:00	21723.06	21727.46	21617.55	21661.35	12396	0	150
2025.06.19	04:00:00	21661.65	21672.05	21560.15	21667.45	18842	0	150
2025.06.19	08:00:00	21667.55	21667.85	21552.25	21596.05	28201	0	150
2025.06.19	12:00:00	21596.15	21625.15	21514.25	21533.05	25581	0	150
2025.06.19	16:00:00	21531.95	21556.15	21421.45	21468.25	42354	0	80
2025.06.20	00:00:00	21602.76	21695.16	21588.86	21656.75	20884	0	170
2025.06.20	04:00:00	21657.45	21690.05	21616.75	21677.85	18323	0	150
2025.06.20	08:00:00	21677.85	21721.95	21632.35	21638.15	26631	0	160
2025.06.20	12:00:00	21638.15	21812.15	21636.65	21802.35	31645	0	170
2025.06.20	16:00:00	21802.35	21903.25	21552.55	21664.95	64401	0	80
2025.06.20	20:00:00	21664.95	21690.65	21546.15	21654.36	50852	0	80
2025.06.23	00:00:00	21482.56	21567.86	21461.16	21515.65	24357	0	170
2025.06.23	04:00:00	21515.85	21557.35	21497.15	21549.35	17510	0	150
2025.06.23	08:00:00	21549.05	21728.25	21548.55	21691.45	29647	0	150
2025.06.23	12:00:00	21691.25	21718.25	21560.15	21667.35	32900	0	160
2025.06.23	16:00:00	21668.05	21801.25	21521.35	21623.25	65890	0	80
2025.06.23	20:00:00	21623.95	21875.35	21604.85	21858.66	51418	0	80
2025.06.24	00:00:00	21916.66	22038.15	21905.16	22010.35	20444	0	180
2025.06.24	04:00:00	22010.45	22053.95	21997.65	22026.45	20163	0	150
2025.06.24	08:00:00	22026.45	22161.55	22024.75	22084.95	35181	0	150
2025.06.24	12:00:00	22084.65	22132.65	22032.85	22067.05	30958	0	150
2025.06.24	16:00:00	22067.45	22196.45	22041.95	22179.25	52745	0	80
2025.06.24	20:00:00	22179.85	22223.95	22159.25	22190.46	34833	0	80
2025.06.25	00:00:00	22167.26	22211.95	22164.56	22203.15	10766	0	150
2025.06.25	04:00:00	22203.15	22204.95	22171.65	22203.65	11162	0	150
2025.06.25	08:00:00	22203.55	22214.85	22184.25	22212.65	17977	0	150
2025.06.25	12:00:00	22213.05	22287.55	22192.65	22286.45	21884	0	150
2025.06.25	16:00:00	22286.15	22326.85	22190.65	22222.55	56299	0	80
2025.06.25	20:00:00	22223.15	22257.76	22167.65	22243.96	41087	0	80
2025.06.26	00:00:00	22248.16	22268.16	22219.15	22256.75	11656	0	150
2025.06.26	04:00:00	22256.75	22286.75	22242.55	22285.65	12465	0	150
2025.06.26	08:00:00	22285.55	22357.35	22274.75	22342.25	20357	0	150
2025.06.26	12:00:00	22342.35	22365.35	22301.25	22335.25	23346	0	150
2025.06.26	16:00:00	22334.25	22411.55	22257.55	22385.15	52525	0	80
2025.06.26	20:00:00	22385.15	22469.95	22375.65	22449.36	36568	0	80
2025.06.27	00:00:00	22459.86	22488.16	22447.75	22449.45	11888	0	150
2025.06.27	04:00:00	22449.25	22489.05	22444.45	22470.75	11598	0	150
2025.06.27	08:00:00	22470.45	22541.35	22470.05	22529.55	18160	0	150
2025.06.27	12:00:00	22529.85	22569.05	22506.65	22514.05	20832	0	150
2025.06.27	16:00:00	22513.85	22602.85	22469.85	22577.85	52189	0	80
2025.06.27	20:00:00	22577.55	22580.75	22383.15	22512.76	51468	0	80
2025.06.30	00:00:00	22556.26	22628.65	22539.16	22615.45	15417	0	150
2025.06.30	04:00:00	22615.25	22666.75	22594.75	22656.05	13537	0	150
2025.06.30	08:00:00	22655.75	22683.15	22631.65	22655.75	19851	0	150
2025.06.30	12:00:00	22655.65	22696.55	22636.35	22649.15	19031	0	150
2025.06.30	16:00:00	22649.65	22671.15	22577.95	22623.95	52224	0	80
2025.06.30	20:00:00	22624.45	22716.05	22564.55	22657.76	42999	0	80
2025.07.01	00:00:00	22662.56	22691.15	22632.85	22686.85	9213	0	150
2025.07.01	04:00:00	22687.35	22700.95	22642.55	22645.55	12511	0	150
2025.07.01	08:00:00	22645.55	22653.05	22607.25	22633.65	20662	0	150
2025.07.01	12:00:00	22632.75	22637.25	22544.15	22582.35	22394	0	150
2025.07.01	16:00:00	22582.35	22632.85	22384.05	22489.35	63202	0	80
2025.07.01	20:00:00	22489.35	22550.65	22436.25	22477.76	44916	0	80
2025.07.02	00:00:00	22489.86	22516.75	22480.26	22501.25	9757	0	150
2025.07.02	04:00:00	22501.35	22568.85	22463.55	22560.45	14756	0	150
2025.07.02	08:00:00	22560.55	22566.55	22490.65	22497.75	22667	0	150
2025.07.02	12:00:00	22497.65	22505.95	22373.15	22404.65	28408	0	150
2025.07.02	16:00:00	22404.25	22634.45	22392.05	22630.35	55730	0	80
2025.07.02	20:00:00	22630.65	22643.25	22598.65	22641.96	34359	0	80
2025.07.03	00:00:00	22641.16	22646.95	22621.66	22641.25	7631	0	150
2025.07.03	04:00:00	22640.75	22671.85	22617.45	22657.35	11952	0	150
2025.07.03	08:00:00	22657.35	22690.95	22641.25	22646.65	15120	0	150
2025.07.03	12:00:00	22646.15	22726.55	22624.35	22685.65	23878	0	150
2025.07.03	16:00:00	22685.65	22900.95	22684.05	22857.55	50199	0	80
2025.07.03	20:00:00	22857.75	22869.45	22833.55	22851.95	2892	0	80
2025.07.04	00:00:00	22835.46	22864.36	22819.75	22828.35	8849	0	150
2025.07.04	04:00:00	22828.85	22852.15	22794.85	22808.25	12107	0	150
2025.07.04	08:00:00	22808.35	22812.75	22722.25	22727.05	21410	0	150
2025.07.04	12:00:00	22726.75	22751.15	22681.35	22721.75	26346	0	150
2025.07.04	16:00:00	22721.95	22742.05	22687.95	22707.75	26005	0	80
2025.07.07	00:00:00	22789.86	22821.86	22760.75	22770.85	14659	0	150
2025.07.07	04:00:00	22770.65	22791.05	22714.75	22747.35	18578	0	150
2025.07.07	08:00:00	22747.65	22752.15	22709.35	22713.75	21583	0	150
2025.07.07	12:00:00	22713.65	22801.65	22709.35	22751.55	21806	0	150
2025.07.07	16:00:00	22751.95	22776.35	22634.75	22671.15	58749	0	80
2025.07.07	20:00:00	22671.35	22727.55	22584.35	22624.36	47108	0	80
2025.07.08	00:00:00	22635.06	22717.55	22613.36	22710.15	13429	0	150
2025.07.08	04:00:00	22709.15	22742.25	22690.45	22713.95	14748	0	150
2025.07.08	08:00:00	22714.15	22775.35	22708.65	22750.05	18580	0	150
2025.07.08	12:00:00	22749.15	22760.55	22710.35	22743.35	20354	0	150
2025.07.08	16:00:00	22743.25	22766.65	22645.65	22720.75	56303	0	80
2025.07.08	20:00:00	22722.05	22745.25	22675.35	22705.56	38997	0	80
2025.07.09	00:00:00	22723.96	22729.35	22670.55	22681.35	6940	0	150
2025.07.09	04:00:00	22681.15	22706.55	22660.55	22698.15	12610	0	150
2025.07.09	08:00:00	22698.35	22709.25	22649.85	22696.35	18190	0	150
2025.07.09	12:00:00	22696.65	22761.35	22696.55	22741.55	20288	0	150
2025.07.09	16:00:00	22741.55	22916.85	22726.45	22788.95	53894	0	80
2025.07.09	20:00:00	22788.95	22865.66	22767.55	22848.46	37125	0	80
2025.07.10	00:00:00	22853.36	22872.76	22812.55	22813.55	9418	0	150
2025.07.10	04:00:00	22814.15	22829.55	22795.75	22803.35	13165	0	150
2025.07.10	08:00:00	22803.55	22854.75	22786.95	22854.05	17314	0	150
2025.07.10	12:00:00	22854.15	22885.15	22820.55	22857.25	20597	0	150
2025.07.10	16:00:00	22857.25	22898.25	22710.55	22804.95	52532	0	80
2025.07.10	20:00:00	22805.15	22862.65	22801.45	22828.86	31655	0	80
2025.07.11	00:00:00	22837.56	22865.75	22648.55	22699.15	17441	0	150
2025.07.11	04:00:00	22700.25	22791.45	22682.95	22783.45	18576	0	150
2025.07.11	08:00:00	22783.45	22792.25	22688.15	22720.95	26183	0	150
2025.07.11	12:00:00	22720.55	22740.95	22670.15	22721.15	28344	0	150
2025.07.11	16:00:00	22721.15	22826.05	22681.55	22820.55	54894	0	80
2025.07.11	20:00:00	22820.75	22838.55	22742.05	22756.56	36692	0	80
2025.07.14	00:00:00	22664.56	22708.46	22638.56	22672.35	17222	0	150
2025.07.14	04:00:00	22672.25	22700.45	22662.65	22683.55	13032	0	150
2025.07.14	08:00:00	22683.55	22719.05	22626.55	22708.35	22127	0	150
2025.07.14	12:00:00	22708.45	22730.25	22685.95	22720.05	19282	0	150
2025.07.14	16:00:00	22719.45	22861.25	22664.35	22854.45	53642	0	80
2025.07.14	20:00:00	22854.75	22886.75	22836.95	22852.26	30241	0	80
2025.07.15	00:00:00	22844.56	22848.96	22820.45	22828.55	8517	0	150
2025.07.15	04:00:00	22827.95	22996.15	22820.65	22938.65	23128	0	150
2025.07.15	08:00:00	22938.45	23001.05	22936.65	22978.65	22131	0	150
2025.07.15	12:00:00	22978.55	23030.35	22958.35	23018.35	25330	0	150
2025.07.15	16:00:00	23019.85	23045.35	22908.35	22923.35	58898	0	80
2025.07.15	20:00:00	22923.05	23004.65	22835.86	22840.16	43921	0	80
2025.07.16	00:00:00	22856.86	22858.46	22801.56	22827.05	13603	0	150
2025.07.16	04:00:00	22826.65	22861.15	22824.45	22848.35	12443	0	150
2025.07.16	08:00:00	22848.25	22872.15	22756.35	22829.95	23741	0	150
2025.07.16	12:00:00	22830.15	22911.35	22806.85	22900.95	22840	0	150
2025.07.16	16:00:00	22900.65	22917.05	22664.65	22873.75	64284	0	80
2025.07.16	20:00:00	22873.85	22927.85	22843.45	22891.66	37274	0	80
2025.07.17	00:00:00	22885.16	22888.66	22855.25	22882.25	10520	0	150
2025.07.17	04:00:00	22881.85	22889.25	22847.85	22871.55	11506	0	150
2025.07.17	08:00:00	22871.45	22981.95	22869.75	22934.25	24272	0	150
2025.07.17	12:00:00	22934.65	22977.75	22903.35	22976.55	21783	0	150
2025.07.17	16:00:00	22976.25	23104.85	22896.85	23086.35	49915	0	80
2025.07.17	20:00:00	23086.55	23106.35	23060.66	23091.66	32942	0	80
2025.07.18	00:00:00	23079.26	23120.35	23077.96	23099.55	9055	0	150
2025.07.18	04:00:00	23099.55	23119.05	23091.85	23110.85	9307	0	150
2025.07.18	08:00:00	23110.75	23141.55	23093.55	23113.45	15769	0	150
2025.07.18	12:00:00	23113.35	23121.05	23082.95	23099.95	17890	0	150
2025.07.18	16:00:00	23099.95	23150.95	23007.55	23018.85	53377	0	80
2025.07.18	20:00:00	23018.95	23062.05	23004.55	23051.66	32986	0	80
2025.07.21	00:00:00	23052.96	23101.85	23043.56	23091.15	8540	0	150
2025.07.21	04:00:00	23091.15	23115.85	23081.15	23108.75	9436	0	150
2025.07.21	08:00:00	23108.75	23147.25	23101.65	23128.45	14041	0	150
2025.07.21	12:00:00	23128.45	23143.85	23074.85	23076.55	12782	0	150
2025.07.21	16:00:00	23076.85	23263.45	23062.85	23244.55	45534	0	80
2025.07.21	20:00:00	23244.75	23264.15	23170.05	23184.26	31747	0	80
2025.07.22	00:00:00	23192.26	23203.85	23178.85	23183.05	7096	0	150
2025.07.22	04:00:00	23182.15	23209.85	23140.25	23149.05	13314	0	150
2025.07.22	08:00:00	23149.15	23190.35	23114.85	23119.55	18761	0	150
2025.07.22	12:00:00	23119.45	23183.65	23112.25	23177.55	20529	0	150
2025.07.22	16:00:00	23177.75	23189.85	22953.95	23042.95	55147	0	80
2025.07.22	20:00:00	23042.95	23101.95	23016.95	23040.36	37781	0	80
2025.07.23	00:00:00	23049.46	23114.55	23018.46	23052.05	16593	0	150
2025.07.23	04:00:00	23050.75	23102.55	23046.45	23096.65	16071	0	150
2025.07.23	08:00:00	23096.15	23129.25	23091.15	23127.05	20708	0	150
2025.07.23	12:00:00	23126.25	23130.65	23078.35	23084.45	20637	0	150
2025.07.23	16:00:00	23084.45	23140.15	22995.25	23076.25	55047	0	80
2025.07.23	20:00:00	23076.55	23263.26	23062.55	23257.96	41852	0	80
2025.07.24	00:00:00	23241.86	23255.75	23232.05	23244.25	10272	0	150
2025.07.24	04:00:00	23243.55	23271.55	23222.85	23229.85	12337	0	150
2025.07.24	08:00:00	23229.75	23241.35	23197.65	23240.75	18408	0	150
2025.07.24	12:00:00	23240.35	23252.45	23177.35	23209.75	21268	0	150
2025.07.24	16:00:00	23209.95	23250.85	23148.75	23220.55	53189	0	80
2025.07.24	20:00:00	23220.65	23270.55	23213.66	23244.76	35871	0	80
2025.07.25	00:00:00	23248.86	23276.45	23243.75	23267.95	7522	0	150
2025.07.25	04:00:00	23268.15	23294.25	23246.25	23250.95	9687	0	150
2025.07.25	08:00:00	23251.15	23266.05	23202.85	23228.55	17986	0	150
2025.07.25	12:00:00	23228.65	23244.45	23209.95	23225.05	15734	0	150
2025.07.25	16:00:00	23225.05	23330.75	23185.55	23305.25	47501	0	80
2025.07.25	20:00:00	23305.25	23313.35	23260.56	23294.96	31294	0	80
2025.07.28	00:00:00	23389.96	23412.05	23361.46	23399.85	13568	0	150
2025.07.28	04:00:00	23400.05	23422.85	23387.55	23416.15	9233	0	150
2025.07.28	08:00:00	23416.15	23441.35	23390.05	23393.35	15671	0	150
2025.07.28	12:00:00	23393.45	23398.85	23341.65	23370.85	17451	0	150
2025.07.28	16:00:00	23371.05	23383.75	23298.35	23346.65	48126	0	80
2025.07.28	20:00:00	23346.85	23368.26	23302.35	23365.76	33068	0	80
2025.07.29	00:00:00	23367.46	23396.65	23367.26	23393.05	7229	0	150
2025.07.29	04:00:00	23393.05	23412.75	23383.35	23404.25	9673	0	150
2025.07.29	08:00:00	23404.35	23459.85	23402.45	23443.85	12831	0	150
2025.07.29	12:00:00	23443.95	23474.35	23433.85	23440.65	15599	0	150
2025.07.29	16:00:00	23440.35	23513.65	23300.15	23367.35	54857	0	80
2025.07.29	20:00:00	23366.55	23381.65	23282.85	23312.16	36856	0	80
2025.07.30	00:00:00	23331.06	23353.05	23321.36	23349.05	7680	0	150
2025.07.30	04:00:00	23348.95	23370.55	23329.75	23366.65	10398	0	150
2025.07.30	08:00:00	23366.55	23375.05	23326.65	23345.95	17422	0	150
2025.07.30	12:00:00	23345.95	23384.55	23335.25	23353.15	20523	0	150
2025.07.30	16:00:00	23353.25	23410.15	23314.25	23397.35	48667	0	80
2025.07.30	20:00:00	23397.55	23550.06	23221.15	23533.76	54106	0	80
2025.07.31	00:00:00	23574.56	23622.15	23553.76	23618.35	14402	0	150
2025.07.31	04:00:00	23618.35	23672.95	23610.65	23669.45	13052	0	150
2025.07.31	08:00:00	23669.55	23708.85	23641.75	23663.65	21328	0	150
2025.07.31	12:00:00	23664.85	23672.45	23616.85	23665.65	26212	0	150
2025.07.31	16:00:00	23665.75	23668.05	23348.35	23434.25	60510	0	80
2025.07.31	20:00:00	23434.25	23436.25	23156.86	23217.66	58926	0	80
2025.08.01	00:00:00	23199.16	23214.56	23101.25	23149.85	23421	0	180
2025.08.01	04:00:00	23149.55	23212.15	23142.05	23188.35	18295	0	150
2025.08.01	08:00:00	23188.65	23194.55	22932.25	22983.85	38616	0	160
2025.08.01	12:00:00	22981.85	23034.65	22901.15	22938.05	42718	0	190
2025.08.01	16:00:00	22937.35	22971.55	22669.75	22749.85	70796	0	120
2025.08.01	20:00:00	22749.45	22822.45	22660.35	22753.96	58091	0	120
2025.08.04	00:00:00	22753.36	22846.75	22705.46	22839.55	23742	0	180
2025.08.04	04:00:00	22839.65	22872.05	22815.95	22853.45	19738	0	150
2025.08.04	08:00:00	22853.55	22946.65	22831.75	22944.05	28688	0	150
2025.08.04	12:00:00	22944.05	22964.85	22915.45	22959.55	25572	0	160
2025.08.04	16:00:00	22959.45	23161.65	22954.15	23152.55	54919	0	80
2025.08.04	20:00:00	23152.15	23233.86	23124.65	23228.86	36828	0	80
2025.08.05	00:00:00	23223.16	23258.35	23199.45	23231.15	13040	0	150
2025.08.05	04:00:00	23231.15	23255.75	23209.65	23243.75	14834	0	150
2025.08.05	08:00:00	23243.85	23281.35	23197.85	23215.75	20557	0	150
2025.08.05	12:00:00	23215.75	23288.15	23210.75	23245.35	21954	0	150
2025.08.05	16:00:00	23245.35	23281.45	22999.55	23066.05	64590	0	80
2025.08.05	20:00:00	23065.75	23137.15	22972.36	22988.26	48651	0	80
2025.08.06	00:00:00	22967.76	22986.15	22934.16	22960.85	17002	0	160
2025.08.06	04:00:00	22960.75	23061.95	22953.85	23050.45	17615	0	150
2025.08.06	08:00:00	23050.45	23115.45	23043.55	23054.95	21770	0	160
2025.08.06	12:00:00	23055.15	23084.95	22996.05	23068.05	29964	0	170
2025.08.06	16:00:00	23067.25	23278.25	23039.05	23260.05	60712	0	80
2025.08.06	20:00:00	23260.05	23332.45	23248.05	23298.96	37340	0	80
2025.08.07	00:00:00	23278.66	23391.15	23275.56	23378.15	13958	0	150
2025.08.07	04:00:00	23378.15	23400.65	23347.35	23354.45	13601	0	150
2025.08.07	08:00:00	23354.85	23464.45	23344.75	23444.85	23563	0	150
2025.08.07	12:00:00	23445.25	23527.65	23427.55	23486.85	31468	0	160
2025.08.07	16:00:00	23487.75	23560.65	23285.25	23356.05	67352	0	80
2025.08.07	20:00:00	23355.55	23427.86	23225.55	23401.96	54095	0	80
2025.08.08	00:00:00	23422.96	23480.15	23418.56	23469.45	12841	0	150
2025.08.08	04:00:00	23469.75	23476.85	23434.45	23440.55	12397	0	150
2025.08.08	08:00:00	23440.95	23456.75	23400.55	23451.25	18064	0	150
2025.08.08	12:00:00	23450.95	23479.15	23415.75	23430.45	18645	0	150
2025.08.08	16:00:00	23430.65	23601.65	23419.15	23574.45	54969	0	80
2025.08.08	20:00:00	23574.95	23660.16	23553.25	23646.06	36892	0	80
2025.08.11	00:00:00	23625.86	23641.16	23594.95	23626.15	11040	0	150
2025.08.11	04:00:00	23625.95	23666.15	23620.25	23635.75	12851	0	150
2025.08.11	08:00:00	23635.75	23657.85	23561.35	23593.65	20369	0	150
2025.08.11	12:00:00	23593.65	23649.35	23591.55	23615.45	20247	0	150
2025.08.11	16:00:00	23615.55	23699.85	23574.85	23632.35	52999	0	80
2025.08.11	20:00:00	23632.05	23648.35	23484.35	23523.36	39021	0	80
2025.08.12	00:00:00	23535.16	23566.05	23514.16	23538.55	13286	0	150
2025.08.12	04:00:00	23538.65	23575.65	23531.75	23571.15	13455	0	150
2025.08.12	08:00:00	23571.15	23574.75	23495.55	23540.95	28181	0	150
2025.08.12	12:00:00	23540.35	23721.15	23507.85	23673.05	28912	0	150
2025.08.12	16:00:00	23673.15	23809.35	23522.05	23798.85	80845	0	80
2025.08.12	20:00:00	23799.25	23845.55	23784.55	23834.16	34393	0	80
2025.08.13	00:00:00	23834.96	23865.25	23824.76	23840.55	10372	0	150
2025.08.13	04:00:00	23840.75	23861.85	23821.25	23855.25	10541	0	150
2025.08.13	08:00:00	23854.85	23915.55	23834.05	23893.55	16459	0	150
2025.08.13	12:00:00	23893.35	23932.25	23883.55	23918.65	16618	0	150
2025.08.13	16:00:00	23918.65	23967.65	23785.95	23799.15	74965	0	80
2025.08.13	20:00:00	23798.85	23858.36	23787.05	23827.66	44269	0	80
2025.08.14	00:00:00	23823.06	23865.25	23813.66	23833.65	9542	0	150
2025.08.14	04:00:00	23833.25	23846.55	23818.35	23836.55	11674	0	150
2025.08.14	08:00:00	23836.45	23845.15	23800.55	23827.95	18006	0	150
2025.08.14	12:00:00	23827.75	23868.15	23696.65	23746.95	26429	0	150
2025.08.14	16:00:00	23744.95	23908.65	23719.45	23850.75	86708	0	80
2025.08.14	20:00:00	23850.75	23882.15	23769.96	23784.46	48485	0	80
2025.08.15	00:00:00	23784.26	23819.65	23779.95	23797.75	11102	0	150
2025.08.15	04:00:00	23798.05	23852.25	23796.15	23843.35	11920	0	150
2025.08.15	08:00:00	23842.85	23868.65	23783.75	23789.65	18470	0	150
2025.08.15	12:00:00	23788.85	23833.25	23778.35	23811.15	22335	0	150
2025.08.15	16:00:00	23810.65	23829.75	23645.85	23729.95	83741	0	80
2025.08.15	20:00:00	23730.35	23758.65	23686.45	23702.96	47184	0	80
2025.08.18	00:00:00	23736.66	23778.55	23736.66	23769.75	9833	0	150
2025.08.18	04:00:00	23769.45	23793.95	23757.75	23761.45	10168	0	150
2025.08.18	08:00:00	23761.45	23769.45	23655.55	23690.65	27196	0	150
2025.08.18	12:00:00	23690.85	23704.05	23651.55	23687.65	24723	0	150
2025.08.18	16:00:00	23687.15	23736.75	23631.75	23647.45	68882	0	80
2025.08.18	20:00:00	23647.65	23728.55	23645.65	23704.76	35573	0	80
2025.08.19	00:00:00	23733.66	23751.56	23677.25	23695.65	11292	0	150
2025.08.19	04:00:00	23695.65	23706.85	23653.75	23672.45	15876	0	150
2025.08.19	08:00:00	23671.65	23702.65	23645.65	23701.75	17860	0	150
2025.08.19	12:00:00	23701.75	23719.25	23654.05	23658.35	21820	0	150
2025.08.19	16:00:00	23659.15	23685.35	23387.95	23397.45	85848	0	80
2025.08.19	20:00:00	23397.45	23430.85	23343.65	23390.56	52245	0	80
2025.08.20	00:00:00	23401.86	23404.96	23318.35	23334.25	16806	0	160
2025.08.20	04:00:00	23333.85	23344.35	23258.15	23271.85	22109	0	150
2025.08.20	08:00:00	23271.15	23349.85	23254.65	23334.15	25644	0	150
2025.08.20	12:00:00	23334.15	23371.35	23305.75	23346.25	25695	0	150
2025.08.20	16:00:00	23346.05	23351.95	22954.65	23153.35	98294	0	120
2025.08.20	20:00:00	23153.35	23290.45	23113.75	23233.86	67099	0	80
2025.08.21	00:00:00	23251.86	23263.06	23189.95	23212.75	15803	0	150
2025.08.21	04:00:00	23212.75	23289.85	23188.15	23261.45	18450	0	150
2025.08.21	08:00:00	23261.95	23288.95	23217.95	23219.15	27178	0	160
2025.08.21	12:00:00	23219.15	23254.55	23136.35	23144.65	36783	0	160
2025.08.21	16:00:00	23143.65	23268.85	23073.05	23083.35	92781	0	80
2025.08.21	20:00:00	23083.15	23176.85	23042.15	23146.86	57589	0	80
2025.08.22	00:00:00	23156.16	23175.55	23105.25	23137.25	14414	0	150
2025.08.22	04:00:00	23137.35	23156.95	23115.85	23133.45	18890	0	150
2025.08.22	08:00:00	23133.25	23180.15	23002.25	23177.55	29488	0	150
2025.08.22	12:00:00	23177.35	23203.85	23155.05	23166.25	26073	0	150
2025.08.22	16:00:00	23166.05	23577.05	23131.65	23456.25	92235	0	80
2025.08.22	20:00:00	23455.25	23552.25	23455.25	23506.36	48809	0	80
2025.08.25	00:00:00	23502.36	23527.45	23475.66	23486.55	16539	0	150
2025.08.25	04:00:00	23486.45	23489.85	23451.55	23485.65	14489	0	150
2025.08.25	08:00:00	23485.75	23498.75	23438.05	23440.15	18678	0	150
2025.08.25	12:00:00	23440.05	23443.25	23392.45	23409.65	21970	0	150
2025.08.25	16:00:00	23409.55	23546.95	23375.55	23527.05	70483	0	80
2025.08.25	20:00:00	23526.85	23528.75	23415.86	23430.86	39438	0	80
2025.08.26	00:00:00	23444.66	23453.26	23304.65	23350.45	20478	0	150
2025.08.26	04:00:00	23350.25	23407.05	23343.45	23388.85	19899	0	150
2025.08.26	08:00:00	23388.75	23417.35	23348.95	23392.55	31828	0	150
2025.08.26	12:00:00	23392.75	23438.65	23372.75	23403.65	24741	0	150
2025.08.26	16:00:00	23403.65	23489.35	23360.65	23473.05	69352	0	80
2025.08.26	20:00:00	23472.55	23542.46	23412.75	23539.86	40201	0	80
2025.08.27	00:00:00	23548.66	23557.85	23529.35	23532.75	6675	0	150
2025.08.27	04:00:00	23533.05	23563.35	23532.75	23551.25	8750	0	150
2025.08.27	08:00:00	23551.25	23553.55	23502.25	23521.85	18841	0	150
2025.08.27	12:00:00	23521.85	23556.05	23499.05	23517.25	18372	0	150
2025.08.27	16:00:00	23516.95	23568.75	23424.95	23539.25	66899	0	80
2025.08.27	20:00:00	23538.55	23607.26	23373.56	23462.66	48633	0	80
2025.08.28	00:00:00	23453.66	23476.06	23428.55	23461.25	16883	0	150
2025.08.28	04:00:00	23461.25	23524.35	23458.75	23502.05	13233	0	150
2025.08.28	08:00:00	23502.05	23601.95	23480.85	23557.25	23202	0	150
2025.08.28	12:00:00	23556.75	23593.45	23523.55	23573.65	26131	0	150
2025.08.28	16:00:00	23573.75	23706.85	23513.75	23672.95	81005	0	80
2025.08.28	20:00:00	23673.05	23740.55	23663.55	23699.86	35280	0	80
2025.08.29	00:00:00	23694.26	23698.96	23673.46	23684.45	8350	0	150
2025.08.29	04:00:00	23684.35	23689.75	23656.65	23658.95	10448	0	150
2025.08.29	08:00:00	23658.95	23678.55	23571.85	23579.05	20993	0	150
2025.08.29	12:00:00	23579.05	23627.35	23559.25	23613.65	29655	0	160
2025.08.29	16:00:00	23612.95	23616.75	23363.75	23428.15	87256	0	80
2025.08.29	20:00:00	23428.15	23444.95	23350.55	23405.56	52668	0	80
2025.09.01	00:00:00	23443.86	23504.35	23431.76	23490.35	10440	0	150
2025.09.01	04:00:00	23490.35	23492.55	23360.05	23379.65	20171	0	150
2025.09.01	08:00:00	23380.15	23454.65	23323.65	23442.75	27663	0	160
2025.09.01	12:00:00	23441.85	23452.95	23398.55	23429.55	16161	0	150
2025.09.01	16:00:00	23429.25	23459.35	23396.75	23453.95	17313	0	80
2025.09.02	00:00:00	23445.76	23450.86	23382.75	23427.95	13072	0	150
2025.09.02	04:00:00	23427.65	23438.25	23369.95	23391.65	16187	0	150
2025.09.02	08:00:00	23391.75	23405.45	23222.15	23264.85	35780	0	150
2025.09.02	12:00:00	23264.85	23285.55	23025.55	23050.45	40380	0	170
2025.09.02	16:00:00	23050.45	23233.73	22980.25	23081.15	75678	0	80
2025.09.02	20:00:00	23081.45	23339.06	23059.05	23325.56	55989	0	80
2025.09.03	00:00:00	23322.76	23331.56	23273.75	23287.45	12017	0	150
2025.09.03	04:00:00	23286.45	23296.05	23255.85	23287.65	15632	0	150
2025.09.03	08:00:00	23287.45	23387.15	23264.25	23374.95	26825	0	150
2025.09.03	12:00:00	23375.65	23414.25	23354.75	23378.75	29813	0	150
2025.09.03	16:00:00	23378.65	23481.75	23326.35	23367.05	71461	0	80
2025.09.03	20:00:00	23367.75	23428.56	23276.65	23414.96	51098	0	80
2025.09.04	00:00:00	23401.86	23472.35	23389.15	23461.75	11249	0	150
2025.09.04	04:00:00	23460.75	23489.75	23416.85	23448.55	16812	0	150
2025.09.04	08:00:00	23448.55	23467.15	23408.95	23455.05	22860	0	150
2025.09.04	12:00:00	23455.15	23491.95	23427.15	23442.95	26201	0	150
2025.09.04	16:00:00	23441.65	23522.05	23368.45	23495.15	65306	0	80
2025.09.04	20:00:00	23495.35	23664.06	23493.55	23643.16	39149	0	80
2025.09.05	00:00:00	23663.46	23693.05	23650.46	23691.05	8916	0	150
2025.09.05	04:00:00	23691.05	23712.85	23680.55	23706.35	9397	0	150
2025.09.05	08:00:00	23706.75	23749.65	23702.55	23748.75	17677	0	150
2025.09.05	12:00:00	23748.75	23836.15	23687.56	23834.95	27058	0	150
2025.09.05	16:00:00	23835.45	23863.25	23467.15	23616.05	85158	0	80
2025.09.05	20:00:00	23616.25	23658.36	23548.65	23633.76	55579	0	80
2025.09.08	00:00:00	23623.36	23757.45	23616.66	23730.35	16383	0	150
2025.09.08	04:00:00	23730.75	23745.45	23693.55	23699.95	14723	0	150
2025.09.08	08:00:00	23699.75	23747.55	23695.45	23730.75	20289	0	150
2025.09.08	12:00:00	23731.15	23756.15	23710.15	23744.65	19165	0	150
2025.09.08	16:00:00	23744.05	23854.15	23733.35	23773.55	54857	0	80
2025.09.08	20:00:00	23773.75	23783.15	23723.85	23757.76	36743	0	80
2025.09.09	00:00:00	23778.76	23795.75	23769.45	23773.25	7550	0	150
2025.09.09	04:00:00	23772.35	23813.15	23756.95	23803.65	11009	0	150
2025.09.09	08:00:00	23803.55	23850.85	23780.95	23808.95	19418	0	150
2025.09.09	12:00:00	23808.15	23822.95	23777.65	23805.05	19987	0	150
2025.09.09	16:00:00	23804.95	23822.85	23693.05	23787.25	58957	0	80
2025.09.09	20:00:00	23787.55	23881.36	23787.55	23870.86	41729	0	80
2025.09.10	00:00:00	23861.66	23879.86	23843.65	23854.85	8718	0	150
2025.09.10	04:00:00	23855.25	23893.45	23846.95	23891.05	9676	0	150
2025.09.10	08:00:00	23891.25	23922.55	23856.25	23864.95	17726	0	150
2025.09.10	12:00:00	23865.35	24008.65	23851.45	23973.05	22943	0	150
2025.09.10	16:00:00	23973.25	23983.55	23866.85	23893.55	57452	0	80
2025.09.10	20:00:00	23893.85	23909.25	23755.15	23826.76	42306	0	80
2025.09.11	00:00:00	23846.96	23885.35	23840.06	23876.45	10394	0	150
2025.09.11	04:00:00	23875.95	23890.65	23850.45	23851.55	12600	0	150
2025.09.11	08:00:00	23852.25	23913.65	23843.15	23894.25	19371	0	150
2025.09.11	12:00:00	23894.55	23946.35	23830.52	23932.25	23725	0	150
2025.09.11	16:00:00	23931.25	24017.75	23883.35	23980.15	56747	0	80
2025.09.11	20:00:00	23979.65	24014.95	23968.55	23981.96	37245	0	80
2025.09.12	00:00:00	23991.26	24005.55	23974.06	23989.95	9124	0	150
2025.09.12	04:00:00	23990.45	24005.25	23972.55	24000.05	10343	0	150
2025.09.12	08:00:00	24000.35	24019.75	23949.05	23982.85	20279	0	150
2025.09.12	12:00:00	23982.25	24027.75	23976.55	24022.15	19866	0	150
2025.09.12	16:00:00	24021.45	24102.55	23982.85	24090.85	49482	0	80
2025.09.12	20:00:00	24091.55	24137.95	24066.95	24091.86	35166	0	80
2025.09.15	00:00:00	24084.76	24109.66	24072.85	24090.05	9188	0	150
2025.09.15	04:00:00	24090.35	24112.95	24085.95	24111.55	10398	0	150
2025.09.15	08:00:00	24111.45	24139.25	24056.35	24075.85	20737	0	150
2025.09.15	12:00:00	24075.25	24153.25	24060.65	24152.95	25030	0	150
2025.09.15	16:00:00	24153.35	24276.85	24142.85	24248.75	50994	0	80
2025.09.15	20:00:00	24248.95	24295.85	24229.75	24280.16	37300	0	80
2025.09.16	00:00:00	24273.86	24291.85	24269.06	24287.25	8223	0	150
2025.09.16	04:00:00	24287.35	24329.35	24284.25	24322.85	10361	0	150
2025.09.16	08:00:00	24322.65	24387.55	24319.65	24380.15	17261	0	150
2025.09.16	12:00:00	24379.95	24385.75	24325.65	24336.75	21384	0	150
2025.09.16	16:00:00	24336.25	24350.05	24244.35	24269.65	56259	0	80
2025.09.16	20:00:00	24269.85	24308.45	24266.15	24287.46	35812	0	80
2025.09.17	00:00:00	24280.96	24300.56	24280.15	24289.95	6118	0	150
2025.09.17	04:00:00	24289.65	24296.25	24257.25	24268.45	9317	0	150
2025.09.17	08:00:00	24268.65	24302.15	24205.65	24262.55	19300	0	150
2025.09.17	12:00:00	24262.75	24277.75	24236.35	24273.95	21947	0	160
2025.09.17	16:00:00	24274.15	24290.25	24124.75	24139.25	48883	0	80
2025.09.17	20:00:00	24139.55	24299.65	23993.35	24240.56	54341	0	80
2025.09.18	00:00:00	24259.56	24339.35	24258.06	24316.85	10820	0	150
2025.09.18	04:00:00	24316.65	24405.65	24313.05	24398.05	14236	0	150
2025.09.18	08:00:00	24397.65	24484.15	24338.75	24479.75	25681	0	150
2025.09.18	12:00:00	24479.95	24514.75	24441.45	24442.05	31202	0	150
2025.09.18	16:00:00	24440.35	24568.25	24351.85	24540.45	59301	0	80
2025.09.18	20:00:00	24540.25	24549.15	24437.16	24471.36	40526	0	80
2025.09.19	00:00:00	24485.76	24504.15	24450.05	24465.45	9994	0	150
2025.09.19	04:00:00	24464.85	24491.85	24436.95	24475.35	19609	0	150
2025.09.19	08:00:00	24475.55	24478.55	24410.05	24460.55	25336	0	150
2025.09.19	12:00:00	24460.95	24509.85	24455.75	24493.15	22152	0	150
2025.09.19	16:00:00	24493.35	24590.15	24466.85	24576.95	55608	0	80
2025.09.19	20:00:00	24577.15	24642.95	24552.35	24616.46	36607	0	80
2025.09.22	00:00:00	24598.96	24625.75	24577.16	24581.85	11238	0	150
2025.09.22	04:00:00	24582.95	24614.75	24579.55	24602.35	12437	0	150
2025.09.22	08:00:00	24602.45	24611.95	24498.75	24531.65	23660	0	150
2025.09.22	12:00:00	24532.05	24557.85	24511.15	24548.95	22911	0	150
2025.09.22	16:00:00	24548.75	24744.35	24535.55	24737.15	52586	0	80
2025.09.22	20:00:00	24737.05	24778.95	24725.35	24747.16	39724	0	80
2025.09.23	00:00:00	24751.66	24760.45	24731.86	24746.75	6413	0	150
2025.09.23	04:00:00	24746.85	24764.85	24735.05	24744.75	10191	0	150
2025.09.23	08:00:00	24744.55	24783.45	24737.35	24760.05	17759	0	150
2025.09.23	12:00:00	24760.35	24773.55	24730.45	24766.75	18067	0	150
2025.09.23	16:00:00	24766.25	24767.75	24673.05	24686.15	54211	0	80
2025.09.23	20:00:00	24685.95	24687.95	24538.45	24587.46	48009	0	80
2025.09.24	00:00:00	24610.96	24621.96	24570.95	24597.55	8558	0	150
2025.09.24	04:00:00	24597.45	24611.85	24577.05	24611.15	12328	0	150
2025.09.24	08:00:00	24610.85	24665.75	24605.95	24655.85	19132	0	150
2025.09.24	12:00:00	24655.95	24672.15	24629.25	24641.15	19046	0	150
2025.09.24	16:00:00	24640.65	24658.25	24386.55	24442.65	56491	0	80
2025.09.24	20:00:00	24443.15	24512.36	24441.05	24509.06	41782	0	80
2025.09.25	00:00:00	24507.26	24539.05	24500.56	24535.95	7706	0	150
2025.09.25	04:00:00	24535.75	24552.75	24515.15	24520.65	10039	0	150
2025.09.25	08:00:00	24520.75	24523.25	24455.45	24489.45	21828	0	150
2025.09.25	12:00:00	24489.65	24497.95	24305.95	24328.85	36929	0	160
2025.09.25	16:00:00	24327.75	24457.25	24183.95	24390.95	63929	0	80
2025.09.25	20:00:00	24389.75	24413.26	24219.85	24406.86	50152	0	80
2025.09.26	00:00:00	24412.26	24432.96	24373.95	24393.85	12008	0	150
2025.09.26	04:00:00	24393.95	24393.95	24347.35	24350.75	21601	0	150
2025.09.26	08:00:00	24350.85	24441.25	24348.05	24355.35	28359	0	150
2025.09.26	12:00:00	24355.75	24516.85	24340.05	24464.45	33000	0	160
2025.09.26	16:00:00	24464.35	24503.55	24290.95	24466.35	66850	0	80
2025.09.26	20:00:00	24466.65	24518.86	24440.85	24503.96	41218	0	80
2025.09.29	00:00:00	24501.76	24582.05	24499.86	24568.35	12383	0	130
2025.09.29	04:00:00	24568.45	24609.65	24550.45	24603.65	13765	0	130
2025.09.29	08:00:00	24604.35	24670.15	24589.05	24669.15	22495	0	130
2025.09.29	12:00:00	24670.05	24684.55	24630.35	24674.85	22650	0	130
2025.09.29	16:00:00	24673.85	24746.25	24597.45	24608.65	56755	0	60
2025.09.29	20:00:00	24609.15	24642.95	24555.45	24584.96	39894	0	60
2025.09.30	00:00:00	24594.86	24617.25	24581.45	24612.45	9925	0	130
2025.09.30	04:00:00	24611.85	24632.05	24585.95	24598.85	16267	0	130
2025.09.30	08:00:00	24598.65	24631.15	24530.35	24576.55	26427	0	130
2025.09.30	12:00:00	24575.75	24620.45	24550.05	24608.75	24058	0	140
2025.09.30	16:00:00	24608.65	24637.25	24498.65	24559.75	61133	0	60
2025.09.30	20:00:00	24559.35	24689.15	24508.35	24618.56	45901	0	60
2025.10.01	00:00:00	24636.76	24652.76	24563.65	24570.65	15387	0	130
2025.10.01	04:00:00	24570.95	24587.35	24540.45	24550.85	18945	0	130
2025.10.01	08:00:00	24550.95	24556.15	24412.35	24498.35	31418	0	130
2025.10.01	12:00:00	24497.55	24583.25	24492.45	24555.45	31393	0	140
2025.10.01	16:00:00	24556.15	24736.35	24505.05	24733.85	55054	0	60
2025.10.01	20:00:00	24733.55	24814.15	24731.05	24785.46	37459	0	60
2025.10.02	00:00:00	24797.36	24847.95	24789.05	24844.85	8911	0	130
2025.10.02	04:00:00	24844.75	24861.05	24828.15	24851.85	14307	0	130
2025.10.02	08:00:00	24851.75	24898.45	24838.45	24897.95	22418	0	130
2025.10.02	12:00:00	24895.95	24948.45	24860.35	24946.85	22378	0	130
2025.10.02	16:00:00	24946.35	24964.25	24778.75	24862.25	59086	0	60
2025.10.02	20:00:00	24862.15	24912.55	24844.45	24889.66	35961	0	60
2025.10.03	00:00:00	24892.36	24946.95	24862.96	24936.05	9363	0	130
2025.10.03	04:00:00	24936.35	24966.05	24927.55	24963.75	11342	0	130
2025.10.03	08:00:00	24963.15	24982.95	24945.55	24972.65	16413	0	130
2025.10.03	12:00:00	24972.55	24985.85	24894.65	24911.25	21210	0	130
2025.10.03	16:00:00	24911.35	24958.25	24843.45	24909.65	53619	0	60
2025.10.03	20:00:00	24908.15	24908.15	24715.95	24771.96	50929	0	60
2025.10.06	00:00:00	24815.26	24882.15	24808.46	24859.85	18036	0	130
2025.10.06	04:00:00	24859.45	24904.05	24851.25	24897.05	12963	0	130
2025.10.06	08:00:00	24896.65	24910.15	24841.45	24902.55	22975	0	130
2025.10.06	12:00:00	24902.35	25036.65	24899.75	24986.45	30003	0	130
2025.10.06	16:00:00	24986.65	25017.15	24907.25	24995.95	55782	0	60
2025.10.06	20:00:00	24996.05	25045.45	24964.76	24969.36	36986	0	60
2025.10.07	00:00:00	24979.16	24989.36	24916.15	24924.45	12840	0	130
2025.10.07	04:00:00	24925.35	24976.15	24920.45	24975.05	12393	0	130
2025.10.07	08:00:00	24974.65	24979.55	24921.75	24965.75	19991	0	130
2025.10.07	12:00:00	24965.95	25050.45	24962.15	25047.25	19346	0	130
2025.10.07	16:00:00	25047.55	25067.75	24779.55	24818.45	63339	0	60
2025.10.07	20:00:00	24818.45	24867.45	24787.25	24853.56	43496	0	60
2025.10.08	00:00:00	24867.16	24881.06	24825.65	24859.65	11961	0	130
2025.10.08	04:00:00	24859.25	24892.25	24857.55	24886.15	14053	0	130
2025.10.08	08:00:00	24886.05	24911.95	24824.75	24886.75	21568	0	130
2025.10.08	12:00:00	24887.05	24905.15	24843.55	24863.55	23170	0	130
2025.10.08	16:00:00	24863.85	25074.05	24855.85	25048.25	51656	0	60
2025.10.08	20:00:00	25048.75	25161.96	25036.65	25151.46	37781	0	60
2025.10.09	00:00:00	25154.06	25193.05	25153.96	25162.75	9174	0	130
2025.10.09	04:00:00	25161.65	25168.75	25107.55	25140.65	15500	0	130
2025.10.09	08:00:00	25140.55	25167.25	25094.55	25100.45	21955	0	130
2025.10.09	12:00:00	25100.75	25141.15	25095.75	25132.45	21813	0	130
2025.10.09	16:00:00	25132.55	25136.75	24993.65	25007.95	56153	0	60
2025.10.09	20:00:00	25008.65	25103.46	24965.35	25081.86	43113	0	60
2025.10.10	00:00:00	25112.36	25157.65	25094.96	25148.45	11052	0	130
2025.10.10	04:00:00	25149.45	25166.95	25112.55	25119.35	13264	0	130
2025.10.10	08:00:00	25119.25	25166.05	25106.95	25148.65	23695	0	130
2025.10.10	12:00:00	25148.45	25150.85	25063.25	25109.65	27201	0	130
2025.10.10	16:00:00	25109.15	25199.75	24460.55	24470.75	68700	0	60
2025.10.10	20:00:00	24467.25	24562.35	24197.55	24233.36	64072	0	100
2025.10.13	00:00:00	24509.46	24657.65	24435.46	24651.05	26943	0	170
2025.10.13	04:00:00	24650.85	24679.75	24587.55	24642.85	31411	0	140
2025.10.13	08:00:00	24642.75	24769.55	24611.25	24698.95	37723	0	140
2025.10.13	12:00:00	24698.65	24704.85	24558.25	24611.65	39919	0	160
2025.10.13	16:00:00	24611.35	24778.95	24549.75	24768.75	68160	0	60
2025.10.13	20:00:00	24768.85	24781.75	24702.65	24724.66	46019	0	60
2025.10.14	00:00:00	24740.36	24865.45	24719.66	24828.75	18764	0	130
2025.10.14	04:00:00	24827.05	24842.35	24573.05	24627.55	41167	0	140
2025.10.14	08:00:00	24627.25	24636.35	24408.05	24513.55	55363	0	180
2025.10.14	12:00:00	24513.35	24534.35	24324.45	24442.05	48730	0	170
2025.10.14	16:00:00	24442.15	24769.45	24246.75	24714.45	68355	0	60
2025.10.14	20:00:00	24713.65	24760.15	24509.15	24565.56	55692	0	60
2025.10.15	00:00:00	24630.06	24641.85	24565.45	24621.95	20931	0	140
2025.10.15	04:00:00	24621.25	24679.85	24588.45	24668.65	27735	0	130
2025.10.15	08:00:00	24683.75	24758.95	24680.35	24753.95	34034	0	140
2025.10.15	12:00:00	24753.85	24849.35	24750.05	24845.95	31454	0	140
2025.10.15	16:00:00	24846.75	24939.65	24703.65	24727.55	67467	0	60
2025.10.15	20:00:00	24727.45	24788.06	24489.35	24757.96	57969	0	60
2025.10.16	00:00:00	24794.26	24818.76	24702.05	24740.85	21202	0	150
2025.10.16	04:00:00	24737.45	24776.35	24723.25	24756.45	28707	0	130
2025.10.16	08:00:00	24756.75	24883.55	24746.75	24846.85	34948	0	130
2025.10.16	12:00:00	24847.05	24926.65	24833.55	24907.45	28244	0	140
2025.10.16	16:00:00	24907.55	25006.15	24559.55	24754.65	70727	0	60
2025.10.16	20:00:00	24756.25	24790.65	24471.55	24613.66	63963	0	100
2025.10.17	00:00:00	24658.06	24689.56	24552.45	24609.55	25594	0	150
2025.10.17	04:00:00	24609.45	24666.95	24532.25	24538.05	33619	0	140
2025.10.17	08:00:00	24538.25	24542.15	24241.95	24323.05	53672	0	170
2025.10.17	12:00:00	24322.75	24633.15	24314.55	24569.45	55862	0	180
2025.10.17	16:00:00	24569.15	24805.25	24504.75	24734.95	72251	0	100
2025.10.17	20:00:00	24735.25	24884.65	24661.65	24861.46	55858	0	60
2025.10.20	00:00:00	24894.66	24913.96	24791.85	24882.15	22801	0	150
2025.10.20	04:00:00	24883.15	24955.25	24862.75	24947.75	24051	0	130
2025.10.20	08:00:00	24947.55	24987.95	24901.95	24909.45	31470	0	140
2025.10.20	12:00:00	24909.75	24967.35	24874.35	24965.75	30914	0	140
2025.10.20	16:00:00	24965.25	25180.95	24950.25	25150.45	56272	0	60
2025.10.20	20:00:00	25149.65	25186.95	25121.56	25153.86	33245	0	60
2025.10.21	00:00:00	25153.66	25179.15	25143.06	25176.65	12664	0	130
2025.10.21	04:00:00	25176.75	25202.95	25130.05	25142.15	17796	0	130
2025.10.21	08:00:00	25142.45	25151.65	25087.95	25102.65	28383	0	140
2025.10.21	12:00:00	25102.55	25149.95	25093.85	25133.65	22903	0	130
2025.10.21	16:00:00	25133.55	25182.35	25038.55	25120.85	58402	0	60
2025.10.21	20:00:00	25121.05	25169.15	25063.96	25097.06	42771	0	60
2025.10.22	00:00:00	25105.36	25117.06	25058.55	25063.85	15941	0	130
2025.10.22	04:00:00	25062.75	25170.55	25054.85	25155.05	19399	0	130
2025.10.22	08:00:00	25155.15	25176.05	25089.35	25104.85	27321	0	130
2025.10.22	12:00:00	25104.65	25142.85	25044.55	25098.15	29700	0	130
2025.10.22	16:00:00	25098.25	25127.05	24709.85	24829.65	67756	0	60
2025.10.22	20:00:00	24830.35	24917.86	24643.85	24884.26	58684	0	60
2025.10.23	00:00:00	24865.86	24908.95	24796.15	24893.95	19578	0	140
2025.10.23	04:00:00	24894.15	24957.85	24890.75	24916.35	24371	0	130
2025.10.23	08:00:00	24916.45	24971.05	24898.85	24928.95	30492	0	140
2025.10.23	12:00:00	24929.25	24936.85	24782.15	24853.45	35632	0	150
2025.10.23	16:00:00	24853.85	25084.25	24787.35	25083.15	61665	0	60
2025.10.23	20:00:00	25083.65	25137.56	25032.95	25118.96	41124	0	60
2025.10.24	00:00:00	25135.56	25153.15	25133.95	25149.25	9270	0	130
2025.10.24	04:00:00	25148.55	25183.75	25145.85	25180.85	14169	0	130
2025.10.24	08:00:00	25180.75	25229.25	25172.25	25205.75	21879	0	130
2025.10.24	12:00:00	25204.35	25373.65	25204.35	25310.85	25643	0	130
2025.10.24	16:00:00	25310.95	25413.55	25282.95	25402.95	58496	0	60
2025.10.24	20:00:00	25402.45	25419.45	25348.26	25361.86	36515	0	60
2025.10.27	00:00:00	25590.66	25605.16	25553.56	25576.15	19018	0	130
2025.10.27	04:00:00	25576.95	25626.25	25564.65	25615.85	15606	0	130
2025.10.27	08:00:00	25616.15	25670.05	25614.65	25655.95	19876	0	130
2025.10.27	12:00:00	25656.05	25705.85	25643.75	25684.45	22313	0	130
2025.10.27	16:00:00	25684.25	25770.75	25650.95	25767.35	49837	0	60
2025.10.27	20:00:00	25767.15	25861.76	25746.15	25861.46	33464	0	60
2025.10.28	00:00:00	25846.16	25873.95	25830.45	25831.75	10233	0	130
2025.10.28	04:00:00	25831.45	25844.85	25812.35	25813.85	14819	0	130
2025.10.28	08:00:00	25814.65	25840.65	25799.35	25824.45	19662	0	130
2025.10.28	12:00:00	25824.75	25880.55	25819.05	25868.35	19670	0	130
2025.10.28	16:00:00	25868.85	26001.85	25864.75	25965.05	55840	0	60
2025.10.28	20:00:00	25964.25	26086.35	25960.15	26023.36	42951	0	60
2025.10.29	00:00:00	26037.06	26051.15	26022.65	26032.45	9860	0	130
2025.10.29	04:00:00	26032.25	26110.15	26030.25	26103.55	17993	0	130
2025.10.29	08:00:00	26103.45	26167.35	26102.65	26126.55	20623	0	130
2025.10.29	12:00:00	26126.35	26154.15	26083.95	26118.05	27953	0	130
2025.10.29	16:00:00	26117.75	26183.75	26061.75	26111.45	55282	0	60
2025.10.29	20:00:00	26112.45	26233.96	25908.25	26105.76	58944	0	60
2025.10.30	00:00:00	26033.26	26177.15	26031.15	26148.65	22293	0	140
2025.10.30	04:00:00	26149.05	26258.55	26000.25	26064.95	40544	0	140
2025.10.30	08:00:00	26065.35	26187.75	26049.75	26129.75	44384	0	160
2025.10.30	12:00:00	26130.45	26150.45	25945.75	25947.15	42911	0	150
2025.10.30	16:00:00	25946.95	26039.35	25804.45	25933.75	70093	0	60
2025.10.30	20:00:00	25933.05	26007.16	25714.16	25985.36	62435	0	60
2025.10.31	00:00:00	26019.16	26062.45	25990.95	26057.55	19993	0	130
2025.10.31	04:00:00	26057.15	26076.85	26024.45	26056.05	26060	0	130
2025.10.31	08:00:00	26056.15	26082.95	26007.85	26061.75	29105	0	130
2025.10.31	12:00:00	26062.15	26135.95	26024.65	26075.25	31224	0	140
2025.10.31	16:00:00	26074.75	26080.05	25795.65	25813.15	66842	0	60
2025.10.31	20:00:00	25812.75	25981.75	25753.15	25845.06	55861	0	60
2025.11.03	00:00:00	25912.66	25988.15	25911.66	25954.75	17650	0	130
2025.11.03	04:00:00	25954.45	25979.65	25916.35	25932.75	22087	0	130
2025.11.03	08:00:00	25932.95	26020.85	25882.55	25995.25	29844	0	140
2025.11.03	12:00:00	25996.15	26055.95	25989.05	26053.05	28773	0	140
2025.11.03	16:00:00	26053.35	26130.75	25882.95	26015.65	65435	0	60
2025.11.03	20:00:00	26016.75	26042.66	25932.15	25973.76	47185	0	60
2025.11.04	00:00:00	25965.06	25967.06	25852.85	25878.35	18667	0	130
2025.11.04	04:00:00	25878.05	25878.05	25679.25	25692.05	33569	0	140
2025.11.04	08:00:00	25692.95	25695.15	25538.95	25544.75	45879	0	170
2025.11.04	12:00:00	25543.65	25662.25	25515.25	25586.05	41954	0	150
2025.11.04	16:00:00	25586.45	25763.95	25513.45	25549.85	68447	0	60
2025.11.04	20:00:00	25549.75	25557.75	25393.06	25433.16	57618	0	60
2025.11.05	00:00:00	25410.56	25413.26	25155.85	25210.85	34876	0	150
2025.11.05	04:00:00	25211.25	25408.45	25169.65	25354.75	49777	0	160
2025.11.05	08:00:00	25354.45	25426.25	25327.35	25392.35	39387	0	160
2025.11.05	12:00:00	25392.25	25468.65	25277.55	25460.35	40311	0	160
2025.11.05	16:00:00	25460.15	25701.55	25362.25	25685.65	65483	0	60
2025.11.05	20:00:00	25686.05	25750.75	25567.96	25605.26	45469	0	60
2025.11.06	00:00:00	25592.66	25650.35	25493.05	25549.55	28405	0	160
2025.11.06	04:00:00	25549.25	25618.25	25515.65	25568.85	31717	0	140
2025.11.06	08:00:00	25568.45	25623.15	25505.25	25603.65	36806	0	150
2025.11.06	12:00:00	25604.65	25697.95	25602.15	25642.55	32666	0	150
2025.11.06	16:00:00	25642.45	25649.85	25078.35	25217.15	73154	0	100
2025.11.06	20:00:00	25214.85	25317.75	25105.95	25189.06	61035	0	100
2025.11.07	00:00:00	25175.76	25235.25	25086.25	25157.25	29305	0	140
2025.11.07	04:00:00	25157.55	25220.65	25048.15	25220.65	41463	0	160
2025.11.07	08:00:00	25221.15	25242.65	25129.05	25148.05	37241	0	150
2025.11.07	12:00:00	25147.95	25165.85	24952.25	24999.65	51752	0	170
2025.11.07	16:00:00	24999.85	25012.05	24599.75	24731.95	71612	0	100
2025.11.07	20:00:00	24731.35	25113.56	24712.55	25111.66	60236	0	100
2025.11.10	00:00:00	25231.86	25330.55	25162.85	25322.25	34154	0	160
2025.11.10	04:00:00	25322.35	25389.75	25303.15	25377.15	31603	0	140
2025.11.10	08:00:00	25376.65	25461.95	25350.75	25446.35	35488	0	150
2025.11.10	12:00:00	25447.45	25452.35	25398.45	25449.15	33822	0	150
2025.11.10	16:00:00	25449.05	25560.45	25350.35	25532.55	81719	0	60
2025.11.10	20:00:00	25533.65	25655.95	25526.15	25628.76	49227	0	60
2025.11.11	00:00:00	25607.66	25667.15	25600.96	25641.55	25968	0	150
2025.11.11	04:00:00	25641.85	25652.55	25551.15	25551.65	34786	0	140
2025.11.11	08:00:00	25551.75	25602.75	25495.35	25501.45	37326	0	150
2025.11.11	12:00:00	25501.55	25541.75	25471.05	25495.35	35897	0	150
2025.11.11	16:00:00	25495.25	25544.35	25377.55	25516.55	81120	0	60
2025.11.11	20:00:00	25516.75	25591.55	25506.25	25558.46	58688	0	60
2025.11.12	00:00:00	25558.66	25634.25	25525.06	25626.25	24299	0	140
2025.11.12	04:00:00	25626.35	25656.45	25590.15	25639.15	29950	0	140
2025.11.12	08:00:00	25639.05	25720.65	25636.95	25714.95	28906	0	130
2025.11.12	12:00:00	25715.05	25725.45	25616.85	25696.05	33058	0	140
2025.11.12	16:00:00	25696.25	25697.05	25385.05	25506.25	85837	0	60
2025.11.12	20:00:00	25506.15	25550.46	25442.35	25535.46	63247	0	60
2025.11.13	00:00:00	25435.96	25618.75	25401.46	25590.55	35812	0	170
2025.11.13	04:00:00	25590.45	25608.65	25532.85	25596.15	33297	0	130
2025.11.13	08:00:00	25596.35	25620.45	25430.45	25466.35	40262	0	140
2025.11.13	12:00:00	25466.55	25528.05	25391.15	25397.15	45740	0	160
2025.11.13	16:00:00	25396.95	25408.25	25025.95	25035.95	92735	0	100
2025.11.13	20:00:00	25035.85	25067.36	24902.45	24998.46	79151	0	100
2025.11.14	00:00:00	25033.86	25055.36	24998.95	25021.85	31844	0	170
2025.11.14	04:00:00	25022.95	25057.45	24879.45	25005.15	42733	0	150
2025.11.14	08:00:00	25004.65	25007.05	24804.45	24844.65	58093	0	180
2025.11.14	12:00:00	24844.75	24897.65	24561.75	24621.25	65575	0	180
2025.11.14	16:00:00	24621.15	25198.55	24530.45	25108.85	95489	0	100
2025.11.14	20:00:00	25109.55	25157.05	24980.25	25048.96	76952	0	100
2025.11.17	00:00:00	24942.96	25168.35	24935.36	25111.95	38097	0	170
2025.11.17	04:00:00	25111.55	25198.95	25111.55	25158.85	33582	0	140
2025.11.17	08:00:00	25159.15	25273.75	25141.95	25196.45	39857	0	160
2025.11.17	12:00:00	25197.05	25202.25	24923.25	24991.75	55171	0	170
2025.11.17	16:00:00	24991.05	25167.45	24861.25	24912.75	92534	0	100
2025.11.17	20:00:00	24910.35	24962.45	24646.25	24807.36	79607	0	100
2025.11.18	00:00:00	24851.96	24872.75	24744.25	24848.65	37529	0	170
2025.11.18	04:00:00	24848.55	24866.85	24521.35	24621.85	59753	0	180
2025.11.18	08:00:00	24622.95	24772.85	24517.85	24751.35	61779	0	190
2025.11.18	12:00:00	24750.05	24760.05	24573.25	24645.45	58207	0	180
2025.11.18	16:00:00	24645.75	24745.65	24295.15	24665.05	98999	0	100
2025.11.18	20:00:00	24665.75	24723.65	24438.46	24452.16	83711	0	100
2025.11.19	00:00:00	24502.96	24545.26	24414.45	24467.35	41218	0	180
2025.11.19	04:00:00	24467.05	24572.15	24362.95	24451.15	53616	0	170
2025.11.19	08:00:00	24451.05	24598.25	24437.05	24593.25	51130	0	170
2025.11.19	12:00:00	24593.55	24646.65	24557.05	24581.05	50143	0	170
2025.11.19	16:00:00	24580.95	24903.75	24426.35	24550.85	95202	0	100
2025.11.19	20:00:00	24551.05	24891.86	24487.35	24878.96	88434	0	100
2025.11.20	00:00:00	24935.26	25081.05	24925.76	25070.55	36152	0	160
2025.11.20	04:00:00	25069.85	25122.55	25043.85	25082.95	41305	0	140
2025.11.20	08:00:00	25083.05	25120.85	24960.75	24973.35	48298	0	150
2025.11.20	12:00:00	24973.55	25178.75	24936.75	25144.25	57552	0	170
2025.11.20	16:00:00	25144.75	25223.15	24223.95	24309.15	101573	0	100
2025.11.20	20:00:00	24309.25	24513.45	23997.36	24013.26	89679	0	100
2025.11.21	00:00:00	23999.96	24159.95	23944.76	24130.35	44152	0	180
2025.11.21	04:00:00	24131.15	24162.15	24023.15	24066.15	53923	0	180
2025.11.21	08:00:00	24067.65	24141.95	23956.15	23960.15	58879	0	180
2025.11.21	12:00:00	23960.05	24216.85	23829.05	24168.85	77040	0	190
2025.11.21	16:00:00	24168.05	24339.75	23853.35	24275.05	101760	0	100
2025.11.21	20:00:00	24275.25	24521.55	24129.25	24261.26	84710	0	100
2025.11.24	00:00:00	24416.16	24452.06	24335.15	24379.75	32881	0	180
2025.11.24	04:00:00	24379.45	24452.55	24362.15	24425.85	42629	0	160
2025.11.24	08:00:00	24426.05	24492.75	24297.25	24352.85	47392	0	150
2025.11.24	12:00:00	24352.75	24493.95	24292.35	24428.45	53414	0	180
2025.11.24	16:00:00	24428.75	24866.55	24425.15	24847.85	88092	0	60
2025.11.24	20:00:00	24847.95	24919.85	24821.75	24893.06	60925	0	60
2025.11.25	00:00:00	24897.46	24915.16	24848.25	24852.35	29404	0	150
2025.11.25	04:00:00	24852.75	24887.85	24842.75	24850.05	36159	0	140
2025.11.25	08:00:00	24849.85	24867.55	24751.35	24786.15	43172	0	150
2025.11.25	12:00:00	24785.85	24904.35	24765.15	24812.55	57013	0	160
2025.11.25	16:00:00	24812.85	24989.65	24532.05	24916.15	90566	0	60
2025.11.25	20:00:00	24916.55	25067.05	24870.25	24996.36	63855	0	60
2025.11.26	00:00:00	25013.66	25103.25	24995.36	25099.05	22299	0	140
2025.11.26	04:00:00	25098.55	25135.05	25089.55	25132.35	23153	0	130
2025.11.26	08:00:00	25132.45	25168.25	25071.25	25085.15	34905	0	130
2025.11.26	12:00:00	25086.05	25155.65	25055.25	25151.05	46444	0	140
2025.11.26	16:00:00	25150.15	25312.15	25072.85	25274.05	78326	0	60
2025.11.26	20:00:00	25274.25	25295.55	25217.45	25246.66	54983	0	60
2025.11.27	00:00:00	25260.56	25276.95	25242.15	25271.85	17587	0	130
2025.11.27	04:00:00	25271.95	25275.75	25242.95	25261.95	19753	0	130
2025.11.27	08:00:00	25261.75	25266.35	25231.05	25241.35	24968	0	130
2025.11.27	12:00:00	25241.15	25262.85	25228.05	25238.35	18406	0	130
2025.11.27	16:00:00	25238.25	25256.05	25223.95	25239.05	13497	0	60
2025.11.28	00:00:00	25252.86	25306.15	25244.06	25281.65	6434	0	130
2025.11.28	04:00:00	25281.35	25290.45	25277.65	25285.15	617	0	130
2025.11.28	08:00:00	25285.15	25285.15	25283.65	25283.65	2	0	130
2025.11.28	12:00:00	25328.45	25328.45	25310.55	25310.65	334	0	130
2025.11.28	16:00:00	25311.15	25432.75	25271.35	25428.95	64833	0	60
2025.11.28	20:00:00	25430.05	25443.35	25412.45	25424.15	4011	0	60
2025.12.01	00:00:00	25423.06	25472.96	25214.75	25266.85	42395	0	170
2025.12.01	04:00:00	25266.95	25276.25	25143.05	25201.15	40701	0	150
2025.12.01	08:00:00	25200.65	25291.75	25181.75	25230.35	43088	0	150
2025.12.01	12:00:00	25230.45	25282.45	25160.25	25215.35	47835	0	160
2025.12.01	16:00:00	25213.75	25445.15	25158.75	25400.35	81787	0	60
2025.12.01	20:00:00	25400.15	25442.45	25304.25	25350.16	55635	0	60
2025.12.02	00:00:00	25360.86	25394.35	25328.76	25363.35	25113	0	130
2025.12.02	04:00:00	25362.55	25382.15	25298.75	25323.25	28681	0	140
2025.12.02	08:00:00	25321.65	25400.75	25274.75	25391.75	34252	0	140
2025.12.02	12:00:00	25391.25	25464.25	25386.55	25456.35	32505	0	140
2025.12.02	16:00:00	25456.65	25619.95	25364.95	25456.55	84002	0	60
2025.12.02	20:00:00	25456.65	25596.85	25447.35	25542.16	58524	0	60
2025.12.03	00:00:00	25567.86	25600.25	25527.45	25590.95	20696	0	140
2025.12.03	04:00:00	25591.45	25626.65	25588.05	25611.45	17797	0	130
2025.12.03	08:00:00	25611.65	25627.85	25564.35	25588.75	29465	0	130
2025.12.03	12:00:00	25588.65	25628.05	25556.85	25599.95	28884	0	140
2025.12.03	16:00:00	25600.05	25603.95	25372.55	25578.55	86918	0	60
2025.12.03	20:00:00	25578.65	25638.85	25561.55	25590.26	41516	0	60
2025.12.04	00:00:00	25603.76	25619.85	25577.35	25595.85	17439	0	130
2025.12.04	04:00:00	25596.15	25610.15	25568.75	25594.65	20261	0	130
2025.12.04	08:00:00	25594.75	25646.75	25558.25	25638.85	28711	0	130
2025.12.04	12:00:00	25639.15	25645.85	25573.45	25586.45	31728	0	140
2025.12.04	16:00:00	25586.65	25686.55	25461.55	25572.95	81917	0	60
2025.12.04	20:00:00	25572.85	25592.16	25444.45	25581.76	55281	0	60
2025.12.05	00:00:00	25599.16	25641.75	25566.66	25639.75	19830	0	130
2025.12.05	04:00:00	25639.85	25682.05	25637.45	25681.55	18226	0	130
2025.12.05	08:00:00	25681.25	25712.85	25661.95	25676.15	23292	0	130
2025.12.05	12:00:00	25675.85	25690.65	25538.25	25571.75	28053	0	130
2025.12.05	16:00:00	25572.05	25825.95	25569.55	25689.15	96361	0	60
2025.12.05	20:00:00	25688.65	25719.05	25639.05	25697.86	53446	0	60
2025.12.08	00:00:00	25701.86	25735.05	25664.55	25732.35	24278	0	130
2025.12.08	04:00:00	25732.15	25767.95	25726.25	25758.35	15577	0	130
2025.12.08	08:00:00	25758.25	25783.55	25731.25	25736.85	24610	0	130
2025.12.08	12:00:00	25736.65	25795.45	25724.95	25773.05	27159	0	130
2025.12.08	16:00:00	25772.75	25823.45	25557.25	25643.55	87594	0	60
2025.12.08	20:00:00	25643.45	25668.36	25529.05	25664.96	63400	0	60
2025.12.09	00:00:00	25683.66	25694.25	25651.25	25658.15	18861	0	130
2025.12.09	04:00:00	25657.95	25674.05	25629.05	25629.25	22053	0	130
2025.12.09	08:00:00	25629.65	25678.25	25613.05	25622.45	30781	0	130
2025.12.09	12:00:00	25622.65	25657.95	25567.95	25582.25	38150	0	140
2025.12.09	16:00:00	25582.05	25698.85	25526.45	25682.25	78783	0	120
2025.12.09	20:00:00	25682.15	25700.65	25641.36	25646.16	46411	0	120
2025.12.10	00:00:00	25651.36	25661.55	25607.95	25623.65	16915	0	130
2025.12.10	04:00:00	25623.85	25677.55	25622.65	25649.75	16357	0	130
2025.12.10	08:00:00	25649.95	25713.35	25649.25	25677.15	25071	0	130
2025.12.10	12:00:00	25677.25	25701.35	25583.65	25640.95	37665	0	140
2025.12.10	16:00:00	25640.85	25651.15	25498.15	25634.15	83717	0	120
2025.12.10	20:00:00	25634.35	25835.95	25564.65	25763.96	82447	0	120
2025.12.11	00:00:00	25733.86	25745.56	25623.55	25631.85	13432	0	140
2025.12.11	04:00:00	25631.25	25633.05	25356.15	25485.85	46638	0	150
2025.12.11	08:00:00	25486.15	25594.75	25443.95	25575.55	43114	0	150
2025.12.11	12:00:00	25576.65	25672.35	25552.05	25615.45	40583	0	140
2025.12.11	16:00:00	25615.95	25652.45	25362.75	25567.75	100708	0	120
2025.12.11	20:00:00	25566.85	25807.36	25557.35	25804.66	63391	0	120
2025.12.12	00:00:00	25686.96	25691.16	25620.75	25656.75	20162	0	140
2025.12.12	04:00:00	25656.65	25681.85	25632.45	25669.05	21070	0	130
2025.12.12	08:00:00	25669.15	25681.95	25540.55	25566.05	34172	0	130
2025.12.12	12:00:00	25564.65	25604.35	25511.15	25603.85	36978	0	140
2025.12.12	16:00:00	25603.55	25610.85	25101.55	25260.55	107983	0	120
2025.12.12	20:00:00	25261.95	25351.95	25129.55	25192.56	76219	0	120
2025.12.15	00:00:00	25165.26	25250.15	25121.76	25248.25	28396	0	140
2025.12.15	04:00:00	25248.15	25268.95	25218.95	25262.75	26946	0	130
2025.12.15	08:00:00	25262.65	25318.55	25216.45	25310.65	35286	0	140
2025.12.15	12:00:00	25310.75	25368.75	25302.75	25365.65	28778	0	130
2025.12.15	16:00:00	25365.25	25393.95	25020.75	25109.55	102793	0	120
2025.12.15	20:00:00	25109.05	25160.05	25056.06	25076.06	72487	0	120
2025.12.16	00:00:00	25099.76	25103.36	24845.65	24884.25	39795	0	158
2025.12.16	04:00:00	24885.75	24919.35	24836.75	24847.55	47331	0	150
2025.12.16	08:00:00	24848.45	24964.95	24809.25	24916.65	43229	0	150
2025.12.16	12:00:00	24916.85	25115.05	24901.85	24987.75	45646	0	160
2025.12.16	16:00:00	24988.05	25144.95	24917.95	24940.85	106424	0	120
2025.12.16	20:00:00	24936.85	25176.95	24914.85	25080.76	83579	0	120
2025.12.17	00:00:00	25068.56	25111.16	25016.25	25107.15	30571	0	160
2025.12.17	04:00:00	25106.75	25129.55	25041.55	25102.35	34975	0	150
2025.12.17	08:00:00	25102.45	25219.45	25101.45	25213.65	40548	0	150
2025.12.17	12:00:00	25212.65	25257.25	25148.35	25213.85	39501	0	140
2025.12.17	16:00:00	25213.95	25229.25	24737.85	24784.15	109250	0	120
2025.12.17	20:00:00	24785.15	24839.65	24652.55	24727.76	76642	0	120
2025.12.18	00:00:00	24747.16	24764.25	24668.25	24728.35	34553	0	168
2025.12.18	04:00:00	24728.05	24778.45	24669.45	24751.95	36206	0	150
2025.12.18	08:00:00	24751.75	24862.45	24720.85	24861.35	37855	0	150
2025.12.18	12:00:00	24862.15	25028.85	24830.05	24988.75	39119	0	140
2025.12.18	16:00:00	24987.55	25176.65	24927.05	25119.95	105951	0	120
2025.12.18	20:00:00	25120.55	25157.55	24949.85	24966.86	80470	0	120
2025.12.19	00:00:00	24998.86	25039.15	24968.26	25029.35	27374	0	160
2025.12.19	04:00:00	25027.95	25084.45	24999.45	25054.05	35433	0	140
2025.12.19	08:00:00	25054.25	25155.95	25029.65	25146.55	38336	0	140
2025.12.19	12:00:00	25146.45	25147.15	25036.35	25085.45	40088	0	140
2025.12.19	16:00:00	25086.15	25362.25	25061.35	25340.95	92376	0	120
2025.12.19	20:00:00	25340.75	25358.46	25305.15	25352.86	48419	0	120
2025.12.22	00:00:00	25416.56	25459.55	25394.36	25451.35	21374	0	130
2025.12.22	04:00:00	25451.05	25461.75	25425.15	25436.75	15225	0	130
2025.12.22	08:00:00	25436.65	25487.65	25436.65	25474.95	21691	0	130
2025.12.22	12:00:00	25475.35	25519.25	25460.25	25515.35	21605	0	130
2025.12.22	16:00:00	25516.05	25557.15	25393.05	25485.15	75512	0	120
2025.12.22	20:00:00	25485.35	25486.05	25437.85	25458.76	37770	0	120
2025.12.23	00:00:00	25472.76	25496.35	25462.45	25476.95	14464	0	130
2025.12.23	04:00:00	25476.85	25504.55	25444.35	25444.55	17366	0	130
2025.12.23	08:00:00	25444.15	25494.75	25420.15	25485.45	20241	0	130
2025.12.23	12:00:00	25485.25	25491.05	25374.95	25386.35	25341	0	130
2025.12.23	16:00:00	25386.55	25544.45	25375.35	25521.45	67939	0	120
2025.12.23	20:00:00	25521.15	25588.86	25518.65	25576.76	32525	0	120
2025.12.24	00:00:00	25577.16	25594.55	25570.26	25576.65	11612	0	130
2025.12.24	04:00:00	25576.15	25583.85	25551.35	25564.35	10607	0	130
2025.12.24	08:00:00	25564.15	25580.15	25556.85	25572.55	7365	0	130
2025.12.24	12:00:00	25572.35	25604.75	25559.15	25596.05	10268	0	130
2025.12.24	16:00:00	25595.85	25665.25	25557.65	25651.45	51410	0	120
2025.12.24	20:00:00	25651.75	25654.95	25626.15	25637.95	3331	0	120
2025.12.26	00:00:00	25660.86	25694.75	25644.46	25668.15	12648	0	130
2025.12.26	04:00:00	25668.05	25681.15	25650.55	25654.15	9235	0	130
2025.12.26	08:00:00	25654.65	25659.05	25621.85	25654.65	10964	0	130
2025.12.26	12:00:00	25654.55	25701.35	25644.95	25675.15	13058	0	130
2025.12.26	16:00:00	25675.45	25713.20	25613.10	25650.15	61917	0	120
2025.12.26	20:00:00	25650.65	25677.15	25632.56	25635.26	30634	0	120
2025.12.29	00:00:00	25655.86	25678.85	25621.45	25627.65	19472	0	130
2025.12.29	04:00:00	25627.95	25653.25	25603.25	25605.95	17227	0	130
2025.12.29	08:00:00	25605.55	25628.05	25516.85	25548.45	30907	0	130
2025.12.29	12:00:00	25548.35	25562.15	25446.55	25478.65	28092	0	130
2025.12.29	16:00:00	25479.95	25604.15	25435.10	25486.70	76205	0	130
2025.12.29	20:00:00	25486.60	25560.80	25467.60	25529.56	38556	0	120
2025.12.30	00:00:00	25517.26	25522.76	25483.35	25510.85	15861	0	130
2025.12.30	04:00:00	25511.15	25540.65	25488.35	25531.45	16431	0	130
2025.12.30	08:00:00	25531.65	25538.85	25471.75	25526.25	20541	0	130
2025.12.30	12:00:00	25525.95	25532.75	25478.05	25500.65	21770	0	130
2025.12.30	16:00:00	25500.95	25580.90	25461.70	25516.10	64621	0	130
2025.12.30	20:00:00	25516.00	25531.20	25456.60	25473.06	35522	0	120
2025.12.31	00:00:00	25471.06	25476.66	25377.45	25407.85	14363	0	130
2025.12.31	04:00:00	25407.65	25425.35	25384.35	25389.15	14905	0	130
2025.12.31	08:00:00	25388.85	25398.85	25342.45	25358.35	16747	0	130
2025.12.31	12:00:00	25358.45	25503.95	25350.65	25492.35	19825	0	130
2025.12.31	16:00:00	25491.05	25505.75	25332.50	25371.20	66396	0	130
2025.12.31	20:00:00	25371.50	25423.70	25223.16	25227.86	48482	0	130
2026.01.02	00:00:00	25252.26	25347.85	25250.66	25346.85	17055	0	130
2026.01.02	04:00:00	25347.15	25434.75	25346.75	25431.05	16258	0	130
2026.01.02	08:00:00	25430.95	25529.65	25416.65	25525.05	23329	0	130
2026.01.02	12:00:00	25526.35	25534.35	25471.45	25484.25	24667	0	130
2026.01.02	16:00:00	25484.05	25593.50	25097.30	25133.35	102564	0	130
2026.01.02	20:00:00	25133.45	25270.25	25074.80	25202.86	70155	0	120
2026.01.05	00:00:00	25259.36	25304.85	25224.26	25275.55	35919	0	150
2026.01.05	04:00:00	25275.05	25314.65	25270.85	25312.35	23566	0	130
2026.01.05	08:00:00	25312.65	25373.05	25272.85	25329.15	34663	0	130
2026.01.05	12:00:00	25329.45	25407.65	25328.15	25393.25	31037	0	130
2026.01.05	16:00:00	25392.95	25525.20	25357.20	25443.00	89292	0	130
2026.01.05	20:00:00	25442.90	25448.00	25365.20	25394.76	47401	0	120
2026.01.06	00:00:00	25407.66	25420.45	25371.25	25415.45	21293	0	130
2026.01.06	04:00:00	25416.45	25470.95	25410.55	25461.25	16786	0	130
2026.01.06	08:00:00	25461.15	25491.75	25344.75	25403.15	31255	0	130
2026.01.06	12:00:00	25403.55	25467.25	25389.55	25434.15	26722	0	130
2026.01.06	16:00:00	25433.85	25604.20	25410.45	25578.60	86065	0	130
2026.01.06	20:00:00	25578.80	25651.20	25564.30	25642.86	41669	0	120
2026.01.07	00:00:00	25651.06	25657.75	25627.85	25632.45	18487	0	130
2026.01.07	04:00:00	25631.65	25648.05	25591.45	25598.85	19959	0	130
2026.01.07	08:00:00	25599.25	25615.45	25542.75	25569.15	21958	0	130
2026.01.07	12:00:00	25568.15	25609.25	25544.15	25604.45	24967	0	130
2026.01.07	16:00:00	25603.95	25815.10	25577.45	25790.40	77442	0	120
2026.01.07	20:00:00	25790.30	25797.90	25634.65	25652.06	52960	0	120
2026.01.08	00:00:00	25659.36	25668.66	25628.75	25659.05	16911	0	130
2026.01.08	04:00:00	25659.25	25661.85	25559.45	25559.75	25349	0	130
2026.01.08	08:00:00	25559.95	25625.15	25492.95	25591.25	39930	0	140
2026.01.08	12:00:00	25591.05	25639.75	25564.05	25621.45	32361	0	130
2026.01.08	16:00:00	25621.25	25632.75	25392.30	25505.20	95972	0	130
2026.01.08	20:00:00	25505.40	25563.46	25422.20	25552.06	54865	0	120
2026.01.09	00:00:00	25538.16	25545.16	25451.75	25475.95	24276	0	130
2026.01.09	04:00:00	25475.65	25519.05	25473.35	25517.35	24974	0	130
2026.01.09	08:00:00	25516.85	25549.55	25476.55	25546.15	28696	0	130
2026.01.09	12:00:00	25546.85	25631.55	25538.35	25628.65	32436	0	130
2026.01.09	16:00:00	25628.55	25761.10	25442.20	25748.60	91237	0	124
2026.01.09	20:00:00	25747.60	25811.60	25707.80	25755.06	44652	0	120
2026.01.12	00:00:00	25721.06	25751.76	25553.85	25607.95	32994	0	150
2026.01.12	04:00:00	25607.75	25608.45	25507.85	25529.33	30322	0	145
2026.01.12	08:00:00	25529.63	25580.25	25464.15	25528.35	34032	0	145
2026.01.12	12:00:00	25528.45	25592.75	25517.05	25573.65	29125	0	145
2026.01.12	16:00:00	25574.05	25804.93	25550.15	25799.23	65030	0	145
2026.01.12	20:00:00	25799.43	25851.13	25777.36	25777.36	39018	0	145
2026.01.13	00:00:00	25754.46	25771.56	25680.05	25713.05	21385	0	145
2026.01.13	04:00:00	25713.85	25740.68	25695.53	25735.38	24578	0	145
2026.01.13	08:00:00	25735.68	25770.43	25727.05	25743.65	23815	0	145
2026.01.13	12:00:00	25743.35	25878.95	25704.85	25804.15	29718	0	145
2026.01.13	16:00:00	25801.65	25876.13	25644.48	25710.38	75989	0	145
2026.01.13	20:00:00	25710.28	25761.66	25639.63	25736.85	54375	0	145
2026.01.14	00:00:00	25744.06	25760.95	25715.85	25722.75	22491	0	145
2026.01.14	04:00:00	25722.95	25762.28	25689.93	25692.98	25213	0	145
2026.01.14	08:00:00	25692.78	25714.95	25672.25	25688.75	28763	0	145
2026.01.14	12:00:00	25689.25	25689.65	25538.75	25590.75	45408	0	145
2026.01.14	16:00:00	25591.05	25626.13	25274.38	25290.43	81849	0	145
2026.01.14	20:00:00	25290.53	25494.06	25262.43	25457.36	63439	0	145
2026.01.15	00:00:00	25447.46	25481.65	25401.85	25468.65	27250	0	145
2026.01.15	04:00:00	25468.55	25486.75	25409.05	25461.35	35022	0	145
2026.01.15	08:00:00	25460.75	25671.75	25450.25	25651.55	41223	0	150
2026.01.15	12:00:00	25651.25	25755.55	25639.35	25732.65	32538	0	145
2026.01.15	16:00:00	25733.05	25791.43	25643.13	25691.63	74902	0	145
2026.01.15	20:00:00	25688.43	25747.93	25517.38	25542.85	56365	0	145
2026.01.16	00:00:00	25555.96	25626.85	25545.16	25613.78	19606	0	145
2026.01.16	04:00:00	25613.58	25664.18	25607.03	25651.78	18628	0	145
2026.01.16	08:00:00	25651.58	25689.05	25639.15	25659.18	22377	0	145
2026.01.16	12:00:00	25660.08	25716.15	25645.95	25669.95	30313	0	145
2026.01.16	16:00:00	25669.75	25734.03	25435.63	25504.13	75013	0	145
2026.01.16	20:00:00	25503.63	25591.63	25498.13	25530.15	49852	0	145
2026.01.19	00:00:00	25274.86	25313.25	25220.05	25242.65	44478	0	170
2026.01.19	04:00:00	25242.75	25267.65	25208.55	25237.98	38941	0	145
2026.01.19	08:00:00	25237.88	25258.05	25108.25	25124.55	50080	0	145
2026.01.19	12:00:00	25124.65	25192.55	25101.55	25164.45	44748	0	160
2026.01.19	16:00:00	25164.25	25260.93	25080.93	25243.63	56707	0	145
2026.01.20	00:00:00	25235.96	25278.75	25171.35	25266.75	33143	0	160
2026.01.20	04:00:00	25266.35	25284.65	25213.45	25229.35	37661	0	145
2026.01.20	08:00:00	25228.45	25236.55	24942.55	24980.65	67549	0	160
2026.01.20	12:00:00	24980.85	25129.95	24956.05	25058.65	65610	0	180
2026.01.20	16:00:00	25059.15	25278.03	25047.95	25144.93	108971	0	145
2026.01.20	20:00:00	25141.73	25163.63	24951.18	24990.96	81227	0	145
2026.01.21	00:00:00	25019.26	25073.35	24958.36	25056.75	26193	0	145
2026.01.21	04:00:00	25057.15	25082.05	25022.85	25074.93	35536	0	145
2026.01.21	08:00:00	25074.73	25101.35	24983.45	24983.95	38172	0	145
2026.01.21	12:00:00	24984.05	25042.85	24881.25	24939.35	55708	0	150
2026.01.21	16:00:00	24938.85	25348.83	24927.95	25099.43	116775	0	145
2026.01.21	20:00:00	25100.73	25507.03	25006.23	25362.96	93303	0	145
2026.01.22	00:00:00	25416.06	25458.65	25381.06	25452.05	27448	0	145
2026.01.22	04:00:00	25452.25	25460.55	25385.75	25391.45	30310	0	145
2026.01.22	08:00:00	25390.95	25573.55	25341.05	25556.75	50851	0	150
2026.01.22	12:00:00	25557.25	25597.35	25517.05	25594.05	44718	0	145
2026.01.22	16:00:00	25593.85	25596.55	25395.43	25569.43	95133	0	145
2026.01.22	20:00:00	25568.43	25578.63	25442.63	25498.96	63905	0	145
2026.01.23	00:00:00	25451.66	25548.03	25442.66	25546.93	24595	0	145
2026.01.23	04:00:00	25547.53	25577.38	25528.28	25576.38	21842	0	145
2026.01.23	08:00:00	25576.08	25594.25	25405.15	25423.15	41868	0	145
2026.01.23	12:00:00	25421.85	25522.25	25414.55	25435.85	47859	0	160
2026.01.23	16:00:00	25435.65	25710.13	25421.15	25557.78	92891	0	145
2026.01.23	20:00:00	25558.38	25639.53	25537.06	25556.75	68714	0	145
2026.01.26	00:00:00	25328.76	25538.25	25324.16	25519.25	45902	0	180
2026.01.26	04:00:00	25519.55	25545.75	25467.75	25544.33	46414	0	145
2026.01.26	08:00:00	25544.43	25611.45	25452.15	25487.75	46663	0	145
2026.01.26	12:00:00	25486.85	25590.85	25483.45	25586.25	42555	0	150
2026.01.26	16:00:00	25586.05	25800.43	25574.33	25758.03	81321	0	145
2026.01.26	20:00:00	25757.93	25797.13	25701.26	25732.45	52119	0	145
2026.01.27	00:00:00	25713.56	25795.88	25711.96	25792.58	19602	0	145
2026.01.27	04:00:00	25792.38	25879.58	25791.48	25878.28	19957	0	145
2026.01.27	08:00:00	25877.88	25897.85	25837.15	25844.25	30786	0	145
2026.01.27	12:00:00	25843.95	25912.55	25840.35	25860.45	31143	0	145
2026.01.27	16:00:00	25860.25	25976.63	25787.73	25930.63	78673	0	145
2026.01.27	20:00:00	25931.63	25986.56	25907.43	25981.86	52586	0	145
2026.01.28	00:00:00	26009.16	26099.25	25999.66	26075.75	20464	0	145
2026.01.28	04:00:00	26075.95	26119.58	26063.78	26116.43	20667	0	145
2026.01.28	08:00:00	26116.53	26219.45	26116.53	26155.85	44673	0	145
2026.01.28	12:00:00	26155.75	26197.35	26126.15	26144.25	41195	0	145
2026.01.28	16:00:00	26144.15	26169.33	25971.93	26011.93	88815	0	145
2026.01.28	20:00:00	26011.83	26158.36	25867.76	26138.16	82858	0	120
2026.01.29	00:00:00	26141.86	26142.66	25959.05	26001.75	48736	0	170
2026.01.29	04:00:00	26001.65	26122.63	25995.95	26106.65	44602	0	145
2026.01.29	08:00:00	26106.85	26153.05	26083.35	26084.45	45649	0	145
2026.01.29	12:00:00	26084.35	26109.75	26023.75	26066.95	51762	0	150
2026.01.29	16:00:00	26067.65	26069.65	25409.23	25637.23	114031	0	145
2026.01.29	20:00:00	25637.03	25917.36	25634.93	25856.66	88209	0	145
2026.01.30	00:00:00	25830.06	25896.56	25674.75	25730.65	44880	0	180
2026.01.30	04:00:00	25731.55	25773.85	25614.65	25711.25	61018	0	160
2026.01.30	08:00:00	25712.25	25717.15	25528.15	25575.75	67075	0	170
2026.01.30	12:00:00	25575.15	25783.25	25572.35	25703.75	66712	0	170
2026.01.30	16:00:00	25704.55	25817.23	25561.13	25561.83	117006	0	145
2026.01.30	20:00:00	25561.73	25662.93	25451.13	25517.96	97867	0	145
2026.02.02	00:00:00	25383.46	25534.45	25263.66	25296.55	58889	0	190
2026.02.02	04:00:00	25296.35	25339.05	25106.35	25138.95	81428	0	190
2026.02.02	08:00:00	25138.85	25352.25	25070.05	25342.85	70851	0	190
2026.02.02	12:00:00	25342.75	25427.55	25280.05	25416.75	58119	0	180
2026.02.02	16:00:00	25417.25	25826.23	25408.05	25808.53	95487	0	124
2026.02.02	20:00:00	25808.83	25833.53	25707.03	25768.16	66704	0	145
2026.02.03	00:00:00	25789.06	25877.95	25788.66	25847.35	32458	0	145
2026.02.03	04:00:00	25846.55	25883.95	25788.15	25874.88	46107	0	145
2026.02.03	08:00:00	25874.98	25915.25	25845.75	25857.05	46631	0	145
2026.02.03	12:00:00	25857.55	25890.35	25810.55	25854.55	47764	0	150
2026.02.03	16:00:00	25854.85	25864.25	25235.03	25278.03	113262	0	145
2026.02.03	20:00:00	25276.93	25367.96	25111.18	25296.26	96735	0	145
2026.02.04	00:00:00	25296.16	25348.75	25257.16	25333.35	33352	0	160
2026.02.04	04:00:00	25335.35	25367.75	25294.05	25337.35	40652	0	145
2026.02.04	08:00:00	25337.05	25408.95	25249.85	25296.95	51439	0	145
2026.02.04	12:00:00	25297.15	25384.85	25237.45	25251.95	55696	0	170
2026.02.04	16:00:00	25251.25	25282.35	24678.63	24767.83	118678	0	124
2026.02.04	20:00:00	24768.63	25077.76	24715.13	25031.36	104390	0	145
2026.02.05	00:00:00	25004.66	25068.45	24931.05	25022.65	33711	0	180
2026.02.05	04:00:00	25024.05	25033.95	24815.25	24895.65	73158	0	190
2026.02.05	08:00:00	24895.95	25023.15	24878.05	24929.15	59985	0	180
2026.02.05	12:00:00	24929.55	24990.95	24607.65	24667.55	75754	0	190
2026.02.05	16:00:00	24666.55	24859.13	24446.03	24682.13	124316	0	124
2026.02.05	20:00:00	24683.03	24738.53	24332.86	24334.86	102528	0	145
2026.02.06	00:00:00	24351.26	24437.85	24143.85	24432.75	55941	0	190
2026.02.06	04:00:00	24432.55	24499.05	24329.45	24484.85	62711	0	190
2026.02.06	08:00:00	24484.75	24684.95	24393.55	24652.75	59410	0	190
2026.02.06	12:00:00	24652.55	24775.35	24614.55	24700.35	60688	0	190
2026.02.06	16:00:00	24700.05	25012.53	24603.93	24996.38	112370	0	124
2026.02.06	20:00:00	24996.58	25129.48	24964.68	25006.26	72833	0	145
2026.02.09	00:00:00	25155.46	25260.35	25110.25	25131.35	50628	0	190
2026.02.09	04:00:00	25131.45	25176.85	25091.35	25129.35	48621	0	150
2026.02.09	08:00:00	25129.85	25136.05	24988.05	25001.85	55173	0	170
2026.02.09	12:00:00	25001.75	25069.95	24882.05	24993.45	59876	0	180
2026.02.09	16:00:00	24993.95	25329.03	24870.53	25268.13	93633	0	145
2026.02.09	20:00:00	25267.83	25339.83	25225.08	25276.06	64329	0	145
2026.02.10	00:00:00	25305.96	25308.26	25213.35	25247.35	35712	0	160
2026.02.10	04:00:00	25247.75	25270.85	25191.95	25264.73	39515	0	145
2026.02.10	08:00:00	25264.83	25316.95	25204.95	25276.65	43461	0	145
2026.02.10	12:00:00	25276.75	25334.55	25205.65	25286.05	52026	0	150
2026.02.10	16:00:00	25285.35	25359.63	25169.33	25296.73	99719	0	145
2026.02.10	20:00:00	25297.13	25297.73	25111.48	25157.96	75454	0	145
2026.02.11	00:00:00	25187.66	25240.98	25181.63	25230.63	16281	0	145
2026.02.11	04:00:00	25231.13	25259.65	25195.05	25202.63	24021	0	145
2026.02.11	08:00:00	25202.33	25231.35	25119.35	25120.05	42103	0	145
2026.02.11	12:00:00	25119.55	25365.75	25062.55	25358.85	55111	0	160
2026.02.11	16:00:00	25358.65	25380.53	24973.73	25180.58	110552	0	145
2026.02.11	20:00:00	25181.38	25276.73	25117.23	25205.26	79393	0	145
2026.02.12	00:00:00	25198.66	25233.05	25124.76	25219.25	33119	0	150
2026.02.12	04:00:00	25219.45	25263.13	25187.45	25257.25	30483	0	145
2026.02.12	08:00:00	25257.15	25287.45	25210.95	25273.55	42682	0	145
2026.02.12	12:00:00	25273.75	25338.25	25239.15	25313.95	37516	0	145
2026.02.12	16:00:00	25314.25	25316.35	24725.23	24744.23	112948	0	145
2026.02.12	20:00:00	24744.13	24863.23	24641.63	24749.26	92427	0	145
2026.02.13	00:00:00	24735.36	24782.55	24628.65	24713.25	47413	0	180
2026.02.13	04:00:00	24713.15	24756.85	24616.65	24637.55	52169	0	150
2026.02.13	08:00:00	24637.45	24733.25	24568.95	24699.55	62065	0	170
2026.02.13	12:00:00	24699.25	24745.66	24546.65	24706.55	75006	0	180
2026.02.13	16:00:00	24706.65	24918.88	24504.73	24863.93	115603	0	145
2026.02.13	20:00:00	24863.63	24921.03	24659.63	24709.86	86525	0	145
2026.02.16	00:00:00	24707.06	24800.05	24685.96	24791.55	26921	0	145
2026.02.16	04:00:00	24791.75	24803.55	24726.15	24742.35	28737	0	145
2026.02.16	08:00:00	24742.65	24852.75	24725.35	24841.05	32963	0	145
2026.02.16	12:00:00	24840.95	24843.25	24773.05	24775.55	33795	0	145
2026.02.16	16:00:00	24775.85	24776.05	24601.13	24676.93	66663	0	145
2026.02.17	00:00:00	24680.06	24772.46	24582.15	24598.65	30915	0	168
2026.02.17	04:00:00	24594.05	24615.65	24489.65	24513.35	43672	0	160
2026.02.17	08:00:00	24513.65	24657.25	24513.65	24617.55	43429	0	150
2026.02.17	12:00:00	24617.35	24633.65	24449.75	24543.55	56077	0	170
2026.02.17	16:00:00	24543.15	24746.13	24380.83	24628.53	115899	0	145
2026.02.17	20:00:00	24629.23	24820.58	24580.63	24700.96	87115	0	145
2026.02.18	00:00:00	24688.36	24701.26	24635.96	24677.65	27616	0	160
2026.02.18	04:00:00	24678.25	24777.93	24669.25	24758.65	27788	0	145
2026.02.18	08:00:00	24758.55	24874.55	24736.05	24842.95	37601	0	150
2026.02.18	12:00:00	24842.85	24894.95	24750.85	24761.65	47607	0	145
2026.02.18	16:00:00	24761.45	25061.63	24686.13	25032.33	94853	0	145
2026.02.18	20:00:00	25031.73	25060.73	24789.68	24874.06	77675	0	145
2026.02.19	00:00:00	24903.86	24926.76	24851.85	24905.45	28226	0	158
2026.02.19	04:00:00	24905.25	24936.75	24872.95	24928.83	32981	0	145
2026.02.19	08:00:00	24928.93	24985.95	24783.05	24825.05	44052	0	145
2026.02.19	12:00:00	24824.55	24834.65	24732.45	24786.15	57145	0	160
2026.02.19	16:00:00	24785.85	24891.58	24695.93	24713.33	105909	0	145
2026.02.19	20:00:00	24711.33	24804.26	24682.63	24768.36	79111	0	145
2026.02.20	00:00:00	24776.56	24873.85	24767.76	24845.45	26756	0	145
2026.02.20	04:00:00	24846.15	24886.58	24817.65	24881.83	31137	0	145
2026.02.20	08:00:00	24882.33	24923.35	24835.75	24875.15	36938	0	145
2026.02.20	12:00:00	24875.65	24885.45	24662.05	24708.45	57529	0	160
2026.02.20	16:00:00	24708.55	25078.03	24619.53	24974.43	114150	0	145
2026.02.20	20:00:00	24973.83	25060.83	24869.33	25014.05	82089	0	145
2026.02.23	00:00:00	24993.66	24998.46	24775.15	24785.65	44030	0	190
2026.02.23	04:00:00	24785.85	24804.85	24749.75	24781.05	40849	0	145
2026.02.23	08:00:00	24780.85	24945.55	24774.75	24925.45	39300	0	145
2026.02.23	12:00:00	24926.25	24942.55	24826.55	24876.85	47609	0	160
2026.02.23	16:00:00	24876.75	24981.53	24610.43	24686.93	108026	0	145
2026.02.23	20:00:00	24688.13	24762.43	24624.13	24725.55	76736	0	145
2026.02.24	00:00:00	24728.16	24782.35	24716.96	24769.45	32861	0	160
2026.02.24	04:00:00	24769.95	24834.55	24764.05	24787.95	32257	0	145
2026.02.24	08:00:00	24787.65	24815.95	24708.25	24794.45	47477	0	145
2026.02.24	12:00:00	24794.65	24847.05	24743.55	24824.35	52076	0	145
2026.02.24	16:00:00	24824.55	25019.98	24642.73	24991.03	99916	0	145
2026.02.24	20:00:00	24990.73	25022.53	24933.53	24966.56	63882	0	145
2026.02.25	00:00:00	24946.16	25061.55	24942.46	25052.35	27791	0	145
2026.02.25	04:00:00	25051.35	25062.95	24943.75	24990.85	48909	0	145
2026.02.25	08:00:00	24989.35	25038.95	24966.75	25030.95	41997	0	145
2026.02.25	12:00:00	25031.05	25114.15	25014.43	25099.05	35456	0	145
2026.02.25	16:00:00	25100.55	25309.23	25078.85	25300.53	86970	0	145
2026.02.25	20:00:00	25300.83	25442.46	25283.03	25401.26	49032	0	145
2026.02.26	00:00:00	25333.16	25359.66	25216.15	25267.35	41954	0	150
2026.02.26	04:00:00	25266.55	25274.33	25234.35	25258.65	32153	0	145
2026.02.26	08:00:00	25259.15	25352.35	25257.75	25329.55	38676	0	150
2026.02.26	12:00:00	25330.25	25365.85	25296.55	25334.95	35598	0	145
2026.02.26	16:00:00	25334.65	25348.95	24815.73	24889.48	107515	0	145
2026.02.26	20:00:00	24889.28	25053.03	24845.03	24996.56	78680	0	145
2026.02.27	00:00:00	24933.76	24990.06	24908.55	24946.55	37877	0	170
2026.02.27	04:00:00	24946.45	25018.23	24939.55	24997.65	36809	0	145
2026.02.27	08:00:00	24997.45	25056.65	24950.05	24987.55	46628	0	150
2026.02.27	12:00:00	24987.35	25002.55	24753.75	24828.35	64290	0	170
2026.02.27	16:00:00	24828.55	24994.63	24740.83	24903.58	109240	0	145
2026.02.27	20:00:00	24903.48	24980.03	24832.63	24906.76	83777	0	145
2026.03.02	00:00:00	24707.56	24861.15	24674.75	24822.85	53351	0	190
2026.03.02	04:00:00	24824.15	24834.65	24633.85	24637.15	55452	0	170
2026.03.02	08:00:00	24636.15	24663.05	24438.25	24590.25	74656	0	190
2026.03.02	12:00:00	24590.05	24699.35	24556.05	24581.55	64836	0	190
2026.03.02	16:00:00	24582.05	25037.13	24568.75	25025.98	109663	0	145
2026.03.02	20:00:00	25026.38	25060.53	24908.73	24957.26	81694	0	145
2026.03.03	00:00:00	24957.16	24961.26	24831.65	24835.65	44238	0	160
2026.03.03	04:00:00	24835.35	24845.75	24713.05	24727.65	77417	0	190
2026.03.03	08:00:00	24727.35	24761.55	24409.85	24416.85	82432	0	190
2026.03.03	12:00:00	24417.75	24568.35	24332.85	24458.15	92340	0	190
2026.03.03	16:00:00	24457.55	24687.23	24314.73	24600.63	122424	0	145
2026.03.03	20:00:00	24604.13	24812.23	24603.33	24677.56	93838	0	145
2026.03.04	00:00:00	24651.66	24766.45	24595.25	24639.65	59315	0	188
2026.03.04	04:00:00	24641.15	24666.65	24489.55	24538.45	93541	0	190
2026.03.04	08:00:00	24538.25	24735.05	24463.75	24719.05	79701	0	190
2026.03.04	12:00:00	24718.25	24889.79	24684.75	24853.95	80682	0	190
2026.03.04	16:00:00	24854.05	25145.13	24792.03	25134.13	108968	0	145
2026.03.04	20:00:00	25133.53	25180.93	25058.16	25104.36	74185	0	145
2026.03.05	00:00:00	25116.46	25207.55	25009.25	25035.45	46063	0	168
2026.03.05	04:00:00	25036.05	25089.65	24990.65	24999.55	78351	0	160
2026.03.05	08:00:00	24999.95	25170.65	24938.55	25078.95	78425	0	180
2026.03.05	12:00:00	25079.05	25121.05	24947.05	24959.55	70515	0	180
2026.03.05	16:00:00	24959.15	25171.73	24755.63	24773.13	118226	0	145
2026.03.05	20:00:00	24773.03	25021.73	24741.03	24974.56	95421	0	145
2026.03.06	00:00:00	24994.36	25065.25	24986.56	25034.95	45240	0	170
2026.03.06	04:00:00	25036.95	25109.75	25028.65	25086.25	56464	0	145
2026.03.06	08:00:00	25086.35	25108.15	24850.85	24888.15	64381	0	150
2026.03.06	12:00:00	24889.45	24948.05	24586.95	24614.45	82292	0	190
2026.03.06	16:00:00	24613.55	24889.43	24580.13	24754.83	119445	0	145
2026.03.06	20:00:00	24754.93	24868.53	24575.43	24642.46	94336	0	145
2026.03.09	00:00:00	24245.46	24301.25	24070.25	24094.25	52578	0	170
2026.03.09	04:00:00	24094.15	24113.55	23976.55	24077.25	85020	0	170
2026.03.09	08:00:00	24077.55	24313.15	24062.25	24288.85	86054	0	190
2026.03.09	12:00:00	24290.35	24470.85	24260.35	24355.15	85748	0	190
2026.03.09	16:00:00	24355.75	24725.23	24290.53	24685.23	113027	0	145
2026.03.09	20:00:00	24685.73	25024.23	24552.33	24935.96	94532	0	145
2026.03.10	00:00:00	24885.16	24943.86	24805.35	24906.95	39445	0	170
2026.03.10	04:00:00	24907.85	24971.35	24826.85	24876.35	75277	0	170
2026.03.10	08:00:00	24876.55	25118.85	24875.45	25058.95	69468	0	160
2026.03.10	12:00:00	25059.25	25106.95	24865.35	24941.35	77097	0	190
2026.03.10	16:00:00	24941.45	25154.28	24865.93	25129.28	108746	0	145
2026.03.10	20:00:00	25128.78	25189.98	24913.53	24990.66	95613	0	145
2026.03.11	00:00:00	24971.96	25059.45	24925.76	25035.25	28519	0	145
2026.03.11	04:00:00	25035.55	25097.25	25025.35	25065.25	36401	0	145
2026.03.11	08:00:00	25064.95	25069.35	24908.45	24939.85	58918	0	150
2026.03.11	12:00:00	24939.45	25018.89	24869.45	24919.05	67490	0	190
2026.03.11	16:00:00	24919.95	25153.53	24866.13	24982.08	111694	0	145
2026.03.11	20:00:00	24981.18	24999.58	24847.93	24935.36	80606	0	145
2026.03.12	00:00:00	24886.76	24892.16	24709.85	24767.15	42561	0	170
2026.03.12	04:00:00	24768.15	24818.15	24673.35	24694.95	56590	0	150
2026.03.12	08:00:00	24694.75	24878.05	24693.95	24854.15	55908	0	150
2026.03.12	12:00:00	24853.75	24904.25	24778.15	24810.05	63823	0	170
2026.03.12	16:00:00	24810.65	24828.85	24537.73	24638.73	114704	0	145
2026.03.12	20:00:00	24639.03	24700.03	24494.46	24548.06	84009	0	145
2026.03.13	00:00:00	24522.06	24623.65	24473.45	24607.25	36995	0	150
2026.03.13	04:00:00	24607.45	24642.35	24545.75	24557.05	52811	0	150
2026.03.13	08:00:00	24557.25	24580.65	24379.25	24494.65	64455	0	160
2026.03.13	12:00:00	24495.45	24715.25	24491.95	24663.25	68540	0	180
2026.03.13	16:00:00	24663.15	24786.83	24370.83	24379.53	113184	0	145
2026.03.13	20:00:00	24379.73	24456.93	24334.08	24339.76	81927	0	145
2026.03.16	00:00:00	24348.16	24510.65	24285.26	24496.05	37491	0	170
2026.03.16	04:00:00	24496.45	24535.35	24455.25	24492.75	58459	0	145
2026.03.16	08:00:00	24492.55	24569.05	24483.35	24514.65	57125	0	145
2026.03.16	12:00:00	24514.75	24673.85	24463.85	24643.15	69726	0	170
2026.03.16	16:00:00	24643.65	24749.93	24599.13	24660.08	103784	0	145
2026.03.16	20:00:00	24660.38	24799.23	24622.18	24640.96	78619	0	145
2026.03.17	00:00:00	24618.16	24653.95	24577.65	24586.75	30721	0	145
2026.03.17	04:00:00	24587.05	24621.85	24554.73	24610.15	53269	0	145
2026.03.17	08:00:00	24610.05	24627.05	24504.45	24542.75	65828	0	145
2026.03.17	12:00:00	24542.55	24709.45	24542.55	24703.45	54706	0	160
2026.03.17	16:00:00	24703.55	24882.03	24700.75	24766.73	96471	0	145
2026.03.17	20:00:00	24766.93	24826.33	24750.23	24790.75	55909	0	145
2026.03.18	00:00:00	24780.86	24853.55	24762.06	24850.35	21043	0	145
2026.03.18	04:00:00	24851.15	24919.88	24851.15	24910.98	30600	0	145
2026.03.18	08:00:00	24911.18	24981.75	24906.98	24943.05	35293	0	145
2026.03.18	12:00:00	24943.15	24969.05	24641.65	24652.15	56974	0	145
2026.03.18	16:00:00	24652.45	24769.23	24584.23	24616.63	104034	0	145
2026.03.18	20:00:00	24616.43	24687.63	24336.56	24392.96	86438	0	145
2026.03.19	00:00:00	24379.76	24419.45	24338.16	24394.65	29728	0	145
2026.03.19	04:00:00	24394.95	24499.55	24375.95	24405.25	54220	0	145
2026.03.19	08:00:00	24405.45	24423.25	24281.25	24321.15	68506	0	170
2026.03.19	12:00:00	24322.45	24425.15	24199.15	24221.95	83383	0	190
2026.03.19	16:00:00	24222.25	24353.13	24103.23	24233.03	114834	0	145
2026.03.19	20:00:00	24232.93	24472.63	24156.13	24399.06	89907	0	145
2026.03.20	00:00:00	24400.36	24440.35	24364.55	24380.65	26441	0	150
2026.03.20	04:00:00	24380.85	24442.45	24367.25	24368.33	43268	0	145
2026.03.20	08:00:00	24368.43	24397.65	24264.85	24340.95	52135	0	145
2026.03.20	12:00:00	24341.45	24367.65	24101.85	24278.65	79671	0	190
2026.03.20	16:00:00	24279.45	24309.15	24014.53	24054.93	108425	0	145
2026.03.20	20:00:00	24054.13	24074.03	23759.83	23993.86	89518	0	145
2026.03.23	00:00:00	23759.06	23883.76	23728.85	23740.35	53852	0	190
2026.03.23	04:00:00	23738.25	23861.15	23725.25	23784.85	74846	0	170
2026.03.23	08:00:00	23785.05	23821.75	23561.85	23720.05	83662	0	180
2026.03.23	12:00:00	23720.15	24550.55	23604.25	24397.35	99403	0	190
2026.03.23	16:00:00	24398.05	24477.53	24097.23	24152.83	118587	0	145
2026.03.23	20:00:00	24153.63	24320.43	24095.93	24201.26	85450	0	145
2026.03.24	00:00:00	24177.86	24275.16	24053.45	24109.55	36272	0	150
2026.03.24	04:00:00	24110.35	24112.25	24009.35	24043.75	71367	0	170
2026.03.24	08:00:00	24043.55	24292.45	23979.85	24163.95	74461	0	180
2026.03.24	12:00:00	24165.05	24220.05	24050.95	24066.05	78612	0	190
2026.03.24	16:00:00	24065.85	24170.53	23921.03	24067.33	111931	0	145
2026.03.24	20:00:00	24067.23	24334.56	23947.23	24208.16	93715	0	145
2026.03.25	00:00:00	24230.26	24283.35	24170.06	24238.25	32676	0	160
2026.03.25	04:00:00	24238.15	24257.15	24109.95	24208.15	53481	0	160
2026.03.25	08:00:00	24208.05	24323.45	24113.95	24228.85	59779	0	160
2026.03.25	12:00:00	24229.45	24328.95	24162.35	24237.55	66955	0	170
2026.03.25	16:00:00	24238.45	24315.03	24077.03	24211.28	107133	0	145
2026.03.25	20:00:00	24211.78	24281.78	24101.33	24151.36	75022	0	145
2026.03.26	00:00:00	24142.46	24201.35	24075.75	24146.55	28214	0	145
2026.03.26	04:00:00	24147.05	24212.15	24041.45	24116.35	58250	0	150
2026.03.26	08:00:00	24116.85	24131.65	23946.95	23985.35	61110	0	170
2026.03.26	12:00:00	23986.95	23993.75	23866.95	23909.65	65585	0	180
2026.03.26	16:00:00	23909.15	24030.43	23763.93	23791.53	105584	0	145
2026.03.26	20:00:00	23791.83	23818.16	23560.06	23674.96	87489	0	145
2026.03.27	00:00:00	23648.46	23711.05	23611.35	23622.55	34577	0	170
2026.03.27	04:00:00	23622.35	23725.15	23611.35	23721.15	51435	0	145
2026.03.27	08:00:00	23721.45	23779.75	23575.95	23583.75	57876	0	160
2026.03.27	12:00:00	23584.35	23617.25	23402.25	23418.35	69887	0	190
2026.03.27	16:00:00	23418.55	23468.23	23246.43	23283.18	106662	0	145
2026.03.27	20:00:00	23282.98	23336.53	23045.66	23075.16	83356	0	145
2026.03.30	00:00:00	22991.66	23082.25	22914.45	22970.65	51391	0	190
2026.03.30	04:00:00	22970.15	23174.95	22955.75	23140.55	65394	0	160
2026.03.30	08:00:00	23140.35	23268.95	23139.45	23262.95	60751	0	180
2026.03.30	12:00:00	23263.75	23390.65	23193.75	23325.95	62280	0	170
2026.03.30	16:00:00	23327.45	23357.43	23081.33	23106.53	106265	0	145
2026.03.30	20:00:00	23106.23	23124.03	22841.18	22920.75	83623	0	145
2026.03.31	00:00:00	22959.96	23101.25	22780.75	23018.95	42724	0	178
2026.03.31	04:00:00	23018.75	23220.55	22977.95	23101.25	77468	0	180
2026.03.31	08:00:00	23101.05	23207.75	23051.85	23129.75	71499	0	180
